ISO-10303-21;
HEADER;
FILE_DESCRIPTION(('Open CASCADE Model'),'2;1');
FILE_NAME('Open CASCADE Shape Model','2026-09-25T02:24:48',('Author'),(
    'Open CASCADE'),'Open CASCADE STEP processor 7.9','Open CASCADE 7.9'
  ,'Unknown');
FILE_SCHEMA(('AUTOMOTIVE_DESIGN { 1 0 10303 214 1 1 1 1 }'));
ENDSEC;
DATA;
#1 = APPLICATION_PROTOCOL_DEFINITION('international standard',
  'automotive_design',2000,#2);
#2 = APPLICATION_CONTEXT(
  'core data for automotive mechanical design processes');
#3 = SHAPE_DEFINITION_REPRESENTATION(#4,#10);
#4 = PRODUCT_DEFINITION_SHAPE('','',#5);
#5 = PRODUCT_DEFINITION('design','',#6,#9);
#6 = PRODUCT_DEFINITION_FORMATION('','',#7);
#7 = PRODUCT('bearing-f6803zz 25','bearing-f6803zz 25','',(#8));
#8 = PRODUCT_CONTEXT('',#2,'mechanical');
#9 = PRODUCT_DEFINITION_CONTEXT('part definition',#2,'design');
#10 = ADVANCED_BREP_SHAPE_REPRESENTATION('',(#11,#15),#4872);
#11 = AXIS2_PLACEMENT_3D('',#12,#13,#14);
#12 = CARTESIAN_POINT('',(0.,0.,0.));
#13 = DIRECTION('',(0.,0.,1.));
#14 = DIRECTION('',(1.,0.,-0.));
#15 = BREP_WITH_VOIDS('',#16,(#534));
#16 = CLOSED_SHELL('',(#17,#106,#185,#246,#285,#340,#375,#434,#473,#527)
  );
#17 = ADVANCED_FACE('',(#18),#31,.T.);
#18 = FACE_BOUND('',#19,.T.);
#19 = EDGE_LOOP('',(#20,#54,#78,#105));
#20 = ORIENTED_EDGE('',*,*,#21,.F.);
#21 = EDGE_CURVE('',#22,#22,#24,.T.);
#22 = VERTEX_POINT('',#23);
#23 = CARTESIAN_POINT('',(4.7,0.,-8.5));
#24 = SURFACE_CURVE('',#25,(#30,#42),.PCURVE_S1.);
#25 = CIRCLE('',#26,8.5);
#26 = AXIS2_PLACEMENT_3D('',#27,#28,#29);
#27 = CARTESIAN_POINT('',(4.7,0.,0.));
#28 = DIRECTION('',(1.,0.,-0.));
#29 = DIRECTION('',(0.,0.,1.));
#30 = PCURVE('',#31,#36);
#31 = TOROIDAL_SURFACE('',#32,8.8,0.3);
#32 = AXIS2_PLACEMENT_3D('',#33,#34,#35);
#33 = CARTESIAN_POINT('',(4.7,0.,0.));
#34 = DIRECTION('',(1.,0.,0.));
#35 = DIRECTION('',(0.,0.,1.));
#36 = DEFINITIONAL_REPRESENTATION('',(#37),#41);
#37 = LINE('',#38,#39);
#38 = CARTESIAN_POINT('',(-6.28318530718,3.14159265359));
#39 = VECTOR('',#40,1.);
#40 = DIRECTION('',(1.,-9.188269079783E-16));
#41 = ( GEOMETRIC_REPRESENTATION_CONTEXT(2) 
PARAMETRIC_REPRESENTATION_CONTEXT() REPRESENTATION_CONTEXT('2D SPACE',''
  ) );
#42 = PCURVE('',#43,#48);
#43 = CYLINDRICAL_SURFACE('',#44,8.5);
#44 = AXIS2_PLACEMENT_3D('',#45,#46,#47);
#45 = CARTESIAN_POINT('',(2.5,0.,0.));
#46 = DIRECTION('',(1.,0.,0.));
#47 = DIRECTION('',(0.,0.,1.));
#48 = DEFINITIONAL_REPRESENTATION('',(#49),#53);
#49 = LINE('',#50,#51);
#50 = CARTESIAN_POINT('',(-6.28318530718,2.2));
#51 = VECTOR('',#52,1.);
#52 = DIRECTION('',(1.,0.));
#53 = ( GEOMETRIC_REPRESENTATION_CONTEXT(2) 
PARAMETRIC_REPRESENTATION_CONTEXT() REPRESENTATION_CONTEXT('2D SPACE',''
  ) );
#54 = ORIENTED_EDGE('',*,*,#55,.T.);
#55 = EDGE_CURVE('',#22,#56,#58,.T.);
#56 = VERTEX_POINT('',#57);
#57 = CARTESIAN_POINT('',(4.999999997328,0.,-8.799959960381));
#58 = SEAM_CURVE('',#59,(#64,#71),.PCURVE_S1.);
#59 = CIRCLE('',#60,0.3);
#60 = AXIS2_PLACEMENT_3D('',#61,#62,#63);
#61 = CARTESIAN_POINT('',(4.7,1.07768918325E-15,-8.8));
#62 = DIRECTION('',(0.,1.,1.224646799147E-16));
#63 = DIRECTION('',(0.,1.224646799147E-16,-1.));
#64 = PCURVE('',#31,#65);
#65 = DEFINITIONAL_REPRESENTATION('',(#66),#70);
#66 = LINE('',#67,#68);
#67 = CARTESIAN_POINT('',(-3.14159265359,6.28318530718));
#68 = VECTOR('',#69,1.);
#69 = DIRECTION('',(0.,-1.));
#70 = ( GEOMETRIC_REPRESENTATION_CONTEXT(2) 
PARAMETRIC_REPRESENTATION_CONTEXT() REPRESENTATION_CONTEXT('2D SPACE',''
  ) );
#71 = PCURVE('',#31,#72);
#72 = DEFINITIONAL_REPRESENTATION('',(#73),#77);
#73 = LINE('',#74,#75);
#74 = CARTESIAN_POINT('',(3.14159265359,6.28318530718));
#75 = VECTOR('',#76,1.);
#76 = DIRECTION('',(0.,-1.));
#77 = ( GEOMETRIC_REPRESENTATION_CONTEXT(2) 
PARAMETRIC_REPRESENTATION_CONTEXT() REPRESENTATION_CONTEXT('2D SPACE',''
  ) );
#78 = ORIENTED_EDGE('',*,*,#79,.T.);
#79 = EDGE_CURVE('',#56,#56,#80,.T.);
#80 = SURFACE_CURVE('',#81,(#86,#93),.PCURVE_S1.);
#81 = CIRCLE('',#82,8.799959960381);
#82 = AXIS2_PLACEMENT_3D('',#83,#84,#85);
#83 = CARTESIAN_POINT('',(4.999999997328,0.,0.));
#84 = DIRECTION('',(1.,0.,-0.));
#85 = DIRECTION('',(0.,0.,1.));
#86 = PCURVE('',#31,#87);
#87 = DEFINITIONAL_REPRESENTATION('',(#88),#92);
#88 = LINE('',#89,#90);
#89 = CARTESIAN_POINT('',(-6.28318530718,1.570929792192));
#90 = VECTOR('',#91,1.);
#91 = DIRECTION('',(1.,0.));
#92 = ( GEOMETRIC_REPRESENTATION_CONTEXT(2) 
PARAMETRIC_REPRESENTATION_CONTEXT() REPRESENTATION_CONTEXT('2D SPACE',''
  ) );
#93 = PCURVE('',#94,#99);
#94 = PLANE('',#95);
#95 = AXIS2_PLACEMENT_3D('',#96,#97,#98);
#96 = CARTESIAN_POINT('',(5.,0.,0.));
#97 = DIRECTION('',(1.,0.,0.));
#98 = DIRECTION('',(0.,0.,-1.));
#99 = DEFINITIONAL_REPRESENTATION('',(#100),#104);
#100 = CIRCLE('',#101,8.799959960381);
#101 = AXIS2_PLACEMENT_2D('',#102,#103);
#102 = CARTESIAN_POINT('',(0.,0.));
#103 = DIRECTION('',(-1.,0.));
#104 = ( GEOMETRIC_REPRESENTATION_CONTEXT(2) 
PARAMETRIC_REPRESENTATION_CONTEXT() REPRESENTATION_CONTEXT('2D SPACE',''
  ) );
#105 = ORIENTED_EDGE('',*,*,#55,.F.);
#106 = ADVANCED_FACE('',(#107),#43,.F.);
#107 = FACE_BOUND('',#108,.F.);
#108 = EDGE_LOOP('',(#109,#140,#161,#162,#163));
#109 = ORIENTED_EDGE('',*,*,#110,.F.);
#110 = EDGE_CURVE('',#111,#113,#115,.T.);
#111 = VERTEX_POINT('',#112);
#112 = CARTESIAN_POINT('',(0.3,1.040949779275E-15,-8.5));
#113 = VERTEX_POINT('',#114);
#114 = CARTESIAN_POINT('',(0.3,0.,8.5));
#115 = SURFACE_CURVE('',#116,(#121,#128),.PCURVE_S1.);
#116 = CIRCLE('',#117,8.5);
#117 = AXIS2_PLACEMENT_3D('',#118,#119,#120);
#118 = CARTESIAN_POINT('',(0.3,0.,0.));
#119 = DIRECTION('',(-1.,0.,0.));
#120 = DIRECTION('',(0.,0.,-1.));
#121 = PCURVE('',#43,#122);
#122 = DEFINITIONAL_REPRESENTATION('',(#123),#127);
#123 = LINE('',#124,#125);
#124 = CARTESIAN_POINT('',(3.14159265359,-2.2));
#125 = VECTOR('',#126,1.);
#126 = DIRECTION('',(-1.,0.));
#127 = ( GEOMETRIC_REPRESENTATION_CONTEXT(2) 
PARAMETRIC_REPRESENTATION_CONTEXT() REPRESENTATION_CONTEXT('2D SPACE',''
  ) );
#128 = PCURVE('',#129,#134);
#129 = TOROIDAL_SURFACE('',#130,8.8,0.3);
#130 = AXIS2_PLACEMENT_3D('',#131,#132,#133);
#131 = CARTESIAN_POINT('',(0.3,0.,0.));
#132 = DIRECTION('',(1.,0.,0.));
#133 = DIRECTION('',(0.,0.,-1.));
#134 = DEFINITIONAL_REPRESENTATION('',(#135),#139);
#135 = LINE('',#136,#137);
#136 = CARTESIAN_POINT('',(0.,3.14159265359));
#137 = VECTOR('',#138,1.);
#138 = DIRECTION('',(-1.,-2.261727773485E-15));
#139 = ( GEOMETRIC_REPRESENTATION_CONTEXT(2) 
PARAMETRIC_REPRESENTATION_CONTEXT() REPRESENTATION_CONTEXT('2D SPACE',''
  ) );
#140 = ORIENTED_EDGE('',*,*,#141,.T.);
#141 = EDGE_CURVE('',#111,#22,#142,.T.);
#142 = SEAM_CURVE('',#143,(#147,#154),.PCURVE_S1.);
#143 = LINE('',#144,#145);
#144 = CARTESIAN_POINT('',(2.5,1.040949779275E-15,-8.5));
#145 = VECTOR('',#146,1.);
#146 = DIRECTION('',(1.,0.,0.));
#147 = PCURVE('',#43,#148);
#148 = DEFINITIONAL_REPRESENTATION('',(#149),#153);
#149 = LINE('',#150,#151);
#150 = CARTESIAN_POINT('',(3.14159265359,0.));
#151 = VECTOR('',#152,1.);
#152 = DIRECTION('',(0.,1.));
#153 = ( GEOMETRIC_REPRESENTATION_CONTEXT(2) 
PARAMETRIC_REPRESENTATION_CONTEXT() REPRESENTATION_CONTEXT('2D SPACE',''
  ) );
#154 = PCURVE('',#43,#155);
#155 = DEFINITIONAL_REPRESENTATION('',(#156),#160);
#156 = LINE('',#157,#158);
#157 = CARTESIAN_POINT('',(-3.14159265359,0.));
#158 = VECTOR('',#159,1.);
#159 = DIRECTION('',(0.,1.));
#160 = ( GEOMETRIC_REPRESENTATION_CONTEXT(2) 
PARAMETRIC_REPRESENTATION_CONTEXT() REPRESENTATION_CONTEXT('2D SPACE',''
  ) );
#161 = ORIENTED_EDGE('',*,*,#21,.F.);
#162 = ORIENTED_EDGE('',*,*,#141,.F.);
#163 = ORIENTED_EDGE('',*,*,#164,.F.);
#164 = EDGE_CURVE('',#113,#111,#165,.T.);
#165 = SURFACE_CURVE('',#166,(#171,#178),.PCURVE_S1.);
#166 = CIRCLE('',#167,8.5);
#167 = AXIS2_PLACEMENT_3D('',#168,#169,#170);
#168 = CARTESIAN_POINT('',(0.3,0.,0.));
#169 = DIRECTION('',(-1.,0.,0.));
#170 = DIRECTION('',(0.,0.,-1.));
#171 = PCURVE('',#43,#172);
#172 = DEFINITIONAL_REPRESENTATION('',(#173),#177);
#173 = LINE('',#174,#175);
#174 = CARTESIAN_POINT('',(3.14159265359,-2.2));
#175 = VECTOR('',#176,1.);
#176 = DIRECTION('',(-1.,0.));
#177 = ( GEOMETRIC_REPRESENTATION_CONTEXT(2) 
PARAMETRIC_REPRESENTATION_CONTEXT() REPRESENTATION_CONTEXT('2D SPACE',''
  ) );
#178 = PCURVE('',#129,#179);
#179 = DEFINITIONAL_REPRESENTATION('',(#180),#184);
#180 = LINE('',#181,#182);
#181 = CARTESIAN_POINT('',(6.28318530718,3.14159265359));
#182 = VECTOR('',#183,1.);
#183 = DIRECTION('',(-1.,2.261727773485E-15));
#184 = ( GEOMETRIC_REPRESENTATION_CONTEXT(2) 
PARAMETRIC_REPRESENTATION_CONTEXT() REPRESENTATION_CONTEXT('2D SPACE',''
  ) );
#185 = ADVANCED_FACE('',(#186),#129,.T.);
#186 = FACE_BOUND('',#187,.T.);
#187 = EDGE_LOOP('',(#188,#221,#243,#244,#245));
#188 = ORIENTED_EDGE('',*,*,#189,.T.);
#189 = EDGE_CURVE('',#190,#190,#192,.T.);
#190 = VERTEX_POINT('',#191);
#191 = CARTESIAN_POINT('',(2.671951826461E-09,-1.077684279811E-15,
    8.799959960381));
#192 = SURFACE_CURVE('',#193,(#198,#205),.PCURVE_S1.);
#193 = CIRCLE('',#194,8.799959960381);
#194 = AXIS2_PLACEMENT_3D('',#195,#196,#197);
#195 = CARTESIAN_POINT('',(2.671951826461E-09,0.,0.));
#196 = DIRECTION('',(-1.,0.,0.));
#197 = DIRECTION('',(0.,0.,1.));
#198 = PCURVE('',#129,#199);
#199 = DEFINITIONAL_REPRESENTATION('',(#200),#204);
#200 = LINE('',#201,#202);
#201 = CARTESIAN_POINT('',(3.14159265359,4.712255514988));
#202 = VECTOR('',#203,1.);
#203 = DIRECTION('',(-1.,0.));
#204 = ( GEOMETRIC_REPRESENTATION_CONTEXT(2) 
PARAMETRIC_REPRESENTATION_CONTEXT() REPRESENTATION_CONTEXT('2D SPACE',''
  ) );
#205 = PCURVE('',#206,#211);
#206 = PLANE('',#207);
#207 = AXIS2_PLACEMENT_3D('',#208,#209,#210);
#208 = CARTESIAN_POINT('',(0.,0.,0.));
#209 = DIRECTION('',(1.,0.,0.));
#210 = DIRECTION('',(0.,0.,1.));
#211 = DEFINITIONAL_REPRESENTATION('',(#212),#220);
#212 = ( BOUNDED_CURVE() B_SPLINE_CURVE(2,(#213,#214,#215,#216,#217,#218
,#219),.UNSPECIFIED.,.T.,.F.) B_SPLINE_CURVE_WITH_KNOTS((1,2,2,2,2,1),(
    -2.094395102393,0.,2.094395102393,4.188790204786,6.28318530718,
8.377580409573),.UNSPECIFIED.) CURVE() GEOMETRIC_REPRESENTATION_ITEM() 
RATIONAL_B_SPLINE_CURVE((1.,0.5,1.,0.5,1.,0.5,1.)) REPRESENTATION_ITEM(
  '') );
#213 = CARTESIAN_POINT('',(8.799959960381,0.));
#214 = CARTESIAN_POINT('',(8.799959960381,-15.24197775595));
#215 = CARTESIAN_POINT('',(-4.39997998019,-7.620988877976));
#216 = CARTESIAN_POINT('',(-17.59991992076,-2.155368559621E-15));
#217 = CARTESIAN_POINT('',(-4.399979980191,7.620988877976));
#218 = CARTESIAN_POINT('',(8.799959960381,15.241977755952));
#219 = CARTESIAN_POINT('',(8.799959960381,0.));
#220 = ( GEOMETRIC_REPRESENTATION_CONTEXT(2) 
PARAMETRIC_REPRESENTATION_CONTEXT() REPRESENTATION_CONTEXT('2D SPACE',''
  ) );
#221 = ORIENTED_EDGE('',*,*,#222,.T.);
#222 = EDGE_CURVE('',#190,#113,#223,.T.);
#223 = SEAM_CURVE('',#224,(#229,#236),.PCURVE_S1.);
#224 = CIRCLE('',#225,0.3);
#225 = AXIS2_PLACEMENT_3D('',#226,#227,#228);
#226 = CARTESIAN_POINT('',(0.3,-1.07768918325E-15,8.8));
#227 = DIRECTION('',(0.,-1.,-1.224646799147E-16));
#228 = DIRECTION('',(0.,-1.224646799147E-16,1.));
#229 = PCURVE('',#129,#230);
#230 = DEFINITIONAL_REPRESENTATION('',(#231),#235);
#231 = LINE('',#232,#233);
#232 = CARTESIAN_POINT('',(-3.14159265359,6.28318530718));
#233 = VECTOR('',#234,1.);
#234 = DIRECTION('',(0.,-1.));
#235 = ( GEOMETRIC_REPRESENTATION_CONTEXT(2) 
PARAMETRIC_REPRESENTATION_CONTEXT() REPRESENTATION_CONTEXT('2D SPACE',''
  ) );
#236 = PCURVE('',#129,#237);
#237 = DEFINITIONAL_REPRESENTATION('',(#238),#242);
#238 = LINE('',#239,#240);
#239 = CARTESIAN_POINT('',(3.14159265359,6.28318530718));
#240 = VECTOR('',#241,1.);
#241 = DIRECTION('',(0.,-1.));
#242 = ( GEOMETRIC_REPRESENTATION_CONTEXT(2) 
PARAMETRIC_REPRESENTATION_CONTEXT() REPRESENTATION_CONTEXT('2D SPACE',''
  ) );
#243 = ORIENTED_EDGE('',*,*,#110,.F.);
#244 = ORIENTED_EDGE('',*,*,#164,.F.);
#245 = ORIENTED_EDGE('',*,*,#222,.F.);
#246 = ADVANCED_FACE('',(#247,#282),#206,.F.);
#247 = FACE_BOUND('',#248,.T.);
#248 = EDGE_LOOP('',(#249));
#249 = ORIENTED_EDGE('',*,*,#250,.T.);
#250 = EDGE_CURVE('',#251,#251,#253,.T.);
#251 = VERTEX_POINT('',#252);
#252 = CARTESIAN_POINT('',(0.,-14.,0.));
#253 = SURFACE_CURVE('',#254,(#259,#270),.PCURVE_S1.);
#254 = CIRCLE('',#255,14.);
#255 = AXIS2_PLACEMENT_3D('',#256,#257,#258);
#256 = CARTESIAN_POINT('',(0.,0.,0.));
#257 = DIRECTION('',(-1.,0.,0.));
#258 = DIRECTION('',(0.,1.,0.));
#259 = PCURVE('',#206,#260);
#260 = DEFINITIONAL_REPRESENTATION('',(#261),#269);
#261 = ( BOUNDED_CURVE() B_SPLINE_CURVE(2,(#262,#263,#264,#265,#266,#267
,#268),.UNSPECIFIED.,.T.,.F.) B_SPLINE_CURVE_WITH_KNOTS((1,2,2,2,2,1),(
    -2.094395102393,0.,2.094395102393,4.188790204786,6.28318530718,
8.377580409573),.UNSPECIFIED.) CURVE() GEOMETRIC_REPRESENTATION_ITEM() 
RATIONAL_B_SPLINE_CURVE((1.,0.5,1.,0.5,1.,0.5,1.)) REPRESENTATION_ITEM(
  '') );
#262 = CARTESIAN_POINT('',(0.,-14.));
#263 = CARTESIAN_POINT('',(-24.24871130596,-14.));
#264 = CARTESIAN_POINT('',(-12.12435565298,7.));
#265 = CARTESIAN_POINT('',(-3.429011037613E-15,28.));
#266 = CARTESIAN_POINT('',(12.124355652982,7.));
#267 = CARTESIAN_POINT('',(24.248711305964,-14.));
#268 = CARTESIAN_POINT('',(0.,-14.));
#269 = ( GEOMETRIC_REPRESENTATION_CONTEXT(2) 
PARAMETRIC_REPRESENTATION_CONTEXT() REPRESENTATION_CONTEXT('2D SPACE',''
  ) );
#270 = PCURVE('',#271,#276);
#271 = CYLINDRICAL_SURFACE('',#272,14.);
#272 = AXIS2_PLACEMENT_3D('',#273,#274,#275);
#273 = CARTESIAN_POINT('',(0.,0.,0.));
#274 = DIRECTION('',(-1.,0.,0.));
#275 = DIRECTION('',(0.,1.,0.));
#276 = DEFINITIONAL_REPRESENTATION('',(#277),#281);
#277 = LINE('',#278,#279);
#278 = CARTESIAN_POINT('',(-6.28318530718,0.));
#279 = VECTOR('',#280,1.);
#280 = DIRECTION('',(1.,0.));
#281 = ( GEOMETRIC_REPRESENTATION_CONTEXT(2) 
PARAMETRIC_REPRESENTATION_CONTEXT() REPRESENTATION_CONTEXT('2D SPACE',''
  ) );
#282 = FACE_BOUND('',#283,.T.);
#283 = EDGE_LOOP('',(#284));
#284 = ORIENTED_EDGE('',*,*,#189,.F.);
#285 = ADVANCED_FACE('',(#286),#271,.T.);
#286 = FACE_BOUND('',#287,.T.);
#287 = EDGE_LOOP('',(#288,#289,#312,#339));
#288 = ORIENTED_EDGE('',*,*,#250,.F.);
#289 = ORIENTED_EDGE('',*,*,#290,.T.);
#290 = EDGE_CURVE('',#251,#291,#293,.T.);
#291 = VERTEX_POINT('',#292);
#292 = CARTESIAN_POINT('',(1.1,-14.,0.));
#293 = SEAM_CURVE('',#294,(#298,#305),.PCURVE_S1.);
#294 = LINE('',#295,#296);
#295 = CARTESIAN_POINT('',(0.,-14.,1.714505518806E-15));
#296 = VECTOR('',#297,1.);
#297 = DIRECTION('',(1.,0.,0.));
#298 = PCURVE('',#271,#299);
#299 = DEFINITIONAL_REPRESENTATION('',(#300),#304);
#300 = LINE('',#301,#302);
#301 = CARTESIAN_POINT('',(-3.14159265359,0.));
#302 = VECTOR('',#303,1.);
#303 = DIRECTION('',(0.,-1.));
#304 = ( GEOMETRIC_REPRESENTATION_CONTEXT(2) 
PARAMETRIC_REPRESENTATION_CONTEXT() REPRESENTATION_CONTEXT('2D SPACE',''
  ) );
#305 = PCURVE('',#271,#306);
#306 = DEFINITIONAL_REPRESENTATION('',(#307),#311);
#307 = LINE('',#308,#309);
#308 = CARTESIAN_POINT('',(3.14159265359,0.));
#309 = VECTOR('',#310,1.);
#310 = DIRECTION('',(0.,-1.));
#311 = ( GEOMETRIC_REPRESENTATION_CONTEXT(2) 
PARAMETRIC_REPRESENTATION_CONTEXT() REPRESENTATION_CONTEXT('2D SPACE',''
  ) );
#312 = ORIENTED_EDGE('',*,*,#313,.T.);
#313 = EDGE_CURVE('',#291,#291,#314,.T.);
#314 = SURFACE_CURVE('',#315,(#320,#327),.PCURVE_S1.);
#315 = CIRCLE('',#316,14.);
#316 = AXIS2_PLACEMENT_3D('',#317,#318,#319);
#317 = CARTESIAN_POINT('',(1.1,0.,0.));
#318 = DIRECTION('',(-1.,0.,0.));
#319 = DIRECTION('',(0.,1.,0.));
#320 = PCURVE('',#271,#321);
#321 = DEFINITIONAL_REPRESENTATION('',(#322),#326);
#322 = LINE('',#323,#324);
#323 = CARTESIAN_POINT('',(-6.28318530718,-1.1));
#324 = VECTOR('',#325,1.);
#325 = DIRECTION('',(1.,0.));
#326 = ( GEOMETRIC_REPRESENTATION_CONTEXT(2) 
PARAMETRIC_REPRESENTATION_CONTEXT() REPRESENTATION_CONTEXT('2D SPACE',''
  ) );
#327 = PCURVE('',#328,#333);
#328 = PLANE('',#329);
#329 = AXIS2_PLACEMENT_3D('',#330,#331,#332);
#330 = CARTESIAN_POINT('',(1.1,0.,0.));
#331 = DIRECTION('',(-1.,0.,0.));
#332 = DIRECTION('',(0.,1.,0.));
#333 = DEFINITIONAL_REPRESENTATION('',(#334),#338);
#334 = CIRCLE('',#335,14.);
#335 = AXIS2_PLACEMENT_2D('',#336,#337);
#336 = CARTESIAN_POINT('',(0.,0.));
#337 = DIRECTION('',(1.,0.));
#338 = ( GEOMETRIC_REPRESENTATION_CONTEXT(2) 
PARAMETRIC_REPRESENTATION_CONTEXT() REPRESENTATION_CONTEXT('2D SPACE',''
  ) );
#339 = ORIENTED_EDGE('',*,*,#290,.F.);
#340 = ADVANCED_FACE('',(#341,#344),#328,.F.);
#341 = FACE_BOUND('',#342,.T.);
#342 = EDGE_LOOP('',(#343));
#343 = ORIENTED_EDGE('',*,*,#313,.F.);
#344 = FACE_BOUND('',#345,.T.);
#345 = EDGE_LOOP('',(#346));
#346 = ORIENTED_EDGE('',*,*,#347,.T.);
#347 = EDGE_CURVE('',#348,#348,#350,.T.);
#348 = VERTEX_POINT('',#349);
#349 = CARTESIAN_POINT('',(1.1,13.,0.));
#350 = SURFACE_CURVE('',#351,(#356,#363),.PCURVE_S1.);
#351 = CIRCLE('',#352,13.);
#352 = AXIS2_PLACEMENT_3D('',#353,#354,#355);
#353 = CARTESIAN_POINT('',(1.1,0.,0.));
#354 = DIRECTION('',(-1.,0.,0.));
#355 = DIRECTION('',(0.,-1.,0.));
#356 = PCURVE('',#328,#357);
#357 = DEFINITIONAL_REPRESENTATION('',(#358),#362);
#358 = CIRCLE('',#359,13.);
#359 = AXIS2_PLACEMENT_2D('',#360,#361);
#360 = CARTESIAN_POINT('',(0.,0.));
#361 = DIRECTION('',(-1.,0.));
#362 = ( GEOMETRIC_REPRESENTATION_CONTEXT(2) 
PARAMETRIC_REPRESENTATION_CONTEXT() REPRESENTATION_CONTEXT('2D SPACE',''
  ) );
#363 = PCURVE('',#364,#369);
#364 = CYLINDRICAL_SURFACE('',#365,13.);
#365 = AXIS2_PLACEMENT_3D('',#366,#367,#368);
#366 = CARTESIAN_POINT('',(6.E-02,0.,0.));
#367 = DIRECTION('',(-1.,0.,0.));
#368 = DIRECTION('',(0.,-1.,0.));
#369 = DEFINITIONAL_REPRESENTATION('',(#370),#374);
#370 = LINE('',#371,#372);
#371 = CARTESIAN_POINT('',(-6.28318530718,-1.04));
#372 = VECTOR('',#373,1.);
#373 = DIRECTION('',(1.,0.));
#374 = ( GEOMETRIC_REPRESENTATION_CONTEXT(2) 
PARAMETRIC_REPRESENTATION_CONTEXT() REPRESENTATION_CONTEXT('2D SPACE',''
  ) );
#375 = ADVANCED_FACE('',(#376),#364,.T.);
#376 = FACE_BOUND('',#377,.T.);
#377 = EDGE_LOOP('',(#378,#379,#402,#433));
#378 = ORIENTED_EDGE('',*,*,#347,.F.);
#379 = ORIENTED_EDGE('',*,*,#380,.T.);
#380 = EDGE_CURVE('',#348,#381,#383,.T.);
#381 = VERTEX_POINT('',#382);
#382 = CARTESIAN_POINT('',(4.94,13.,0.));
#383 = SEAM_CURVE('',#384,(#388,#395),.PCURVE_S1.);
#384 = LINE('',#385,#386);
#385 = CARTESIAN_POINT('',(6.E-02,13.,-1.592040838892E-15));
#386 = VECTOR('',#387,1.);
#387 = DIRECTION('',(1.,0.,0.));
#388 = PCURVE('',#364,#389);
#389 = DEFINITIONAL_REPRESENTATION('',(#390),#394);
#390 = LINE('',#391,#392);
#391 = CARTESIAN_POINT('',(-3.14159265359,0.));
#392 = VECTOR('',#393,1.);
#393 = DIRECTION('',(0.,-1.));
#394 = ( GEOMETRIC_REPRESENTATION_CONTEXT(2) 
PARAMETRIC_REPRESENTATION_CONTEXT() REPRESENTATION_CONTEXT('2D SPACE',''
  ) );
#395 = PCURVE('',#364,#396);
#396 = DEFINITIONAL_REPRESENTATION('',(#397),#401);
#397 = LINE('',#398,#399);
#398 = CARTESIAN_POINT('',(3.14159265359,0.));
#399 = VECTOR('',#400,1.);
#400 = DIRECTION('',(0.,-1.));
#401 = ( GEOMETRIC_REPRESENTATION_CONTEXT(2) 
PARAMETRIC_REPRESENTATION_CONTEXT() REPRESENTATION_CONTEXT('2D SPACE',''
  ) );
#402 = ORIENTED_EDGE('',*,*,#403,.F.);
#403 = EDGE_CURVE('',#381,#381,#404,.T.);
#404 = SURFACE_CURVE('',#405,(#410,#417),.PCURVE_S1.);
#405 = CIRCLE('',#406,13.);
#406 = AXIS2_PLACEMENT_3D('',#407,#408,#409);
#407 = CARTESIAN_POINT('',(4.94,0.,0.));
#408 = DIRECTION('',(1.,0.,0.));
#409 = DIRECTION('',(-0.,1.,0.));
#410 = PCURVE('',#364,#411);
#411 = DEFINITIONAL_REPRESENTATION('',(#412),#416);
#412 = LINE('',#413,#414);
#413 = CARTESIAN_POINT('',(3.14159265359,-4.88));
#414 = VECTOR('',#415,1.);
#415 = DIRECTION('',(-1.,0.));
#416 = ( GEOMETRIC_REPRESENTATION_CONTEXT(2) 
PARAMETRIC_REPRESENTATION_CONTEXT() REPRESENTATION_CONTEXT('2D SPACE',''
  ) );
#417 = PCURVE('',#418,#423);
#418 = PLANE('',#419);
#419 = AXIS2_PLACEMENT_3D('',#420,#421,#422);
#420 = CARTESIAN_POINT('',(4.94,-6.516778228161E-10,0.));
#421 = DIRECTION('',(-1.,0.,0.));
#422 = DIRECTION('',(0.,0.,1.));
#423 = DEFINITIONAL_REPRESENTATION('',(#424),#432);
#424 = ( BOUNDED_CURVE() B_SPLINE_CURVE(2,(#425,#426,#427,#428,#429,#430
,#431),.UNSPECIFIED.,.T.,.F.) B_SPLINE_CURVE_WITH_KNOTS((1,2,2,2,2,1),(
    -2.094395102393,0.,2.094395102393,4.188790204786,6.28318530718,
8.377580409573),.UNSPECIFIED.) CURVE() GEOMETRIC_REPRESENTATION_ITEM() 
RATIONAL_B_SPLINE_CURVE((1.,0.5,1.,0.5,1.,0.5,1.)) REPRESENTATION_ITEM(
  '') );
#425 = CARTESIAN_POINT('',(0.,13.000000000652));
#426 = CARTESIAN_POINT('',(22.516660498395,13.000000000652));
#427 = CARTESIAN_POINT('',(11.258330249198,-6.499999999348));
#428 = CARTESIAN_POINT('',(3.184081677783E-15,-25.99999999934));
#429 = CARTESIAN_POINT('',(-11.25833024919,-6.499999999348));
#430 = CARTESIAN_POINT('',(-22.51666049839,13.000000000652));
#431 = CARTESIAN_POINT('',(0.,13.000000000652));
#432 = ( GEOMETRIC_REPRESENTATION_CONTEXT(2) 
PARAMETRIC_REPRESENTATION_CONTEXT() REPRESENTATION_CONTEXT('2D SPACE',''
  ) );
#433 = ORIENTED_EDGE('',*,*,#380,.F.);
#434 = ADVANCED_FACE('',(#435,#438),#418,.F.);
#435 = FACE_BOUND('',#436,.T.);
#436 = EDGE_LOOP('',(#437));
#437 = ORIENTED_EDGE('',*,*,#403,.T.);
#438 = FACE_BOUND('',#439,.T.);
#439 = EDGE_LOOP('',(#440));
#440 = ORIENTED_EDGE('',*,*,#441,.F.);
#441 = EDGE_CURVE('',#442,#442,#444,.T.);
#442 = VERTEX_POINT('',#443);
#443 = CARTESIAN_POINT('',(4.94,-1.217298918352E-15,9.94));
#444 = SURFACE_CURVE('',#445,(#450,#461),.PCURVE_S1.);
#445 = CIRCLE('',#446,9.94);
#446 = AXIS2_PLACEMENT_3D('',#447,#448,#449);
#447 = CARTESIAN_POINT('',(4.94,0.,0.));
#448 = DIRECTION('',(1.,0.,0.));
#449 = DIRECTION('',(0.,-7.088276072967E-13,-1.));
#450 = PCURVE('',#418,#451);
#451 = DEFINITIONAL_REPRESENTATION('',(#452),#460);
#452 = ( BOUNDED_CURVE() B_SPLINE_CURVE(2,(#453,#454,#455,#456,#457,#458
,#459),.UNSPECIFIED.,.T.,.F.) B_SPLINE_CURVE_WITH_KNOTS((1,2,2,2,2,1),(
    -2.094395102393,0.,2.094395102393,4.188790204786,6.28318530718,
8.377580409573),.UNSPECIFIED.) CURVE() GEOMETRIC_REPRESENTATION_ITEM() 
RATIONAL_B_SPLINE_CURVE((1.,0.5,1.,0.5,1.,0.5,1.)) REPRESENTATION_ITEM(
  '') );
#453 = CARTESIAN_POINT('',(-9.94,6.446320763996E-10));
#454 = CARTESIAN_POINT('',(-9.940000000012,17.216585027879));
#455 = CARTESIAN_POINT('',(4.969999999994,8.608292514273));
#456 = CARTESIAN_POINT('',(19.88,6.65771750247E-10));
#457 = CARTESIAN_POINT('',(4.970000000006,-8.608292512962));
#458 = CARTESIAN_POINT('',(-9.939999999988,-17.21658502659));
#459 = CARTESIAN_POINT('',(-9.94,6.446320763996E-10));
#460 = ( GEOMETRIC_REPRESENTATION_CONTEXT(2) 
PARAMETRIC_REPRESENTATION_CONTEXT() REPRESENTATION_CONTEXT('2D SPACE',''
  ) );
#461 = PCURVE('',#462,#467);
#462 = CYLINDRICAL_SURFACE('',#463,9.94);
#463 = AXIS2_PLACEMENT_3D('',#464,#465,#466);
#464 = CARTESIAN_POINT('',(4.29,0.,0.));
#465 = DIRECTION('',(1.,0.,0.));
#466 = DIRECTION('',(0.,0.,-1.));
#467 = DEFINITIONAL_REPRESENTATION('',(#468),#472);
#468 = LINE('',#469,#470);
#469 = CARTESIAN_POINT('',(-7.087663789207E-13,0.65));
#470 = VECTOR('',#471,1.);
#471 = DIRECTION('',(1.,0.));
#472 = ( GEOMETRIC_REPRESENTATION_CONTEXT(2) 
PARAMETRIC_REPRESENTATION_CONTEXT() REPRESENTATION_CONTEXT('2D SPACE',''
  ) );
#473 = ADVANCED_FACE('',(#474),#462,.T.);
#474 = FACE_BOUND('',#475,.T.);
#475 = EDGE_LOOP('',(#476,#504,#525,#526));
#476 = ORIENTED_EDGE('',*,*,#477,.T.);
#477 = EDGE_CURVE('',#478,#478,#480,.T.);
#478 = VERTEX_POINT('',#479);
#479 = CARTESIAN_POINT('',(5.,-1.217298918352E-15,9.94));
#480 = SURFACE_CURVE('',#481,(#486,#493),.PCURVE_S1.);
#481 = CIRCLE('',#482,9.94);
#482 = AXIS2_PLACEMENT_3D('',#483,#484,#485);
#483 = CARTESIAN_POINT('',(5.,0.,0.));
#484 = DIRECTION('',(-1.,0.,0.));
#485 = DIRECTION('',(0.,5.817719482226E-12,1.));
#486 = PCURVE('',#462,#487);
#487 = DEFINITIONAL_REPRESENTATION('',(#488),#492);
#488 = LINE('',#489,#490);
#489 = CARTESIAN_POINT('',(9.424777960764,0.71));
#490 = VECTOR('',#491,1.);
#491 = DIRECTION('',(-1.,0.));
#492 = ( GEOMETRIC_REPRESENTATION_CONTEXT(2) 
PARAMETRIC_REPRESENTATION_CONTEXT() REPRESENTATION_CONTEXT('2D SPACE',''
  ) );
#493 = PCURVE('',#94,#494);
#494 = DEFINITIONAL_REPRESENTATION('',(#495),#503);
#495 = ( BOUNDED_CURVE() B_SPLINE_CURVE(2,(#496,#497,#498,#499,#500,#501
,#502),.UNSPECIFIED.,.T.,.F.) B_SPLINE_CURVE_WITH_KNOTS((1,2,2,2,2,1),(
    -2.094395102393,0.,2.094395102393,4.188790204786,6.28318530718,
8.377580409573),.UNSPECIFIED.) CURVE() GEOMETRIC_REPRESENTATION_ITEM() 
RATIONAL_B_SPLINE_CURVE((1.,0.5,1.,0.5,1.,0.5,1.)) REPRESENTATION_ITEM(
  '') );
#496 = CARTESIAN_POINT('',(-9.94,5.782813165333E-11));
#497 = CARTESIAN_POINT('',(-9.9399999999,17.216585027292));
#498 = CARTESIAN_POINT('',(4.97000000005,8.608292513588));
#499 = CARTESIAN_POINT('',(19.88,-1.156538287088E-10));
#500 = CARTESIAN_POINT('',(4.96999999995,-8.608292513646));
#501 = CARTESIAN_POINT('',(-9.9400000001,-17.21658502717));
#502 = CARTESIAN_POINT('',(-9.94,5.782813165333E-11));
#503 = ( GEOMETRIC_REPRESENTATION_CONTEXT(2) 
PARAMETRIC_REPRESENTATION_CONTEXT() REPRESENTATION_CONTEXT('2D SPACE',''
  ) );
#504 = ORIENTED_EDGE('',*,*,#505,.T.);
#505 = EDGE_CURVE('',#478,#442,#506,.T.);
#506 = SEAM_CURVE('',#507,(#511,#518),.PCURVE_S1.);
#507 = LINE('',#508,#509);
#508 = CARTESIAN_POINT('',(4.29,-1.217298918352E-15,9.94));
#509 = VECTOR('',#510,1.);
#510 = DIRECTION('',(-1.,0.,0.));
#511 = PCURVE('',#462,#512);
#512 = DEFINITIONAL_REPRESENTATION('',(#513),#517);
#513 = LINE('',#514,#515);
#514 = CARTESIAN_POINT('',(3.14159265359,0.));
#515 = VECTOR('',#516,1.);
#516 = DIRECTION('',(0.,-1.));
#517 = ( GEOMETRIC_REPRESENTATION_CONTEXT(2) 
PARAMETRIC_REPRESENTATION_CONTEXT() REPRESENTATION_CONTEXT('2D SPACE',''
  ) );
#518 = PCURVE('',#462,#519);
#519 = DEFINITIONAL_REPRESENTATION('',(#520),#524);
#520 = LINE('',#521,#522);
#521 = CARTESIAN_POINT('',(9.424777960769,0.));
#522 = VECTOR('',#523,1.);
#523 = DIRECTION('',(0.,-1.));
#524 = ( GEOMETRIC_REPRESENTATION_CONTEXT(2) 
PARAMETRIC_REPRESENTATION_CONTEXT() REPRESENTATION_CONTEXT('2D SPACE',''
  ) );
#525 = ORIENTED_EDGE('',*,*,#441,.T.);
#526 = ORIENTED_EDGE('',*,*,#505,.F.);
#527 = ADVANCED_FACE('',(#528,#531),#94,.T.);
#528 = FACE_BOUND('',#529,.T.);
#529 = EDGE_LOOP('',(#530));
#530 = ORIENTED_EDGE('',*,*,#477,.F.);
#531 = FACE_BOUND('',#532,.T.);
#532 = EDGE_LOOP('',(#533));
#533 = ORIENTED_EDGE('',*,*,#79,.F.);
#534 = ORIENTED_CLOSED_SHELL('',*,#535,.F.);
#535 = CLOSED_SHELL('',(#536,#939,#3820,#3963,#3992,#4021,#4029,#4037,
    #4072,#4080,#4088,#4162,#4236,#4379,#4522,#4532,#4571,#4650,#4702,
    #4729));
#536 = ADVANCED_FACE('',(#537),#566,.F.);
#537 = FACE_BOUND('',#538,.F.);
#538 = EDGE_LOOP('',(#539,#677,#745,#746,#870,#938));
#539 = ORIENTED_EDGE('',*,*,#540,.T.);
#540 = EDGE_CURVE('',#541,#543,#545,.T.);
#541 = VERTEX_POINT('',#542);
#542 = CARTESIAN_POINT('',(2.5,-7.898449846757,-8.980880225139));
#543 = VERTEX_POINT('',#544);
#544 = CARTESIAN_POINT('',(2.5,-6.998140370742,-9.698853074019));
#545 = SURFACE_CURVE('',#546,(#565,#621),.PCURVE_S1.);
#546 = B_SPLINE_CURVE_WITH_KNOTS('',3,(#547,#548,#549,#550,#551,#552,
    #553,#554,#555,#556,#557,#558,#559,#560,#561,#562,#563,#564),
  .UNSPECIFIED.,.F.,.F.,(4,2,2,2,2,2,2,2,4),(0.,1.880596375039E-02,
    3.761192750079E-02,5.488990366008E-02,8.372239495525E-02,
    0.11255488625,0.12983286241,0.14863882616,0.167444789911),
  .UNSPECIFIED.);
#547 = CARTESIAN_POINT('',(2.5,-7.898449846757,-8.980880225139));
#548 = CARTESIAN_POINT('',(2.562686545835,-7.898449846757,
    -8.980880225139));
#549 = CARTESIAN_POINT('',(2.629682703114,-7.889361177014,
    -8.988898975332));
#550 = CARTESIAN_POINT('',(2.753959277361,-7.852318388562,
    -9.021276005907));
#551 = CARTESIAN_POINT('',(2.811249490585,-7.824364616535,
    -9.045597069368));
#552 = CARTESIAN_POINT('',(2.900036189102,-7.762807728302,
    -9.098463901062));
#553 = CARTESIAN_POINT('',(2.942722855444,-7.721406620668,
    -9.133681115117));
#554 = CARTESIAN_POINT('',(3.017527118048,-7.618503579388,
    -9.219933392646));
#555 = CARTESIAN_POINT('',(3.046025777756,-7.532081645721,
    -9.290785891859));
#556 = CARTESIAN_POINT('',(3.046025777756,-7.381800649638,
    -9.410630987091));
#557 = CARTESIAN_POINT('',(3.017527118048,-7.293493881113,
    -9.479119978149));
#558 = CARTESIAN_POINT('',(2.942722855444,-7.186506047408,-9.56025008799
    ));
#559 = CARTESIAN_POINT('',(2.900036189102,-7.142959189298,
    -9.592776616055));
#560 = CARTESIAN_POINT('',(2.811249490585,-7.077720143191,
    -9.641026167816));
#561 = CARTESIAN_POINT('',(2.753959277361,-7.047788560109,-9.66286713466
    ));
#562 = CARTESIAN_POINT('',(2.629682703114,-7.007980493405,
    -9.691776615985));
#563 = CARTESIAN_POINT('',(2.562686545835,-6.998140370742,
    -9.698853074019));
#564 = CARTESIAN_POINT('',(2.5,-6.998140370742,-9.698853074019));
#565 = PCURVE('',#566,#571);
#566 = SPHERICAL_SURFACE('',#567,1.3275);
#567 = AXIS2_PLACEMENT_3D('',#568,#569,#570);
#568 = CARTESIAN_POINT('',(2.5,-6.702515369981,-8.404688436531));
#569 = DIRECTION('',(0.,0.,-1.));
#570 = DIRECTION('',(0.,1.,0.));
#571 = DEFINITIONAL_REPRESENTATION('',(#572),#620);
#572 = B_SPLINE_CURVE_WITH_KNOTS('',3,(#573,#574,#575,#576,#577,#578,
    #579,#580,#581,#582,#583,#584,#585,#586,#587,#588,#589,#590,#591,
    #592,#593,#594,#595,#596,#597,#598,#599,#600,#601,#602,#603,#604,
    #605,#606,#607,#608,#609,#610,#611,#612,#613,#614,#615,#616,#617,
    #618,#619),.UNSPECIFIED.,.F.,.F.,(4,1,1,1,1,1,1,1,1,1,1,1,1,1,1,1,1,
    1,1,1,1,1,1,1,1,1,1,1,1,1,1,1,1,1,1,1,1,1,1,1,1,1,1,1,4),(0.,
    3.805563407057E-03,7.611126814114E-03,1.141669022117E-02,
    1.522225362823E-02,1.902781703528E-02,2.283338044234E-02,
    2.66389438494E-02,3.044450725646E-02,3.425007066351E-02,
    3.805563407057E-02,4.186119747763E-02,4.566676088468E-02,
    4.947232429174E-02,5.32778876988E-02,5.708345110585E-02,
    6.088901451291E-02,6.469457791997E-02,6.850014132703E-02,
    7.230570473408E-02,7.611126814114E-02,7.99168315482E-02,
    8.372239495525E-02,8.752795836231E-02,9.133352176937E-02,
    9.513908517642E-02,9.894464858348E-02,0.102750211991,0.106555775398,
    0.110361338805,0.114166902212,0.117972465619,0.121778029026,
    0.125583592433,0.12938915584,0.133194719247,0.137000282654,
    0.140805846061,0.144611409468,0.148416972875,0.152222536282,
    0.156028099689,0.159833663096,0.163639226503,0.167444789911),
  .QUASI_UNIFORM_KNOTS.);
#573 = CARTESIAN_POINT('',(9.424777960769,0.448975478539));
#574 = CARTESIAN_POINT('',(9.414170835051,0.448976773779));
#575 = CARTESIAN_POINT('',(9.39266211544,0.449531538384));
#576 = CARTESIAN_POINT('',(9.359780001081,0.452022454176));
#577 = CARTESIAN_POINT('',(9.326544482352,0.456168641304));
#578 = CARTESIAN_POINT('',(9.293216776324,0.461986706431));
#579 = CARTESIAN_POINT('',(9.260054513614,0.469514215641));
#580 = CARTESIAN_POINT('',(9.22730460061,0.478784808007));
#581 = CARTESIAN_POINT('',(9.195124236254,0.489588187355));
#582 = CARTESIAN_POINT('',(9.163759371655,0.50170338474));
#583 = CARTESIAN_POINT('',(9.133260898929,0.515055697914));
#584 = CARTESIAN_POINT('',(9.104509334718,0.529070620953));
#585 = CARTESIAN_POINT('',(9.075277077456,0.545186372931));
#586 = CARTESIAN_POINT('',(9.045275004088,0.563353665019));
#587 = CARTESIAN_POINT('',(9.015779898283,0.582640039499));
#588 = CARTESIAN_POINT('',(8.987689857374,0.602458039981));
#589 = CARTESIAN_POINT('',(8.96245287279,0.622053363894));
#590 = CARTESIAN_POINT('',(8.936906844365,0.6437906529));
#591 = CARTESIAN_POINT('',(8.911665006646,0.666928656736));
#592 = CARTESIAN_POINT('',(8.886825016977,0.691223836935));
#593 = CARTESIAN_POINT('',(8.862677924192,0.716320441816));
#594 = CARTESIAN_POINT('',(8.839554026345,0.741879107028));
#595 = CARTESIAN_POINT('',(8.817762287326,0.767696245203));
#596 = CARTESIAN_POINT('',(8.798021803008,0.793120783784));
#597 = CARTESIAN_POINT('',(8.779835226661,0.819284326076));
#598 = CARTESIAN_POINT('',(8.762288754578,0.847196991227));
#599 = CARTESIAN_POINT('',(8.745821637879,0.876105843789));
#600 = CARTESIAN_POINT('',(8.730598956328,0.905725314644));
#601 = CARTESIAN_POINT('',(8.716957416272,0.935658498891));
#602 = CARTESIAN_POINT('',(8.705318385018,0.965498861446));
#603 = CARTESIAN_POINT('',(8.696171915061,0.995018467061));
#604 = CARTESIAN_POINT('',(8.690319313353,1.023322329704));
#605 = CARTESIAN_POINT('',(8.687656335221,1.053883054631));
#606 = CARTESIAN_POINT('',(8.688608277623,1.08529044776));
#607 = CARTESIAN_POINT('',(8.693840001715,1.116527829565));
#608 = CARTESIAN_POINT('',(8.7040835371,1.146061591473));
#609 = CARTESIAN_POINT('',(8.720429436094,1.173903391334));
#610 = CARTESIAN_POINT('',(8.744816425694,1.202276978326));
#611 = CARTESIAN_POINT('',(8.778886730191,1.229991250024));
#612 = CARTESIAN_POINT('',(8.824861260749,1.256620509324));
#613 = CARTESIAN_POINT('',(8.885219291238,1.281386441631));
#614 = CARTESIAN_POINT('',(8.962495077936,1.303404678242));
#615 = CARTESIAN_POINT('',(9.057704724673,1.321807777659));
#616 = CARTESIAN_POINT('',(9.169806141023,1.335714129025));
#617 = CARTESIAN_POINT('',(9.294929010492,1.344298949769));
#618 = CARTESIAN_POINT('',(9.381694173997,1.346258918388));
#619 = CARTESIAN_POINT('',(9.424777960769,1.346220323512));
#620 = ( GEOMETRIC_REPRESENTATION_CONTEXT(2) 
PARAMETRIC_REPRESENTATION_CONTEXT() REPRESENTATION_CONTEXT('2D SPACE',''
  ) );
#621 = PCURVE('',#622,#627);
#622 = CYLINDRICAL_SURFACE('',#623,11.960005);
#623 = AXIS2_PLACEMENT_3D('',#624,#625,#626);
#624 = CARTESIAN_POINT('',(6.E-02,0.,0.));
#625 = DIRECTION('',(-1.,0.,0.));
#626 = DIRECTION('',(0.,-1.,0.));
#627 = DEFINITIONAL_REPRESENTATION('',(#628),#676);
#628 = B_SPLINE_CURVE_WITH_KNOTS('',3,(#629,#630,#631,#632,#633,#634,
    #635,#636,#637,#638,#639,#640,#641,#642,#643,#644,#645,#646,#647,
    #648,#649,#650,#651,#652,#653,#654,#655,#656,#657,#658,#659,#660,
    #661,#662,#663,#664,#665,#666,#667,#668,#669,#670,#671,#672,#673,
    #674,#675),.UNSPECIFIED.,.F.,.F.,(4,1,1,1,1,1,1,1,1,1,1,1,1,1,1,1,1,
    1,1,1,1,1,1,1,1,1,1,1,1,1,1,1,1,1,1,1,1,1,1,1,1,1,1,1,4),(0.,
    3.805563407057E-03,7.611126814114E-03,1.141669022117E-02,
    1.522225362823E-02,1.902781703528E-02,2.283338044234E-02,
    2.66389438494E-02,3.044450725646E-02,3.425007066351E-02,
    3.805563407057E-02,4.186119747763E-02,4.566676088468E-02,
    4.947232429174E-02,5.32778876988E-02,5.708345110585E-02,
    6.088901451291E-02,6.469457791997E-02,6.850014132703E-02,
    7.230570473408E-02,7.611126814114E-02,7.99168315482E-02,
    8.372239495525E-02,8.752795836231E-02,9.133352176937E-02,
    9.513908517642E-02,9.894464858348E-02,0.102750211991,0.106555775398,
    0.110361338805,0.114166902212,0.117972465619,0.121778029026,
    0.125583592433,0.12938915584,0.133194719247,0.137000282654,
    0.140805846061,0.144611409468,0.148416972875,0.152222536282,
    0.156028099689,0.159833663096,0.163639226503,0.167444789911),
  .QUASI_UNIFORM_KNOTS.);
#629 = CARTESIAN_POINT('',(5.433747264921,-2.44));
#630 = CARTESIAN_POINT('',(5.433747264885,-2.452685211357));
#631 = CARTESIAN_POINT('',(5.433664266584,-2.47840858196));
#632 = CARTESIAN_POINT('',(5.433289298262,-2.517596715739));
#633 = CARTESIAN_POINT('',(5.432662332299,-2.556932037039));
#634 = CARTESIAN_POINT('',(5.431782018958,-2.595959091453));
#635 = CARTESIAN_POINT('',(5.430646346452,-2.634220805354));
#636 = CARTESIAN_POINT('',(5.429255781172,-2.671266200116));
#637 = CARTESIAN_POINT('',(5.427640534034,-2.706806114513));
#638 = CARTESIAN_POINT('',(5.42583438304,-2.740489798168));
#639 = CARTESIAN_POINT('',(5.423852031745,-2.772169137768));
#640 = CARTESIAN_POINT('',(5.421780897338,-2.800947060884));
#641 = CARTESIAN_POINT('',(5.419425716366,-2.82883112113));
#642 = CARTESIAN_POINT('',(5.416788278336,-2.855930042725));
#643 = CARTESIAN_POINT('',(5.41400236284,-2.880996113678));
#644 = CARTESIAN_POINT('',(5.411159541219,-2.903206879212));
#645 = CARTESIAN_POINT('',(5.408388204653,-2.921395291897));
#646 = CARTESIAN_POINT('',(5.405361069752,-2.937850718936));
#647 = CARTESIAN_POINT('',(5.402181185355,-2.952104219339));
#648 = CARTESIAN_POINT('',(5.398884683808,-2.964102617755));
#649 = CARTESIAN_POINT('',(5.395524583103,-2.97368133457));
#650 = CARTESIAN_POINT('',(5.392153299631,-2.980705641589));
#651 = CARTESIAN_POINT('',(5.388808762437,-2.985032809203));
#652 = CARTESIAN_POINT('',(5.385587406154,-2.986522262032));
#653 = CARTESIAN_POINT('',(5.382366049871,-2.985032809203));
#654 = CARTESIAN_POINT('',(5.379021512677,-2.980705641589));
#655 = CARTESIAN_POINT('',(5.375650229205,-2.97368133457));
#656 = CARTESIAN_POINT('',(5.3722901285,-2.964102617755));
#657 = CARTESIAN_POINT('',(5.368993626953,-2.952104219339));
#658 = CARTESIAN_POINT('',(5.365813742555,-2.937850718936));
#659 = CARTESIAN_POINT('',(5.362786607655,-2.921395291897));
#660 = CARTESIAN_POINT('',(5.360015271088,-2.903206879212));
#661 = CARTESIAN_POINT('',(5.357172449468,-2.880996113678));
#662 = CARTESIAN_POINT('',(5.354386533972,-2.855930042725));
#663 = CARTESIAN_POINT('',(5.351749095942,-2.82883112113));
#664 = CARTESIAN_POINT('',(5.34939391497,-2.800947060884));
#665 = CARTESIAN_POINT('',(5.347322780563,-2.772169137768));
#666 = CARTESIAN_POINT('',(5.345340429268,-2.740489798168));
#667 = CARTESIAN_POINT('',(5.343534278274,-2.706806114513));
#668 = CARTESIAN_POINT('',(5.341919031136,-2.671266200116));
#669 = CARTESIAN_POINT('',(5.340528465856,-2.634220805354));
#670 = CARTESIAN_POINT('',(5.339392793349,-2.595959091453));
#671 = CARTESIAN_POINT('',(5.338512480009,-2.556932037039));
#672 = CARTESIAN_POINT('',(5.337885514046,-2.517596715739));
#673 = CARTESIAN_POINT('',(5.337510545723,-2.47840858196));
#674 = CARTESIAN_POINT('',(5.337427547423,-2.452685211357));
#675 = CARTESIAN_POINT('',(5.337427547386,-2.44));
#676 = ( GEOMETRIC_REPRESENTATION_CONTEXT(2) 
PARAMETRIC_REPRESENTATION_CONTEXT() REPRESENTATION_CONTEXT('2D SPACE',''
  ) );
#677 = ORIENTED_EDGE('',*,*,#678,.F.);
#678 = EDGE_CURVE('',#679,#543,#681,.T.);
#679 = VERTEX_POINT('',#680);
#680 = CARTESIAN_POINT('',(2.5,-6.702515369981,-9.732188436531));
#681 = SEAM_CURVE('',#682,(#687,#716),.PCURVE_S1.);
#682 = CIRCLE('',#683,1.3275);
#683 = AXIS2_PLACEMENT_3D('',#684,#685,#686);
#684 = CARTESIAN_POINT('',(2.5,-6.702515369981,-8.404688436531));
#685 = DIRECTION('',(-1.,2.090815488936E-16,0.));
#686 = DIRECTION('',(-2.090815488936E-16,-1.,0.));
#687 = PCURVE('',#566,#688);
#688 = DEFINITIONAL_REPRESENTATION('',(#689),#715);
#689 = B_SPLINE_CURVE_WITH_KNOTS('',3,(#690,#691,#692,#693,#694,#695,
    #696,#697,#698,#699,#700,#701,#702,#703,#704,#705,#706,#707,#708,
    #709,#710,#711,#712,#713,#714),.UNSPECIFIED.,.F.,.F.,(4,1,1,1,1,1,1,
    1,1,1,1,1,1,1,1,1,1,1,1,1,1,1,4),(4.712388980385,4.722596980534,
    4.732804980683,4.743012980832,4.753220980982,4.763428981131,
    4.77363698128,4.783844981429,4.794052981578,4.804260981728,
    4.814468981877,4.824676982026,4.834884982175,4.845092982325,
    4.855300982474,4.865508982623,4.875716982772,4.885924982921,
    4.896132983071,4.90634098322,4.916548983369,4.926756983518,
    4.936964983668),.QUASI_UNIFORM_KNOTS.);
#690 = CARTESIAN_POINT('',(9.424777960769,1.570796326795));
#691 = CARTESIAN_POINT('',(9.424777960769,1.567393660078));
#692 = CARTESIAN_POINT('',(9.424777960769,1.560588326646));
#693 = CARTESIAN_POINT('',(9.424777960769,1.550380326496));
#694 = CARTESIAN_POINT('',(9.424777960769,1.540172326347));
#695 = CARTESIAN_POINT('',(9.424777960769,1.529964326198));
#696 = CARTESIAN_POINT('',(9.424777960769,1.519756326049));
#697 = CARTESIAN_POINT('',(9.424777960769,1.5095483259));
#698 = CARTESIAN_POINT('',(9.424777960769,1.49934032575));
#699 = CARTESIAN_POINT('',(9.424777960769,1.489132325601));
#700 = CARTESIAN_POINT('',(9.424777960769,1.478924325452));
#701 = CARTESIAN_POINT('',(9.424777960769,1.468716325303));
#702 = CARTESIAN_POINT('',(9.424777960769,1.458508325153));
#703 = CARTESIAN_POINT('',(9.424777960769,1.448300325004));
#704 = CARTESIAN_POINT('',(9.424777960769,1.438092324855));
#705 = CARTESIAN_POINT('',(9.424777960769,1.427884324706));
#706 = CARTESIAN_POINT('',(9.424777960769,1.417676324557));
#707 = CARTESIAN_POINT('',(9.424777960769,1.407468324407));
#708 = CARTESIAN_POINT('',(9.424777960769,1.397260324258));
#709 = CARTESIAN_POINT('',(9.424777960769,1.387052324109));
#710 = CARTESIAN_POINT('',(9.424777960769,1.37684432396));
#711 = CARTESIAN_POINT('',(9.424777960769,1.36663632381));
#712 = CARTESIAN_POINT('',(9.424777960769,1.356428323661));
#713 = CARTESIAN_POINT('',(9.424777960769,1.349622990228));
#714 = CARTESIAN_POINT('',(9.424777960769,1.346220323512));
#715 = ( GEOMETRIC_REPRESENTATION_CONTEXT(2) 
PARAMETRIC_REPRESENTATION_CONTEXT() REPRESENTATION_CONTEXT('2D SPACE',''
  ) );
#716 = PCURVE('',#566,#717);
#717 = DEFINITIONAL_REPRESENTATION('',(#718),#744);
#718 = B_SPLINE_CURVE_WITH_KNOTS('',3,(#719,#720,#721,#722,#723,#724,
    #725,#726,#727,#728,#729,#730,#731,#732,#733,#734,#735,#736,#737,
    #738,#739,#740,#741,#742,#743),.UNSPECIFIED.,.F.,.F.,(4,1,1,1,1,1,1,
    1,1,1,1,1,1,1,1,1,1,1,1,1,1,1,4),(4.712388980385,4.722596980534,
    4.732804980683,4.743012980832,4.753220980982,4.763428981131,
    4.77363698128,4.783844981429,4.794052981578,4.804260981728,
    4.814468981877,4.824676982026,4.834884982175,4.845092982325,
    4.855300982474,4.865508982623,4.875716982772,4.885924982921,
    4.896132983071,4.90634098322,4.916548983369,4.926756983518,
    4.936964983668),.QUASI_UNIFORM_KNOTS.);
#719 = CARTESIAN_POINT('',(3.14159265359,1.570796326795));
#720 = CARTESIAN_POINT('',(3.14159265359,1.567393660078));
#721 = CARTESIAN_POINT('',(3.14159265359,1.560588326646));
#722 = CARTESIAN_POINT('',(3.14159265359,1.550380326496));
#723 = CARTESIAN_POINT('',(3.14159265359,1.540172326347));
#724 = CARTESIAN_POINT('',(3.14159265359,1.529964326198));
#725 = CARTESIAN_POINT('',(3.14159265359,1.519756326049));
#726 = CARTESIAN_POINT('',(3.14159265359,1.5095483259));
#727 = CARTESIAN_POINT('',(3.14159265359,1.49934032575));
#728 = CARTESIAN_POINT('',(3.14159265359,1.489132325601));
#729 = CARTESIAN_POINT('',(3.14159265359,1.478924325452));
#730 = CARTESIAN_POINT('',(3.14159265359,1.468716325303));
#731 = CARTESIAN_POINT('',(3.14159265359,1.458508325153));
#732 = CARTESIAN_POINT('',(3.14159265359,1.448300325004));
#733 = CARTESIAN_POINT('',(3.14159265359,1.438092324855));
#734 = CARTESIAN_POINT('',(3.14159265359,1.427884324706));
#735 = CARTESIAN_POINT('',(3.14159265359,1.417676324557));
#736 = CARTESIAN_POINT('',(3.14159265359,1.407468324407));
#737 = CARTESIAN_POINT('',(3.14159265359,1.397260324258));
#738 = CARTESIAN_POINT('',(3.14159265359,1.387052324109));
#739 = CARTESIAN_POINT('',(3.14159265359,1.37684432396));
#740 = CARTESIAN_POINT('',(3.14159265359,1.36663632381));
#741 = CARTESIAN_POINT('',(3.14159265359,1.356428323661));
#742 = CARTESIAN_POINT('',(3.14159265359,1.349622990228));
#743 = CARTESIAN_POINT('',(3.14159265359,1.346220323512));
#744 = ( GEOMETRIC_REPRESENTATION_CONTEXT(2) 
PARAMETRIC_REPRESENTATION_CONTEXT() REPRESENTATION_CONTEXT('2D SPACE',''
  ) );
#745 = ORIENTED_EDGE('',*,*,#678,.T.);
#746 = ORIENTED_EDGE('',*,*,#747,.T.);
#747 = EDGE_CURVE('',#543,#541,#748,.T.);
#748 = SURFACE_CURVE('',#749,(#768,#819),.PCURVE_S1.);
#749 = B_SPLINE_CURVE_WITH_KNOTS('',3,(#750,#751,#752,#753,#754,#755,
    #756,#757,#758,#759,#760,#761,#762,#763,#764,#765,#766,#767),
  .UNSPECIFIED.,.F.,.F.,(4,2,2,2,2,2,2,2,4),(0.167444789911,
    0.186250753661,0.205056717411,0.222334693571,0.251167184866,
    0.279999676161,0.29727765232,0.316083616071,0.334889579821),
  .UNSPECIFIED.);
#750 = CARTESIAN_POINT('',(2.5,-6.998140370742,-9.698853074019));
#751 = CARTESIAN_POINT('',(2.437313454165,-6.998140370742,
    -9.698853074019));
#752 = CARTESIAN_POINT('',(2.370317296886,-7.007980493405,
    -9.691776615985));
#753 = CARTESIAN_POINT('',(2.246040722639,-7.047788560109,-9.66286713466
    ));
#754 = CARTESIAN_POINT('',(2.188750509415,-7.077720143191,
    -9.641026167816));
#755 = CARTESIAN_POINT('',(2.099963810898,-7.142959189298,
    -9.592776616055));
#756 = CARTESIAN_POINT('',(2.057277144556,-7.186506047408,-9.56025008799
    ));
#757 = CARTESIAN_POINT('',(1.982472881952,-7.293493881113,
    -9.479119978149));
#758 = CARTESIAN_POINT('',(1.953974222244,-7.381800649638,
    -9.410630987091));
#759 = CARTESIAN_POINT('',(1.953974222244,-7.532081645721,
    -9.290785891859));
#760 = CARTESIAN_POINT('',(1.982472881952,-7.618503579388,
    -9.219933392646));
#761 = CARTESIAN_POINT('',(2.057277144556,-7.721406620668,
    -9.133681115117));
#762 = CARTESIAN_POINT('',(2.099963810898,-7.762807728302,
    -9.098463901062));
#763 = CARTESIAN_POINT('',(2.188750509415,-7.824364616535,
    -9.045597069368));
#764 = CARTESIAN_POINT('',(2.246040722639,-7.852318388562,
    -9.021276005907));
#765 = CARTESIAN_POINT('',(2.370317296886,-7.889361177014,
    -8.988898975332));
#766 = CARTESIAN_POINT('',(2.437313454165,-7.898449846757,
    -8.980880225139));
#767 = CARTESIAN_POINT('',(2.5,-7.898449846757,-8.980880225139));
#768 = PCURVE('',#566,#769);
#769 = DEFINITIONAL_REPRESENTATION('',(#770),#818);
#770 = B_SPLINE_CURVE_WITH_KNOTS('',3,(#771,#772,#773,#774,#775,#776,
    #777,#778,#779,#780,#781,#782,#783,#784,#785,#786,#787,#788,#789,
    #790,#791,#792,#793,#794,#795,#796,#797,#798,#799,#800,#801,#802,
    #803,#804,#805,#806,#807,#808,#809,#810,#811,#812,#813,#814,#815,
    #816,#817),.UNSPECIFIED.,.F.,.F.,(4,1,1,1,1,1,1,1,1,1,1,1,1,1,1,1,1,
    1,1,1,1,1,1,1,1,1,1,1,1,1,1,1,1,1,1,1,1,1,1,1,1,1,1,1,4),(
    0.167444789911,0.171250353318,0.175055916725,0.178861480132,
    0.182667043539,0.186472606946,0.190278170353,0.19408373376,
    0.197889297167,0.201694860574,0.205500423981,0.209305987388,
    0.213111550795,0.216917114202,0.220722677609,0.224528241016,
    0.228333804423,0.23213936783,0.235944931238,0.239750494645,
    0.243556058052,0.247361621459,0.251167184866,0.254972748273,
    0.25877831168,0.262583875087,0.266389438494,0.270195001901,
    0.274000565308,0.277806128715,0.281611692122,0.285417255529,
    0.289222818936,0.293028382343,0.29683394575,0.300639509158,
    0.304445072565,0.308250635972,0.312056199379,0.315861762786,
    0.319667326193,0.3234728896,0.327278453007,0.331084016414,
    0.334889579821),.QUASI_UNIFORM_KNOTS.);
#771 = CARTESIAN_POINT('',(3.14159265359,1.346220323512));
#772 = CARTESIAN_POINT('',(3.184676440363,1.346258918388));
#773 = CARTESIAN_POINT('',(3.271441603867,1.344298949769));
#774 = CARTESIAN_POINT('',(3.396564473336,1.335714129025));
#775 = CARTESIAN_POINT('',(3.508665889686,1.321807777659));
#776 = CARTESIAN_POINT('',(3.603875536423,1.303404678242));
#777 = CARTESIAN_POINT('',(3.681151323121,1.28138644163));
#778 = CARTESIAN_POINT('',(3.74150935361,1.256620509324));
#779 = CARTESIAN_POINT('',(3.787483884168,1.229991250024));
#780 = CARTESIAN_POINT('',(3.821554188665,1.202276978326));
#781 = CARTESIAN_POINT('',(3.845941178265,1.173903391334));
#782 = CARTESIAN_POINT('',(3.862287077259,1.146061591473));
#783 = CARTESIAN_POINT('',(3.872530612644,1.116527829565));
#784 = CARTESIAN_POINT('',(3.877762336736,1.08529044776));
#785 = CARTESIAN_POINT('',(3.878714279138,1.053883054631));
#786 = CARTESIAN_POINT('',(3.876051301006,1.023322329704));
#787 = CARTESIAN_POINT('',(3.870198699298,0.995018467061));
#788 = CARTESIAN_POINT('',(3.861052229341,0.965498861446));
#789 = CARTESIAN_POINT('',(3.849413198087,0.935658498891));
#790 = CARTESIAN_POINT('',(3.835771658032,0.905725314644));
#791 = CARTESIAN_POINT('',(3.82054897648,0.876105843789));
#792 = CARTESIAN_POINT('',(3.804081859781,0.847196991227));
#793 = CARTESIAN_POINT('',(3.786535387698,0.819284326076));
#794 = CARTESIAN_POINT('',(3.768348811351,0.793120783784));
#795 = CARTESIAN_POINT('',(3.748608327033,0.767696245203));
#796 = CARTESIAN_POINT('',(3.726816588014,0.741879107028));
#797 = CARTESIAN_POINT('',(3.703692690167,0.716320441816));
#798 = CARTESIAN_POINT('',(3.679545597382,0.691223836935));
#799 = CARTESIAN_POINT('',(3.654705607713,0.666928656736));
#800 = CARTESIAN_POINT('',(3.629463769994,0.6437906529));
#801 = CARTESIAN_POINT('',(3.603917741569,0.622053363894));
#802 = CARTESIAN_POINT('',(3.578680756985,0.602458039981));
#803 = CARTESIAN_POINT('',(3.550590716076,0.582640039499));
#804 = CARTESIAN_POINT('',(3.521095610271,0.563353665019));
#805 = CARTESIAN_POINT('',(3.491093536904,0.545186372931));
#806 = CARTESIAN_POINT('',(3.461861279641,0.529070620953));
#807 = CARTESIAN_POINT('',(3.43310971543,0.515055697914));
#808 = CARTESIAN_POINT('',(3.402611242704,0.50170338474));
#809 = CARTESIAN_POINT('',(3.371246378105,0.489588187355));
#810 = CARTESIAN_POINT('',(3.33906601375,0.478784808007));
#811 = CARTESIAN_POINT('',(3.306316100746,0.469514215641));
#812 = CARTESIAN_POINT('',(3.273153838035,0.461986706431));
#813 = CARTESIAN_POINT('',(3.239826132007,0.456168641304));
#814 = CARTESIAN_POINT('',(3.206590613278,0.452022454176));
#815 = CARTESIAN_POINT('',(3.173708498919,0.449531538384));
#816 = CARTESIAN_POINT('',(3.152199779309,0.448976773779));
#817 = CARTESIAN_POINT('',(3.14159265359,0.448975478539));
#818 = ( GEOMETRIC_REPRESENTATION_CONTEXT(2) 
PARAMETRIC_REPRESENTATION_CONTEXT() REPRESENTATION_CONTEXT('2D SPACE',''
  ) );
#819 = PCURVE('',#622,#820);
#820 = DEFINITIONAL_REPRESENTATION('',(#821),#869);
#821 = B_SPLINE_CURVE_WITH_KNOTS('',3,(#822,#823,#824,#825,#826,#827,
    #828,#829,#830,#831,#832,#833,#834,#835,#836,#837,#838,#839,#840,
    #841,#842,#843,#844,#845,#846,#847,#848,#849,#850,#851,#852,#853,
    #854,#855,#856,#857,#858,#859,#860,#861,#862,#863,#864,#865,#866,
    #867,#868),.UNSPECIFIED.,.F.,.F.,(4,1,1,1,1,1,1,1,1,1,1,1,1,1,1,1,1,
    1,1,1,1,1,1,1,1,1,1,1,1,1,1,1,1,1,1,1,1,1,1,1,1,1,1,1,4),(
    0.167444789911,0.171250353318,0.175055916725,0.178861480132,
    0.182667043539,0.186472606946,0.190278170353,0.19408373376,
    0.197889297167,0.201694860574,0.205500423981,0.209305987388,
    0.213111550795,0.216917114202,0.220722677609,0.224528241016,
    0.228333804423,0.23213936783,0.235944931238,0.239750494645,
    0.243556058052,0.247361621459,0.251167184866,0.254972748273,
    0.25877831168,0.262583875087,0.266389438494,0.270195001901,
    0.274000565308,0.277806128715,0.281611692122,0.285417255529,
    0.289222818936,0.293028382343,0.29683394575,0.300639509158,
    0.304445072565,0.308250635972,0.312056199379,0.315861762786,
    0.319667326193,0.3234728896,0.327278453007,0.331084016414,
    0.334889579821),.QUASI_UNIFORM_KNOTS.);
#822 = CARTESIAN_POINT('',(5.337427547386,-2.44));
#823 = CARTESIAN_POINT('',(5.337427547423,-2.427314788643));
#824 = CARTESIAN_POINT('',(5.337510545723,-2.40159141804));
#825 = CARTESIAN_POINT('',(5.337885514046,-2.362403284261));
#826 = CARTESIAN_POINT('',(5.338512480009,-2.32306796296));
#827 = CARTESIAN_POINT('',(5.339392793349,-2.284040908547));
#828 = CARTESIAN_POINT('',(5.340528465856,-2.245779194646));
#829 = CARTESIAN_POINT('',(5.341919031136,-2.208733799884));
#830 = CARTESIAN_POINT('',(5.343534278274,-2.173193885487));
#831 = CARTESIAN_POINT('',(5.345340429268,-2.139510201832));
#832 = CARTESIAN_POINT('',(5.347322780563,-2.107830862232));
#833 = CARTESIAN_POINT('',(5.34939391497,-2.079052939116));
#834 = CARTESIAN_POINT('',(5.351749095942,-2.05116887887));
#835 = CARTESIAN_POINT('',(5.354386533972,-2.024069957275));
#836 = CARTESIAN_POINT('',(5.357172449468,-1.999003886322));
#837 = CARTESIAN_POINT('',(5.360015271088,-1.976793120788));
#838 = CARTESIAN_POINT('',(5.362786607655,-1.958604708103));
#839 = CARTESIAN_POINT('',(5.365813742555,-1.942149281064));
#840 = CARTESIAN_POINT('',(5.368993626953,-1.927895780661));
#841 = CARTESIAN_POINT('',(5.3722901285,-1.915897382245));
#842 = CARTESIAN_POINT('',(5.375650229205,-1.90631866543));
#843 = CARTESIAN_POINT('',(5.379021512677,-1.899294358411));
#844 = CARTESIAN_POINT('',(5.382366049871,-1.894967190797));
#845 = CARTESIAN_POINT('',(5.385587406154,-1.893477737968));
#846 = CARTESIAN_POINT('',(5.388808762437,-1.894967190797));
#847 = CARTESIAN_POINT('',(5.392153299631,-1.899294358411));
#848 = CARTESIAN_POINT('',(5.395524583103,-1.90631866543));
#849 = CARTESIAN_POINT('',(5.398884683808,-1.915897382245));
#850 = CARTESIAN_POINT('',(5.402181185355,-1.927895780661));
#851 = CARTESIAN_POINT('',(5.405361069752,-1.942149281064));
#852 = CARTESIAN_POINT('',(5.408388204653,-1.958604708103));
#853 = CARTESIAN_POINT('',(5.411159541219,-1.976793120788));
#854 = CARTESIAN_POINT('',(5.41400236284,-1.999003886322));
#855 = CARTESIAN_POINT('',(5.416788278336,-2.024069957275));
#856 = CARTESIAN_POINT('',(5.419425716366,-2.05116887887));
#857 = CARTESIAN_POINT('',(5.421780897338,-2.079052939116));
#858 = CARTESIAN_POINT('',(5.423852031745,-2.107830862232));
#859 = CARTESIAN_POINT('',(5.42583438304,-2.139510201832));
#860 = CARTESIAN_POINT('',(5.427640534034,-2.173193885487));
#861 = CARTESIAN_POINT('',(5.429255781172,-2.208733799884));
#862 = CARTESIAN_POINT('',(5.430646346452,-2.245779194646));
#863 = CARTESIAN_POINT('',(5.431782018958,-2.284040908547));
#864 = CARTESIAN_POINT('',(5.432662332299,-2.32306796296));
#865 = CARTESIAN_POINT('',(5.433289298262,-2.362403284261));
#866 = CARTESIAN_POINT('',(5.433664266584,-2.40159141804));
#867 = CARTESIAN_POINT('',(5.433747264885,-2.427314788643));
#868 = CARTESIAN_POINT('',(5.433747264921,-2.44));
#869 = ( GEOMETRIC_REPRESENTATION_CONTEXT(2) 
PARAMETRIC_REPRESENTATION_CONTEXT() REPRESENTATION_CONTEXT('2D SPACE',''
  ) );
#870 = ORIENTED_EDGE('',*,*,#871,.T.);
#871 = EDGE_CURVE('',#541,#872,#874,.T.);
#872 = VERTEX_POINT('',#873);
#873 = CARTESIAN_POINT('',(2.5,-6.702515369981,-7.077188436531));
#874 = SEAM_CURVE('',#875,(#880,#909),.PCURVE_S1.);
#875 = CIRCLE('',#876,1.3275);
#876 = AXIS2_PLACEMENT_3D('',#877,#878,#879);
#877 = CARTESIAN_POINT('',(2.5,-6.702515369981,-8.404688436531));
#878 = DIRECTION('',(-1.,2.090815488936E-16,0.));
#879 = DIRECTION('',(-2.090815488936E-16,-1.,0.));
#880 = PCURVE('',#566,#881);
#881 = DEFINITIONAL_REPRESENTATION('',(#882),#908);
#882 = B_SPLINE_CURVE_WITH_KNOTS('',3,(#883,#884,#885,#886,#887,#888,
    #889,#890,#891,#892,#893,#894,#895,#896,#897,#898,#899,#900,#901,
    #902,#903,#904,#905,#906,#907),.UNSPECIFIED.,.F.,.F.,(4,1,1,1,1,1,1,
    1,1,1,1,1,1,1,1,1,1,1,1,1,1,1,4),(5.83420982864,5.926017637974,
    6.017825447307,6.109633256641,6.201441065974,6.293248875307,
    6.385056684641,6.476864493974,6.568672303307,6.660480112641,
    6.752287921974,6.844095731307,6.935903540641,7.027711349974,
    7.119519159308,7.211326968641,7.303134777974,7.394942587308,
    7.486750396641,7.578558205974,7.670366015308,7.762173824641,
    7.853981633974),.QUASI_UNIFORM_KNOTS.);
#883 = CARTESIAN_POINT('',(3.14159265359,0.448975478539));
#884 = CARTESIAN_POINT('',(3.14159265359,0.418372875428));
#885 = CARTESIAN_POINT('',(3.14159265359,0.357167669206));
#886 = CARTESIAN_POINT('',(3.14159265359,0.265359859872));
#887 = CARTESIAN_POINT('',(3.14159265359,0.173552050539));
#888 = CARTESIAN_POINT('',(3.14159265359,8.174424120564E-02));
#889 = CARTESIAN_POINT('',(3.14159265359,-1.006356812772E-02));
#890 = CARTESIAN_POINT('',(3.14159265359,-0.101871377461));
#891 = CARTESIAN_POINT('',(3.14159265359,-0.193679186794));
#892 = CARTESIAN_POINT('',(3.14159265359,-0.285486996128));
#893 = CARTESIAN_POINT('',(3.14159265359,-0.377294805461));
#894 = CARTESIAN_POINT('',(3.14159265359,-0.469102614795));
#895 = CARTESIAN_POINT('',(3.14159265359,-0.560910424128));
#896 = CARTESIAN_POINT('',(3.14159265359,-0.652718233461));
#897 = CARTESIAN_POINT('',(3.14159265359,-0.744526042795));
#898 = CARTESIAN_POINT('',(3.14159265359,-0.836333852128));
#899 = CARTESIAN_POINT('',(3.14159265359,-0.928141661461));
#900 = CARTESIAN_POINT('',(3.14159265359,-1.019949470795));
#901 = CARTESIAN_POINT('',(3.14159265359,-1.111757280128));
#902 = CARTESIAN_POINT('',(3.14159265359,-1.203565089461));
#903 = CARTESIAN_POINT('',(3.14159265359,-1.295372898795));
#904 = CARTESIAN_POINT('',(3.14159265359,-1.387180708128));
#905 = CARTESIAN_POINT('',(3.14159265359,-1.478988517462));
#906 = CARTESIAN_POINT('',(3.14159265359,-1.540193723684));
#907 = CARTESIAN_POINT('',(3.14159265359,-1.570796326795));
#908 = ( GEOMETRIC_REPRESENTATION_CONTEXT(2) 
PARAMETRIC_REPRESENTATION_CONTEXT() REPRESENTATION_CONTEXT('2D SPACE',''
  ) );
#909 = PCURVE('',#566,#910);
#910 = DEFINITIONAL_REPRESENTATION('',(#911),#937);
#911 = B_SPLINE_CURVE_WITH_KNOTS('',3,(#912,#913,#914,#915,#916,#917,
    #918,#919,#920,#921,#922,#923,#924,#925,#926,#927,#928,#929,#930,
    #931,#932,#933,#934,#935,#936),.UNSPECIFIED.,.F.,.F.,(4,1,1,1,1,1,1,
    1,1,1,1,1,1,1,1,1,1,1,1,1,1,1,4),(5.83420982864,5.926017637974,
    6.017825447307,6.109633256641,6.201441065974,6.293248875307,
    6.385056684641,6.476864493974,6.568672303307,6.660480112641,
    6.752287921974,6.844095731307,6.935903540641,7.027711349974,
    7.119519159308,7.211326968641,7.303134777974,7.394942587308,
    7.486750396641,7.578558205974,7.670366015308,7.762173824641,
    7.853981633974),.QUASI_UNIFORM_KNOTS.);
#912 = CARTESIAN_POINT('',(9.424777960769,0.448975478539));
#913 = CARTESIAN_POINT('',(9.424777960769,0.418372875428));
#914 = CARTESIAN_POINT('',(9.424777960769,0.357167669206));
#915 = CARTESIAN_POINT('',(9.424777960769,0.265359859872));
#916 = CARTESIAN_POINT('',(9.424777960769,0.173552050539));
#917 = CARTESIAN_POINT('',(9.424777960769,8.174424120564E-02));
#918 = CARTESIAN_POINT('',(9.424777960769,-1.006356812772E-02));
#919 = CARTESIAN_POINT('',(9.424777960769,-0.101871377461));
#920 = CARTESIAN_POINT('',(9.424777960769,-0.193679186794));
#921 = CARTESIAN_POINT('',(9.424777960769,-0.285486996128));
#922 = CARTESIAN_POINT('',(9.424777960769,-0.377294805461));
#923 = CARTESIAN_POINT('',(9.424777960769,-0.469102614795));
#924 = CARTESIAN_POINT('',(9.424777960769,-0.560910424128));
#925 = CARTESIAN_POINT('',(9.424777960769,-0.652718233461));
#926 = CARTESIAN_POINT('',(9.424777960769,-0.744526042795));
#927 = CARTESIAN_POINT('',(9.424777960769,-0.836333852128));
#928 = CARTESIAN_POINT('',(9.424777960769,-0.928141661461));
#929 = CARTESIAN_POINT('',(9.424777960769,-1.019949470795));
#930 = CARTESIAN_POINT('',(9.424777960769,-1.111757280128));
#931 = CARTESIAN_POINT('',(9.424777960769,-1.203565089461));
#932 = CARTESIAN_POINT('',(9.424777960769,-1.295372898795));
#933 = CARTESIAN_POINT('',(9.424777960769,-1.387180708128));
#934 = CARTESIAN_POINT('',(9.424777960769,-1.478988517462));
#935 = CARTESIAN_POINT('',(9.424777960769,-1.540193723684));
#936 = CARTESIAN_POINT('',(9.424777960769,-1.570796326795));
#937 = ( GEOMETRIC_REPRESENTATION_CONTEXT(2) 
PARAMETRIC_REPRESENTATION_CONTEXT() REPRESENTATION_CONTEXT('2D SPACE',''
  ) );
#938 = ORIENTED_EDGE('',*,*,#871,.F.);
#939 = ADVANCED_FACE('',(#940,#1324,#1473,#1732,#1991,#2250,#2509,#2658,
    #2917,#2921,#3070,#3219,#3368,#3561),#622,.T.);
#940 = FACE_BOUND('',#941,.T.);
#941 = EDGE_LOOP('',(#942,#967,#1099,#1122,#1149,#1150,#1224,#1296,#1297
    ));
#942 = ORIENTED_EDGE('',*,*,#943,.T.);
#943 = EDGE_CURVE('',#944,#946,#948,.T.);
#944 = VERTEX_POINT('',#945);
#945 = CARTESIAN_POINT('',(4.77,11.960005,0.));
#946 = VERTEX_POINT('',#947);
#947 = CARTESIAN_POINT('',(3.046025777757,11.960005,1.047686576855E-14)
  );
#948 = SEAM_CURVE('',#949,(#953,#960),.PCURVE_S1.);
#949 = LINE('',#950,#951);
#950 = CARTESIAN_POINT('',(6.E-02,11.960005,-1.464678184104E-15));
#951 = VECTOR('',#952,1.);
#952 = DIRECTION('',(-1.,0.,0.));
#953 = PCURVE('',#622,#954);
#954 = DEFINITIONAL_REPRESENTATION('',(#955),#959);
#955 = LINE('',#956,#957);
#956 = CARTESIAN_POINT('',(9.424777960769,0.));
#957 = VECTOR('',#958,1.);
#958 = DIRECTION('',(0.,1.));
#959 = ( GEOMETRIC_REPRESENTATION_CONTEXT(2) 
PARAMETRIC_REPRESENTATION_CONTEXT() REPRESENTATION_CONTEXT('2D SPACE',''
  ) );
#960 = PCURVE('',#622,#961);
#961 = DEFINITIONAL_REPRESENTATION('',(#962),#966);
#962 = LINE('',#963,#964);
#963 = CARTESIAN_POINT('',(3.14159265359,0.));
#964 = VECTOR('',#965,1.);
#965 = DIRECTION('',(0.,1.));
#966 = ( GEOMETRIC_REPRESENTATION_CONTEXT(2) 
PARAMETRIC_REPRESENTATION_CONTEXT() REPRESENTATION_CONTEXT('2D SPACE',''
  ) );
#967 = ORIENTED_EDGE('',*,*,#968,.F.);
#968 = EDGE_CURVE('',#969,#946,#971,.T.);
#969 = VERTEX_POINT('',#970);
#970 = CARTESIAN_POINT('',(1.953974222243,11.960005,1.064744691036E-14)
  );
#971 = SURFACE_CURVE('',#972,(#992,#1043),.PCURVE_S1.);
#972 = B_SPLINE_CURVE_WITH_KNOTS('',3,(#973,#974,#975,#976,#977,#978,
    #979,#980,#981,#982,#983,#984,#985,#986,#987,#988,#989,#990,#991),
  .UNSPECIFIED.,.F.,.F.,(4,2,2,2,3,2,2,2,4),(0.251167184866,
    0.279999676161,0.297277652321,0.316083616071,0.334889579822,
    0.353695543572,0.372501507323,0.389779483482,0.418611974777),
  .UNSPECIFIED.);
#973 = CARTESIAN_POINT('',(1.953974222243,11.960005,2.275957200482E-14)
  );
#974 = CARTESIAN_POINT('',(1.953974222243,11.960005,9.610830431745E-02)
  );
#975 = CARTESIAN_POINT('',(1.982472881951,11.958493479802,0.20785150353)
  );
#976 = CARTESIAN_POINT('',(2.057277144555,11.955217730613,0.342081756271
    ));
#977 = CARTESIAN_POINT('',(2.099963810897,11.953496972336,0.396408019442
    ));
#978 = CARTESIAN_POINT('',(2.188750509414,11.950544110986,0.477497063043
    ));
#979 = CARTESIAN_POINT('',(2.246040722638,11.948958029668,0.514516137106
    ));
#980 = CARTESIAN_POINT('',(2.370317296886,11.946740448688,0.563664103694
    ));
#981 = CARTESIAN_POINT('',(2.437313454165,11.946137830234,0.575769520801
    ));
#982 = CARTESIAN_POINT('',(2.5,11.946137830234,0.575769520801));
#983 = CARTESIAN_POINT('',(2.562686545835,11.946137830234,0.575769520801
    ));
#984 = CARTESIAN_POINT('',(2.629682703114,11.946740448688,0.563664103694
    ));
#985 = CARTESIAN_POINT('',(2.753959277362,11.948958029668,0.514516137106
    ));
#986 = CARTESIAN_POINT('',(2.811249490586,11.950544110986,0.477497063043
    ));
#987 = CARTESIAN_POINT('',(2.900036189103,11.953496972336,0.396408019442
    ));
#988 = CARTESIAN_POINT('',(2.942722855445,11.955217730613,0.342081756271
    ));
#989 = CARTESIAN_POINT('',(3.017527118049,11.958493479802,0.20785150353)
  );
#990 = CARTESIAN_POINT('',(3.046025777757,11.960005,9.610830431745E-02)
  );
#991 = CARTESIAN_POINT('',(3.046025777757,11.960005,2.262946774412E-14)
  );
#992 = PCURVE('',#622,#993);
#993 = DEFINITIONAL_REPRESENTATION('',(#994),#1042);
#994 = B_SPLINE_CURVE_WITH_KNOTS('',3,(#995,#996,#997,#998,#999,#1000,
    #1001,#1002,#1003,#1004,#1005,#1006,#1007,#1008,#1009,#1010,#1011,
    #1012,#1013,#1014,#1015,#1016,#1017,#1018,#1019,#1020,#1021,#1022,
    #1023,#1024,#1025,#1026,#1027,#1028,#1029,#1030,#1031,#1032,#1033,
    #1034,#1035,#1036,#1037,#1038,#1039,#1040,#1041),.UNSPECIFIED.,.F.,
  .F.,(4,1,1,1,1,1,1,1,1,1,1,1,1,1,1,1,1,1,1,1,1,1,1,1,1,1,1,1,1,1,1,1,1
    ,1,1,1,1,1,1,1,1,1,1,1,4),(0.251167184866,0.254972748273,
    0.25877831168,0.262583875087,0.266389438495,0.270195001902,
    0.274000565309,0.277806128716,0.281611692123,0.28541725553,
    0.289222818937,0.293028382344,0.296833945751,0.300639509158,
    0.304445072565,0.308250635972,0.312056199379,0.315861762786,
    0.319667326193,0.3234728896,0.327278453008,0.331084016415,
    0.334889579822,0.338695143229,0.342500706636,0.346306270043,
    0.35011183345,0.353917396857,0.357722960264,0.361528523671,
    0.365334087078,0.369139650485,0.372945213892,0.376750777299,
    0.380556340706,0.384361904114,0.388167467521,0.391973030928,
    0.395778594335,0.399584157742,0.403389721149,0.407195284556,
    0.411000847963,0.41480641137,0.418611974777),.QUASI_UNIFORM_KNOTS.);
#995 = CARTESIAN_POINT('',(9.424777960769,-1.893974222243));
#996 = CARTESIAN_POINT('',(9.423717326245,-1.893974222243));
#997 = CARTESIAN_POINT('',(9.42155050113,-1.894967190796));
#998 = CARTESIAN_POINT('',(9.418213702682,-1.89929435841));
#999 = CARTESIAN_POINT('',(9.414840345619,-1.906318665429));
#1000 = CARTESIAN_POINT('',(9.411480800531,-1.915897382244));
#1001 = CARTESIAN_POINT('',(9.408184150107,-1.92789578066));
#1002 = CARTESIAN_POINT('',(9.405004305601,-1.942149281063));
#1003 = CARTESIAN_POINT('',(9.401977160011,-1.958604708103));
#1004 = CARTESIAN_POINT('',(9.399205826309,-1.976793120786));
#1005 = CARTESIAN_POINT('',(9.396363003921,-1.999003886328));
#1006 = CARTESIAN_POINT('',(9.393577088631,-2.02406995725));
#1007 = CARTESIAN_POINT('',(9.390939650546,-2.051168878959));
#1008 = CARTESIAN_POINT('',(9.388584469589,-2.079052938779));
#1009 = CARTESIAN_POINT('',(9.386513335178,-2.107830863488));
#1010 = CARTESIAN_POINT('',(9.384530983884,-2.139510197143));
#1011 = CARTESIAN_POINT('',(9.38272483289,-2.173193902987));
#1012 = CARTESIAN_POINT('',(9.381109585752,-2.208733734572));
#1013 = CARTESIAN_POINT('',(9.379719020471,-2.245779438394));
#1014 = CARTESIAN_POINT('',(9.378583347964,-2.284039998863));
#1015 = CARTESIAN_POINT('',(9.377703034625,-2.323071357946));
#1016 = CARTESIAN_POINT('',(9.377076068657,-2.362390614002));
#1017 = CARTESIAN_POINT('',(9.376701100356,-2.40163870409));
#1018 = CARTESIAN_POINT('',(9.376576602825,-2.44));
#1019 = CARTESIAN_POINT('',(9.376701100356,-2.47836129591));
#1020 = CARTESIAN_POINT('',(9.377076068657,-2.517609385998));
#1021 = CARTESIAN_POINT('',(9.377703034625,-2.556928642054));
#1022 = CARTESIAN_POINT('',(9.378583347964,-2.595960001137));
#1023 = CARTESIAN_POINT('',(9.379719020471,-2.634220561606));
#1024 = CARTESIAN_POINT('',(9.381109585752,-2.671266265428));
#1025 = CARTESIAN_POINT('',(9.38272483289,-2.706806097013));
#1026 = CARTESIAN_POINT('',(9.384530983884,-2.740489802857));
#1027 = CARTESIAN_POINT('',(9.386513335178,-2.772169136512));
#1028 = CARTESIAN_POINT('',(9.388584469589,-2.800947061221));
#1029 = CARTESIAN_POINT('',(9.390939650546,-2.828831121041));
#1030 = CARTESIAN_POINT('',(9.393577088631,-2.85593004275));
#1031 = CARTESIAN_POINT('',(9.396363003921,-2.880996113672));
#1032 = CARTESIAN_POINT('',(9.399205826309,-2.903206879214));
#1033 = CARTESIAN_POINT('',(9.401977160011,-2.921395291897));
#1034 = CARTESIAN_POINT('',(9.405004305601,-2.937850718937));
#1035 = CARTESIAN_POINT('',(9.408184150107,-2.95210421934));
#1036 = CARTESIAN_POINT('',(9.411480800531,-2.964102617756));
#1037 = CARTESIAN_POINT('',(9.414840345619,-2.973681334571));
#1038 = CARTESIAN_POINT('',(9.418213702682,-2.98070564159));
#1039 = CARTESIAN_POINT('',(9.42155050113,-2.985032809204));
#1040 = CARTESIAN_POINT('',(9.423717326245,-2.986025777757));
#1041 = CARTESIAN_POINT('',(9.424777960769,-2.986025777757));
#1042 = ( GEOMETRIC_REPRESENTATION_CONTEXT(2) 
PARAMETRIC_REPRESENTATION_CONTEXT() REPRESENTATION_CONTEXT('2D SPACE',''
  ) );
#1043 = PCURVE('',#1044,#1049);
#1044 = SPHERICAL_SURFACE('',#1045,1.3275);
#1045 = AXIS2_PLACEMENT_3D('',#1046,#1047,#1048);
#1046 = CARTESIAN_POINT('',(2.5,10.75,1.7763568394E-14));
#1047 = DIRECTION('',(0.,0.,-1.));
#1048 = DIRECTION('',(0.,1.,0.));
#1049 = DEFINITIONAL_REPRESENTATION('',(#1050),#1098);
#1050 = B_SPLINE_CURVE_WITH_KNOTS('',3,(#1051,#1052,#1053,#1054,#1055,
    #1056,#1057,#1058,#1059,#1060,#1061,#1062,#1063,#1064,#1065,#1066,
    #1067,#1068,#1069,#1070,#1071,#1072,#1073,#1074,#1075,#1076,#1077,
    #1078,#1079,#1080,#1081,#1082,#1083,#1084,#1085,#1086,#1087,#1088,
    #1089,#1090,#1091,#1092,#1093,#1094,#1095,#1096,#1097),
  .UNSPECIFIED.,.F.,.F.,(4,1,1,1,1,1,1,1,1,1,1,1,1,1,1,1,1,1,1,1,1,1,1,1
    ,1,1,1,1,1,1,1,1,1,1,1,1,1,1,1,1,1,1,1,1,4),(0.251167184866,
    0.254972748273,0.25877831168,0.262583875087,0.266389438495,
    0.270195001902,0.274000565309,0.277806128716,0.281611692123,
    0.28541725553,0.289222818937,0.293028382344,0.296833945751,
    0.300639509158,0.304445072565,0.308250635972,0.312056199379,
    0.315861762786,0.319667326193,0.3234728896,0.327278453008,
    0.331084016415,0.334889579822,0.338695143229,0.342500706636,
    0.346306270043,0.35011183345,0.353917396857,0.357722960264,
    0.361528523671,0.365334087078,0.369139650485,0.372945213892,
    0.376750777299,0.380556340706,0.384361904114,0.388167467521,
    0.391973030928,0.395778594335,0.399584157742,0.403389721149,
    0.407195284556,0.411000847963,0.41480641137,0.418611974777),
  .QUASI_UNIFORM_KNOTS.);
#1051 = CARTESIAN_POINT('',(5.859284798765,-3.763467880087E-15));
#1052 = CARTESIAN_POINT('',(5.859285630816,-9.554875501634E-03));
#1053 = CARTESIAN_POINT('',(5.859949559904,-2.907822053533E-02));
#1054 = CARTESIAN_POINT('',(5.862856388999,-5.917741339736E-02));
#1055 = CARTESIAN_POINT('',(5.867595270496,-8.966862536765E-02));
#1056 = CARTESIAN_POINT('',(5.874097903802,-0.120114123225));
#1057 = CARTESIAN_POINT('',(5.882307355889,-0.150083561923));
#1058 = CARTESIAN_POINT('',(5.892150016724,-0.179100278629));
#1059 = CARTESIAN_POINT('',(5.903635948422,-0.206854514043));
#1060 = CARTESIAN_POINT('',(5.916474700308,-0.232424417704));
#1061 = CARTESIAN_POINT('',(5.932360933735,-0.258849151239));
#1062 = CARTESIAN_POINT('',(5.950562594128,-0.284910841047));
#1063 = CARTESIAN_POINT('',(5.970554459108,-0.309731961696));
#1064 = CARTESIAN_POINT('',(5.991455235988,-0.332048810782));
#1065 = CARTESIAN_POINT('',(6.013353251669,-0.351857571929));
#1066 = CARTESIAN_POINT('',(6.037825169345,-0.37094656182));
#1067 = CARTESIAN_POINT('',(6.064243676709,-0.388457671257));
#1068 = CARTESIAN_POINT('',(6.092520640777,-0.404212579002));
#1069 = CARTESIAN_POINT('',(6.122389201436,-0.417858353907));
#1070 = CARTESIAN_POINT('',(6.153600666228,-0.429083485132));
#1071 = CARTESIAN_POINT('',(6.185751948495,-0.437828262153));
#1072 = CARTESIAN_POINT('',(6.218381363391,-0.44407047765));
#1073 = CARTESIAN_POINT('',(6.251114126109,-0.447800951957));
#1074 = CARTESIAN_POINT('',(6.28318530718,-0.449033157752));
#1075 = CARTESIAN_POINT('',(6.31525648825,-0.447800951957));
#1076 = CARTESIAN_POINT('',(6.347989250969,-0.44407047765));
#1077 = CARTESIAN_POINT('',(6.380618665864,-0.437828262153));
#1078 = CARTESIAN_POINT('',(6.412769948131,-0.429083485132));
#1079 = CARTESIAN_POINT('',(6.443981412923,-0.417858353907));
#1080 = CARTESIAN_POINT('',(6.473849973582,-0.404212579002));
#1081 = CARTESIAN_POINT('',(6.50212693765,-0.388457671257));
#1082 = CARTESIAN_POINT('',(6.528545445014,-0.37094656182));
#1083 = CARTESIAN_POINT('',(6.55301736269,-0.351857571929));
#1084 = CARTESIAN_POINT('',(6.574915378371,-0.332048810782));
#1085 = CARTESIAN_POINT('',(6.595816155251,-0.309731961696));
#1086 = CARTESIAN_POINT('',(6.615808020231,-0.284910841047));
#1087 = CARTESIAN_POINT('',(6.634009680624,-0.258849151239));
#1088 = CARTESIAN_POINT('',(6.649895914051,-0.232424417704));
#1089 = CARTESIAN_POINT('',(6.662734665938,-0.206854514043));
#1090 = CARTESIAN_POINT('',(6.674220597635,-0.179100278629));
#1091 = CARTESIAN_POINT('',(6.68406325847,-0.150083561923));
#1092 = CARTESIAN_POINT('',(6.692272710557,-0.120114123225));
#1093 = CARTESIAN_POINT('',(6.698775343863,-8.966862536765E-02));
#1094 = CARTESIAN_POINT('',(6.70351422536,-5.917741339736E-02));
#1095 = CARTESIAN_POINT('',(6.706421054455,-2.907822053533E-02));
#1096 = CARTESIAN_POINT('',(6.707084983543,-9.554875501634E-03));
#1097 = CARTESIAN_POINT('',(6.707085815594,-3.665460904043E-15));
#1098 = ( GEOMETRIC_REPRESENTATION_CONTEXT(2) 
PARAMETRIC_REPRESENTATION_CONTEXT() REPRESENTATION_CONTEXT('2D SPACE',''
  ) );
#1099 = ORIENTED_EDGE('',*,*,#1100,.T.);
#1100 = EDGE_CURVE('',#969,#1101,#1103,.T.);
#1101 = VERTEX_POINT('',#1102);
#1102 = CARTESIAN_POINT('',(1.1,11.960005,0.));
#1103 = SEAM_CURVE('',#1104,(#1108,#1115),.PCURVE_S1.);
#1104 = LINE('',#1105,#1106);
#1105 = CARTESIAN_POINT('',(6.E-02,11.960005,-1.464678184104E-15));
#1106 = VECTOR('',#1107,1.);
#1107 = DIRECTION('',(-1.,0.,0.));
#1108 = PCURVE('',#622,#1109);
#1109 = DEFINITIONAL_REPRESENTATION('',(#1110),#1114);
#1110 = LINE('',#1111,#1112);
#1111 = CARTESIAN_POINT('',(9.424777960769,0.));
#1112 = VECTOR('',#1113,1.);
#1113 = DIRECTION('',(0.,1.));
#1114 = ( GEOMETRIC_REPRESENTATION_CONTEXT(2) 
PARAMETRIC_REPRESENTATION_CONTEXT() REPRESENTATION_CONTEXT('2D SPACE',''
  ) );
#1115 = PCURVE('',#622,#1116);
#1116 = DEFINITIONAL_REPRESENTATION('',(#1117),#1121);
#1117 = LINE('',#1118,#1119);
#1118 = CARTESIAN_POINT('',(3.14159265359,0.));
#1119 = VECTOR('',#1120,1.);
#1120 = DIRECTION('',(0.,1.));
#1121 = ( GEOMETRIC_REPRESENTATION_CONTEXT(2) 
PARAMETRIC_REPRESENTATION_CONTEXT() REPRESENTATION_CONTEXT('2D SPACE',''
  ) );
#1122 = ORIENTED_EDGE('',*,*,#1123,.F.);
#1123 = EDGE_CURVE('',#1101,#1101,#1124,.T.);
#1124 = SURFACE_CURVE('',#1125,(#1130,#1137),.PCURVE_S1.);
#1125 = CIRCLE('',#1126,11.960005);
#1126 = AXIS2_PLACEMENT_3D('',#1127,#1128,#1129);
#1127 = CARTESIAN_POINT('',(1.1,0.,0.));
#1128 = DIRECTION('',(-1.,0.,0.));
#1129 = DIRECTION('',(0.,1.,0.));
#1130 = PCURVE('',#622,#1131);
#1131 = DEFINITIONAL_REPRESENTATION('',(#1132),#1136);
#1132 = LINE('',#1133,#1134);
#1133 = CARTESIAN_POINT('',(3.14159265359,-1.04));
#1134 = VECTOR('',#1135,1.);
#1135 = DIRECTION('',(1.,0.));
#1136 = ( GEOMETRIC_REPRESENTATION_CONTEXT(2) 
PARAMETRIC_REPRESENTATION_CONTEXT() REPRESENTATION_CONTEXT('2D SPACE',''
  ) );
#1137 = PCURVE('',#1138,#1143);
#1138 = PLANE('',#1139);
#1139 = AXIS2_PLACEMENT_3D('',#1140,#1141,#1142);
#1140 = CARTESIAN_POINT('',(1.1,0.,0.));
#1141 = DIRECTION('',(-1.,0.,0.));
#1142 = DIRECTION('',(0.,1.,0.));
#1143 = DEFINITIONAL_REPRESENTATION('',(#1144),#1148);
#1144 = CIRCLE('',#1145,11.960005);
#1145 = AXIS2_PLACEMENT_2D('',#1146,#1147);
#1146 = CARTESIAN_POINT('',(0.,0.));
#1147 = DIRECTION('',(1.,0.));
#1148 = ( GEOMETRIC_REPRESENTATION_CONTEXT(2) 
PARAMETRIC_REPRESENTATION_CONTEXT() REPRESENTATION_CONTEXT('2D SPACE',''
  ) );
#1149 = ORIENTED_EDGE('',*,*,#1100,.F.);
#1150 = ORIENTED_EDGE('',*,*,#1151,.F.);
#1151 = EDGE_CURVE('',#1152,#969,#1154,.T.);
#1152 = VERTEX_POINT('',#1153);
#1153 = CARTESIAN_POINT('',(2.5,11.94613783023,-0.575769520801));
#1154 = SURFACE_CURVE('',#1155,(#1166,#1195),.PCURVE_S1.);
#1155 = B_SPLINE_CURVE_WITH_KNOTS('',3,(#1156,#1157,#1158,#1159,#1160,
    #1161,#1162,#1163,#1164,#1165),.UNSPECIFIED.,.F.,.F.,(4,2,2,2,4),(
    0.167444789911,0.186250753661,0.205056717412,0.222334693571,
    0.251167184866),.UNSPECIFIED.);
#1156 = CARTESIAN_POINT('',(2.5,11.946137830234,-0.575769520801));
#1157 = CARTESIAN_POINT('',(2.437313454165,11.946137830234,
    -0.575769520801));
#1158 = CARTESIAN_POINT('',(2.370317296886,11.946740448688,
    -0.563664103694));
#1159 = CARTESIAN_POINT('',(2.246040722638,11.948958029668,
    -0.514516137106));
#1160 = CARTESIAN_POINT('',(2.188750509414,11.950544110986,
    -0.477497063043));
#1161 = CARTESIAN_POINT('',(2.099963810897,11.953496972336,
    -0.396408019442));
#1162 = CARTESIAN_POINT('',(2.057277144555,11.955217730613,
    -0.342081756271));
#1163 = CARTESIAN_POINT('',(1.982472881951,11.958493479802,
    -0.20785150353));
#1164 = CARTESIAN_POINT('',(1.953974222243,11.960005,-9.610830431741E-02
    ));
#1165 = CARTESIAN_POINT('',(1.953974222243,11.960005,2.275957200482E-14)
  );
#1166 = PCURVE('',#622,#1167);
#1167 = DEFINITIONAL_REPRESENTATION('',(#1168),#1194);
#1168 = B_SPLINE_CURVE_WITH_KNOTS('',3,(#1169,#1170,#1171,#1172,#1173,
    #1174,#1175,#1176,#1177,#1178,#1179,#1180,#1181,#1182,#1183,#1184,
    #1185,#1186,#1187,#1188,#1189,#1190,#1191,#1192,#1193),
  .UNSPECIFIED.,.F.,.F.,(4,1,1,1,1,1,1,1,1,1,1,1,1,1,1,1,1,1,1,1,1,1,4),
  (0.167444789911,0.171250353318,0.175055916725,0.178861480132,
    0.182667043539,0.186472606946,0.190278170353,0.19408373376,
    0.197889297167,0.201694860574,0.205500423981,0.209305987389,
    0.213111550796,0.216917114203,0.22072267761,0.224528241017,
    0.228333804424,0.232139367831,0.235944931238,0.239750494645,
    0.243556058052,0.247361621459,0.251167184866),
  .QUASI_UNIFORM_KNOTS.);
#1169 = CARTESIAN_POINT('',(3.189752512357,-2.44));
#1170 = CARTESIAN_POINT('',(3.189752512321,-2.427314788643));
#1171 = CARTESIAN_POINT('',(3.18966951402,-2.401591418039));
#1172 = CARTESIAN_POINT('',(3.189294545698,-2.362403284261));
#1173 = CARTESIAN_POINT('',(3.188667579735,-2.32306796296));
#1174 = CARTESIAN_POINT('',(3.187787266394,-2.284040908547));
#1175 = CARTESIAN_POINT('',(3.186651593888,-2.245779194645));
#1176 = CARTESIAN_POINT('',(3.185261028608,-2.208733799884));
#1177 = CARTESIAN_POINT('',(3.18364578147,-2.173193885486));
#1178 = CARTESIAN_POINT('',(3.181839630475,-2.139510201832));
#1179 = CARTESIAN_POINT('',(3.179857279182,-2.107830862232));
#1180 = CARTESIAN_POINT('',(3.17778614477,-2.079052939115));
#1181 = CARTESIAN_POINT('',(3.175430963813,-2.051168878869));
#1182 = CARTESIAN_POINT('',(3.172793525728,-2.024069957274));
#1183 = CARTESIAN_POINT('',(3.170007610438,-1.999003886322));
#1184 = CARTESIAN_POINT('',(3.16716478805,-1.976793120787));
#1185 = CARTESIAN_POINT('',(3.164393454348,-1.958604708102));
#1186 = CARTESIAN_POINT('',(3.161366308758,-1.942149281063));
#1187 = CARTESIAN_POINT('',(3.158186464252,-1.92789578066));
#1188 = CARTESIAN_POINT('',(3.154889813828,-1.915897382244));
#1189 = CARTESIAN_POINT('',(3.15153026874,-1.906318665429));
#1190 = CARTESIAN_POINT('',(3.148156911678,-1.89929435841));
#1191 = CARTESIAN_POINT('',(3.144820113229,-1.894967190796));
#1192 = CARTESIAN_POINT('',(3.142653288114,-1.893974222243));
#1193 = CARTESIAN_POINT('',(3.14159265359,-1.893974222243));
#1194 = ( GEOMETRIC_REPRESENTATION_CONTEXT(2) 
PARAMETRIC_REPRESENTATION_CONTEXT() REPRESENTATION_CONTEXT('2D SPACE',''
  ) );
#1195 = PCURVE('',#1044,#1196);
#1196 = DEFINITIONAL_REPRESENTATION('',(#1197),#1223);
#1197 = B_SPLINE_CURVE_WITH_KNOTS('',3,(#1198,#1199,#1200,#1201,#1202,
    #1203,#1204,#1205,#1206,#1207,#1208,#1209,#1210,#1211,#1212,#1213,
    #1214,#1215,#1216,#1217,#1218,#1219,#1220,#1221,#1222),
  .UNSPECIFIED.,.F.,.F.,(4,1,1,1,1,1,1,1,1,1,1,1,1,1,1,1,1,1,1,1,1,1,4),
  (0.167444789911,0.171250353318,0.175055916725,0.178861480132,
    0.182667043539,0.186472606946,0.190278170353,0.19408373376,
    0.197889297167,0.201694860574,0.205500423981,0.209305987389,
    0.213111550796,0.216917114203,0.22072267761,0.224528241017,
    0.228333804424,0.232139367831,0.235944931238,0.239750494645,
    0.243556058052,0.247361621459,0.251167184866),
  .QUASI_UNIFORM_KNOTS.);
#1198 = CARTESIAN_POINT('',(6.28318530718,0.448622422487));
#1199 = CARTESIAN_POINT('',(6.272580147642,0.448624163176));
#1200 = CARTESIAN_POINT('',(6.251074568801,0.447800144101));
#1201 = CARTESIAN_POINT('',(6.218391962739,0.444070694114));
#1202 = CARTESIAN_POINT('',(6.185749108408,0.437828204151));
#1203 = CARTESIAN_POINT('',(6.153601427227,0.429083500674));
#1204 = CARTESIAN_POINT('',(6.122388997527,0.417858349743));
#1205 = CARTESIAN_POINT('',(6.092520695414,0.404212580118));
#1206 = CARTESIAN_POINT('',(6.064243662069,0.388457670958));
#1207 = CARTESIAN_POINT('',(6.037825173268,0.3709465619));
#1208 = CARTESIAN_POINT('',(6.013353250618,0.351857571908));
#1209 = CARTESIAN_POINT('',(5.99145523627,0.332048810787));
#1210 = CARTESIAN_POINT('',(5.970554459033,0.309731961695));
#1211 = CARTESIAN_POINT('',(5.950562594149,0.284910841048));
#1212 = CARTESIAN_POINT('',(5.93236093373,0.258849151239));
#1213 = CARTESIAN_POINT('',(5.916474700309,0.232424417704));
#1214 = CARTESIAN_POINT('',(5.903635948421,0.206854514043));
#1215 = CARTESIAN_POINT('',(5.892150016724,0.179100278629));
#1216 = CARTESIAN_POINT('',(5.882307355889,0.150083561923));
#1217 = CARTESIAN_POINT('',(5.874097903802,0.120114123225));
#1218 = CARTESIAN_POINT('',(5.867595270496,8.966862536764E-02));
#1219 = CARTESIAN_POINT('',(5.862856388999,5.917741339735E-02));
#1220 = CARTESIAN_POINT('',(5.859949559904,2.907822053532E-02));
#1221 = CARTESIAN_POINT('',(5.859285630816,9.554875501627E-03));
#1222 = CARTESIAN_POINT('',(5.859284798765,-3.763467880087E-15));
#1223 = ( GEOMETRIC_REPRESENTATION_CONTEXT(2) 
PARAMETRIC_REPRESENTATION_CONTEXT() REPRESENTATION_CONTEXT('2D SPACE',''
  ) );
#1224 = ORIENTED_EDGE('',*,*,#1225,.F.);
#1225 = EDGE_CURVE('',#946,#1152,#1226,.T.);
#1226 = SURFACE_CURVE('',#1227,(#1238,#1267),.PCURVE_S1.);
#1227 = B_SPLINE_CURVE_WITH_KNOTS('',3,(#1228,#1229,#1230,#1231,#1232,
    #1233,#1234,#1235,#1236,#1237),.UNSPECIFIED.,.F.,.F.,(4,2,2,2,4),(
    0.418611974777,0.447444466072,0.464722442232,0.483528405982,
    0.502334369733),.UNSPECIFIED.);
#1228 = CARTESIAN_POINT('',(3.046025777757,11.960005,2.262946774412E-14)
  );
#1229 = CARTESIAN_POINT('',(3.046025777757,11.960005,-9.610830431741E-02
    ));
#1230 = CARTESIAN_POINT('',(3.017527118049,11.958493479802,
    -0.20785150353));
#1231 = CARTESIAN_POINT('',(2.942722855445,11.955217730613,
    -0.342081756271));
#1232 = CARTESIAN_POINT('',(2.900036189103,11.953496972336,
    -0.396408019442));
#1233 = CARTESIAN_POINT('',(2.811249490586,11.950544110986,
    -0.477497063043));
#1234 = CARTESIAN_POINT('',(2.753959277362,11.948958029668,
    -0.514516137106));
#1235 = CARTESIAN_POINT('',(2.629682703114,11.946740448688,
    -0.563664103694));
#1236 = CARTESIAN_POINT('',(2.562686545835,11.946137830234,
    -0.575769520801));
#1237 = CARTESIAN_POINT('',(2.5,11.946137830234,-0.575769520801));
#1238 = PCURVE('',#622,#1239);
#1239 = DEFINITIONAL_REPRESENTATION('',(#1240),#1266);
#1240 = B_SPLINE_CURVE_WITH_KNOTS('',3,(#1241,#1242,#1243,#1244,#1245,
    #1246,#1247,#1248,#1249,#1250,#1251,#1252,#1253,#1254,#1255,#1256,
    #1257,#1258,#1259,#1260,#1261,#1262,#1263,#1264,#1265),
  .UNSPECIFIED.,.F.,.F.,(4,1,1,1,1,1,1,1,1,1,1,1,1,1,1,1,1,1,1,1,1,1,4),
  (0.418611974777,0.422417538184,0.426223101591,0.430028664998,
    0.433834228405,0.437639791812,0.441445355219,0.445250918627,
    0.449056482034,0.452862045441,0.456667608848,0.460473172255,
    0.464278735662,0.468084299069,0.471889862476,0.475695425883,
    0.47950098929,0.483306552697,0.487112116104,0.490917679511,
    0.494723242918,0.498528806325,0.502334369733),
  .QUASI_UNIFORM_KNOTS.);
#1241 = CARTESIAN_POINT('',(3.14159265359,-2.986025777757));
#1242 = CARTESIAN_POINT('',(3.142653288114,-2.986025777757));
#1243 = CARTESIAN_POINT('',(3.144820113229,-2.985032809204));
#1244 = CARTESIAN_POINT('',(3.148156911678,-2.98070564159));
#1245 = CARTESIAN_POINT('',(3.15153026874,-2.973681334571));
#1246 = CARTESIAN_POINT('',(3.154889813828,-2.964102617756));
#1247 = CARTESIAN_POINT('',(3.158186464252,-2.95210421934));
#1248 = CARTESIAN_POINT('',(3.161366308758,-2.937850718937));
#1249 = CARTESIAN_POINT('',(3.164393454348,-2.921395291898));
#1250 = CARTESIAN_POINT('',(3.16716478805,-2.903206879213));
#1251 = CARTESIAN_POINT('',(3.170007610438,-2.880996113678));
#1252 = CARTESIAN_POINT('',(3.172793525728,-2.855930042726));
#1253 = CARTESIAN_POINT('',(3.175430963813,-2.828831121131));
#1254 = CARTESIAN_POINT('',(3.17778614477,-2.800947060885));
#1255 = CARTESIAN_POINT('',(3.179857279182,-2.772169137768));
#1256 = CARTESIAN_POINT('',(3.181839630475,-2.740489798168));
#1257 = CARTESIAN_POINT('',(3.18364578147,-2.706806114514));
#1258 = CARTESIAN_POINT('',(3.185261028608,-2.671266200116));
#1259 = CARTESIAN_POINT('',(3.186651593888,-2.634220805355));
#1260 = CARTESIAN_POINT('',(3.187787266394,-2.595959091453));
#1261 = CARTESIAN_POINT('',(3.188667579735,-2.55693203704));
#1262 = CARTESIAN_POINT('',(3.189294545698,-2.517596715739));
#1263 = CARTESIAN_POINT('',(3.18966951402,-2.478408581961));
#1264 = CARTESIAN_POINT('',(3.189752512321,-2.452685211357));
#1265 = CARTESIAN_POINT('',(3.189752512357,-2.44));
#1266 = ( GEOMETRIC_REPRESENTATION_CONTEXT(2) 
PARAMETRIC_REPRESENTATION_CONTEXT() REPRESENTATION_CONTEXT('2D SPACE',''
  ) );
#1267 = PCURVE('',#1044,#1268);
#1268 = DEFINITIONAL_REPRESENTATION('',(#1269),#1295);
#1269 = B_SPLINE_CURVE_WITH_KNOTS('',3,(#1270,#1271,#1272,#1273,#1274,
    #1275,#1276,#1277,#1278,#1279,#1280,#1281,#1282,#1283,#1284,#1285,
    #1286,#1287,#1288,#1289,#1290,#1291,#1292,#1293,#1294),
  .UNSPECIFIED.,.F.,.F.,(4,1,1,1,1,1,1,1,1,1,1,1,1,1,1,1,1,1,1,1,1,1,4),
  (0.418611974777,0.422417538184,0.426223101591,0.430028664998,
    0.433834228405,0.437639791812,0.441445355219,0.445250918627,
    0.449056482034,0.452862045441,0.456667608848,0.460473172255,
    0.464278735662,0.468084299069,0.471889862476,0.475695425883,
    0.47950098929,0.483306552697,0.487112116104,0.490917679511,
    0.494723242918,0.498528806325,0.502334369733),
  .QUASI_UNIFORM_KNOTS.);
#1270 = CARTESIAN_POINT('',(6.707085815594,-3.665460904043E-15));
#1271 = CARTESIAN_POINT('',(6.707084983543,9.554875501627E-03));
#1272 = CARTESIAN_POINT('',(6.706421054455,2.907822053532E-02));
#1273 = CARTESIAN_POINT('',(6.70351422536,5.917741339735E-02));
#1274 = CARTESIAN_POINT('',(6.698775343863,8.966862536765E-02));
#1275 = CARTESIAN_POINT('',(6.692272710557,0.120114123225));
#1276 = CARTESIAN_POINT('',(6.68406325847,0.150083561923));
#1277 = CARTESIAN_POINT('',(6.674220597635,0.179100278629));
#1278 = CARTESIAN_POINT('',(6.662734665938,0.206854514043));
#1279 = CARTESIAN_POINT('',(6.64989591405,0.232424417704));
#1280 = CARTESIAN_POINT('',(6.63400968063,0.258849151239));
#1281 = CARTESIAN_POINT('',(6.615808020211,0.284910841048));
#1282 = CARTESIAN_POINT('',(6.595816155327,0.309731961695));
#1283 = CARTESIAN_POINT('',(6.574915378089,0.332048810787));
#1284 = CARTESIAN_POINT('',(6.553017363741,0.351857571908));
#1285 = CARTESIAN_POINT('',(6.528545441091,0.3709465619));
#1286 = CARTESIAN_POINT('',(6.50212695229,0.388457670958));
#1287 = CARTESIAN_POINT('',(6.473849918945,0.404212580118));
#1288 = CARTESIAN_POINT('',(6.443981616832,0.417858349743));
#1289 = CARTESIAN_POINT('',(6.412769187132,0.429083500674));
#1290 = CARTESIAN_POINT('',(6.380621505951,0.437828204151));
#1291 = CARTESIAN_POINT('',(6.34797865162,0.444070694114));
#1292 = CARTESIAN_POINT('',(6.315296045558,0.447800144101));
#1293 = CARTESIAN_POINT('',(6.293790466717,0.448624163176));
#1294 = CARTESIAN_POINT('',(6.28318530718,0.448622422487));
#1295 = ( GEOMETRIC_REPRESENTATION_CONTEXT(2) 
PARAMETRIC_REPRESENTATION_CONTEXT() REPRESENTATION_CONTEXT('2D SPACE',''
  ) );
#1296 = ORIENTED_EDGE('',*,*,#943,.F.);
#1297 = ORIENTED_EDGE('',*,*,#1298,.T.);
#1298 = EDGE_CURVE('',#944,#944,#1299,.T.);
#1299 = SURFACE_CURVE('',#1300,(#1305,#1312),.PCURVE_S1.);
#1300 = CIRCLE('',#1301,11.960005);
#1301 = AXIS2_PLACEMENT_3D('',#1302,#1303,#1304);
#1302 = CARTESIAN_POINT('',(4.77,0.,0.));
#1303 = DIRECTION('',(-1.,0.,0.));
#1304 = DIRECTION('',(0.,1.,0.));
#1305 = PCURVE('',#622,#1306);
#1306 = DEFINITIONAL_REPRESENTATION('',(#1307),#1311);
#1307 = LINE('',#1308,#1309);
#1308 = CARTESIAN_POINT('',(3.14159265359,-4.71));
#1309 = VECTOR('',#1310,1.);
#1310 = DIRECTION('',(1.,0.));
#1311 = ( GEOMETRIC_REPRESENTATION_CONTEXT(2) 
PARAMETRIC_REPRESENTATION_CONTEXT() REPRESENTATION_CONTEXT('2D SPACE',''
  ) );
#1312 = PCURVE('',#1313,#1318);
#1313 = PLANE('',#1314);
#1314 = AXIS2_PLACEMENT_3D('',#1315,#1316,#1317);
#1315 = CARTESIAN_POINT('',(4.77,2.043515578976E-09,0.));
#1316 = DIRECTION('',(-1.,0.,0.));
#1317 = DIRECTION('',(0.,0.,-1.));
#1318 = DEFINITIONAL_REPRESENTATION('',(#1319),#1323);
#1319 = CIRCLE('',#1320,11.960005);
#1320 = AXIS2_PLACEMENT_2D('',#1321,#1322);
#1321 = CARTESIAN_POINT('',(0.,2.043515578976E-09));
#1322 = DIRECTION('',(0.,-1.));
#1323 = ( GEOMETRIC_REPRESENTATION_CONTEXT(2) 
PARAMETRIC_REPRESENTATION_CONTEXT() REPRESENTATION_CONTEXT('2D SPACE',''
  ) );
#1324 = FACE_BOUND('',#1325,.T.);
#1325 = EDGE_LOOP('',(#1326));
#1326 = ORIENTED_EDGE('',*,*,#1327,.T.);
#1327 = EDGE_CURVE('',#1328,#1328,#1330,.T.);
#1328 = VERTEX_POINT('',#1329);
#1329 = CARTESIAN_POINT('',(2.500000028399,11.012915309267,
    4.664484536466));
#1330 = SURFACE_CURVE('',#1331,(#1366,#1417),.PCURVE_S1.);
#1331 = B_SPLINE_CURVE_WITH_KNOTS('',3,(#1332,#1333,#1334,#1335,#1336,
    #1337,#1338,#1339,#1340,#1341,#1342,#1343,#1344,#1345,#1346,#1347,
    #1348,#1349,#1350,#1351,#1352,#1353,#1354,#1355,#1356,#1357,#1358,
    #1359,#1360,#1361,#1362,#1363,#1364,#1365),.UNSPECIFIED.,.T.,.F.,(1,
    3,2,2,2,2,2,2,2,2,2,2,2,2,2,2,2,3,1),(-0.353695543572,
    -0.334889579822,-0.316083616071,-0.297277652321,-0.279999676162,
    -0.251167184866,-0.222334693571,-0.205056717412,-0.186250753661,
    -0.167444789911,-0.14863882616,-0.12983286241,-0.112554886251,
    -8.372239495545E-02,-5.488990366021E-02,-3.761192750088E-02,
    -1.880596375044E-02,0.,1.880596375044E-02),.UNSPECIFIED.);
#1332 = CARTESIAN_POINT('',(2.5,10.513281244157,5.701985363125));
#1333 = CARTESIAN_POINT('',(2.437313454165,10.513281244157,
    5.701985363125));
#1334 = CARTESIAN_POINT('',(2.370317296885,10.519076528261,
    5.691340225527));
#1335 = CARTESIAN_POINT('',(2.246040722638,10.542399003199,
    5.648021610037));
#1336 = CARTESIAN_POINT('',(2.188750509414,10.559889987363,
    5.615356751681));
#1337 = CARTESIAN_POINT('',(2.099963810897,10.597733640948,
    5.543579246392));
#1338 = CARTESIAN_POINT('',(2.057277144555,10.622855272783,
    5.495379583601));
#1339 = CARTESIAN_POINT('',(1.982472881951,10.684046944782,
    5.375863599056));
#1340 = CARTESIAN_POINT('',(1.953974222243,10.73389233452,5.275842279402
    ));
#1341 = CARTESIAN_POINT('',(1.953974222243,10.817291995395,
    5.102661099128));
#1342 = CARTESIAN_POINT('',(1.982472881951,10.864413719848,
    5.001328131402));
#1343 = CARTESIAN_POINT('',(2.057277144555,10.919702695772,
    4.878969558246));
#1344 = CARTESIAN_POINT('',(2.099963810897,10.941723628332,
    4.829276677383));
#1345 = CARTESIAN_POINT('',(2.188750509414,10.974246409624,
    4.754936775048));
#1346 = CARTESIAN_POINT('',(2.246040722638,10.988879374007,
    4.720895566905));
#1347 = CARTESIAN_POINT('',(2.370317296885,11.008205906095,
    4.675652606761));
#1348 = CARTESIAN_POINT('',(2.437313454165,11.012915309267,
    4.664484536466));
#1349 = CARTESIAN_POINT('',(2.562686545835,11.012915309267,
    4.664484536466));
#1350 = CARTESIAN_POINT('',(2.629682703115,11.008205906095,
    4.675652606761));
#1351 = CARTESIAN_POINT('',(2.753959277362,10.988879374007,
    4.720895566905));
#1352 = CARTESIAN_POINT('',(2.811249490586,10.974246409624,
    4.754936775048));
#1353 = CARTESIAN_POINT('',(2.900036189103,10.941723628332,
    4.829276677383));
#1354 = CARTESIAN_POINT('',(2.942722855445,10.919702695772,
    4.878969558246));
#1355 = CARTESIAN_POINT('',(3.017527118049,10.864413719848,
    5.001328131402));
#1356 = CARTESIAN_POINT('',(3.046025777757,10.817291995395,
    5.102661099128));
#1357 = CARTESIAN_POINT('',(3.046025777757,10.73389233452,5.275842279402
    ));
#1358 = CARTESIAN_POINT('',(3.017527118049,10.684046944782,
    5.375863599056));
#1359 = CARTESIAN_POINT('',(2.942722855445,10.622855272783,
    5.495379583601));
#1360 = CARTESIAN_POINT('',(2.900036189103,10.597733640948,
    5.543579246392));
#1361 = CARTESIAN_POINT('',(2.811249490586,10.559889987363,
    5.615356751681));
#1362 = CARTESIAN_POINT('',(2.753959277362,10.542399003199,
    5.648021610037));
#1363 = CARTESIAN_POINT('',(2.629682703115,10.519076528261,
    5.691340225527));
#1364 = CARTESIAN_POINT('',(2.562686545835,10.513281244157,
    5.701985363125));
#1365 = CARTESIAN_POINT('',(2.5,10.513281244157,5.701985363125));
#1366 = PCURVE('',#622,#1367);
#1367 = DEFINITIONAL_REPRESENTATION('',(#1368),#1416);
#1368 = B_SPLINE_CURVE_WITH_KNOTS('',3,(#1369,#1370,#1371,#1372,#1373,
    #1374,#1375,#1376,#1377,#1378,#1379,#1380,#1381,#1382,#1383,#1384,
    #1385,#1386,#1387,#1388,#1389,#1390,#1391,#1392,#1393,#1394,#1395,
    #1396,#1397,#1398,#1399,#1400,#1401,#1402,#1403,#1404,#1405,#1406,
    #1407,#1408,#1409,#1410,#1411,#1412,#1413,#1414,#1415),
  .UNSPECIFIED.,.T.,.F.,(4,1,1,1,1,1,1,1,1,1,1,1,1,1,1,1,1,1,1,1,1,1,1,1
    ,1,1,1,1,1,1,1,1,1,1,1,1,1,1,1,1,1,1,1,1,4),(-0.167444789911,
    -0.159833663097,-0.152222536283,-0.144611409469,-0.137000282654,
    -0.12938915584,-0.121778029026,-0.114166902212,-0.106555775398,
    -9.894464858372E-02,-9.133352176959E-02,-8.372239495545E-02,
    -7.611126814132E-02,-6.850014132719E-02,-6.088901451306E-02,
    -5.327788769892E-02,-4.566676088479E-02,-3.805563407066E-02,
    -3.044450725653E-02,-2.28333804424E-02,-1.522225362826E-02,
    -7.611126814132E-03,4.996003610813E-16,7.611126814133E-03,
    1.522225362826E-02,2.28333804424E-02,3.044450725653E-02,
    3.805563407066E-02,4.566676088479E-02,5.327788769893E-02,
    6.088901451306E-02,6.850014132719E-02,7.611126814132E-02,
    8.372239495545E-02,9.133352176959E-02,9.894464858372E-02,
    0.106555775398,0.114166902212,0.121778029026,0.12938915584,
    0.137000282654,0.144611409469,0.152222536283,0.159833663097,
    0.167444789911),.UNSPECIFIED.);
#1369 = CARTESIAN_POINT('',(9.024138869024,-2.44));
#1370 = CARTESIAN_POINT('',(9.024139591145,-2.465373844834));
#1371 = CARTESIAN_POINT('',(9.023806134626,-2.517510897523));
#1372 = CARTESIAN_POINT('',(9.022302558639,-2.596378573377));
#1373 = CARTESIAN_POINT('',(9.019770010018,-2.671964017177));
#1374 = CARTESIAN_POINT('',(9.016277031076,-2.74185707825));
#1375 = CARTESIAN_POINT('',(9.012301588229,-2.801542114778));
#1376 = CARTESIAN_POINT('',(9.007267578085,-2.856762965077));
#1377 = CARTESIAN_POINT('',(9.001558916597,-2.904953430631));
#1378 = CARTESIAN_POINT('',(8.995875112513,-2.938642234828));
#1379 = CARTESIAN_POINT('',(8.989303926983,-2.965380017044));
#1380 = CARTESIAN_POINT('',(8.98250330786,-2.982033721932));
#1381 = CARTESIAN_POINT('',(8.975979010256,-2.988021805362));
#1382 = CARTESIAN_POINT('',(8.969454712655,-2.982033723162));
#1383 = CARTESIAN_POINT('',(8.962654093522,-2.965380012124));
#1384 = CARTESIAN_POINT('',(8.956082908033,-2.93864225328));
#1385 = CARTESIAN_POINT('',(8.950399103792,-2.904953361743));
#1386 = CARTESIAN_POINT('',(8.944690442891,-2.856763222175));
#1387 = CARTESIAN_POINT('',(8.939656430556,-2.801541155271));
#1388 = CARTESIAN_POINT('',(8.935680995884,-2.741860659178));
#1389 = CARTESIAN_POINT('',(8.932187986433,-2.671950652973));
#1390 = CARTESIAN_POINT('',(8.929655551674,-2.596428449265));
#1391 = CARTESIAN_POINT('',(8.928151550749,-2.517324758173));
#1392 = CARTESIAN_POINT('',(8.927652951859,-2.44));
#1393 = CARTESIAN_POINT('',(8.928151550749,-2.362675241827));
#1394 = CARTESIAN_POINT('',(8.929655551674,-2.283571550735));
#1395 = CARTESIAN_POINT('',(8.932187986433,-2.208049347027));
#1396 = CARTESIAN_POINT('',(8.935680995884,-2.138139340822));
#1397 = CARTESIAN_POINT('',(8.939656430556,-2.078458844729));
#1398 = CARTESIAN_POINT('',(8.944690442891,-2.023236777825));
#1399 = CARTESIAN_POINT('',(8.950399103792,-1.975046638257));
#1400 = CARTESIAN_POINT('',(8.956082908033,-1.94135774672));
#1401 = CARTESIAN_POINT('',(8.962654093522,-1.914619987876));
#1402 = CARTESIAN_POINT('',(8.969454712655,-1.897966276838));
#1403 = CARTESIAN_POINT('',(8.975979010256,-1.891978194638));
#1404 = CARTESIAN_POINT('',(8.98250330786,-1.897966278068));
#1405 = CARTESIAN_POINT('',(8.989303926983,-1.914619982956));
#1406 = CARTESIAN_POINT('',(8.995875112513,-1.941357765172));
#1407 = CARTESIAN_POINT('',(9.001558916597,-1.975046569369));
#1408 = CARTESIAN_POINT('',(9.007267578085,-2.023237034923));
#1409 = CARTESIAN_POINT('',(9.012301588229,-2.078457885222));
#1410 = CARTESIAN_POINT('',(9.016277031076,-2.13814292175));
#1411 = CARTESIAN_POINT('',(9.019770010018,-2.208035982823));
#1412 = CARTESIAN_POINT('',(9.022302558639,-2.283621426623));
#1413 = CARTESIAN_POINT('',(9.023806134626,-2.362489102477));
#1414 = CARTESIAN_POINT('',(9.024139591145,-2.414626155166));
#1415 = CARTESIAN_POINT('',(9.024138869024,-2.44));
#1416 = ( GEOMETRIC_REPRESENTATION_CONTEXT(2) 
PARAMETRIC_REPRESENTATION_CONTEXT() REPRESENTATION_CONTEXT('2D SPACE',''
  ) );
#1417 = PCURVE('',#1418,#1423);
#1418 = SPHERICAL_SURFACE('',#1419,1.3275);
#1419 = AXIS2_PLACEMENT_3D('',#1420,#1421,#1422);
#1420 = CARTESIAN_POINT('',(2.5,9.685415329951,4.664250195514));
#1421 = DIRECTION('',(0.,0.,-1.));
#1422 = DIRECTION('',(0.,1.,0.));
#1423 = DEFINITIONAL_REPRESENTATION('',(#1424),#1472);
#1424 = B_SPLINE_CURVE_WITH_KNOTS('',3,(#1425,#1426,#1427,#1428,#1429,
    #1430,#1431,#1432,#1433,#1434,#1435,#1436,#1437,#1438,#1439,#1440,
    #1441,#1442,#1443,#1444,#1445,#1446,#1447,#1448,#1449,#1450,#1451,
    #1452,#1453,#1454,#1455,#1456,#1457,#1458,#1459,#1460,#1461,#1462,
    #1463,#1464,#1465,#1466,#1467,#1468,#1469,#1470,#1471),
  .UNSPECIFIED.,.T.,.F.,(4,1,1,1,1,1,1,1,1,1,1,1,1,1,1,1,1,1,1,1,1,1,1,1
    ,1,1,1,1,1,1,1,1,1,1,1,1,1,1,1,1,1,1,1,1,4),(-0.167444789911,
    -0.159833663097,-0.152222536283,-0.144611409469,-0.137000282654,
    -0.12938915584,-0.121778029026,-0.114166902212,-0.106555775398,
    -9.894464858372E-02,-9.133352176959E-02,-8.372239495545E-02,
    -7.611126814132E-02,-6.850014132719E-02,-6.088901451306E-02,
    -5.327788769892E-02,-4.566676088479E-02,-3.805563407066E-02,
    -3.044450725653E-02,-2.28333804424E-02,-1.522225362826E-02,
    -7.611126814132E-03,4.996003610813E-16,7.611126814133E-03,
    1.522225362826E-02,2.28333804424E-02,3.044450725653E-02,
    3.805563407066E-02,4.566676088479E-02,5.327788769893E-02,
    6.088901451306E-02,6.850014132719E-02,7.611126814132E-02,
    8.372239495545E-02,9.133352176959E-02,9.894464858372E-02,
    0.106555775398,0.114166902212,0.121778029026,0.12938915584,
    0.137000282654,0.144611409469,0.152222536283,0.159833663097,
    0.167444789911),.UNSPECIFIED.);
#1425 = CARTESIAN_POINT('',(6.28318530718,-1.765280253694E-04));
#1426 = CARTESIAN_POINT('',(6.302303719842,-1.711015478966E-04));
#1427 = CARTESIAN_POINT('',(6.341572846672,-2.93866096376E-03));
#1428 = CARTESIAN_POINT('',(6.401197639858,-1.540775283828E-02));
#1429 = CARTESIAN_POINT('',(6.458809958239,-3.639590955077E-02));
#1430 = CARTESIAN_POINT('',(6.512928440652,-6.533865561719E-02));
#1431 = CARTESIAN_POINT('',(6.56014762883,-9.827026537496E-02));
#1432 = CARTESIAN_POINT('',(6.605563231684,-0.140089395215));
#1433 = CARTESIAN_POINT('',(6.647346114142,-0.18762995993));
#1434 = CARTESIAN_POINT('',(6.679458643378,-0.235325154145));
#1435 = CARTESIAN_POINT('',(6.708828003955,-0.291043354951));
#1436 = CARTESIAN_POINT('',(6.732435949191,-0.349429066645));
#1437 = CARTESIAN_POINT('',(6.748846169735,-0.406340763025));
#1438 = CARTESIAN_POINT('',(6.757302604744,-0.464759095838));
#1439 = CARTESIAN_POINT('',(6.758821368749,-0.527288855386));
#1440 = CARTESIAN_POINT('',(6.751999962125,-0.589551939479));
#1441 = CARTESIAN_POINT('',(6.736994074043,-0.645338771024));
#1442 = CARTESIAN_POINT('',(6.70805187237,-0.70406041931));
#1443 = CARTESIAN_POINT('',(6.667914706275,-0.757858686444));
#1444 = CARTESIAN_POINT('',(6.617181363401,-0.802601369272));
#1445 = CARTESIAN_POINT('',(6.54981233239,-0.843427239316));
#1446 = CARTESIAN_POINT('',(6.468544240172,-0.874308789493));
#1447 = CARTESIAN_POINT('',(6.376597857523,-0.893259824064));
#1448 = CARTESIAN_POINT('',(6.28318530718,-0.899502147469));
#1449 = CARTESIAN_POINT('',(6.189772756836,-0.893259824064));
#1450 = CARTESIAN_POINT('',(6.097826374187,-0.874308789493));
#1451 = CARTESIAN_POINT('',(6.016558281969,-0.843427239316));
#1452 = CARTESIAN_POINT('',(5.949189250959,-0.802601369272));
#1453 = CARTESIAN_POINT('',(5.898455908085,-0.757858686444));
#1454 = CARTESIAN_POINT('',(5.858318741989,-0.70406041931));
#1455 = CARTESIAN_POINT('',(5.829376540316,-0.645338771024));
#1456 = CARTESIAN_POINT('',(5.814370652234,-0.589551939479));
#1457 = CARTESIAN_POINT('',(5.80754924561,-0.527288855386));
#1458 = CARTESIAN_POINT('',(5.809068009616,-0.464759095838));
#1459 = CARTESIAN_POINT('',(5.817524444624,-0.406340763025));
#1460 = CARTESIAN_POINT('',(5.833934665168,-0.349429066645));
#1461 = CARTESIAN_POINT('',(5.857542610404,-0.291043354951));
#1462 = CARTESIAN_POINT('',(5.886911970981,-0.235325154145));
#1463 = CARTESIAN_POINT('',(5.919024500217,-0.18762995993));
#1464 = CARTESIAN_POINT('',(5.960807382675,-0.140089395215));
#1465 = CARTESIAN_POINT('',(6.00622298553,-9.827026537495E-02));
#1466 = CARTESIAN_POINT('',(6.053442173707,-6.533865561719E-02));
#1467 = CARTESIAN_POINT('',(6.10756065612,-3.639590955077E-02));
#1468 = CARTESIAN_POINT('',(6.165172974501,-1.540775283828E-02));
#1469 = CARTESIAN_POINT('',(6.224797767687,-2.93866096376E-03));
#1470 = CARTESIAN_POINT('',(6.264066894517,-1.711015478966E-04));
#1471 = CARTESIAN_POINT('',(6.28318530718,-1.765280253694E-04));
#1472 = ( GEOMETRIC_REPRESENTATION_CONTEXT(2) 
PARAMETRIC_REPRESENTATION_CONTEXT() REPRESENTATION_CONTEXT('2D SPACE',''
  ) );
#1473 = FACE_BOUND('',#1474,.T.);
#1474 = EDGE_LOOP('',(#1475,#1608));
#1475 = ORIENTED_EDGE('',*,*,#1476,.T.);
#1476 = EDGE_CURVE('',#1477,#1479,#1481,.T.);
#1477 = VERTEX_POINT('',#1478);
#1478 = CARTESIAN_POINT('',(2.5,-11.01291530926,4.664484536466));
#1479 = VERTEX_POINT('',#1480);
#1480 = CARTESIAN_POINT('',(2.5,-10.51328124416,5.701985363125));
#1481 = SURFACE_CURVE('',#1482,(#1501,#1552),.PCURVE_S1.);
#1482 = B_SPLINE_CURVE_WITH_KNOTS('',3,(#1483,#1484,#1485,#1486,#1487,
    #1488,#1489,#1490,#1491,#1492,#1493,#1494,#1495,#1496,#1497,#1498,
    #1499,#1500),.UNSPECIFIED.,.F.,.F.,(4,2,2,2,2,2,2,2,4),(0.,
    1.880596375044E-02,3.761192750088E-02,5.488990366021E-02,
    8.372239495545E-02,0.112554886251,0.12983286241,0.14863882616,
    0.167444789911),.UNSPECIFIED.);
#1483 = CARTESIAN_POINT('',(2.5,-11.01291530926,4.664484536466));
#1484 = CARTESIAN_POINT('',(2.437313454165,-11.01291530926,
    4.664484536466));
#1485 = CARTESIAN_POINT('',(2.370317296885,-11.00820590609,
    4.675652606761));
#1486 = CARTESIAN_POINT('',(2.246040722638,-10.988879374,4.720895566905)
  );
#1487 = CARTESIAN_POINT('',(2.188750509414,-10.97424640962,
    4.754936775048));
#1488 = CARTESIAN_POINT('',(2.099963810897,-10.94172362833,
    4.829276677383));
#1489 = CARTESIAN_POINT('',(2.057277144555,-10.91970269577,
    4.878969558246));
#1490 = CARTESIAN_POINT('',(1.982472881951,-10.86441371984,
    5.001328131402));
#1491 = CARTESIAN_POINT('',(1.953974222243,-10.81729199539,
    5.102661099128));
#1492 = CARTESIAN_POINT('',(1.953974222243,-10.73389233452,
    5.275842279402));
#1493 = CARTESIAN_POINT('',(1.982472881951,-10.68404694478,
    5.375863599056));
#1494 = CARTESIAN_POINT('',(2.057277144555,-10.62285527278,
    5.495379583601));
#1495 = CARTESIAN_POINT('',(2.099963810897,-10.59773364094,
    5.543579246392));
#1496 = CARTESIAN_POINT('',(2.188750509414,-10.55988998736,
    5.615356751681));
#1497 = CARTESIAN_POINT('',(2.246040722638,-10.54239900319,
    5.648021610037));
#1498 = CARTESIAN_POINT('',(2.370317296885,-10.51907652826,
    5.691340225527));
#1499 = CARTESIAN_POINT('',(2.437313454165,-10.51328124415,
    5.701985363125));
#1500 = CARTESIAN_POINT('',(2.5,-10.51328124415,5.701985363125));
#1501 = PCURVE('',#622,#1502);
#1502 = DEFINITIONAL_REPRESENTATION('',(#1503),#1551);
#1503 = B_SPLINE_CURVE_WITH_KNOTS('',3,(#1504,#1505,#1506,#1507,#1508,
    #1509,#1510,#1511,#1512,#1513,#1514,#1515,#1516,#1517,#1518,#1519,
    #1520,#1521,#1522,#1523,#1524,#1525,#1526,#1527,#1528,#1529,#1530,
    #1531,#1532,#1533,#1534,#1535,#1536,#1537,#1538,#1539,#1540,#1541,
    #1542,#1543,#1544,#1545,#1546,#1547,#1548,#1549,#1550),
  .UNSPECIFIED.,.F.,.F.,(4,1,1,1,1,1,1,1,1,1,1,1,1,1,1,1,1,1,1,1,1,1,1,1
    ,1,1,1,1,1,1,1,1,1,1,1,1,1,1,1,1,1,1,1,1,4),(0.,3.805563407066E-03,
    7.611126814132E-03,1.14166902212E-02,1.522225362826E-02,
    1.902781703533E-02,2.28333804424E-02,2.663894384946E-02,
    3.044450725653E-02,3.42500706636E-02,3.805563407066E-02,
    4.186119747773E-02,4.566676088479E-02,4.947232429186E-02,
    5.327788769893E-02,5.708345110599E-02,6.088901451306E-02,
    6.469457792012E-02,6.850014132719E-02,7.230570473426E-02,
    7.611126814132E-02,7.991683154839E-02,8.372239495545E-02,
    8.752795836252E-02,9.133352176959E-02,9.513908517665E-02,
    9.894464858372E-02,0.102750211991,0.106555775398,0.110361338805,
    0.114166902212,0.117972465619,0.121778029026,0.125583592433,
    0.12938915584,0.133194719247,0.137000282654,0.140805846061,
    0.144611409469,0.148416972876,0.152222536283,0.15602809969,
    0.159833663097,0.163639226504,0.167444789911),
  .QUASI_UNIFORM_KNOTS.);
#1504 = CARTESIAN_POINT('',(6.683824398925,-2.44));
#1505 = CARTESIAN_POINT('',(6.683824398961,-2.427314788643));
#1506 = CARTESIAN_POINT('',(6.683907397262,-2.401591418039));
#1507 = CARTESIAN_POINT('',(6.684282365584,-2.362403284261));
#1508 = CARTESIAN_POINT('',(6.684909331547,-2.32306796296));
#1509 = CARTESIAN_POINT('',(6.685789644888,-2.284040908547));
#1510 = CARTESIAN_POINT('',(6.686925317394,-2.245779194645));
#1511 = CARTESIAN_POINT('',(6.688315882675,-2.208733799884));
#1512 = CARTESIAN_POINT('',(6.689931129813,-2.173193885486));
#1513 = CARTESIAN_POINT('',(6.691737280807,-2.139510201832));
#1514 = CARTESIAN_POINT('',(6.693719632101,-2.107830862231));
#1515 = CARTESIAN_POINT('',(6.695790766509,-2.079052939115));
#1516 = CARTESIAN_POINT('',(6.698145947481,-2.051168878869));
#1517 = CARTESIAN_POINT('',(6.700783385511,-2.024069957274));
#1518 = CARTESIAN_POINT('',(6.703569301006,-1.999003886321));
#1519 = CARTESIAN_POINT('',(6.706412122627,-1.976793120787));
#1520 = CARTESIAN_POINT('',(6.709183459193,-1.958604708102));
#1521 = CARTESIAN_POINT('',(6.712210594094,-1.942149281063));
#1522 = CARTESIAN_POINT('',(6.715390478492,-1.92789578066));
#1523 = CARTESIAN_POINT('',(6.718686980039,-1.915897382243));
#1524 = CARTESIAN_POINT('',(6.722047080743,-1.906318665428));
#1525 = CARTESIAN_POINT('',(6.725418364215,-1.89929435841));
#1526 = CARTESIAN_POINT('',(6.728762901409,-1.894967190796));
#1527 = CARTESIAN_POINT('',(6.731984257692,-1.893477737966));
#1528 = CARTESIAN_POINT('',(6.735205613976,-1.894967190796));
#1529 = CARTESIAN_POINT('',(6.738550151169,-1.89929435841));
#1530 = CARTESIAN_POINT('',(6.741921434641,-1.906318665428));
#1531 = CARTESIAN_POINT('',(6.745281535346,-1.915897382243));
#1532 = CARTESIAN_POINT('',(6.748578036893,-1.92789578066));
#1533 = CARTESIAN_POINT('',(6.751757921291,-1.942149281063));
#1534 = CARTESIAN_POINT('',(6.754785056192,-1.958604708102));
#1535 = CARTESIAN_POINT('',(6.757556392758,-1.976793120787));
#1536 = CARTESIAN_POINT('',(6.760399214379,-1.999003886321));
#1537 = CARTESIAN_POINT('',(6.763185129874,-2.024069957274));
#1538 = CARTESIAN_POINT('',(6.765822567904,-2.051168878869));
#1539 = CARTESIAN_POINT('',(6.768177748876,-2.079052939115));
#1540 = CARTESIAN_POINT('',(6.770248883283,-2.107830862231));
#1541 = CARTESIAN_POINT('',(6.772231234578,-2.139510201832));
#1542 = CARTESIAN_POINT('',(6.774037385572,-2.173193885486));
#1543 = CARTESIAN_POINT('',(6.77565263271,-2.208733799884));
#1544 = CARTESIAN_POINT('',(6.777043197991,-2.245779194645));
#1545 = CARTESIAN_POINT('',(6.778178870497,-2.284040908547));
#1546 = CARTESIAN_POINT('',(6.779059183838,-2.32306796296));
#1547 = CARTESIAN_POINT('',(6.779686149801,-2.362403284261));
#1548 = CARTESIAN_POINT('',(6.780061118123,-2.401591418039));
#1549 = CARTESIAN_POINT('',(6.780144116424,-2.427314788643));
#1550 = CARTESIAN_POINT('',(6.78014411646,-2.44));
#1551 = ( GEOMETRIC_REPRESENTATION_CONTEXT(2) 
PARAMETRIC_REPRESENTATION_CONTEXT() REPRESENTATION_CONTEXT('2D SPACE',''
  ) );
#1552 = PCURVE('',#1553,#1558);
#1553 = SPHERICAL_SURFACE('',#1554,1.3275);
#1554 = AXIS2_PLACEMENT_3D('',#1555,#1556,#1557);
#1555 = CARTESIAN_POINT('',(2.5,-9.685415329951,4.664250195514));
#1556 = DIRECTION('',(0.,0.,-1.));
#1557 = DIRECTION('',(0.,1.,0.));
#1558 = DEFINITIONAL_REPRESENTATION('',(#1559),#1607);
#1559 = B_SPLINE_CURVE_WITH_KNOTS('',3,(#1560,#1561,#1562,#1563,#1564,
    #1565,#1566,#1567,#1568,#1569,#1570,#1571,#1572,#1573,#1574,#1575,
    #1576,#1577,#1578,#1579,#1580,#1581,#1582,#1583,#1584,#1585,#1586,
    #1587,#1588,#1589,#1590,#1591,#1592,#1593,#1594,#1595,#1596,#1597,
    #1598,#1599,#1600,#1601,#1602,#1603,#1604,#1605,#1606),
  .UNSPECIFIED.,.F.,.F.,(4,1,1,1,1,1,1,1,1,1,1,1,1,1,1,1,1,1,1,1,1,1,1,1
    ,1,1,1,1,1,1,1,1,1,1,1,1,1,1,1,1,1,1,1,1,4),(0.,3.805563407066E-03,
    7.611126814132E-03,1.14166902212E-02,1.522225362826E-02,
    1.902781703533E-02,2.28333804424E-02,2.663894384946E-02,
    3.044450725653E-02,3.42500706636E-02,3.805563407066E-02,
    4.186119747773E-02,4.566676088479E-02,4.947232429186E-02,
    5.327788769893E-02,5.708345110599E-02,6.088901451306E-02,
    6.469457792012E-02,6.850014132719E-02,7.230570473426E-02,
    7.611126814132E-02,7.991683154839E-02,8.372239495545E-02,
    8.752795836252E-02,9.133352176959E-02,9.513908517665E-02,
    9.894464858372E-02,0.102750211991,0.106555775398,0.110361338805,
    0.114166902212,0.117972465619,0.121778029026,0.125583592433,
    0.12938915584,0.133194719247,0.137000282654,0.140805846061,
    0.144611409469,0.148416972876,0.152222536283,0.15602809969,
    0.159833663097,0.163639226504,0.167444789911),
  .QUASI_UNIFORM_KNOTS.);
#1560 = CARTESIAN_POINT('',(3.14159265359,-1.765280253614E-04));
#1561 = CARTESIAN_POINT('',(3.151148396461,-1.76517065124E-04));
#1562 = CARTESIAN_POINT('',(3.170525720088,-8.655419533767E-04));
#1563 = CARTESIAN_POINT('',(3.200073007303,-3.976814952981E-03));
#1564 = CARTESIAN_POINT('',(3.229784512136,-9.176916767958E-03));
#1565 = CARTESIAN_POINT('',(3.259346203373,-1.647519787159E-02));
#1566 = CARTESIAN_POINT('',(3.288448117175,-2.588787361336E-02));
#1567 = CARTESIAN_POINT('',(3.316792805817,-3.741169208908E-02));
#1568 = CARTESIAN_POINT('',(3.344190651482,-5.079540468892E-02));
#1569 = CARTESIAN_POINT('',(3.370397594193,-6.575977258706E-02));
#1570 = CARTESIAN_POINT('',(3.395334399883,-8.218630235737E-02));
#1571 = CARTESIAN_POINT('',(3.418299877831,-9.9354335973E-02));
#1572 = CARTESIAN_POINT('',(3.440992354907,-0.118905466083));
#1573 = CARTESIAN_POINT('',(3.463554115658,-0.140831693803));
#1574 = CARTESIAN_POINT('',(3.484981930631,-0.164025564869));
#1575 = CARTESIAN_POINT('',(3.504607669025,-0.187740114843));
#1576 = CARTESIAN_POINT('',(3.521437803359,-0.210948364836));
#1577 = CARTESIAN_POINT('',(3.537593949429,-0.2364248772));
#1578 = CARTESIAN_POINT('',(3.552639168995,-0.263326057827));
#1579 = CARTESIAN_POINT('',(3.5665034127,-0.291368636009));
#1580 = CARTESIAN_POINT('',(3.578997867059,-0.320127038731));
#1581 = CARTESIAN_POINT('',(3.589934302085,-0.349181564831));
#1582 = CARTESIAN_POINT('',(3.59912697352,-0.378247086499));
#1583 = CARTESIAN_POINT('',(3.606258443633,-0.406529425672));
#1584 = CARTESIAN_POINT('',(3.611406563284,-0.435186425394));
#1585 = CARTESIAN_POINT('',(3.614861236049,-0.465335175224));
#1586 = CARTESIAN_POINT('',(3.616470528441,-0.496138875471));
#1587 = CARTESIAN_POINT('',(3.616174926127,-0.527267630942));
#1588 = CARTESIAN_POINT('',(3.613861887377,-0.558257057619));
#1589 = CARTESIAN_POINT('',(3.609426513999,-0.58862802126));
#1590 = CARTESIAN_POINT('',(3.60269142638,-0.618066241664));
#1591 = CARTESIAN_POINT('',(3.5936899094,-0.645599183057));
#1592 = CARTESIAN_POINT('',(3.581021145147,-0.674504468992));
#1593 = CARTESIAN_POINT('',(3.565090692563,-0.70340725818));
#1594 = CARTESIAN_POINT('',(3.546176432859,-0.731305632997));
#1595 = CARTESIAN_POINT('',(3.524964643738,-0.756760776267));
#1596 = CARTESIAN_POINT('',(3.501301131519,-0.779747796293));
#1597 = CARTESIAN_POINT('',(3.473438969785,-0.802208975658));
#1598 = CARTESIAN_POINT('',(3.441839560069,-0.823107703924));
#1599 = CARTESIAN_POINT('',(3.406487854998,-0.842159087936));
#1600 = CARTESIAN_POINT('',(3.367628031533,-0.858875060359));
#1601 = CARTESIAN_POINT('',(3.325586375792,-0.872814956123));
#1602 = CARTESIAN_POINT('',(3.281057694362,-0.883787336501));
#1603 = CARTESIAN_POINT('',(3.234879921878,-0.891669602237));
#1604 = CARTESIAN_POINT('',(3.18798767403,-0.896384487767));
#1605 = CARTESIAN_POINT('',(3.156916816736,-0.897427024017));
#1606 = CARTESIAN_POINT('',(3.14159265359,-0.897421373));
#1607 = ( GEOMETRIC_REPRESENTATION_CONTEXT(2) 
PARAMETRIC_REPRESENTATION_CONTEXT() REPRESENTATION_CONTEXT('2D SPACE',''
  ) );
#1608 = ORIENTED_EDGE('',*,*,#1609,.T.);
#1609 = EDGE_CURVE('',#1479,#1477,#1610,.T.);
#1610 = SURFACE_CURVE('',#1611,(#1630,#1681),.PCURVE_S1.);
#1611 = B_SPLINE_CURVE_WITH_KNOTS('',3,(#1612,#1613,#1614,#1615,#1616,
    #1617,#1618,#1619,#1620,#1621,#1622,#1623,#1624,#1625,#1626,#1627,
    #1628,#1629),.UNSPECIFIED.,.F.,.F.,(4,2,2,2,2,2,2,2,4),(
    -0.167444789911,-0.14863882616,-0.12983286241,-0.112554886251,
    -8.372239495545E-02,-5.488990366021E-02,-3.761192750088E-02,
    -1.880596375044E-02,0.),.UNSPECIFIED.);
#1612 = CARTESIAN_POINT('',(2.5,-10.51328124415,5.701985363125));
#1613 = CARTESIAN_POINT('',(2.562686545835,-10.51328124415,
    5.701985363125));
#1614 = CARTESIAN_POINT('',(2.629682703115,-10.51907652826,
    5.691340225527));
#1615 = CARTESIAN_POINT('',(2.753959277362,-10.54239900319,
    5.648021610037));
#1616 = CARTESIAN_POINT('',(2.811249490586,-10.55988998736,
    5.615356751681));
#1617 = CARTESIAN_POINT('',(2.900036189103,-10.59773364094,
    5.543579246392));
#1618 = CARTESIAN_POINT('',(2.942722855445,-10.62285527278,
    5.495379583601));
#1619 = CARTESIAN_POINT('',(3.017527118049,-10.68404694478,
    5.375863599056));
#1620 = CARTESIAN_POINT('',(3.046025777757,-10.73389233452,
    5.275842279402));
#1621 = CARTESIAN_POINT('',(3.046025777757,-10.81729199539,
    5.102661099128));
#1622 = CARTESIAN_POINT('',(3.017527118049,-10.86441371984,
    5.001328131402));
#1623 = CARTESIAN_POINT('',(2.942722855445,-10.91970269577,
    4.878969558246));
#1624 = CARTESIAN_POINT('',(2.900036189103,-10.94172362833,
    4.829276677383));
#1625 = CARTESIAN_POINT('',(2.811249490586,-10.97424640962,
    4.754936775048));
#1626 = CARTESIAN_POINT('',(2.753959277362,-10.988879374,4.720895566905)
  );
#1627 = CARTESIAN_POINT('',(2.629682703115,-11.00820590609,
    4.675652606761));
#1628 = CARTESIAN_POINT('',(2.562686545835,-11.01291530926,
    4.664484536466));
#1629 = CARTESIAN_POINT('',(2.5,-11.01291530926,4.664484536466));
#1630 = PCURVE('',#622,#1631);
#1631 = DEFINITIONAL_REPRESENTATION('',(#1632),#1680);
#1632 = B_SPLINE_CURVE_WITH_KNOTS('',3,(#1633,#1634,#1635,#1636,#1637,
    #1638,#1639,#1640,#1641,#1642,#1643,#1644,#1645,#1646,#1647,#1648,
    #1649,#1650,#1651,#1652,#1653,#1654,#1655,#1656,#1657,#1658,#1659,
    #1660,#1661,#1662,#1663,#1664,#1665,#1666,#1667,#1668,#1669,#1670,
    #1671,#1672,#1673,#1674,#1675,#1676,#1677,#1678,#1679),
  .UNSPECIFIED.,.F.,.F.,(4,1,1,1,1,1,1,1,1,1,1,1,1,1,1,1,1,1,1,1,1,1,1,1
    ,1,1,1,1,1,1,1,1,1,1,1,1,1,1,1,1,1,1,1,1,4),(-0.167444789911,
    -0.163639226504,-0.159833663097,-0.15602809969,-0.152222536283,
    -0.148416972876,-0.144611409469,-0.140805846061,-0.137000282654,
    -0.133194719247,-0.12938915584,-0.125583592433,-0.121778029026,
    -0.117972465619,-0.114166902212,-0.110361338805,-0.106555775398,
    -0.102750211991,-9.894464858372E-02,-9.513908517665E-02,
    -9.133352176959E-02,-8.752795836252E-02,-8.372239495545E-02,
    -7.991683154839E-02,-7.611126814132E-02,-7.230570473426E-02,
    -6.850014132719E-02,-6.469457792012E-02,-6.088901451306E-02,
    -5.708345110599E-02,-5.327788769893E-02,-4.947232429186E-02,
    -4.566676088479E-02,-4.186119747773E-02,-3.805563407066E-02,
    -3.42500706636E-02,-3.044450725653E-02,-2.663894384946E-02,
    -2.28333804424E-02,-1.902781703533E-02,-1.522225362826E-02,
    -1.14166902212E-02,-7.611126814132E-03,-3.805563407066E-03,0.),
  .QUASI_UNIFORM_KNOTS.);
#1633 = CARTESIAN_POINT('',(6.78014411646,-2.44));
#1634 = CARTESIAN_POINT('',(6.780144116424,-2.452685211357));
#1635 = CARTESIAN_POINT('',(6.780061118123,-2.478408581961));
#1636 = CARTESIAN_POINT('',(6.779686149801,-2.517596715739));
#1637 = CARTESIAN_POINT('',(6.779059183838,-2.55693203704));
#1638 = CARTESIAN_POINT('',(6.778178870497,-2.595959091453));
#1639 = CARTESIAN_POINT('',(6.777043197991,-2.634220805355));
#1640 = CARTESIAN_POINT('',(6.77565263271,-2.671266200116));
#1641 = CARTESIAN_POINT('',(6.774037385572,-2.706806114514));
#1642 = CARTESIAN_POINT('',(6.772231234578,-2.740489798168));
#1643 = CARTESIAN_POINT('',(6.770248883283,-2.772169137769));
#1644 = CARTESIAN_POINT('',(6.768177748876,-2.800947060885));
#1645 = CARTESIAN_POINT('',(6.765822567904,-2.828831121131));
#1646 = CARTESIAN_POINT('',(6.763185129874,-2.855930042726));
#1647 = CARTESIAN_POINT('',(6.760399214379,-2.880996113679));
#1648 = CARTESIAN_POINT('',(6.757556392758,-2.903206879213));
#1649 = CARTESIAN_POINT('',(6.754785056192,-2.921395291898));
#1650 = CARTESIAN_POINT('',(6.751757921291,-2.937850718937));
#1651 = CARTESIAN_POINT('',(6.748578036893,-2.95210421934));
#1652 = CARTESIAN_POINT('',(6.745281535346,-2.964102617757));
#1653 = CARTESIAN_POINT('',(6.741921434641,-2.973681334572));
#1654 = CARTESIAN_POINT('',(6.738550151169,-2.98070564159));
#1655 = CARTESIAN_POINT('',(6.735205613976,-2.985032809204));
#1656 = CARTESIAN_POINT('',(6.731984257692,-2.986522262034));
#1657 = CARTESIAN_POINT('',(6.728762901409,-2.985032809204));
#1658 = CARTESIAN_POINT('',(6.725418364215,-2.98070564159));
#1659 = CARTESIAN_POINT('',(6.722047080743,-2.973681334572));
#1660 = CARTESIAN_POINT('',(6.718686980039,-2.964102617757));
#1661 = CARTESIAN_POINT('',(6.715390478492,-2.95210421934));
#1662 = CARTESIAN_POINT('',(6.712210594094,-2.937850718937));
#1663 = CARTESIAN_POINT('',(6.709183459193,-2.921395291898));
#1664 = CARTESIAN_POINT('',(6.706412122627,-2.903206879213));
#1665 = CARTESIAN_POINT('',(6.703569301006,-2.880996113679));
#1666 = CARTESIAN_POINT('',(6.700783385511,-2.855930042726));
#1667 = CARTESIAN_POINT('',(6.698145947481,-2.828831121131));
#1668 = CARTESIAN_POINT('',(6.695790766509,-2.800947060885));
#1669 = CARTESIAN_POINT('',(6.693719632101,-2.772169137769));
#1670 = CARTESIAN_POINT('',(6.691737280807,-2.740489798168));
#1671 = CARTESIAN_POINT('',(6.689931129813,-2.706806114514));
#1672 = CARTESIAN_POINT('',(6.688315882675,-2.671266200116));
#1673 = CARTESIAN_POINT('',(6.686925317394,-2.634220805355));
#1674 = CARTESIAN_POINT('',(6.685789644888,-2.595959091453));
#1675 = CARTESIAN_POINT('',(6.684909331547,-2.55693203704));
#1676 = CARTESIAN_POINT('',(6.684282365584,-2.517596715739));
#1677 = CARTESIAN_POINT('',(6.683907397262,-2.478408581961));
#1678 = CARTESIAN_POINT('',(6.683824398961,-2.452685211357));
#1679 = CARTESIAN_POINT('',(6.683824398925,-2.44));
#1680 = ( GEOMETRIC_REPRESENTATION_CONTEXT(2) 
PARAMETRIC_REPRESENTATION_CONTEXT() REPRESENTATION_CONTEXT('2D SPACE',''
  ) );
#1681 = PCURVE('',#1553,#1682);
#1682 = DEFINITIONAL_REPRESENTATION('',(#1683),#1731);
#1683 = B_SPLINE_CURVE_WITH_KNOTS('',3,(#1684,#1685,#1686,#1687,#1688,
    #1689,#1690,#1691,#1692,#1693,#1694,#1695,#1696,#1697,#1698,#1699,
    #1700,#1701,#1702,#1703,#1704,#1705,#1706,#1707,#1708,#1709,#1710,
    #1711,#1712,#1713,#1714,#1715,#1716,#1717,#1718,#1719,#1720,#1721,
    #1722,#1723,#1724,#1725,#1726,#1727,#1728,#1729,#1730),
  .UNSPECIFIED.,.F.,.F.,(4,1,1,1,1,1,1,1,1,1,1,1,1,1,1,1,1,1,1,1,1,1,1,1
    ,1,1,1,1,1,1,1,1,1,1,1,1,1,1,1,1,1,1,1,1,4),(-0.167444789911,
    -0.163639226504,-0.159833663097,-0.15602809969,-0.152222536283,
    -0.148416972876,-0.144611409469,-0.140805846061,-0.137000282654,
    -0.133194719247,-0.12938915584,-0.125583592433,-0.121778029026,
    -0.117972465619,-0.114166902212,-0.110361338805,-0.106555775398,
    -0.102750211991,-9.894464858372E-02,-9.513908517665E-02,
    -9.133352176959E-02,-8.752795836252E-02,-8.372239495545E-02,
    -7.991683154839E-02,-7.611126814132E-02,-7.230570473426E-02,
    -6.850014132719E-02,-6.469457792012E-02,-6.088901451306E-02,
    -5.708345110599E-02,-5.327788769893E-02,-4.947232429186E-02,
    -4.566676088479E-02,-4.186119747773E-02,-3.805563407066E-02,
    -3.42500706636E-02,-3.044450725653E-02,-2.663894384946E-02,
    -2.28333804424E-02,-1.902781703533E-02,-1.522225362826E-02,
    -1.14166902212E-02,-7.611126814132E-03,-3.805563407066E-03,0.),
  .QUASI_UNIFORM_KNOTS.);
#1684 = CARTESIAN_POINT('',(9.424777960769,-0.897421373));
#1685 = CARTESIAN_POINT('',(9.409453797624,-0.897427024017));
#1686 = CARTESIAN_POINT('',(9.378382940329,-0.896384487767));
#1687 = CARTESIAN_POINT('',(9.331490692481,-0.891669602237));
#1688 = CARTESIAN_POINT('',(9.285312919997,-0.883787336501));
#1689 = CARTESIAN_POINT('',(9.240784238567,-0.872814956123));
#1690 = CARTESIAN_POINT('',(9.198742582826,-0.858875060359));
#1691 = CARTESIAN_POINT('',(9.159882759361,-0.842159087936));
#1692 = CARTESIAN_POINT('',(9.12453105429,-0.823107703924));
#1693 = CARTESIAN_POINT('',(9.092931644574,-0.802208975658));
#1694 = CARTESIAN_POINT('',(9.06506948284,-0.779747796293));
#1695 = CARTESIAN_POINT('',(9.041405970621,-0.756760776267));
#1696 = CARTESIAN_POINT('',(9.0201941815,-0.731305632997));
#1697 = CARTESIAN_POINT('',(9.001279921796,-0.70340725818));
#1698 = CARTESIAN_POINT('',(8.985349469212,-0.674504468992));
#1699 = CARTESIAN_POINT('',(8.972680704959,-0.645599183057));
#1700 = CARTESIAN_POINT('',(8.963679187979,-0.618066241664));
#1701 = CARTESIAN_POINT('',(8.95694410036,-0.58862802126));
#1702 = CARTESIAN_POINT('',(8.952508726982,-0.558257057619));
#1703 = CARTESIAN_POINT('',(8.950195688232,-0.527267630942));
#1704 = CARTESIAN_POINT('',(8.949900085919,-0.496138875471));
#1705 = CARTESIAN_POINT('',(8.95150937831,-0.465335175224));
#1706 = CARTESIAN_POINT('',(8.954964051075,-0.435186425394));
#1707 = CARTESIAN_POINT('',(8.960112170726,-0.406529425672));
#1708 = CARTESIAN_POINT('',(8.967243640839,-0.378247086499));
#1709 = CARTESIAN_POINT('',(8.976436312275,-0.349181564831));
#1710 = CARTESIAN_POINT('',(8.9873727473,-0.320127038731));
#1711 = CARTESIAN_POINT('',(8.99986720166,-0.291368636009));
#1712 = CARTESIAN_POINT('',(9.013731445364,-0.263326057827));
#1713 = CARTESIAN_POINT('',(9.02877666493,-0.2364248772));
#1714 = CARTESIAN_POINT('',(9.044932811,-0.210948364836));
#1715 = CARTESIAN_POINT('',(9.061762945334,-0.187740114843));
#1716 = CARTESIAN_POINT('',(9.081388683728,-0.164025564869));
#1717 = CARTESIAN_POINT('',(9.102816498701,-0.140831693803));
#1718 = CARTESIAN_POINT('',(9.125378259452,-0.118905466083));
#1719 = CARTESIAN_POINT('',(9.148070736528,-9.9354335973E-02));
#1720 = CARTESIAN_POINT('',(9.171036214476,-8.218630235737E-02));
#1721 = CARTESIAN_POINT('',(9.195973020166,-6.575977258706E-02));
#1722 = CARTESIAN_POINT('',(9.222179962877,-5.079540468892E-02));
#1723 = CARTESIAN_POINT('',(9.249577808542,-3.741169208908E-02));
#1724 = CARTESIAN_POINT('',(9.277922497184,-2.588787361337E-02));
#1725 = CARTESIAN_POINT('',(9.307024410986,-1.647519787159E-02));
#1726 = CARTESIAN_POINT('',(9.336586102223,-9.176916767958E-03));
#1727 = CARTESIAN_POINT('',(9.366297607056,-3.976814952981E-03));
#1728 = CARTESIAN_POINT('',(9.395844894271,-8.655419533758E-04));
#1729 = CARTESIAN_POINT('',(9.415222217899,-1.765170651233E-04));
#1730 = CARTESIAN_POINT('',(9.424777960769,-1.765280253614E-04));
#1731 = ( GEOMETRIC_REPRESENTATION_CONTEXT(2) 
PARAMETRIC_REPRESENTATION_CONTEXT() REPRESENTATION_CONTEXT('2D SPACE',''
  ) );
#1732 = FACE_BOUND('',#1733,.T.);
#1733 = EDGE_LOOP('',(#1734,#1867));
#1734 = ORIENTED_EDGE('',*,*,#1735,.T.);
#1735 = EDGE_CURVE('',#1736,#1738,#1740,.T.);
#1736 = VERTEX_POINT('',#1737);
#1737 = CARTESIAN_POINT('',(2.5,-7.898449846757,8.980880225139));
#1738 = VERTEX_POINT('',#1739);
#1739 = CARTESIAN_POINT('',(2.5,-6.998140370742,9.698853074019));
#1740 = SURFACE_CURVE('',#1741,(#1760,#1811),.PCURVE_S1.);
#1741 = B_SPLINE_CURVE_WITH_KNOTS('',3,(#1742,#1743,#1744,#1745,#1746,
    #1747,#1748,#1749,#1750,#1751,#1752,#1753,#1754,#1755,#1756,#1757,
    #1758,#1759),.UNSPECIFIED.,.F.,.F.,(4,2,2,2,2,2,2,2,4),(0.,
    1.880596375039E-02,3.761192750079E-02,5.488990366008E-02,
    8.372239495525E-02,0.11255488625,0.12983286241,0.14863882616,
    0.167444789911),.UNSPECIFIED.);
#1742 = CARTESIAN_POINT('',(2.5,-7.898449846757,8.980880225139));
#1743 = CARTESIAN_POINT('',(2.437313454165,-7.898449846757,
    8.980880225139));
#1744 = CARTESIAN_POINT('',(2.370317296886,-7.889361177014,
    8.988898975332));
#1745 = CARTESIAN_POINT('',(2.246040722639,-7.852318388562,
    9.021276005907));
#1746 = CARTESIAN_POINT('',(2.188750509415,-7.824364616535,
    9.045597069368));
#1747 = CARTESIAN_POINT('',(2.099963810898,-7.762807728302,
    9.098463901062));
#1748 = CARTESIAN_POINT('',(2.057277144556,-7.721406620668,
    9.133681115117));
#1749 = CARTESIAN_POINT('',(1.982472881952,-7.618503579388,
    9.219933392646));
#1750 = CARTESIAN_POINT('',(1.953974222244,-7.532081645721,
    9.290785891859));
#1751 = CARTESIAN_POINT('',(1.953974222244,-7.381800649638,
    9.410630987091));
#1752 = CARTESIAN_POINT('',(1.982472881952,-7.293493881113,
    9.479119978149));
#1753 = CARTESIAN_POINT('',(2.057277144556,-7.186506047408,9.56025008799
    ));
#1754 = CARTESIAN_POINT('',(2.099963810898,-7.142959189298,
    9.592776616055));
#1755 = CARTESIAN_POINT('',(2.188750509415,-7.077720143191,
    9.641026167816));
#1756 = CARTESIAN_POINT('',(2.246040722639,-7.047788560109,9.66286713466
    ));
#1757 = CARTESIAN_POINT('',(2.370317296886,-7.007980493405,
    9.691776615985));
#1758 = CARTESIAN_POINT('',(2.437313454165,-6.998140370742,
    9.698853074019));
#1759 = CARTESIAN_POINT('',(2.5,-6.998140370742,9.698853074019));
#1760 = PCURVE('',#622,#1761);
#1761 = DEFINITIONAL_REPRESENTATION('',(#1762),#1810);
#1762 = B_SPLINE_CURVE_WITH_KNOTS('',3,(#1763,#1764,#1765,#1766,#1767,
    #1768,#1769,#1770,#1771,#1772,#1773,#1774,#1775,#1776,#1777,#1778,
    #1779,#1780,#1781,#1782,#1783,#1784,#1785,#1786,#1787,#1788,#1789,
    #1790,#1791,#1792,#1793,#1794,#1795,#1796,#1797,#1798,#1799,#1800,
    #1801,#1802,#1803,#1804,#1805,#1806,#1807,#1808,#1809),
  .UNSPECIFIED.,.F.,.F.,(4,1,1,1,1,1,1,1,1,1,1,1,1,1,1,1,1,1,1,1,1,1,1,1
    ,1,1,1,1,1,1,1,1,1,1,1,1,1,1,1,1,1,1,1,1,4),(0.,3.805563407057E-03,
    7.611126814114E-03,1.141669022117E-02,1.522225362823E-02,
    1.902781703528E-02,2.283338044234E-02,2.66389438494E-02,
    3.044450725646E-02,3.425007066351E-02,3.805563407057E-02,
    4.186119747763E-02,4.566676088468E-02,4.947232429174E-02,
    5.32778876988E-02,5.708345110585E-02,6.088901451291E-02,
    6.469457791997E-02,6.850014132703E-02,7.230570473408E-02,
    7.611126814114E-02,7.99168315482E-02,8.372239495525E-02,
    8.752795836231E-02,9.133352176937E-02,9.513908517642E-02,
    9.894464858348E-02,0.102750211991,0.106555775398,0.110361338805,
    0.114166902212,0.117972465619,0.121778029026,0.125583592433,
    0.12938915584,0.133194719247,0.137000282654,0.140805846061,
    0.144611409468,0.148416972875,0.152222536282,0.156028099689,
    0.159833663096,0.163639226503,0.167444789911),
  .QUASI_UNIFORM_KNOTS.);
#1763 = CARTESIAN_POINT('',(7.132623349438,-2.44));
#1764 = CARTESIAN_POINT('',(7.132623349474,-2.427314788643));
#1765 = CARTESIAN_POINT('',(7.132706347775,-2.40159141804));
#1766 = CARTESIAN_POINT('',(7.133081316097,-2.362403284261));
#1767 = CARTESIAN_POINT('',(7.13370828206,-2.323067962961));
#1768 = CARTESIAN_POINT('',(7.134588595401,-2.284040908547));
#1769 = CARTESIAN_POINT('',(7.135724267907,-2.245779194646));
#1770 = CARTESIAN_POINT('',(7.137114833188,-2.208733799884));
#1771 = CARTESIAN_POINT('',(7.138730080326,-2.173193885487));
#1772 = CARTESIAN_POINT('',(7.14053623132,-2.139510201832));
#1773 = CARTESIAN_POINT('',(7.142518582614,-2.107830862232));
#1774 = CARTESIAN_POINT('',(7.144589717022,-2.079052939116));
#1775 = CARTESIAN_POINT('',(7.146944897994,-2.05116887887));
#1776 = CARTESIAN_POINT('',(7.149582336023,-2.024069957275));
#1777 = CARTESIAN_POINT('',(7.152368251519,-1.999003886322));
#1778 = CARTESIAN_POINT('',(7.15521107314,-1.976793120788));
#1779 = CARTESIAN_POINT('',(7.157982409706,-1.958604708103));
#1780 = CARTESIAN_POINT('',(7.161009544607,-1.942149281064));
#1781 = CARTESIAN_POINT('',(7.164189429005,-1.927895780661));
#1782 = CARTESIAN_POINT('',(7.167485930551,-1.915897382245));
#1783 = CARTESIAN_POINT('',(7.170846031256,-1.90631866543));
#1784 = CARTESIAN_POINT('',(7.174217314728,-1.899294358411));
#1785 = CARTESIAN_POINT('',(7.177561851922,-1.894967190797));
#1786 = CARTESIAN_POINT('',(7.180783208205,-1.893477737968));
#1787 = CARTESIAN_POINT('',(7.184004564489,-1.894967190797));
#1788 = CARTESIAN_POINT('',(7.187349101682,-1.899294358411));
#1789 = CARTESIAN_POINT('',(7.190720385154,-1.90631866543));
#1790 = CARTESIAN_POINT('',(7.194080485859,-1.915897382245));
#1791 = CARTESIAN_POINT('',(7.197376987406,-1.927895780661));
#1792 = CARTESIAN_POINT('',(7.200556871804,-1.942149281064));
#1793 = CARTESIAN_POINT('',(7.203584006704,-1.958604708103));
#1794 = CARTESIAN_POINT('',(7.206355343271,-1.976793120788));
#1795 = CARTESIAN_POINT('',(7.209198164892,-1.999003886322));
#1796 = CARTESIAN_POINT('',(7.211984080387,-2.024069957275));
#1797 = CARTESIAN_POINT('',(7.214621518417,-2.05116887887));
#1798 = CARTESIAN_POINT('',(7.216976699389,-2.079052939116));
#1799 = CARTESIAN_POINT('',(7.219047833796,-2.107830862232));
#1800 = CARTESIAN_POINT('',(7.221030185091,-2.139510201832));
#1801 = CARTESIAN_POINT('',(7.222836336085,-2.173193885487));
#1802 = CARTESIAN_POINT('',(7.224451583223,-2.208733799884));
#1803 = CARTESIAN_POINT('',(7.225842148503,-2.245779194646));
#1804 = CARTESIAN_POINT('',(7.22697782101,-2.284040908547));
#1805 = CARTESIAN_POINT('',(7.227858134351,-2.323067962961));
#1806 = CARTESIAN_POINT('',(7.228485100313,-2.362403284261));
#1807 = CARTESIAN_POINT('',(7.228860068636,-2.40159141804));
#1808 = CARTESIAN_POINT('',(7.228943066936,-2.427314788643));
#1809 = CARTESIAN_POINT('',(7.228943066973,-2.44));
#1810 = ( GEOMETRIC_REPRESENTATION_CONTEXT(2) 
PARAMETRIC_REPRESENTATION_CONTEXT() REPRESENTATION_CONTEXT('2D SPACE',''
  ) );
#1811 = PCURVE('',#1812,#1817);
#1812 = SPHERICAL_SURFACE('',#1813,1.3275);
#1813 = AXIS2_PLACEMENT_3D('',#1814,#1815,#1816);
#1814 = CARTESIAN_POINT('',(2.5,-6.702515369981,8.404688436531));
#1815 = DIRECTION('',(0.,0.,-1.));
#1816 = DIRECTION('',(0.,1.,0.));
#1817 = DEFINITIONAL_REPRESENTATION('',(#1818),#1866);
#1818 = B_SPLINE_CURVE_WITH_KNOTS('',3,(#1819,#1820,#1821,#1822,#1823,
    #1824,#1825,#1826,#1827,#1828,#1829,#1830,#1831,#1832,#1833,#1834,
    #1835,#1836,#1837,#1838,#1839,#1840,#1841,#1842,#1843,#1844,#1845,
    #1846,#1847,#1848,#1849,#1850,#1851,#1852,#1853,#1854,#1855,#1856,
    #1857,#1858,#1859,#1860,#1861,#1862,#1863,#1864,#1865),
  .UNSPECIFIED.,.F.,.F.,(4,1,1,1,1,1,1,1,1,1,1,1,1,1,1,1,1,1,1,1,1,1,1,1
    ,1,1,1,1,1,1,1,1,1,1,1,1,1,1,1,1,1,1,1,1,4),(0.,3.805563407057E-03,
    7.611126814114E-03,1.141669022117E-02,1.522225362823E-02,
    1.902781703528E-02,2.283338044234E-02,2.66389438494E-02,
    3.044450725646E-02,3.425007066351E-02,3.805563407057E-02,
    4.186119747763E-02,4.566676088468E-02,4.947232429174E-02,
    5.32778876988E-02,5.708345110585E-02,6.088901451291E-02,
    6.469457791997E-02,6.850014132703E-02,7.230570473408E-02,
    7.611126814114E-02,7.99168315482E-02,8.372239495525E-02,
    8.752795836231E-02,9.133352176937E-02,9.513908517642E-02,
    9.894464858348E-02,0.102750211991,0.106555775398,0.110361338805,
    0.114166902212,0.117972465619,0.121778029026,0.125583592433,
    0.12938915584,0.133194719247,0.137000282654,0.140805846061,
    0.144611409468,0.148416972875,0.152222536282,0.156028099689,
    0.159833663096,0.163639226503,0.167444789911),
  .QUASI_UNIFORM_KNOTS.);
#1819 = CARTESIAN_POINT('',(-3.14159265359,-0.448975478539));
#1820 = CARTESIAN_POINT('',(-3.130985527871,-0.448976773779));
#1821 = CARTESIAN_POINT('',(-3.109476808261,-0.449531538384));
#1822 = CARTESIAN_POINT('',(-3.076594693901,-0.452022454176));
#1823 = CARTESIAN_POINT('',(-3.043359175172,-0.456168641304));
#1824 = CARTESIAN_POINT('',(-3.010031469145,-0.461986706431));
#1825 = CARTESIAN_POINT('',(-2.976869206434,-0.469514215641));
#1826 = CARTESIAN_POINT('',(-2.94411929343,-0.478784808007));
#1827 = CARTESIAN_POINT('',(-2.911938929074,-0.489588187355));
#1828 = CARTESIAN_POINT('',(-2.880574064475,-0.50170338474));
#1829 = CARTESIAN_POINT('',(-2.850075591749,-0.515055697914));
#1830 = CARTESIAN_POINT('',(-2.821324027538,-0.529070620953));
#1831 = CARTESIAN_POINT('',(-2.792091770276,-0.545186372931));
#1832 = CARTESIAN_POINT('',(-2.762089696908,-0.563353665019));
#1833 = CARTESIAN_POINT('',(-2.732594591104,-0.582640039499));
#1834 = CARTESIAN_POINT('',(-2.704504550195,-0.602458039981));
#1835 = CARTESIAN_POINT('',(-2.679267565611,-0.622053363894));
#1836 = CARTESIAN_POINT('',(-2.653721537186,-0.6437906529));
#1837 = CARTESIAN_POINT('',(-2.628479699466,-0.666928656736));
#1838 = CARTESIAN_POINT('',(-2.603639709798,-0.691223836935));
#1839 = CARTESIAN_POINT('',(-2.579492617012,-0.716320441816));
#1840 = CARTESIAN_POINT('',(-2.556368719166,-0.741879107028));
#1841 = CARTESIAN_POINT('',(-2.534576980146,-0.767696245203));
#1842 = CARTESIAN_POINT('',(-2.514836495829,-0.793120783784));
#1843 = CARTESIAN_POINT('',(-2.496649919481,-0.819284326076));
#1844 = CARTESIAN_POINT('',(-2.479103447399,-0.847196991227));
#1845 = CARTESIAN_POINT('',(-2.462636330699,-0.876105843789));
#1846 = CARTESIAN_POINT('',(-2.447413649148,-0.905725314644));
#1847 = CARTESIAN_POINT('',(-2.433772109093,-0.935658498891));
#1848 = CARTESIAN_POINT('',(-2.422133077839,-0.965498861446));
#1849 = CARTESIAN_POINT('',(-2.412986607882,-0.995018467061));
#1850 = CARTESIAN_POINT('',(-2.407134006173,-1.023322329704));
#1851 = CARTESIAN_POINT('',(-2.404471028041,-1.053883054631));
#1852 = CARTESIAN_POINT('',(-2.405422970443,-1.08529044776));
#1853 = CARTESIAN_POINT('',(-2.410654694536,-1.116527829565));
#1854 = CARTESIAN_POINT('',(-2.42089822992,-1.146061591473));
#1855 = CARTESIAN_POINT('',(-2.437244128915,-1.173903391334));
#1856 = CARTESIAN_POINT('',(-2.461631118514,-1.202276978326));
#1857 = CARTESIAN_POINT('',(-2.495701423012,-1.229991250024));
#1858 = CARTESIAN_POINT('',(-2.54167595357,-1.256620509324));
#1859 = CARTESIAN_POINT('',(-2.602033984058,-1.281386441631));
#1860 = CARTESIAN_POINT('',(-2.679309770756,-1.303404678242));
#1861 = CARTESIAN_POINT('',(-2.774519417493,-1.321807777659));
#1862 = CARTESIAN_POINT('',(-2.886620833843,-1.335714129025));
#1863 = CARTESIAN_POINT('',(-3.011743703313,-1.344298949769));
#1864 = CARTESIAN_POINT('',(-3.098508866817,-1.346258918388));
#1865 = CARTESIAN_POINT('',(-3.14159265359,-1.346220323512));
#1866 = ( GEOMETRIC_REPRESENTATION_CONTEXT(2) 
PARAMETRIC_REPRESENTATION_CONTEXT() REPRESENTATION_CONTEXT('2D SPACE',''
  ) );
#1867 = ORIENTED_EDGE('',*,*,#1868,.T.);
#1868 = EDGE_CURVE('',#1738,#1736,#1869,.T.);
#1869 = SURFACE_CURVE('',#1870,(#1889,#1940),.PCURVE_S1.);
#1870 = B_SPLINE_CURVE_WITH_KNOTS('',3,(#1871,#1872,#1873,#1874,#1875,
    #1876,#1877,#1878,#1879,#1880,#1881,#1882,#1883,#1884,#1885,#1886,
    #1887,#1888),.UNSPECIFIED.,.F.,.F.,(4,2,2,2,2,2,2,2,4),(
    -0.167444789911,-0.14863882616,-0.12983286241,-0.11255488625,
    -8.372239495525E-02,-5.488990366008E-02,-3.761192750079E-02,
    -1.880596375039E-02,0.),.UNSPECIFIED.);
#1871 = CARTESIAN_POINT('',(2.5,-6.998140370742,9.698853074019));
#1872 = CARTESIAN_POINT('',(2.562686545835,-6.998140370742,
    9.698853074019));
#1873 = CARTESIAN_POINT('',(2.629682703114,-7.007980493405,
    9.691776615985));
#1874 = CARTESIAN_POINT('',(2.753959277361,-7.047788560109,9.66286713466
    ));
#1875 = CARTESIAN_POINT('',(2.811249490585,-7.077720143191,
    9.641026167816));
#1876 = CARTESIAN_POINT('',(2.900036189102,-7.142959189298,
    9.592776616055));
#1877 = CARTESIAN_POINT('',(2.942722855444,-7.186506047408,9.56025008799
    ));
#1878 = CARTESIAN_POINT('',(3.017527118048,-7.293493881113,
    9.479119978149));
#1879 = CARTESIAN_POINT('',(3.046025777756,-7.381800649638,
    9.410630987091));
#1880 = CARTESIAN_POINT('',(3.046025777756,-7.532081645721,
    9.290785891859));
#1881 = CARTESIAN_POINT('',(3.017527118048,-7.618503579388,
    9.219933392646));
#1882 = CARTESIAN_POINT('',(2.942722855444,-7.721406620668,
    9.133681115117));
#1883 = CARTESIAN_POINT('',(2.900036189102,-7.762807728302,
    9.098463901062));
#1884 = CARTESIAN_POINT('',(2.811249490585,-7.824364616535,
    9.045597069368));
#1885 = CARTESIAN_POINT('',(2.753959277361,-7.852318388562,
    9.021276005907));
#1886 = CARTESIAN_POINT('',(2.629682703114,-7.889361177014,
    8.988898975332));
#1887 = CARTESIAN_POINT('',(2.562686545835,-7.898449846757,
    8.980880225139));
#1888 = CARTESIAN_POINT('',(2.5,-7.898449846757,8.980880225139));
#1889 = PCURVE('',#622,#1890);
#1890 = DEFINITIONAL_REPRESENTATION('',(#1891),#1939);
#1891 = B_SPLINE_CURVE_WITH_KNOTS('',3,(#1892,#1893,#1894,#1895,#1896,
    #1897,#1898,#1899,#1900,#1901,#1902,#1903,#1904,#1905,#1906,#1907,
    #1908,#1909,#1910,#1911,#1912,#1913,#1914,#1915,#1916,#1917,#1918,
    #1919,#1920,#1921,#1922,#1923,#1924,#1925,#1926,#1927,#1928,#1929,
    #1930,#1931,#1932,#1933,#1934,#1935,#1936,#1937,#1938),
  .UNSPECIFIED.,.F.,.F.,(4,1,1,1,1,1,1,1,1,1,1,1,1,1,1,1,1,1,1,1,1,1,1,1
    ,1,1,1,1,1,1,1,1,1,1,1,1,1,1,1,1,1,1,1,1,4),(-0.167444789911,
    -0.163639226503,-0.159833663096,-0.156028099689,-0.152222536282,
    -0.148416972875,-0.144611409468,-0.140805846061,-0.137000282654,
    -0.133194719247,-0.12938915584,-0.125583592433,-0.121778029026,
    -0.117972465619,-0.114166902212,-0.110361338805,-0.106555775398,
    -0.102750211991,-9.894464858348E-02,-9.513908517642E-02,
    -9.133352176937E-02,-8.752795836231E-02,-8.372239495525E-02,
    -7.99168315482E-02,-7.611126814114E-02,-7.230570473408E-02,
    -6.850014132703E-02,-6.469457791997E-02,-6.088901451291E-02,
    -5.708345110585E-02,-5.32778876988E-02,-4.947232429174E-02,
    -4.566676088468E-02,-4.186119747763E-02,-3.805563407057E-02,
    -3.425007066351E-02,-3.044450725646E-02,-2.66389438494E-02,
    -2.283338044234E-02,-1.902781703528E-02,-1.522225362823E-02,
    -1.141669022117E-02,-7.611126814114E-03,-3.805563407057E-03,0.),
  .UNSPECIFIED.);
#1892 = CARTESIAN_POINT('',(7.228943066973,-2.44));
#1893 = CARTESIAN_POINT('',(7.228943066936,-2.452685211357));
#1894 = CARTESIAN_POINT('',(7.228860068636,-2.47840858196));
#1895 = CARTESIAN_POINT('',(7.228485100313,-2.517596715739));
#1896 = CARTESIAN_POINT('',(7.227858134351,-2.556932037039));
#1897 = CARTESIAN_POINT('',(7.22697782101,-2.595959091453));
#1898 = CARTESIAN_POINT('',(7.225842148503,-2.634220805354));
#1899 = CARTESIAN_POINT('',(7.224451583223,-2.671266200116));
#1900 = CARTESIAN_POINT('',(7.222836336085,-2.706806114513));
#1901 = CARTESIAN_POINT('',(7.221030185091,-2.740489798168));
#1902 = CARTESIAN_POINT('',(7.219047833796,-2.772169137768));
#1903 = CARTESIAN_POINT('',(7.216976699389,-2.800947060884));
#1904 = CARTESIAN_POINT('',(7.214621518417,-2.82883112113));
#1905 = CARTESIAN_POINT('',(7.211984080387,-2.855930042725));
#1906 = CARTESIAN_POINT('',(7.209198164892,-2.880996113678));
#1907 = CARTESIAN_POINT('',(7.206355343271,-2.903206879212));
#1908 = CARTESIAN_POINT('',(7.203584006704,-2.921395291897));
#1909 = CARTESIAN_POINT('',(7.200556871804,-2.937850718936));
#1910 = CARTESIAN_POINT('',(7.197376987406,-2.952104219339));
#1911 = CARTESIAN_POINT('',(7.194080485859,-2.964102617755));
#1912 = CARTESIAN_POINT('',(7.190720385154,-2.97368133457));
#1913 = CARTESIAN_POINT('',(7.187349101682,-2.980705641589));
#1914 = CARTESIAN_POINT('',(7.184004564489,-2.985032809203));
#1915 = CARTESIAN_POINT('',(7.180783208205,-2.986522262032));
#1916 = CARTESIAN_POINT('',(7.177561851922,-2.985032809203));
#1917 = CARTESIAN_POINT('',(7.174217314728,-2.980705641589));
#1918 = CARTESIAN_POINT('',(7.170846031256,-2.97368133457));
#1919 = CARTESIAN_POINT('',(7.167485930551,-2.964102617755));
#1920 = CARTESIAN_POINT('',(7.164189429005,-2.952104219339));
#1921 = CARTESIAN_POINT('',(7.161009544607,-2.937850718936));
#1922 = CARTESIAN_POINT('',(7.157982409706,-2.921395291897));
#1923 = CARTESIAN_POINT('',(7.15521107314,-2.903206879212));
#1924 = CARTESIAN_POINT('',(7.152368251519,-2.880996113678));
#1925 = CARTESIAN_POINT('',(7.149582336023,-2.855930042725));
#1926 = CARTESIAN_POINT('',(7.146944897994,-2.82883112113));
#1927 = CARTESIAN_POINT('',(7.144589717022,-2.800947060884));
#1928 = CARTESIAN_POINT('',(7.142518582614,-2.772169137768));
#1929 = CARTESIAN_POINT('',(7.14053623132,-2.740489798168));
#1930 = CARTESIAN_POINT('',(7.138730080326,-2.706806114513));
#1931 = CARTESIAN_POINT('',(7.137114833188,-2.671266200116));
#1932 = CARTESIAN_POINT('',(7.135724267907,-2.634220805354));
#1933 = CARTESIAN_POINT('',(7.134588595401,-2.595959091453));
#1934 = CARTESIAN_POINT('',(7.13370828206,-2.556932037039));
#1935 = CARTESIAN_POINT('',(7.133081316097,-2.517596715739));
#1936 = CARTESIAN_POINT('',(7.132706347775,-2.47840858196));
#1937 = CARTESIAN_POINT('',(7.132623349474,-2.452685211357));
#1938 = CARTESIAN_POINT('',(7.132623349438,-2.44));
#1939 = ( GEOMETRIC_REPRESENTATION_CONTEXT(2) 
PARAMETRIC_REPRESENTATION_CONTEXT() REPRESENTATION_CONTEXT('2D SPACE',''
  ) );
#1940 = PCURVE('',#1812,#1941);
#1941 = DEFINITIONAL_REPRESENTATION('',(#1942),#1990);
#1942 = B_SPLINE_CURVE_WITH_KNOTS('',3,(#1943,#1944,#1945,#1946,#1947,
    #1948,#1949,#1950,#1951,#1952,#1953,#1954,#1955,#1956,#1957,#1958,
    #1959,#1960,#1961,#1962,#1963,#1964,#1965,#1966,#1967,#1968,#1969,
    #1970,#1971,#1972,#1973,#1974,#1975,#1976,#1977,#1978,#1979,#1980,
    #1981,#1982,#1983,#1984,#1985,#1986,#1987,#1988,#1989),
  .UNSPECIFIED.,.F.,.F.,(4,1,1,1,1,1,1,1,1,1,1,1,1,1,1,1,1,1,1,1,1,1,1,1
    ,1,1,1,1,1,1,1,1,1,1,1,1,1,1,1,1,1,1,1,1,4),(-0.167444789911,
    -0.163639226503,-0.159833663096,-0.156028099689,-0.152222536282,
    -0.148416972875,-0.144611409468,-0.140805846061,-0.137000282654,
    -0.133194719247,-0.12938915584,-0.125583592433,-0.121778029026,
    -0.117972465619,-0.114166902212,-0.110361338805,-0.106555775398,
    -0.102750211991,-9.894464858348E-02,-9.513908517642E-02,
    -9.133352176937E-02,-8.752795836231E-02,-8.372239495525E-02,
    -7.99168315482E-02,-7.611126814114E-02,-7.230570473408E-02,
    -6.850014132703E-02,-6.469457791997E-02,-6.088901451291E-02,
    -5.708345110585E-02,-5.32778876988E-02,-4.947232429174E-02,
    -4.566676088468E-02,-4.186119747763E-02,-3.805563407057E-02,
    -3.425007066351E-02,-3.044450725646E-02,-2.66389438494E-02,
    -2.283338044234E-02,-1.902781703528E-02,-1.522225362823E-02,
    -1.141669022117E-02,-7.611126814114E-03,-3.805563407057E-03,0.),
  .UNSPECIFIED.);
#1943 = CARTESIAN_POINT('',(3.14159265359,-1.346220323512));
#1944 = CARTESIAN_POINT('',(3.098508866817,-1.346258918388));
#1945 = CARTESIAN_POINT('',(3.011743703313,-1.344298949769));
#1946 = CARTESIAN_POINT('',(2.886620833843,-1.335714129025));
#1947 = CARTESIAN_POINT('',(2.774519417493,-1.321807777659));
#1948 = CARTESIAN_POINT('',(2.679309770756,-1.303404678242));
#1949 = CARTESIAN_POINT('',(2.602033984058,-1.281386441631));
#1950 = CARTESIAN_POINT('',(2.54167595357,-1.256620509324));
#1951 = CARTESIAN_POINT('',(2.495701423012,-1.229991250024));
#1952 = CARTESIAN_POINT('',(2.461631118514,-1.202276978326));
#1953 = CARTESIAN_POINT('',(2.437244128915,-1.173903391334));
#1954 = CARTESIAN_POINT('',(2.42089822992,-1.146061591473));
#1955 = CARTESIAN_POINT('',(2.410654694536,-1.116527829565));
#1956 = CARTESIAN_POINT('',(2.405422970443,-1.08529044776));
#1957 = CARTESIAN_POINT('',(2.404471028041,-1.053883054631));
#1958 = CARTESIAN_POINT('',(2.407134006173,-1.023322329704));
#1959 = CARTESIAN_POINT('',(2.412986607882,-0.995018467061));
#1960 = CARTESIAN_POINT('',(2.422133077839,-0.965498861446));
#1961 = CARTESIAN_POINT('',(2.433772109093,-0.935658498891));
#1962 = CARTESIAN_POINT('',(2.447413649148,-0.905725314644));
#1963 = CARTESIAN_POINT('',(2.462636330699,-0.876105843789));
#1964 = CARTESIAN_POINT('',(2.479103447399,-0.847196991227));
#1965 = CARTESIAN_POINT('',(2.496649919481,-0.819284326076));
#1966 = CARTESIAN_POINT('',(2.514836495829,-0.793120783784));
#1967 = CARTESIAN_POINT('',(2.534576980146,-0.767696245203));
#1968 = CARTESIAN_POINT('',(2.556368719166,-0.741879107028));
#1969 = CARTESIAN_POINT('',(2.579492617012,-0.716320441816));
#1970 = CARTESIAN_POINT('',(2.603639709798,-0.691223836935));
#1971 = CARTESIAN_POINT('',(2.628479699466,-0.666928656736));
#1972 = CARTESIAN_POINT('',(2.653721537186,-0.6437906529));
#1973 = CARTESIAN_POINT('',(2.679267565611,-0.622053363894));
#1974 = CARTESIAN_POINT('',(2.704504550195,-0.602458039981));
#1975 = CARTESIAN_POINT('',(2.732594591104,-0.582640039499));
#1976 = CARTESIAN_POINT('',(2.762089696908,-0.563353665019));
#1977 = CARTESIAN_POINT('',(2.792091770276,-0.545186372931));
#1978 = CARTESIAN_POINT('',(2.821324027538,-0.529070620953));
#1979 = CARTESIAN_POINT('',(2.850075591749,-0.515055697914));
#1980 = CARTESIAN_POINT('',(2.880574064475,-0.50170338474));
#1981 = CARTESIAN_POINT('',(2.911938929074,-0.489588187355));
#1982 = CARTESIAN_POINT('',(2.94411929343,-0.478784808007));
#1983 = CARTESIAN_POINT('',(2.976869206434,-0.469514215641));
#1984 = CARTESIAN_POINT('',(3.010031469145,-0.461986706431));
#1985 = CARTESIAN_POINT('',(3.043359175172,-0.456168641304));
#1986 = CARTESIAN_POINT('',(3.076594693901,-0.452022454176));
#1987 = CARTESIAN_POINT('',(3.109476808261,-0.449531538384));
#1988 = CARTESIAN_POINT('',(3.130985527871,-0.448976773779));
#1989 = CARTESIAN_POINT('',(3.14159265359,-0.448975478539));
#1990 = ( GEOMETRIC_REPRESENTATION_CONTEXT(2) 
PARAMETRIC_REPRESENTATION_CONTEXT() REPRESENTATION_CONTEXT('2D SPACE',''
  ) );
#1991 = FACE_BOUND('',#1992,.T.);
#1992 = EDGE_LOOP('',(#1993,#2126));
#1993 = ORIENTED_EDGE('',*,*,#1994,.T.);
#1994 = EDGE_CURVE('',#1995,#1997,#1999,.T.);
#1995 = VERTEX_POINT('',#1996);
#1996 = CARTESIAN_POINT('',(2.5,-3.219599523958,11.518502441956));
#1997 = VERTEX_POINT('',#1998);
#1998 = CARTESIAN_POINT('',(2.5,-2.096931970353,11.77474398498));
#1999 = SURFACE_CURVE('',#2000,(#2019,#2070),.PCURVE_S1.);
#2000 = B_SPLINE_CURVE_WITH_KNOTS('',3,(#2001,#2002,#2003,#2004,#2005,
    #2006,#2007,#2008,#2009,#2010,#2011,#2012,#2013,#2014,#2015,#2016,
    #2017,#2018),.UNSPECIFIED.,.F.,.F.,(4,2,2,2,2,2,2,2,4),(0.,
    1.880596375008E-02,3.761192750017E-02,5.488990365917E-02,
    8.372239495387E-02,0.112554886249,0.129832862408,0.148638826158,
    0.167444789908),.UNSPECIFIED.);
#2001 = CARTESIAN_POINT('',(2.5,-3.219599523958,11.518502441956));
#2002 = CARTESIAN_POINT('',(2.437313454166,-3.219599523958,
    11.518502441956));
#2003 = CARTESIAN_POINT('',(2.370317296888,-3.207931710153,
    11.521783660228));
#2004 = CARTESIAN_POINT('',(2.246040722643,-3.160509443891,
    11.53488209325));
#2005 = CARTESIAN_POINT('',(2.18875050942,-3.1247714516,11.544665927133)
  );
#2006 = CARTESIAN_POINT('',(2.099963810905,-3.046372553089,
    11.565588763798));
#2007 = CARTESIAN_POINT('',(2.057277144564,-2.993791267498,
    11.579355109892));
#2008 = CARTESIAN_POINT('',(1.98247288196,-2.863655370213,
    11.612417770414));
#2009 = CARTESIAN_POINT('',(1.953974222253,-2.755050151193,
    11.638756594697));
#2010 = CARTESIAN_POINT('',(1.953974222253,-2.567652814253,
    11.681528813971));
#2011 = CARTESIAN_POINT('',(1.98247288196,-2.45837490546,11.704920391792
    ));
#2012 = CARTESIAN_POINT('',(2.057277144564,-2.326781162637,
    11.731595813679));
#2013 = CARTESIAN_POINT('',(2.099963810905,-2.273434067569,
    11.742006929223));
#2014 = CARTESIAN_POINT('',(2.18875050942,-2.193721022127,
    11.757172111989));
#2015 = CARTESIAN_POINT('',(2.246040722643,-2.157277157244,
    11.763863315975));
#2016 = CARTESIAN_POINT('',(2.370317296888,-2.1088679746,11.772637785807
    ));
#2017 = CARTESIAN_POINT('',(2.437313454166,-2.096931970353,
    11.774743984976));
#2018 = CARTESIAN_POINT('',(2.5,-2.096931970353,11.774743984976));
#2019 = PCURVE('',#622,#2020);
#2020 = DEFINITIONAL_REPRESENTATION('',(#2021),#2069);
#2021 = B_SPLINE_CURVE_WITH_KNOTS('',3,(#2022,#2023,#2024,#2025,#2026,
    #2027,#2028,#2029,#2030,#2031,#2032,#2033,#2034,#2035,#2036,#2037,
    #2038,#2039,#2040,#2041,#2042,#2043,#2044,#2045,#2046,#2047,#2048,
    #2049,#2050,#2051,#2052,#2053,#2054,#2055,#2056,#2057,#2058,#2059,
    #2060,#2061,#2062,#2063,#2064,#2065,#2066,#2067,#2068),
  .UNSPECIFIED.,.F.,.F.,(4,1,1,1,1,1,1,1,1,1,1,1,1,1,1,1,1,1,1,1,1,1,1,1
    ,1,1,1,1,1,1,1,1,1,1,1,1,1,1,1,1,1,1,1,1,4),(0.,3.805563406994E-03,
    7.611126813989E-03,1.141669022098E-02,1.522225362798E-02,
    1.902781703497E-02,2.283338044197E-02,2.663894384896E-02,
    3.044450725595E-02,3.425007066295E-02,3.805563406994E-02,
    4.186119747694E-02,4.566676088393E-02,4.947232429093E-02,
    5.327788769792E-02,5.708345110491E-02,6.088901451191E-02,
    6.46945779189E-02,6.85001413259E-02,7.230570473289E-02,
    7.611126813989E-02,7.991683154688E-02,8.372239495387E-02,
    8.752795836087E-02,9.133352176786E-02,9.513908517486E-02,
    9.894464858185E-02,0.102750211989,0.106555775396,0.110361338803,
    0.11416690221,0.117972465617,0.121778029024,0.125583592431,
    0.129389155838,0.133194719245,0.137000282652,0.140805846059,
    0.144611409466,0.148416972873,0.15222253628,0.156028099687,
    0.159833663094,0.163639226501,0.167444789908),
  .QUASI_UNIFORM_KNOTS.);
#2022 = CARTESIAN_POINT('',(7.581422299951,-2.44));
#2023 = CARTESIAN_POINT('',(7.581422299988,-2.427314788643));
#2024 = CARTESIAN_POINT('',(7.581505298288,-2.40159141804));
#2025 = CARTESIAN_POINT('',(7.581880266611,-2.362403284262));
#2026 = CARTESIAN_POINT('',(7.582507232573,-2.323067962962));
#2027 = CARTESIAN_POINT('',(7.583387545914,-2.28404090855));
#2028 = CARTESIAN_POINT('',(7.584523218421,-2.245779194649));
#2029 = CARTESIAN_POINT('',(7.585913783701,-2.208733799888));
#2030 = CARTESIAN_POINT('',(7.587529030839,-2.173193885491));
#2031 = CARTESIAN_POINT('',(7.589335181833,-2.139510201837));
#2032 = CARTESIAN_POINT('',(7.591317533128,-2.107830862238));
#2033 = CARTESIAN_POINT('',(7.593388667535,-2.079052939122));
#2034 = CARTESIAN_POINT('',(7.595743848507,-2.051168878876));
#2035 = CARTESIAN_POINT('',(7.598381286537,-2.024069957282));
#2036 = CARTESIAN_POINT('',(7.601167202032,-1.99900388633));
#2037 = CARTESIAN_POINT('',(7.604010023653,-1.976793120796));
#2038 = CARTESIAN_POINT('',(7.606781360219,-1.958604708111));
#2039 = CARTESIAN_POINT('',(7.60980849512,-1.942149281072));
#2040 = CARTESIAN_POINT('',(7.612988379518,-1.92789578067));
#2041 = CARTESIAN_POINT('',(7.616284881064,-1.915897382253));
#2042 = CARTESIAN_POINT('',(7.619644981769,-1.906318665438));
#2043 = CARTESIAN_POINT('',(7.623016265241,-1.89929435842));
#2044 = CARTESIAN_POINT('',(7.626360802435,-1.894967190806));
#2045 = CARTESIAN_POINT('',(7.629582158718,-1.893477737977));
#2046 = CARTESIAN_POINT('',(7.632803515001,-1.894967190806));
#2047 = CARTESIAN_POINT('',(7.636148052195,-1.89929435842));
#2048 = CARTESIAN_POINT('',(7.639519335667,-1.906318665438));
#2049 = CARTESIAN_POINT('',(7.642879436372,-1.915897382253));
#2050 = CARTESIAN_POINT('',(7.646175937918,-1.92789578067));
#2051 = CARTESIAN_POINT('',(7.649355822316,-1.942149281072));
#2052 = CARTESIAN_POINT('',(7.652382957217,-1.958604708111));
#2053 = CARTESIAN_POINT('',(7.655154293783,-1.976793120796));
#2054 = CARTESIAN_POINT('',(7.657997115404,-1.99900388633));
#2055 = CARTESIAN_POINT('',(7.660783030899,-2.024069957282));
#2056 = CARTESIAN_POINT('',(7.663420468929,-2.051168878876));
#2057 = CARTESIAN_POINT('',(7.665775649901,-2.079052939122));
#2058 = CARTESIAN_POINT('',(7.667846784308,-2.107830862238));
#2059 = CARTESIAN_POINT('',(7.669829135603,-2.139510201837));
#2060 = CARTESIAN_POINT('',(7.671635286597,-2.173193885491));
#2061 = CARTESIAN_POINT('',(7.673250533735,-2.208733799888));
#2062 = CARTESIAN_POINT('',(7.674641099015,-2.245779194649));
#2063 = CARTESIAN_POINT('',(7.675776771522,-2.28404090855));
#2064 = CARTESIAN_POINT('',(7.676657084863,-2.323067962962));
#2065 = CARTESIAN_POINT('',(7.677284050825,-2.362403284262));
#2066 = CARTESIAN_POINT('',(7.677659019148,-2.40159141804));
#2067 = CARTESIAN_POINT('',(7.677742017448,-2.427314788643));
#2068 = CARTESIAN_POINT('',(7.677742017485,-2.44));
#2069 = ( GEOMETRIC_REPRESENTATION_CONTEXT(2) 
PARAMETRIC_REPRESENTATION_CONTEXT() REPRESENTATION_CONTEXT('2D SPACE',''
  ) );
#2070 = PCURVE('',#2071,#2076);
#2071 = SPHERICAL_SURFACE('',#2072,1.3275);
#2072 = AXIS2_PLACEMENT_3D('',#2073,#2074,#2075);
#2073 = CARTESIAN_POINT('',(2.5,-2.39210004003,10.48047505595));
#2074 = DIRECTION('',(0.,0.,-1.));
#2075 = DIRECTION('',(0.,1.,0.));
#2076 = DEFINITIONAL_REPRESENTATION('',(#2077),#2125);
#2077 = B_SPLINE_CURVE_WITH_KNOTS('',3,(#2078,#2079,#2080,#2081,#2082,
    #2083,#2084,#2085,#2086,#2087,#2088,#2089,#2090,#2091,#2092,#2093,
    #2094,#2095,#2096,#2097,#2098,#2099,#2100,#2101,#2102,#2103,#2104,
    #2105,#2106,#2107,#2108,#2109,#2110,#2111,#2112,#2113,#2114,#2115,
    #2116,#2117,#2118,#2119,#2120,#2121,#2122,#2123,#2124),
  .UNSPECIFIED.,.F.,.F.,(4,1,1,1,1,1,1,1,1,1,1,1,1,1,1,1,1,1,1,1,1,1,1,1
    ,1,1,1,1,1,1,1,1,1,1,1,1,1,1,1,1,1,1,1,1,4),(0.,3.805563406994E-03,
    7.611126813989E-03,1.141669022098E-02,1.522225362798E-02,
    1.902781703497E-02,2.283338044197E-02,2.663894384896E-02,
    3.044450725595E-02,3.425007066295E-02,3.805563406994E-02,
    4.186119747694E-02,4.566676088393E-02,4.947232429093E-02,
    5.327788769792E-02,5.708345110491E-02,6.088901451191E-02,
    6.46945779189E-02,6.85001413259E-02,7.230570473289E-02,
    7.611126813989E-02,7.991683154688E-02,8.372239495387E-02,
    8.752795836087E-02,9.133352176786E-02,9.513908517486E-02,
    9.894464858185E-02,0.102750211989,0.106555775396,0.110361338803,
    0.11416690221,0.117972465617,0.121778029024,0.125583592431,
    0.129389155838,0.133194719245,0.137000282652,0.140805846059,
    0.144611409466,0.148416972873,0.15222253628,0.156028099687,
    0.159833663094,0.163639226501,0.167444789908),
  .QUASI_UNIFORM_KNOTS.);
#2078 = CARTESIAN_POINT('',(3.14159265359,-0.89777442906));
#2079 = CARTESIAN_POINT('',(3.156922560794,-0.897777246369));
#2080 = CARTESIAN_POINT('',(3.188007759517,-0.898117649149));
#2081 = CARTESIAN_POINT('',(3.235648313395,-0.899610566932));
#2082 = CARTESIAN_POINT('',(3.284035165779,-0.902050790382));
#2083 = CARTESIAN_POINT('',(3.332912569872,-0.905448871327));
#2084 = CARTESIAN_POINT('',(3.382039173278,-0.909852584902));
#2085 = CARTESIAN_POINT('',(3.431201690935,-0.915323611884));
#2086 = CARTESIAN_POINT('',(3.480264281058,-0.921684459451));
#2087 = CARTESIAN_POINT('',(3.528926503947,-0.928777534797));
#2088 = CARTESIAN_POINT('',(3.5772049863,-0.936562297428));
#2089 = CARTESIAN_POINT('',(3.623702761739,-0.944700010841));
#2090 = CARTESIAN_POINT('',(3.672282536279,-0.954184759939));
#2091 = CARTESIAN_POINT('',(3.723595355635,-0.964810330463));
#2092 = CARTESIAN_POINT('',(3.775564906523,-0.975926163928));
#2093 = CARTESIAN_POINT('',(3.826714249424,-0.987214968203));
#2094 = CARTESIAN_POINT('',(3.87455677868,-0.99847208537));
#2095 = CARTESIAN_POINT('',(3.925197478036,-1.011054596981));
#2096 = CARTESIAN_POINT('',(3.977602335459,-1.024370017584));
#2097 = CARTESIAN_POINT('',(4.031692602469,-1.038191594186));
#2098 = CARTESIAN_POINT('',(4.08701246221,-1.052257399284));
#2099 = CARTESIAN_POINT('',(4.142995125842,-1.06636921684));
#2100 = CARTESIAN_POINT('',(4.19921258182,-1.080459826702));
#2101 = CARTESIAN_POINT('',(4.254127203185,-1.094280553587));
#2102 = CARTESIAN_POINT('',(4.309883959488,-1.108625224989));
#2103 = CARTESIAN_POINT('',(4.369487313624,-1.123862126339));
#2104 = CARTESIAN_POINT('',(4.432040772178,-1.139425136495));
#2105 = CARTESIAN_POINT('',(4.497493406105,-1.155048488335));
#2106 = CARTESIAN_POINT('',(4.565381847942,-1.170460922886));
#2107 = CARTESIAN_POINT('',(4.634986268636,-1.185467309056));
#2108 = CARTESIAN_POINT('',(4.705894115195,-1.200024211505));
#2109 = CARTESIAN_POINT('',(4.775605261868,-1.213942997735));
#2110 = CARTESIAN_POINT('',(4.853353299372,-1.228936012068));
#2111 = CARTESIAN_POINT('',(4.937499613265,-1.243845242345));
#2112 = CARTESIAN_POINT('',(5.026263144225,-1.258043925802));
#2113 = CARTESIAN_POINT('',(5.115465075011,-1.270985803428));
#2114 = CARTESIAN_POINT('',(5.204829453268,-1.283102759841));
#2115 = CARTESIAN_POINT('',(5.302990363275,-1.295005998081));
#2116 = CARTESIAN_POINT('',(5.407836208422,-1.306135061048));
#2117 = CARTESIAN_POINT('',(5.519677182662,-1.316294347439));
#2118 = CARTESIAN_POINT('',(5.637791123087,-1.325270311106));
#2119 = CARTESIAN_POINT('',(5.761410799597,-1.332975471469));
#2120 = CARTESIAN_POINT('',(5.889632862958,-1.339126610167));
#2121 = CARTESIAN_POINT('',(6.02088311714,-1.343515039785));
#2122 = CARTESIAN_POINT('',(6.153046867114,-1.346051682462));
#2123 = CARTESIAN_POINT('',(6.240214476392,-1.346585882608));
#2124 = CARTESIAN_POINT('',(6.28318530718,-1.346573379573));
#2125 = ( GEOMETRIC_REPRESENTATION_CONTEXT(2) 
PARAMETRIC_REPRESENTATION_CONTEXT() REPRESENTATION_CONTEXT('2D SPACE',''
  ) );
#2126 = ORIENTED_EDGE('',*,*,#2127,.T.);
#2127 = EDGE_CURVE('',#1997,#1995,#2128,.T.);
#2128 = SURFACE_CURVE('',#2129,(#2148,#2199),.PCURVE_S1.);
#2129 = B_SPLINE_CURVE_WITH_KNOTS('',3,(#2130,#2131,#2132,#2133,#2134,
    #2135,#2136,#2137,#2138,#2139,#2140,#2141,#2142,#2143,#2144,#2145,
    #2146,#2147),.UNSPECIFIED.,.F.,.F.,(4,2,2,2,2,2,2,2,4),(
    -0.167444789908,-0.148638826158,-0.129832862408,-0.112554886249,
    -8.372239495387E-02,-5.488990365917E-02,-3.761192750016E-02,
    -1.880596375008E-02,0.),.UNSPECIFIED.);
#2130 = CARTESIAN_POINT('',(2.5,-2.096931970353,11.774743984976));
#2131 = CARTESIAN_POINT('',(2.562686545834,-2.096931970353,
    11.774743984976));
#2132 = CARTESIAN_POINT('',(2.629682703112,-2.1088679746,11.772637785807
    ));
#2133 = CARTESIAN_POINT('',(2.753959277357,-2.157277157244,
    11.763863315975));
#2134 = CARTESIAN_POINT('',(2.81124949058,-2.193721022127,
    11.757172111989));
#2135 = CARTESIAN_POINT('',(2.900036189095,-2.273434067569,
    11.742006929223));
#2136 = CARTESIAN_POINT('',(2.942722855436,-2.326781162637,
    11.731595813679));
#2137 = CARTESIAN_POINT('',(3.01752711804,-2.45837490546,11.704920391792
    ));
#2138 = CARTESIAN_POINT('',(3.046025777747,-2.567652814253,
    11.681528813971));
#2139 = CARTESIAN_POINT('',(3.046025777747,-2.755050151193,
    11.638756594697));
#2140 = CARTESIAN_POINT('',(3.01752711804,-2.863655370213,
    11.612417770414));
#2141 = CARTESIAN_POINT('',(2.942722855436,-2.993791267498,
    11.579355109892));
#2142 = CARTESIAN_POINT('',(2.900036189095,-3.046372553089,
    11.565588763798));
#2143 = CARTESIAN_POINT('',(2.81124949058,-3.1247714516,11.544665927133)
  );
#2144 = CARTESIAN_POINT('',(2.753959277357,-3.160509443891,
    11.53488209325));
#2145 = CARTESIAN_POINT('',(2.629682703112,-3.207931710153,
    11.521783660228));
#2146 = CARTESIAN_POINT('',(2.562686545834,-3.219599523958,
    11.518502441956));
#2147 = CARTESIAN_POINT('',(2.5,-3.219599523958,11.518502441956));
#2148 = PCURVE('',#622,#2149);
#2149 = DEFINITIONAL_REPRESENTATION('',(#2150),#2198);
#2150 = B_SPLINE_CURVE_WITH_KNOTS('',3,(#2151,#2152,#2153,#2154,#2155,
    #2156,#2157,#2158,#2159,#2160,#2161,#2162,#2163,#2164,#2165,#2166,
    #2167,#2168,#2169,#2170,#2171,#2172,#2173,#2174,#2175,#2176,#2177,
    #2178,#2179,#2180,#2181,#2182,#2183,#2184,#2185,#2186,#2187,#2188,
    #2189,#2190,#2191,#2192,#2193,#2194,#2195,#2196,#2197),
  .UNSPECIFIED.,.F.,.F.,(4,1,1,1,1,1,1,1,1,1,1,1,1,1,1,1,1,1,1,1,1,1,1,1
    ,1,1,1,1,1,1,1,1,1,1,1,1,1,1,1,1,1,1,1,1,4),(-0.167444789908,
    -0.163639226501,-0.159833663094,-0.156028099687,-0.15222253628,
    -0.148416972873,-0.144611409466,-0.140805846059,-0.137000282652,
    -0.133194719245,-0.129389155838,-0.125583592431,-0.121778029024,
    -0.117972465617,-0.11416690221,-0.110361338803,-0.106555775396,
    -0.102750211989,-9.894464858185E-02,-9.513908517486E-02,
    -9.133352176786E-02,-8.752795836087E-02,-8.372239495387E-02,
    -7.991683154688E-02,-7.611126813989E-02,-7.230570473289E-02,
    -6.85001413259E-02,-6.46945779189E-02,-6.088901451191E-02,
    -5.708345110491E-02,-5.327788769792E-02,-4.947232429093E-02,
    -4.566676088393E-02,-4.186119747694E-02,-3.805563406994E-02,
    -3.425007066295E-02,-3.044450725595E-02,-2.663894384896E-02,
    -2.283338044197E-02,-1.902781703497E-02,-1.522225362798E-02,
    -1.141669022098E-02,-7.611126813989E-03,-3.805563406994E-03,0.),
  .UNSPECIFIED.);
#2151 = CARTESIAN_POINT('',(7.677742017485,-2.44));
#2152 = CARTESIAN_POINT('',(7.677742017448,-2.452685211357));
#2153 = CARTESIAN_POINT('',(7.677659019148,-2.47840858196));
#2154 = CARTESIAN_POINT('',(7.677284050825,-2.517596715738));
#2155 = CARTESIAN_POINT('',(7.676657084863,-2.556932037038));
#2156 = CARTESIAN_POINT('',(7.675776771522,-2.59595909145));
#2157 = CARTESIAN_POINT('',(7.674641099015,-2.634220805351));
#2158 = CARTESIAN_POINT('',(7.673250533735,-2.671266200112));
#2159 = CARTESIAN_POINT('',(7.671635286597,-2.706806114509));
#2160 = CARTESIAN_POINT('',(7.669829135603,-2.740489798163));
#2161 = CARTESIAN_POINT('',(7.667846784308,-2.772169137762));
#2162 = CARTESIAN_POINT('',(7.665775649901,-2.800947060878));
#2163 = CARTESIAN_POINT('',(7.663420468929,-2.828831121124));
#2164 = CARTESIAN_POINT('',(7.660783030899,-2.855930042718));
#2165 = CARTESIAN_POINT('',(7.657997115404,-2.88099611367));
#2166 = CARTESIAN_POINT('',(7.655154293783,-2.903206879204));
#2167 = CARTESIAN_POINT('',(7.652382957217,-2.921395291889));
#2168 = CARTESIAN_POINT('',(7.649355822316,-2.937850718928));
#2169 = CARTESIAN_POINT('',(7.646175937918,-2.95210421933));
#2170 = CARTESIAN_POINT('',(7.642879436372,-2.964102617747));
#2171 = CARTESIAN_POINT('',(7.639519335667,-2.973681334562));
#2172 = CARTESIAN_POINT('',(7.636148052195,-2.98070564158));
#2173 = CARTESIAN_POINT('',(7.632803515001,-2.985032809194));
#2174 = CARTESIAN_POINT('',(7.629582158718,-2.986522262023));
#2175 = CARTESIAN_POINT('',(7.626360802435,-2.985032809194));
#2176 = CARTESIAN_POINT('',(7.623016265241,-2.98070564158));
#2177 = CARTESIAN_POINT('',(7.619644981769,-2.973681334562));
#2178 = CARTESIAN_POINT('',(7.616284881064,-2.964102617747));
#2179 = CARTESIAN_POINT('',(7.612988379518,-2.95210421933));
#2180 = CARTESIAN_POINT('',(7.60980849512,-2.937850718928));
#2181 = CARTESIAN_POINT('',(7.606781360219,-2.921395291889));
#2182 = CARTESIAN_POINT('',(7.604010023653,-2.903206879204));
#2183 = CARTESIAN_POINT('',(7.601167202032,-2.88099611367));
#2184 = CARTESIAN_POINT('',(7.598381286537,-2.855930042718));
#2185 = CARTESIAN_POINT('',(7.595743848507,-2.828831121124));
#2186 = CARTESIAN_POINT('',(7.593388667535,-2.800947060878));
#2187 = CARTESIAN_POINT('',(7.591317533128,-2.772169137762));
#2188 = CARTESIAN_POINT('',(7.589335181833,-2.740489798163));
#2189 = CARTESIAN_POINT('',(7.587529030839,-2.706806114509));
#2190 = CARTESIAN_POINT('',(7.585913783701,-2.671266200112));
#2191 = CARTESIAN_POINT('',(7.584523218421,-2.634220805351));
#2192 = CARTESIAN_POINT('',(7.583387545914,-2.59595909145));
#2193 = CARTESIAN_POINT('',(7.582507232573,-2.556932037038));
#2194 = CARTESIAN_POINT('',(7.581880266611,-2.517596715738));
#2195 = CARTESIAN_POINT('',(7.581505298288,-2.47840858196));
#2196 = CARTESIAN_POINT('',(7.581422299988,-2.452685211357));
#2197 = CARTESIAN_POINT('',(7.581422299951,-2.44));
#2198 = ( GEOMETRIC_REPRESENTATION_CONTEXT(2) 
PARAMETRIC_REPRESENTATION_CONTEXT() REPRESENTATION_CONTEXT('2D SPACE',''
  ) );
#2199 = PCURVE('',#2071,#2200);
#2200 = DEFINITIONAL_REPRESENTATION('',(#2201),#2249);
#2201 = B_SPLINE_CURVE_WITH_KNOTS('',3,(#2202,#2203,#2204,#2205,#2206,
    #2207,#2208,#2209,#2210,#2211,#2212,#2213,#2214,#2215,#2216,#2217,
    #2218,#2219,#2220,#2221,#2222,#2223,#2224,#2225,#2226,#2227,#2228,
    #2229,#2230,#2231,#2232,#2233,#2234,#2235,#2236,#2237,#2238,#2239,
    #2240,#2241,#2242,#2243,#2244,#2245,#2246,#2247,#2248),
  .UNSPECIFIED.,.F.,.F.,(4,1,1,1,1,1,1,1,1,1,1,1,1,1,1,1,1,1,1,1,1,1,1,1
    ,1,1,1,1,1,1,1,1,1,1,1,1,1,1,1,1,1,1,1,1,4),(-0.167444789908,
    -0.163639226501,-0.159833663094,-0.156028099687,-0.15222253628,
    -0.148416972873,-0.144611409466,-0.140805846059,-0.137000282652,
    -0.133194719245,-0.129389155838,-0.125583592431,-0.121778029024,
    -0.117972465617,-0.11416690221,-0.110361338803,-0.106555775396,
    -0.102750211989,-9.894464858185E-02,-9.513908517486E-02,
    -9.133352176786E-02,-8.752795836087E-02,-8.372239495387E-02,
    -7.991683154688E-02,-7.611126813989E-02,-7.230570473289E-02,
    -6.85001413259E-02,-6.46945779189E-02,-6.088901451191E-02,
    -5.708345110491E-02,-5.327788769792E-02,-4.947232429093E-02,
    -4.566676088393E-02,-4.186119747694E-02,-3.805563406994E-02,
    -3.425007066295E-02,-3.044450725595E-02,-2.663894384896E-02,
    -2.283338044197E-02,-1.902781703497E-02,-1.522225362798E-02,
    -1.141669022098E-02,-7.611126813989E-03,-3.805563406994E-03,0.),
  .UNSPECIFIED.);
#2202 = CARTESIAN_POINT('',(6.28318530718,-1.346573379573));
#2203 = CARTESIAN_POINT('',(6.326156137968,-1.346585882608));
#2204 = CARTESIAN_POINT('',(6.413323747245,-1.346051682462));
#2205 = CARTESIAN_POINT('',(6.545487497219,-1.343515039785));
#2206 = CARTESIAN_POINT('',(6.676737751401,-1.339126610167));
#2207 = CARTESIAN_POINT('',(6.804959814762,-1.332975471469));
#2208 = CARTESIAN_POINT('',(6.928579491272,-1.325270311106));
#2209 = CARTESIAN_POINT('',(7.046693431697,-1.316294347439));
#2210 = CARTESIAN_POINT('',(7.158534405937,-1.306135061048));
#2211 = CARTESIAN_POINT('',(7.263380251084,-1.295005998081));
#2212 = CARTESIAN_POINT('',(7.361541161091,-1.283102759841));
#2213 = CARTESIAN_POINT('',(7.450905539348,-1.270985803428));
#2214 = CARTESIAN_POINT('',(7.540107470134,-1.258043925802));
#2215 = CARTESIAN_POINT('',(7.628871001094,-1.243845242345));
#2216 = CARTESIAN_POINT('',(7.713017314987,-1.228936012068));
#2217 = CARTESIAN_POINT('',(7.790765352491,-1.213942997735));
#2218 = CARTESIAN_POINT('',(7.860476499165,-1.200024211505));
#2219 = CARTESIAN_POINT('',(7.931384345723,-1.185467309056));
#2220 = CARTESIAN_POINT('',(8.000988766417,-1.170460922886));
#2221 = CARTESIAN_POINT('',(8.068877208254,-1.155048488335));
#2222 = CARTESIAN_POINT('',(8.134329842182,-1.139425136495));
#2223 = CARTESIAN_POINT('',(8.196883300735,-1.123862126339));
#2224 = CARTESIAN_POINT('',(8.256486654871,-1.108625224989));
#2225 = CARTESIAN_POINT('',(8.312243411175,-1.094280553587));
#2226 = CARTESIAN_POINT('',(8.367158032539,-1.080459826702));
#2227 = CARTESIAN_POINT('',(8.423375488518,-1.06636921684));
#2228 = CARTESIAN_POINT('',(8.47935815215,-1.052257399284));
#2229 = CARTESIAN_POINT('',(8.53467801189,-1.038191594186));
#2230 = CARTESIAN_POINT('',(8.5887682789,-1.024370017584));
#2231 = CARTESIAN_POINT('',(8.641173136323,-1.011054596981));
#2232 = CARTESIAN_POINT('',(8.691813835679,-0.99847208537));
#2233 = CARTESIAN_POINT('',(8.739656364935,-0.987214968203));
#2234 = CARTESIAN_POINT('',(8.790805707836,-0.975926163928));
#2235 = CARTESIAN_POINT('',(8.842775258724,-0.964810330463));
#2236 = CARTESIAN_POINT('',(8.89408807808,-0.954184759939));
#2237 = CARTESIAN_POINT('',(8.94266785262,-0.944700010841));
#2238 = CARTESIAN_POINT('',(8.98916562806,-0.936562297428));
#2239 = CARTESIAN_POINT('',(9.037444110412,-0.928777534797));
#2240 = CARTESIAN_POINT('',(9.086106333301,-0.921684459451));
#2241 = CARTESIAN_POINT('',(9.135168923424,-0.915323611884));
#2242 = CARTESIAN_POINT('',(9.184331441081,-0.909852584902));
#2243 = CARTESIAN_POINT('',(9.233458044487,-0.905448871327));
#2244 = CARTESIAN_POINT('',(9.28233544858,-0.902050790382));
#2245 = CARTESIAN_POINT('',(9.330722300964,-0.899610566932));
#2246 = CARTESIAN_POINT('',(9.378362854842,-0.898117649149));
#2247 = CARTESIAN_POINT('',(9.409448053565,-0.897777246369));
#2248 = CARTESIAN_POINT('',(9.424777960769,-0.89777442906));
#2249 = ( GEOMETRIC_REPRESENTATION_CONTEXT(2) 
PARAMETRIC_REPRESENTATION_CONTEXT() REPRESENTATION_CONTEXT('2D SPACE',''
  ) );
#2250 = FACE_BOUND('',#2251,.T.);
#2251 = EDGE_LOOP('',(#2252,#2385));
#2252 = ORIENTED_EDGE('',*,*,#2253,.T.);
#2253 = EDGE_CURVE('',#2254,#2256,#2258,.T.);
#2254 = VERTEX_POINT('',#2255);
#2255 = CARTESIAN_POINT('',(2.5,2.096931970353,11.774743984976));
#2256 = VERTEX_POINT('',#2257);
#2257 = CARTESIAN_POINT('',(2.5,3.219599523958,11.51850244196));
#2258 = SURFACE_CURVE('',#2259,(#2278,#2329),.PCURVE_S1.);
#2259 = B_SPLINE_CURVE_WITH_KNOTS('',3,(#2260,#2261,#2262,#2263,#2264,
    #2265,#2266,#2267,#2268,#2269,#2270,#2271,#2272,#2273,#2274,#2275,
    #2276,#2277),.UNSPECIFIED.,.F.,.F.,(4,2,2,2,2,2,2,2,4),(0.,
    1.880596375008E-02,3.761192750016E-02,5.488990365917E-02,
    8.372239495387E-02,0.112554886249,0.129832862408,0.148638826158,
    0.167444789908),.UNSPECIFIED.);
#2260 = CARTESIAN_POINT('',(2.5,2.096931970353,11.774743984976));
#2261 = CARTESIAN_POINT('',(2.437313454166,2.096931970353,
    11.774743984976));
#2262 = CARTESIAN_POINT('',(2.370317296888,2.1088679746,11.772637785807)
  );
#2263 = CARTESIAN_POINT('',(2.246040722643,2.157277157244,
    11.763863315975));
#2264 = CARTESIAN_POINT('',(2.18875050942,2.193721022127,11.757172111989
    ));
#2265 = CARTESIAN_POINT('',(2.099963810905,2.273434067569,
    11.742006929223));
#2266 = CARTESIAN_POINT('',(2.057277144564,2.326781162637,
    11.731595813679));
#2267 = CARTESIAN_POINT('',(1.98247288196,2.45837490546,11.704920391792)
  );
#2268 = CARTESIAN_POINT('',(1.953974222253,2.567652814253,
    11.681528813971));
#2269 = CARTESIAN_POINT('',(1.953974222253,2.755050151193,
    11.638756594697));
#2270 = CARTESIAN_POINT('',(1.98247288196,2.863655370213,11.612417770414
    ));
#2271 = CARTESIAN_POINT('',(2.057277144564,2.993791267498,
    11.579355109892));
#2272 = CARTESIAN_POINT('',(2.099963810905,3.046372553089,
    11.565588763798));
#2273 = CARTESIAN_POINT('',(2.18875050942,3.1247714516,11.544665927133)
  );
#2274 = CARTESIAN_POINT('',(2.246040722643,3.160509443891,11.53488209325
    ));
#2275 = CARTESIAN_POINT('',(2.370317296888,3.207931710153,
    11.521783660228));
#2276 = CARTESIAN_POINT('',(2.437313454166,3.219599523958,
    11.518502441956));
#2277 = CARTESIAN_POINT('',(2.5,3.219599523958,11.518502441956));
#2278 = PCURVE('',#622,#2279);
#2279 = DEFINITIONAL_REPRESENTATION('',(#2280),#2328);
#2280 = B_SPLINE_CURVE_WITH_KNOTS('',3,(#2281,#2282,#2283,#2284,#2285,
    #2286,#2287,#2288,#2289,#2290,#2291,#2292,#2293,#2294,#2295,#2296,
    #2297,#2298,#2299,#2300,#2301,#2302,#2303,#2304,#2305,#2306,#2307,
    #2308,#2309,#2310,#2311,#2312,#2313,#2314,#2315,#2316,#2317,#2318,
    #2319,#2320,#2321,#2322,#2323,#2324,#2325,#2326,#2327),
  .UNSPECIFIED.,.F.,.F.,(4,1,1,1,1,1,1,1,1,1,1,1,1,1,1,1,1,1,1,1,1,1,1,1
    ,1,1,1,1,1,1,1,1,1,1,1,1,1,1,1,1,1,1,1,1,4),(0.,3.805563406994E-03,
    7.611126813989E-03,1.141669022098E-02,1.522225362798E-02,
    1.902781703497E-02,2.283338044197E-02,2.663894384896E-02,
    3.044450725595E-02,3.425007066295E-02,3.805563406994E-02,
    4.186119747694E-02,4.566676088393E-02,4.947232429093E-02,
    5.327788769792E-02,5.708345110491E-02,6.088901451191E-02,
    6.46945779189E-02,6.85001413259E-02,7.230570473289E-02,
    7.611126813989E-02,7.991683154688E-02,8.372239495387E-02,
    8.752795836087E-02,9.133352176786E-02,9.513908517486E-02,
    9.894464858185E-02,0.102750211989,0.106555775396,0.110361338803,
    0.11416690221,0.117972465617,0.121778029024,0.125583592431,
    0.129389155838,0.133194719245,0.137000282652,0.140805846059,
    0.144611409466,0.148416972873,0.15222253628,0.156028099687,
    0.159833663094,0.163639226501,0.167444789908),
  .QUASI_UNIFORM_KNOTS.);
#2281 = CARTESIAN_POINT('',(8.030221250464,-2.44));
#2282 = CARTESIAN_POINT('',(8.030221250501,-2.427314788643));
#2283 = CARTESIAN_POINT('',(8.030304248801,-2.40159141804));
#2284 = CARTESIAN_POINT('',(8.030679217124,-2.362403284262));
#2285 = CARTESIAN_POINT('',(8.031306183086,-2.323067962962));
#2286 = CARTESIAN_POINT('',(8.032186496427,-2.28404090855));
#2287 = CARTESIAN_POINT('',(8.033322168934,-2.245779194649));
#2288 = CARTESIAN_POINT('',(8.034712734214,-2.208733799888));
#2289 = CARTESIAN_POINT('',(8.036327981352,-2.173193885491));
#2290 = CARTESIAN_POINT('',(8.038134132346,-2.139510201837));
#2291 = CARTESIAN_POINT('',(8.040116483641,-2.107830862238));
#2292 = CARTESIAN_POINT('',(8.042187618048,-2.079052939122));
#2293 = CARTESIAN_POINT('',(8.04454279902,-2.051168878876));
#2294 = CARTESIAN_POINT('',(8.04718023705,-2.024069957282));
#2295 = CARTESIAN_POINT('',(8.049966152545,-1.99900388633));
#2296 = CARTESIAN_POINT('',(8.052808974166,-1.976793120796));
#2297 = CARTESIAN_POINT('',(8.055580310732,-1.958604708111));
#2298 = CARTESIAN_POINT('',(8.058607445633,-1.942149281072));
#2299 = CARTESIAN_POINT('',(8.061787330031,-1.92789578067));
#2300 = CARTESIAN_POINT('',(8.065083831577,-1.915897382253));
#2301 = CARTESIAN_POINT('',(8.068443932282,-1.906318665438));
#2302 = CARTESIAN_POINT('',(8.071815215754,-1.89929435842));
#2303 = CARTESIAN_POINT('',(8.075159752948,-1.894967190806));
#2304 = CARTESIAN_POINT('',(8.078381109231,-1.893477737977));
#2305 = CARTESIAN_POINT('',(8.081602465514,-1.894967190806));
#2306 = CARTESIAN_POINT('',(8.084947002708,-1.89929435842));
#2307 = CARTESIAN_POINT('',(8.08831828618,-1.906318665438));
#2308 = CARTESIAN_POINT('',(8.091678386885,-1.915897382253));
#2309 = CARTESIAN_POINT('',(8.094974888431,-1.92789578067));
#2310 = CARTESIAN_POINT('',(8.098154772829,-1.942149281072));
#2311 = CARTESIAN_POINT('',(8.10118190773,-1.958604708111));
#2312 = CARTESIAN_POINT('',(8.103953244296,-1.976793120796));
#2313 = CARTESIAN_POINT('',(8.106796065917,-1.99900388633));
#2314 = CARTESIAN_POINT('',(8.109581981412,-2.024069957282));
#2315 = CARTESIAN_POINT('',(8.112219419442,-2.051168878876));
#2316 = CARTESIAN_POINT('',(8.114574600414,-2.079052939122));
#2317 = CARTESIAN_POINT('',(8.116645734821,-2.107830862238));
#2318 = CARTESIAN_POINT('',(8.118628086116,-2.139510201837));
#2319 = CARTESIAN_POINT('',(8.12043423711,-2.173193885491));
#2320 = CARTESIAN_POINT('',(8.122049484248,-2.208733799888));
#2321 = CARTESIAN_POINT('',(8.123440049528,-2.245779194649));
#2322 = CARTESIAN_POINT('',(8.124575722035,-2.28404090855));
#2323 = CARTESIAN_POINT('',(8.125456035376,-2.323067962962));
#2324 = CARTESIAN_POINT('',(8.126083001338,-2.362403284262));
#2325 = CARTESIAN_POINT('',(8.126457969661,-2.40159141804));
#2326 = CARTESIAN_POINT('',(8.126540967961,-2.427314788643));
#2327 = CARTESIAN_POINT('',(8.126540967998,-2.44));
#2328 = ( GEOMETRIC_REPRESENTATION_CONTEXT(2) 
PARAMETRIC_REPRESENTATION_CONTEXT() REPRESENTATION_CONTEXT('2D SPACE',''
  ) );
#2329 = PCURVE('',#2330,#2335);
#2330 = SPHERICAL_SURFACE('',#2331,1.3275);
#2331 = AXIS2_PLACEMENT_3D('',#2332,#2333,#2334);
#2332 = CARTESIAN_POINT('',(2.5,2.39210004003,10.48047505595));
#2333 = DIRECTION('',(0.,0.,-1.));
#2334 = DIRECTION('',(0.,1.,0.));
#2335 = DEFINITIONAL_REPRESENTATION('',(#2336),#2384);
#2336 = B_SPLINE_CURVE_WITH_KNOTS('',3,(#2337,#2338,#2339,#2340,#2341,
    #2342,#2343,#2344,#2345,#2346,#2347,#2348,#2349,#2350,#2351,#2352,
    #2353,#2354,#2355,#2356,#2357,#2358,#2359,#2360,#2361,#2362,#2363,
    #2364,#2365,#2366,#2367,#2368,#2369,#2370,#2371,#2372,#2373,#2374,
    #2375,#2376,#2377,#2378,#2379,#2380,#2381,#2382,#2383),
  .UNSPECIFIED.,.F.,.F.,(4,1,1,1,1,1,1,1,1,1,1,1,1,1,1,1,1,1,1,1,1,1,1,1
    ,1,1,1,1,1,1,1,1,1,1,1,1,1,1,1,1,1,1,1,1,4),(0.,3.805563406994E-03,
    7.611126813989E-03,1.141669022098E-02,1.522225362798E-02,
    1.902781703497E-02,2.283338044197E-02,2.663894384896E-02,
    3.044450725595E-02,3.425007066295E-02,3.805563406994E-02,
    4.186119747694E-02,4.566676088393E-02,4.947232429093E-02,
    5.327788769792E-02,5.708345110491E-02,6.088901451191E-02,
    6.46945779189E-02,6.85001413259E-02,7.230570473289E-02,
    7.611126813989E-02,7.991683154688E-02,8.372239495387E-02,
    8.752795836087E-02,9.133352176786E-02,9.513908517486E-02,
    9.894464858185E-02,0.102750211989,0.106555775396,0.110361338803,
    0.11416690221,0.117972465617,0.121778029024,0.125583592431,
    0.129389155838,0.133194719245,0.137000282652,0.140805846059,
    0.144611409466,0.148416972873,0.15222253628,0.156028099687,
    0.159833663094,0.163639226501,0.167444789908),
  .QUASI_UNIFORM_KNOTS.);
#2337 = CARTESIAN_POINT('',(3.14159265359,-1.346573379573));
#2338 = CARTESIAN_POINT('',(3.184563484378,-1.346585882608));
#2339 = CARTESIAN_POINT('',(3.271731093655,-1.346051682462));
#2340 = CARTESIAN_POINT('',(3.40389484363,-1.343515039785));
#2341 = CARTESIAN_POINT('',(3.535145097811,-1.339126610167));
#2342 = CARTESIAN_POINT('',(3.663367161172,-1.332975471469));
#2343 = CARTESIAN_POINT('',(3.786986837682,-1.325270311106));
#2344 = CARTESIAN_POINT('',(3.905100778107,-1.316294347439));
#2345 = CARTESIAN_POINT('',(4.016941752348,-1.306135061048));
#2346 = CARTESIAN_POINT('',(4.121787597494,-1.295005998081));
#2347 = CARTESIAN_POINT('',(4.219948507501,-1.283102759841));
#2348 = CARTESIAN_POINT('',(4.309312885758,-1.270985803428));
#2349 = CARTESIAN_POINT('',(4.398514816544,-1.258043925802));
#2350 = CARTESIAN_POINT('',(4.487278347504,-1.243845242345));
#2351 = CARTESIAN_POINT('',(4.571424661398,-1.228936012068));
#2352 = CARTESIAN_POINT('',(4.649172698901,-1.213942997735));
#2353 = CARTESIAN_POINT('',(4.718883845575,-1.200024211505));
#2354 = CARTESIAN_POINT('',(4.789791692133,-1.185467309056));
#2355 = CARTESIAN_POINT('',(4.859396112827,-1.170460922886));
#2356 = CARTESIAN_POINT('',(4.927284554664,-1.155048488335));
#2357 = CARTESIAN_POINT('',(4.992737188592,-1.139425136495));
#2358 = CARTESIAN_POINT('',(5.055290647146,-1.123862126339));
#2359 = CARTESIAN_POINT('',(5.114894001281,-1.108625224989));
#2360 = CARTESIAN_POINT('',(5.170650757585,-1.094280553587));
#2361 = CARTESIAN_POINT('',(5.22556537895,-1.080459826702));
#2362 = CARTESIAN_POINT('',(5.281782834928,-1.06636921684));
#2363 = CARTESIAN_POINT('',(5.33776549856,-1.052257399284));
#2364 = CARTESIAN_POINT('',(5.3930853583,-1.038191594186));
#2365 = CARTESIAN_POINT('',(5.447175625311,-1.024370017584));
#2366 = CARTESIAN_POINT('',(5.499580482733,-1.011054596981));
#2367 = CARTESIAN_POINT('',(5.550221182089,-0.99847208537));
#2368 = CARTESIAN_POINT('',(5.598063711345,-0.987214968203));
#2369 = CARTESIAN_POINT('',(5.649213054246,-0.975926163928));
#2370 = CARTESIAN_POINT('',(5.701182605135,-0.964810330463));
#2371 = CARTESIAN_POINT('',(5.752495424491,-0.954184759939));
#2372 = CARTESIAN_POINT('',(5.80107519903,-0.944700010841));
#2373 = CARTESIAN_POINT('',(5.84757297447,-0.936562297428));
#2374 = CARTESIAN_POINT('',(5.895851456822,-0.928777534797));
#2375 = CARTESIAN_POINT('',(5.944513679712,-0.921684459451));
#2376 = CARTESIAN_POINT('',(5.993576269834,-0.915323611884));
#2377 = CARTESIAN_POINT('',(6.042738787491,-0.909852584902));
#2378 = CARTESIAN_POINT('',(6.091865390897,-0.905448871327));
#2379 = CARTESIAN_POINT('',(6.14074279499,-0.902050790382));
#2380 = CARTESIAN_POINT('',(6.189129647374,-0.899610566932));
#2381 = CARTESIAN_POINT('',(6.236770201253,-0.898117649149));
#2382 = CARTESIAN_POINT('',(6.267855399975,-0.897777246369));
#2383 = CARTESIAN_POINT('',(6.28318530718,-0.89777442906));
#2384 = ( GEOMETRIC_REPRESENTATION_CONTEXT(2) 
PARAMETRIC_REPRESENTATION_CONTEXT() REPRESENTATION_CONTEXT('2D SPACE',''
  ) );
#2385 = ORIENTED_EDGE('',*,*,#2386,.T.);
#2386 = EDGE_CURVE('',#2256,#2254,#2387,.T.);
#2387 = SURFACE_CURVE('',#2388,(#2407,#2458),.PCURVE_S1.);
#2388 = B_SPLINE_CURVE_WITH_KNOTS('',3,(#2389,#2390,#2391,#2392,#2393,
    #2394,#2395,#2396,#2397,#2398,#2399,#2400,#2401,#2402,#2403,#2404,
    #2405,#2406),.UNSPECIFIED.,.F.,.F.,(4,2,2,2,2,2,2,2,4),(
    -0.167444789908,-0.148638826158,-0.129832862408,-0.112554886249,
    -8.372239495387E-02,-5.488990365917E-02,-3.761192750016E-02,
    -1.880596375008E-02,0.),.UNSPECIFIED.);
#2389 = CARTESIAN_POINT('',(2.5,3.219599523958,11.518502441956));
#2390 = CARTESIAN_POINT('',(2.562686545834,3.219599523958,
    11.518502441956));
#2391 = CARTESIAN_POINT('',(2.629682703112,3.207931710153,
    11.521783660228));
#2392 = CARTESIAN_POINT('',(2.753959277357,3.160509443891,11.53488209325
    ));
#2393 = CARTESIAN_POINT('',(2.81124949058,3.1247714516,11.544665927133)
  );
#2394 = CARTESIAN_POINT('',(2.900036189095,3.046372553089,
    11.565588763798));
#2395 = CARTESIAN_POINT('',(2.942722855436,2.993791267498,
    11.579355109892));
#2396 = CARTESIAN_POINT('',(3.01752711804,2.863655370213,11.612417770414
    ));
#2397 = CARTESIAN_POINT('',(3.046025777747,2.755050151193,
    11.638756594697));
#2398 = CARTESIAN_POINT('',(3.046025777747,2.567652814253,
    11.681528813971));
#2399 = CARTESIAN_POINT('',(3.01752711804,2.45837490546,11.704920391792)
  );
#2400 = CARTESIAN_POINT('',(2.942722855436,2.326781162637,
    11.731595813679));
#2401 = CARTESIAN_POINT('',(2.900036189095,2.273434067569,
    11.742006929223));
#2402 = CARTESIAN_POINT('',(2.81124949058,2.193721022127,11.757172111989
    ));
#2403 = CARTESIAN_POINT('',(2.753959277357,2.157277157244,
    11.763863315975));
#2404 = CARTESIAN_POINT('',(2.629682703112,2.1088679746,11.772637785807)
  );
#2405 = CARTESIAN_POINT('',(2.562686545834,2.096931970353,
    11.774743984976));
#2406 = CARTESIAN_POINT('',(2.5,2.096931970353,11.774743984976));
#2407 = PCURVE('',#622,#2408);
#2408 = DEFINITIONAL_REPRESENTATION('',(#2409),#2457);
#2409 = B_SPLINE_CURVE_WITH_KNOTS('',3,(#2410,#2411,#2412,#2413,#2414,
    #2415,#2416,#2417,#2418,#2419,#2420,#2421,#2422,#2423,#2424,#2425,
    #2426,#2427,#2428,#2429,#2430,#2431,#2432,#2433,#2434,#2435,#2436,
    #2437,#2438,#2439,#2440,#2441,#2442,#2443,#2444,#2445,#2446,#2447,
    #2448,#2449,#2450,#2451,#2452,#2453,#2454,#2455,#2456),
  .UNSPECIFIED.,.F.,.F.,(4,1,1,1,1,1,1,1,1,1,1,1,1,1,1,1,1,1,1,1,1,1,1,1
    ,1,1,1,1,1,1,1,1,1,1,1,1,1,1,1,1,1,1,1,1,4),(-0.167444789908,
    -0.163639226501,-0.159833663094,-0.156028099687,-0.15222253628,
    -0.148416972873,-0.144611409466,-0.140805846059,-0.137000282652,
    -0.133194719245,-0.129389155838,-0.125583592431,-0.121778029024,
    -0.117972465617,-0.11416690221,-0.110361338803,-0.106555775396,
    -0.102750211989,-9.894464858185E-02,-9.513908517486E-02,
    -9.133352176786E-02,-8.752795836087E-02,-8.372239495387E-02,
    -7.991683154688E-02,-7.611126813989E-02,-7.230570473289E-02,
    -6.85001413259E-02,-6.46945779189E-02,-6.088901451191E-02,
    -5.708345110491E-02,-5.327788769792E-02,-4.947232429093E-02,
    -4.566676088393E-02,-4.186119747694E-02,-3.805563406994E-02,
    -3.425007066295E-02,-3.044450725595E-02,-2.663894384896E-02,
    -2.283338044197E-02,-1.902781703497E-02,-1.522225362798E-02,
    -1.141669022098E-02,-7.611126813989E-03,-3.805563406994E-03,0.),
  .UNSPECIFIED.);
#2410 = CARTESIAN_POINT('',(8.126540967998,-2.44));
#2411 = CARTESIAN_POINT('',(8.126540967961,-2.452685211357));
#2412 = CARTESIAN_POINT('',(8.126457969661,-2.47840858196));
#2413 = CARTESIAN_POINT('',(8.126083001338,-2.517596715738));
#2414 = CARTESIAN_POINT('',(8.125456035376,-2.556932037038));
#2415 = CARTESIAN_POINT('',(8.124575722035,-2.59595909145));
#2416 = CARTESIAN_POINT('',(8.123440049528,-2.634220805351));
#2417 = CARTESIAN_POINT('',(8.122049484248,-2.671266200112));
#2418 = CARTESIAN_POINT('',(8.12043423711,-2.706806114509));
#2419 = CARTESIAN_POINT('',(8.118628086116,-2.740489798163));
#2420 = CARTESIAN_POINT('',(8.116645734821,-2.772169137762));
#2421 = CARTESIAN_POINT('',(8.114574600414,-2.800947060878));
#2422 = CARTESIAN_POINT('',(8.112219419442,-2.828831121124));
#2423 = CARTESIAN_POINT('',(8.109581981412,-2.855930042718));
#2424 = CARTESIAN_POINT('',(8.106796065917,-2.88099611367));
#2425 = CARTESIAN_POINT('',(8.103953244296,-2.903206879204));
#2426 = CARTESIAN_POINT('',(8.10118190773,-2.921395291889));
#2427 = CARTESIAN_POINT('',(8.098154772829,-2.937850718928));
#2428 = CARTESIAN_POINT('',(8.094974888431,-2.95210421933));
#2429 = CARTESIAN_POINT('',(8.091678386885,-2.964102617747));
#2430 = CARTESIAN_POINT('',(8.08831828618,-2.973681334562));
#2431 = CARTESIAN_POINT('',(8.084947002708,-2.98070564158));
#2432 = CARTESIAN_POINT('',(8.081602465514,-2.985032809194));
#2433 = CARTESIAN_POINT('',(8.078381109231,-2.986522262023));
#2434 = CARTESIAN_POINT('',(8.075159752948,-2.985032809194));
#2435 = CARTESIAN_POINT('',(8.071815215754,-2.98070564158));
#2436 = CARTESIAN_POINT('',(8.068443932282,-2.973681334562));
#2437 = CARTESIAN_POINT('',(8.065083831577,-2.964102617747));
#2438 = CARTESIAN_POINT('',(8.061787330031,-2.95210421933));
#2439 = CARTESIAN_POINT('',(8.058607445633,-2.937850718928));
#2440 = CARTESIAN_POINT('',(8.055580310732,-2.921395291889));
#2441 = CARTESIAN_POINT('',(8.052808974166,-2.903206879204));
#2442 = CARTESIAN_POINT('',(8.049966152545,-2.88099611367));
#2443 = CARTESIAN_POINT('',(8.04718023705,-2.855930042718));
#2444 = CARTESIAN_POINT('',(8.04454279902,-2.828831121124));
#2445 = CARTESIAN_POINT('',(8.042187618048,-2.800947060878));
#2446 = CARTESIAN_POINT('',(8.040116483641,-2.772169137762));
#2447 = CARTESIAN_POINT('',(8.038134132346,-2.740489798163));
#2448 = CARTESIAN_POINT('',(8.036327981352,-2.706806114509));
#2449 = CARTESIAN_POINT('',(8.034712734214,-2.671266200112));
#2450 = CARTESIAN_POINT('',(8.033322168934,-2.634220805351));
#2451 = CARTESIAN_POINT('',(8.032186496427,-2.59595909145));
#2452 = CARTESIAN_POINT('',(8.031306183086,-2.556932037038));
#2453 = CARTESIAN_POINT('',(8.030679217124,-2.517596715738));
#2454 = CARTESIAN_POINT('',(8.030304248801,-2.47840858196));
#2455 = CARTESIAN_POINT('',(8.030221250501,-2.452685211357));
#2456 = CARTESIAN_POINT('',(8.030221250464,-2.44));
#2457 = ( GEOMETRIC_REPRESENTATION_CONTEXT(2) 
PARAMETRIC_REPRESENTATION_CONTEXT() REPRESENTATION_CONTEXT('2D SPACE',''
  ) );
#2458 = PCURVE('',#2330,#2459);
#2459 = DEFINITIONAL_REPRESENTATION('',(#2460),#2508);
#2460 = B_SPLINE_CURVE_WITH_KNOTS('',3,(#2461,#2462,#2463,#2464,#2465,
    #2466,#2467,#2468,#2469,#2470,#2471,#2472,#2473,#2474,#2475,#2476,
    #2477,#2478,#2479,#2480,#2481,#2482,#2483,#2484,#2485,#2486,#2487,
    #2488,#2489,#2490,#2491,#2492,#2493,#2494,#2495,#2496,#2497,#2498,
    #2499,#2500,#2501,#2502,#2503,#2504,#2505,#2506,#2507),
  .UNSPECIFIED.,.F.,.F.,(4,1,1,1,1,1,1,1,1,1,1,1,1,1,1,1,1,1,1,1,1,1,1,1
    ,1,1,1,1,1,1,1,1,1,1,1,1,1,1,1,1,1,1,1,1,4),(-0.167444789908,
    -0.163639226501,-0.159833663094,-0.156028099687,-0.15222253628,
    -0.148416972873,-0.144611409466,-0.140805846059,-0.137000282652,
    -0.133194719245,-0.129389155838,-0.125583592431,-0.121778029024,
    -0.117972465617,-0.11416690221,-0.110361338803,-0.106555775396,
    -0.102750211989,-9.894464858185E-02,-9.513908517486E-02,
    -9.133352176786E-02,-8.752795836087E-02,-8.372239495387E-02,
    -7.991683154688E-02,-7.611126813989E-02,-7.230570473289E-02,
    -6.85001413259E-02,-6.46945779189E-02,-6.088901451191E-02,
    -5.708345110491E-02,-5.327788769792E-02,-4.947232429093E-02,
    -4.566676088393E-02,-4.186119747694E-02,-3.805563406994E-02,
    -3.425007066295E-02,-3.044450725595E-02,-2.663894384896E-02,
    -2.283338044197E-02,-1.902781703497E-02,-1.522225362798E-02,
    -1.141669022098E-02,-7.611126813989E-03,-3.805563406994E-03,0.),
  .UNSPECIFIED.);
#2461 = CARTESIAN_POINT('',(6.28318530718,-0.89777442906));
#2462 = CARTESIAN_POINT('',(6.298515214384,-0.897777246369));
#2463 = CARTESIAN_POINT('',(6.329600413107,-0.898117649149));
#2464 = CARTESIAN_POINT('',(6.377240966985,-0.899610566932));
#2465 = CARTESIAN_POINT('',(6.425627819369,-0.902050790382));
#2466 = CARTESIAN_POINT('',(6.474505223462,-0.905448871327));
#2467 = CARTESIAN_POINT('',(6.523631826868,-0.909852584902));
#2468 = CARTESIAN_POINT('',(6.572794344525,-0.915323611884));
#2469 = CARTESIAN_POINT('',(6.621856934647,-0.921684459451));
#2470 = CARTESIAN_POINT('',(6.670519157537,-0.928777534797));
#2471 = CARTESIAN_POINT('',(6.718797639889,-0.936562297428));
#2472 = CARTESIAN_POINT('',(6.765295415329,-0.944700010841));
#2473 = CARTESIAN_POINT('',(6.813875189869,-0.954184759939));
#2474 = CARTESIAN_POINT('',(6.865188009225,-0.964810330463));
#2475 = CARTESIAN_POINT('',(6.917157560113,-0.975926163928));
#2476 = CARTESIAN_POINT('',(6.968306903014,-0.987214968203));
#2477 = CARTESIAN_POINT('',(7.01614943227,-0.99847208537));
#2478 = CARTESIAN_POINT('',(7.066790131626,-1.011054596981));
#2479 = CARTESIAN_POINT('',(7.119194989049,-1.024370017584));
#2480 = CARTESIAN_POINT('',(7.173285256059,-1.038191594186));
#2481 = CARTESIAN_POINT('',(7.228605115799,-1.052257399284));
#2482 = CARTESIAN_POINT('',(7.284587779431,-1.06636921684));
#2483 = CARTESIAN_POINT('',(7.34080523541,-1.080459826702));
#2484 = CARTESIAN_POINT('',(7.395719856774,-1.094280553587));
#2485 = CARTESIAN_POINT('',(7.451476613078,-1.108625224989));
#2486 = CARTESIAN_POINT('',(7.511079967214,-1.123862126339));
#2487 = CARTESIAN_POINT('',(7.573633425767,-1.139425136495));
#2488 = CARTESIAN_POINT('',(7.639086059695,-1.155048488335));
#2489 = CARTESIAN_POINT('',(7.706974501532,-1.170460922886));
#2490 = CARTESIAN_POINT('',(7.776578922226,-1.185467309056));
#2491 = CARTESIAN_POINT('',(7.847486768784,-1.200024211505));
#2492 = CARTESIAN_POINT('',(7.917197915458,-1.213942997735));
#2493 = CARTESIAN_POINT('',(7.994945952962,-1.228936012068));
#2494 = CARTESIAN_POINT('',(8.079092266855,-1.243845242345));
#2495 = CARTESIAN_POINT('',(8.167855797815,-1.258043925802));
#2496 = CARTESIAN_POINT('',(8.257057728601,-1.270985803428));
#2497 = CARTESIAN_POINT('',(8.346422106858,-1.283102759841));
#2498 = CARTESIAN_POINT('',(8.444583016865,-1.295005998081));
#2499 = CARTESIAN_POINT('',(8.549428862012,-1.306135061048));
#2500 = CARTESIAN_POINT('',(8.661269836252,-1.316294347439));
#2501 = CARTESIAN_POINT('',(8.779383776677,-1.325270311106));
#2502 = CARTESIAN_POINT('',(8.903003453187,-1.332975471469));
#2503 = CARTESIAN_POINT('',(9.031225516548,-1.339126610167));
#2504 = CARTESIAN_POINT('',(9.16247577073,-1.343515039785));
#2505 = CARTESIAN_POINT('',(9.294639520704,-1.346051682462));
#2506 = CARTESIAN_POINT('',(9.381807129981,-1.346585882608));
#2507 = CARTESIAN_POINT('',(9.424777960769,-1.346573379573));
#2508 = ( GEOMETRIC_REPRESENTATION_CONTEXT(2) 
PARAMETRIC_REPRESENTATION_CONTEXT() REPRESENTATION_CONTEXT('2D SPACE',''
  ) );
#2509 = FACE_BOUND('',#2510,.T.);
#2510 = EDGE_LOOP('',(#2511));
#2511 = ORIENTED_EDGE('',*,*,#2512,.T.);
#2512 = EDGE_CURVE('',#2513,#2513,#2515,.T.);
#2513 = VERTEX_POINT('',#2514);
#2514 = CARTESIAN_POINT('',(2.5,7.898449846757,8.980880225139));
#2515 = SURFACE_CURVE('',#2516,(#2551,#2602),.PCURVE_S1.);
#2516 = B_SPLINE_CURVE_WITH_KNOTS('',3,(#2517,#2518,#2519,#2520,#2521,
    #2522,#2523,#2524,#2525,#2526,#2527,#2528,#2529,#2530,#2531,#2532,
    #2533,#2534,#2535,#2536,#2537,#2538,#2539,#2540,#2541,#2542,#2543,
    #2544,#2545,#2546,#2547,#2548,#2549,#2550),.UNSPECIFIED.,.T.,.F.,(1,
    3,2,2,2,2,2,2,2,2,2,2,2,2,2,2,2,3,1),(-0.353695543571,
    -0.334889579821,-0.316083616071,-0.29727765232,-0.279999676161,
    -0.251167184866,-0.222334693571,-0.205056717411,-0.186250753661,
    -0.167444789911,-0.14863882616,-0.12983286241,-0.11255488625,
    -8.372239495525E-02,-5.488990366008E-02,-3.761192750079E-02,
    -1.880596375039E-02,0.,1.880596375039E-02),.UNSPECIFIED.);
#2517 = CARTESIAN_POINT('',(2.5,6.998140370742,9.698853074019));
#2518 = CARTESIAN_POINT('',(2.437313454165,6.998140370742,9.698853074019
    ));
#2519 = CARTESIAN_POINT('',(2.370317296886,7.007980493405,9.691776615985
    ));
#2520 = CARTESIAN_POINT('',(2.246040722639,7.047788560109,9.66286713466)
  );
#2521 = CARTESIAN_POINT('',(2.188750509415,7.077720143191,9.641026167816
    ));
#2522 = CARTESIAN_POINT('',(2.099963810898,7.142959189298,9.592776616055
    ));
#2523 = CARTESIAN_POINT('',(2.057277144556,7.186506047408,9.56025008799)
  );
#2524 = CARTESIAN_POINT('',(1.982472881952,7.293493881113,9.479119978149
    ));
#2525 = CARTESIAN_POINT('',(1.953974222244,7.381800649638,9.410630987091
    ));
#2526 = CARTESIAN_POINT('',(1.953974222244,7.532081645721,9.290785891859
    ));
#2527 = CARTESIAN_POINT('',(1.982472881952,7.618503579388,9.219933392646
    ));
#2528 = CARTESIAN_POINT('',(2.057277144556,7.721406620668,9.133681115117
    ));
#2529 = CARTESIAN_POINT('',(2.099963810898,7.762807728302,9.098463901062
    ));
#2530 = CARTESIAN_POINT('',(2.188750509415,7.824364616535,9.045597069368
    ));
#2531 = CARTESIAN_POINT('',(2.246040722639,7.852318388562,9.021276005907
    ));
#2532 = CARTESIAN_POINT('',(2.370317296886,7.889361177014,8.988898975332
    ));
#2533 = CARTESIAN_POINT('',(2.437313454165,7.898449846757,8.980880225139
    ));
#2534 = CARTESIAN_POINT('',(2.562686545835,7.898449846757,8.980880225139
    ));
#2535 = CARTESIAN_POINT('',(2.629682703114,7.889361177014,8.988898975332
    ));
#2536 = CARTESIAN_POINT('',(2.753959277361,7.852318388562,9.021276005907
    ));
#2537 = CARTESIAN_POINT('',(2.811249490585,7.824364616535,9.045597069368
    ));
#2538 = CARTESIAN_POINT('',(2.900036189102,7.762807728302,9.098463901062
    ));
#2539 = CARTESIAN_POINT('',(2.942722855444,7.721406620668,9.133681115117
    ));
#2540 = CARTESIAN_POINT('',(3.017527118048,7.618503579388,9.219933392646
    ));
#2541 = CARTESIAN_POINT('',(3.046025777756,7.532081645721,9.290785891859
    ));
#2542 = CARTESIAN_POINT('',(3.046025777756,7.381800649638,9.410630987091
    ));
#2543 = CARTESIAN_POINT('',(3.017527118048,7.293493881113,9.479119978149
    ));
#2544 = CARTESIAN_POINT('',(2.942722855444,7.186506047408,9.56025008799)
  );
#2545 = CARTESIAN_POINT('',(2.900036189102,7.142959189298,9.592776616055
    ));
#2546 = CARTESIAN_POINT('',(2.811249490585,7.077720143191,9.641026167816
    ));
#2547 = CARTESIAN_POINT('',(2.753959277361,7.047788560109,9.66286713466)
  );
#2548 = CARTESIAN_POINT('',(2.629682703114,7.007980493405,9.691776615985
    ));
#2549 = CARTESIAN_POINT('',(2.562686545835,6.998140370742,9.698853074019
    ));
#2550 = CARTESIAN_POINT('',(2.5,6.998140370742,9.698853074019));
#2551 = PCURVE('',#622,#2552);
#2552 = DEFINITIONAL_REPRESENTATION('',(#2553),#2601);
#2553 = B_SPLINE_CURVE_WITH_KNOTS('',3,(#2554,#2555,#2556,#2557,#2558,
    #2559,#2560,#2561,#2562,#2563,#2564,#2565,#2566,#2567,#2568,#2569,
    #2570,#2571,#2572,#2573,#2574,#2575,#2576,#2577,#2578,#2579,#2580,
    #2581,#2582,#2583,#2584,#2585,#2586,#2587,#2588,#2589,#2590,#2591,
    #2592,#2593,#2594,#2595,#2596,#2597,#2598,#2599,#2600),
  .UNSPECIFIED.,.T.,.F.,(4,1,1,1,1,1,1,1,1,1,1,1,1,1,1,1,1,1,1,1,1,1,1,1
    ,1,1,1,1,1,1,1,1,1,1,1,1,1,1,1,1,1,1,1,1,4),(-0.167444789911,
    -0.159833663096,-0.152222536282,-0.144611409468,-0.137000282654,
    -0.12938915584,-0.121778029026,-0.114166902212,-0.106555775398,
    -9.894464858348E-02,-9.133352176937E-02,-8.372239495525E-02,
    -7.611126814114E-02,-6.850014132703E-02,-6.088901451291E-02,
    -5.32778876988E-02,-4.566676088468E-02,-3.805563407057E-02,
    -3.044450725646E-02,-2.283338044234E-02,-1.522225362823E-02,
    -7.611126814114E-03,0.,7.611126814114E-03,1.522225362823E-02,
    2.283338044234E-02,3.044450725646E-02,3.805563407057E-02,
    4.566676088468E-02,5.32778876988E-02,6.088901451291E-02,
    6.850014132703E-02,7.611126814114E-02,8.372239495525E-02,
    9.133352176937E-02,9.894464858348E-02,0.106555775398,0.114166902212,
    0.121778029026,0.12938915584,0.137000282654,0.144611409468,
    0.152222536282,0.159833663096,0.167444789911),.UNSPECIFIED.);
#2554 = CARTESIAN_POINT('',(8.575339918511,-2.44));
#2555 = CARTESIAN_POINT('',(8.575340640632,-2.465373844834));
#2556 = CARTESIAN_POINT('',(8.575007184113,-2.517510897523));
#2557 = CARTESIAN_POINT('',(8.573503608126,-2.596378573376));
#2558 = CARTESIAN_POINT('',(8.570971059505,-2.671964017176));
#2559 = CARTESIAN_POINT('',(8.567478080564,-2.741857078249));
#2560 = CARTESIAN_POINT('',(8.563502637716,-2.801542114777));
#2561 = CARTESIAN_POINT('',(8.558468627572,-2.856762965076));
#2562 = CARTESIAN_POINT('',(8.552759966084,-2.90495343063));
#2563 = CARTESIAN_POINT('',(8.547076162001,-2.938642234827));
#2564 = CARTESIAN_POINT('',(8.54050497647,-2.965380017043));
#2565 = CARTESIAN_POINT('',(8.533704357347,-2.982033721931));
#2566 = CARTESIAN_POINT('',(8.527180059743,-2.988021805361));
#2567 = CARTESIAN_POINT('',(8.520655762142,-2.982033723161));
#2568 = CARTESIAN_POINT('',(8.513855143009,-2.965380012123));
#2569 = CARTESIAN_POINT('',(8.50728395752,-2.938642253279));
#2570 = CARTESIAN_POINT('',(8.501600153279,-2.904953361742));
#2571 = CARTESIAN_POINT('',(8.495891492379,-2.856763222174));
#2572 = CARTESIAN_POINT('',(8.490857480044,-2.80154115527));
#2573 = CARTESIAN_POINT('',(8.486882045371,-2.741860659177));
#2574 = CARTESIAN_POINT('',(8.48338903592,-2.671950652972));
#2575 = CARTESIAN_POINT('',(8.480856601161,-2.596428449265));
#2576 = CARTESIAN_POINT('',(8.479352600237,-2.517324758173));
#2577 = CARTESIAN_POINT('',(8.478854001346,-2.44));
#2578 = CARTESIAN_POINT('',(8.479352600237,-2.362675241827));
#2579 = CARTESIAN_POINT('',(8.480856601161,-2.283571550735));
#2580 = CARTESIAN_POINT('',(8.48338903592,-2.208049347028));
#2581 = CARTESIAN_POINT('',(8.486882045371,-2.138139340823));
#2582 = CARTESIAN_POINT('',(8.490857480044,-2.07845884473));
#2583 = CARTESIAN_POINT('',(8.495891492379,-2.023236777826));
#2584 = CARTESIAN_POINT('',(8.501600153279,-1.975046638258));
#2585 = CARTESIAN_POINT('',(8.50728395752,-1.941357746721));
#2586 = CARTESIAN_POINT('',(8.513855143009,-1.914619987877));
#2587 = CARTESIAN_POINT('',(8.520655762142,-1.897966276839));
#2588 = CARTESIAN_POINT('',(8.527180059743,-1.891978194639));
#2589 = CARTESIAN_POINT('',(8.533704357347,-1.897966278069));
#2590 = CARTESIAN_POINT('',(8.54050497647,-1.914619982957));
#2591 = CARTESIAN_POINT('',(8.547076162001,-1.941357765173));
#2592 = CARTESIAN_POINT('',(8.552759966084,-1.97504656937));
#2593 = CARTESIAN_POINT('',(8.558468627572,-2.023237034924));
#2594 = CARTESIAN_POINT('',(8.563502637716,-2.078457885223));
#2595 = CARTESIAN_POINT('',(8.567478080564,-2.13814292175));
#2596 = CARTESIAN_POINT('',(8.570971059505,-2.208035982824));
#2597 = CARTESIAN_POINT('',(8.573503608126,-2.283621426624));
#2598 = CARTESIAN_POINT('',(8.575007184113,-2.362489102477));
#2599 = CARTESIAN_POINT('',(8.575340640632,-2.414626155166));
#2600 = CARTESIAN_POINT('',(8.575339918511,-2.44));
#2601 = ( GEOMETRIC_REPRESENTATION_CONTEXT(2) 
PARAMETRIC_REPRESENTATION_CONTEXT() REPRESENTATION_CONTEXT('2D SPACE',''
  ) );
#2602 = PCURVE('',#2603,#2608);
#2603 = SPHERICAL_SURFACE('',#2604,1.3275);
#2604 = AXIS2_PLACEMENT_3D('',#2605,#2606,#2607);
#2605 = CARTESIAN_POINT('',(2.5,6.702515369981,8.404688436531));
#2606 = DIRECTION('',(0.,0.,-1.));
#2607 = DIRECTION('',(0.,1.,0.));
#2608 = DEFINITIONAL_REPRESENTATION('',(#2609),#2657);
#2609 = B_SPLINE_CURVE_WITH_KNOTS('',3,(#2610,#2611,#2612,#2613,#2614,
    #2615,#2616,#2617,#2618,#2619,#2620,#2621,#2622,#2623,#2624,#2625,
    #2626,#2627,#2628,#2629,#2630,#2631,#2632,#2633,#2634,#2635,#2636,
    #2637,#2638,#2639,#2640,#2641,#2642,#2643,#2644,#2645,#2646,#2647,
    #2648,#2649,#2650,#2651,#2652,#2653,#2654,#2655,#2656),
  .UNSPECIFIED.,.T.,.F.,(4,1,1,1,1,1,1,1,1,1,1,1,1,1,1,1,1,1,1,1,1,1,1,1
    ,1,1,1,1,1,1,1,1,1,1,1,1,1,1,1,1,1,1,1,1,4),(-0.167444789911,
    -0.159833663096,-0.152222536282,-0.144611409468,-0.137000282654,
    -0.12938915584,-0.121778029026,-0.114166902212,-0.106555775398,
    -9.894464858348E-02,-9.133352176937E-02,-8.372239495525E-02,
    -7.611126814114E-02,-6.850014132703E-02,-6.088901451291E-02,
    -5.32778876988E-02,-4.566676088468E-02,-3.805563407057E-02,
    -3.044450725646E-02,-2.283338044234E-02,-1.522225362823E-02,
    -7.611126814114E-03,0.,7.611126814114E-03,1.522225362823E-02,
    2.283338044234E-02,3.044450725646E-02,3.805563407057E-02,
    4.566676088468E-02,5.32778876988E-02,6.088901451291E-02,
    6.850014132703E-02,7.611126814114E-02,8.372239495525E-02,
    9.133352176937E-02,9.894464858348E-02,0.106555775398,0.114166902212,
    0.121778029026,0.12938915584,0.137000282654,0.144611409468,
    0.152222536282,0.159833663096,0.167444789911),.UNSPECIFIED.);
#2610 = CARTESIAN_POINT('',(6.28318530718,-0.448975478539));
#2611 = CARTESIAN_POINT('',(6.304406299582,-0.448990797775));
#2612 = CARTESIAN_POINT('',(6.347994851722,-0.451194426999));
#2613 = CARTESIAN_POINT('',(6.414861575178,-0.461123305231));
#2614 = CARTESIAN_POINT('',(6.480872353998,-0.477942034745));
#2615 = CARTESIAN_POINT('',(6.545031464217,-0.501350190814));
#2616 = CARTESIAN_POINT('',(6.603358775027,-0.528114626228));
#2617 = CARTESIAN_POINT('',(6.662737728113,-0.562715858929));
#2618 = CARTESIAN_POINT('',(6.721312928126,-0.602263010565));
#2619 = CARTESIAN_POINT('',(6.770797966508,-0.642757662131));
#2620 = CARTESIAN_POINT('',(6.821529556641,-0.690850973142));
#2621 = CARTESIAN_POINT('',(6.869220415877,-0.741982891592));
#2622 = CARTESIAN_POINT('',(6.910712070646,-0.792750575619));
#2623 = CARTESIAN_POINT('',(6.946026183211,-0.846478512347));
#2624 = CARTESIAN_POINT('',(6.978150921348,-0.905513509767));
#2625 = CARTESIAN_POINT('',(7.003974859627,-0.966133049842));
#2626 = CARTESIAN_POINT('',(7.019326376428,-1.022626702601));
#2627 = CARTESIAN_POINT('',(7.021393738659,-1.08555098026));
#2628 = CARTESIAN_POINT('',(7.006948829201,-1.146742051596));
#2629 = CARTESIAN_POINT('',(6.967986966019,-1.202158400149));
#2630 = CARTESIAN_POINT('',(6.890301045354,-1.25762690247));
#2631 = CARTESIAN_POINT('',(6.755037395832,-1.305193718923));
#2632 = CARTESIAN_POINT('',(6.544424651356,-1.338411154096));
#2633 = CARTESIAN_POINT('',(6.28318530718,-1.35012490822));
#2634 = CARTESIAN_POINT('',(6.021945963003,-1.338411154096));
#2635 = CARTESIAN_POINT('',(5.811333218527,-1.305193718923));
#2636 = CARTESIAN_POINT('',(5.676069569005,-1.25762690247));
#2637 = CARTESIAN_POINT('',(5.59838364834,-1.202158400149));
#2638 = CARTESIAN_POINT('',(5.559421785158,-1.146742051596));
#2639 = CARTESIAN_POINT('',(5.5449768757,-1.08555098026));
#2640 = CARTESIAN_POINT('',(5.547044237931,-1.022626702601));
#2641 = CARTESIAN_POINT('',(5.562395754732,-0.966133049842));
#2642 = CARTESIAN_POINT('',(5.588219693011,-0.905513509767));
#2643 = CARTESIAN_POINT('',(5.620344431148,-0.846478512347));
#2644 = CARTESIAN_POINT('',(5.655658543713,-0.792750575619));
#2645 = CARTESIAN_POINT('',(5.697150198482,-0.741982891592));
#2646 = CARTESIAN_POINT('',(5.744841057719,-0.690850973142));
#2647 = CARTESIAN_POINT('',(5.795572647851,-0.642757662131));
#2648 = CARTESIAN_POINT('',(5.845057686233,-0.602263010565));
#2649 = CARTESIAN_POINT('',(5.903632886246,-0.562715858929));
#2650 = CARTESIAN_POINT('',(5.963011839332,-0.528114626228));
#2651 = CARTESIAN_POINT('',(6.021339150143,-0.501350190814));
#2652 = CARTESIAN_POINT('',(6.085498260361,-0.477942034745));
#2653 = CARTESIAN_POINT('',(6.151509039181,-0.461123305231));
#2654 = CARTESIAN_POINT('',(6.218375762637,-0.451194426999));
#2655 = CARTESIAN_POINT('',(6.261964314777,-0.448990797775));
#2656 = CARTESIAN_POINT('',(6.28318530718,-0.448975478539));
#2657 = ( GEOMETRIC_REPRESENTATION_CONTEXT(2) 
PARAMETRIC_REPRESENTATION_CONTEXT() REPRESENTATION_CONTEXT('2D SPACE',''
  ) );
#2658 = FACE_BOUND('',#2659,.T.);
#2659 = EDGE_LOOP('',(#2660,#2793));
#2660 = ORIENTED_EDGE('',*,*,#2661,.F.);
#2661 = EDGE_CURVE('',#2662,#2664,#2666,.T.);
#2662 = VERTEX_POINT('',#2663);
#2663 = CARTESIAN_POINT('',(2.5,-11.94613783023,-0.575769520801));
#2664 = VERTEX_POINT('',#2665);
#2665 = CARTESIAN_POINT('',(2.5,-11.94613783023,0.575769520801));
#2666 = SURFACE_CURVE('',#2667,(#2686,#2737),.PCURVE_S1.);
#2667 = B_SPLINE_CURVE_WITH_KNOTS('',3,(#2668,#2669,#2670,#2671,#2672,
    #2673,#2674,#2675,#2676,#2677,#2678,#2679,#2680,#2681,#2682,#2683,
    #2684,#2685),.UNSPECIFIED.,.F.,.F.,(4,2,2,2,2,2,2,2,4),(0.,
    1.880596375043E-02,3.761192750086E-02,5.488990366019E-02,
    8.372239495542E-02,0.112554886251,0.12983286241,0.14863882616,
    0.167444789911),.UNSPECIFIED.);
#2668 = CARTESIAN_POINT('',(2.5,-11.94613783023,-0.575769520801));
#2669 = CARTESIAN_POINT('',(2.562686545835,-11.94613783023,
    -0.575769520801));
#2670 = CARTESIAN_POINT('',(2.629682703114,-11.94674044868,
    -0.563664103694));
#2671 = CARTESIAN_POINT('',(2.753959277362,-11.94895802966,
    -0.514516137106));
#2672 = CARTESIAN_POINT('',(2.811249490586,-11.95054411098,
    -0.477497063043));
#2673 = CARTESIAN_POINT('',(2.900036189103,-11.95349697233,
    -0.396408019442));
#2674 = CARTESIAN_POINT('',(2.942722855445,-11.95521773061,
    -0.342081756271));
#2675 = CARTESIAN_POINT('',(3.017527118049,-11.9584934798,-0.20785150353
    ));
#2676 = CARTESIAN_POINT('',(3.046025777757,-11.960005,
    -9.610830431743E-02));
#2677 = CARTESIAN_POINT('',(3.046025777757,-11.960005,9.610830431743E-02
    ));
#2678 = CARTESIAN_POINT('',(3.017527118049,-11.9584934798,0.20785150353)
  );
#2679 = CARTESIAN_POINT('',(2.942722855445,-11.95521773061,
    0.342081756271));
#2680 = CARTESIAN_POINT('',(2.900036189103,-11.95349697233,
    0.396408019442));
#2681 = CARTESIAN_POINT('',(2.811249490586,-11.95054411098,
    0.477497063043));
#2682 = CARTESIAN_POINT('',(2.753959277362,-11.94895802966,
    0.514516137106));
#2683 = CARTESIAN_POINT('',(2.629682703114,-11.94674044868,
    0.563664103694));
#2684 = CARTESIAN_POINT('',(2.562686545835,-11.94613783023,
    0.575769520801));
#2685 = CARTESIAN_POINT('',(2.5,-11.94613783023,0.575769520801));
#2686 = PCURVE('',#622,#2687);
#2687 = DEFINITIONAL_REPRESENTATION('',(#2688),#2736);
#2688 = B_SPLINE_CURVE_WITH_KNOTS('',3,(#2689,#2690,#2691,#2692,#2693,
    #2694,#2695,#2696,#2697,#2698,#2699,#2700,#2701,#2702,#2703,#2704,
    #2705,#2706,#2707,#2708,#2709,#2710,#2711,#2712,#2713,#2714,#2715,
    #2716,#2717,#2718,#2719,#2720,#2721,#2722,#2723,#2724,#2725,#2726,
    #2727,#2728,#2729,#2730,#2731,#2732,#2733,#2734,#2735),
  .UNSPECIFIED.,.F.,.F.,(4,1,1,1,1,1,1,1,1,1,1,1,1,1,1,1,1,1,1,1,1,1,1,1
    ,1,1,1,1,1,1,1,1,1,1,1,1,1,1,1,1,1,1,1,1,4),(0.,3.805563407064E-03,
    7.611126814129E-03,1.141669022119E-02,1.522225362826E-02,
    1.902781703532E-02,2.283338044239E-02,2.663894384945E-02,
    3.044450725652E-02,3.425007066358E-02,3.805563407064E-02,
    4.186119747771E-02,4.566676088477E-02,4.947232429184E-02,
    5.32778876989E-02,5.708345110597E-02,6.088901451303E-02,
    6.46945779201E-02,6.850014132716E-02,7.230570473423E-02,
    7.611126814129E-02,7.991683154835E-02,8.372239495542E-02,
    8.752795836248E-02,9.133352176955E-02,9.513908517661E-02,
    9.894464858368E-02,0.102750211991,0.106555775398,0.110361338805,
    0.114166902212,0.117972465619,0.121778029026,0.125583592433,
    0.12938915584,0.133194719247,0.137000282654,0.140805846061,
    0.144611409468,0.148416972876,0.152222536283,0.15602809969,
    0.159833663097,0.163639226504,0.167444789911),
  .QUASI_UNIFORM_KNOTS.);
#2689 = CARTESIAN_POINT('',(6.235025448412,-2.44));
#2690 = CARTESIAN_POINT('',(6.235025448448,-2.452685211357));
#2691 = CARTESIAN_POINT('',(6.235108446749,-2.478408581961));
#2692 = CARTESIAN_POINT('',(6.235483415071,-2.517596715739));
#2693 = CARTESIAN_POINT('',(6.236110381034,-2.55693203704));
#2694 = CARTESIAN_POINT('',(6.236990694375,-2.595959091453));
#2695 = CARTESIAN_POINT('',(6.238126366881,-2.634220805355));
#2696 = CARTESIAN_POINT('',(6.239516932162,-2.671266200116));
#2697 = CARTESIAN_POINT('',(6.2411321793,-2.706806114514));
#2698 = CARTESIAN_POINT('',(6.242938330294,-2.740489798168));
#2699 = CARTESIAN_POINT('',(6.244920681589,-2.772169137768));
#2700 = CARTESIAN_POINT('',(6.246991815996,-2.800947060885));
#2701 = CARTESIAN_POINT('',(6.249346996968,-2.828831121131));
#2702 = CARTESIAN_POINT('',(6.251984434998,-2.855930042726));
#2703 = CARTESIAN_POINT('',(6.254770350493,-2.880996113678));
#2704 = CARTESIAN_POINT('',(6.257613172114,-2.903206879213));
#2705 = CARTESIAN_POINT('',(6.26038450868,-2.921395291898));
#2706 = CARTESIAN_POINT('',(6.263411643581,-2.937850718937));
#2707 = CARTESIAN_POINT('',(6.266591527979,-2.95210421934));
#2708 = CARTESIAN_POINT('',(6.269888029526,-2.964102617756));
#2709 = CARTESIAN_POINT('',(6.273248130231,-2.973681334571));
#2710 = CARTESIAN_POINT('',(6.276619413703,-2.98070564159));
#2711 = CARTESIAN_POINT('',(6.279963950896,-2.985032809204));
#2712 = CARTESIAN_POINT('',(6.28318530718,-2.986522262033));
#2713 = CARTESIAN_POINT('',(6.286406663463,-2.985032809204));
#2714 = CARTESIAN_POINT('',(6.289751200657,-2.98070564159));
#2715 = CARTESIAN_POINT('',(6.293122484129,-2.973681334571));
#2716 = CARTESIAN_POINT('',(6.296482584833,-2.964102617756));
#2717 = CARTESIAN_POINT('',(6.29977908638,-2.95210421934));
#2718 = CARTESIAN_POINT('',(6.302958970778,-2.937850718937));
#2719 = CARTESIAN_POINT('',(6.305986105679,-2.921395291898));
#2720 = CARTESIAN_POINT('',(6.308757442245,-2.903206879213));
#2721 = CARTESIAN_POINT('',(6.311600263866,-2.880996113678));
#2722 = CARTESIAN_POINT('',(6.314386179362,-2.855930042726));
#2723 = CARTESIAN_POINT('',(6.317023617391,-2.828831121131));
#2724 = CARTESIAN_POINT('',(6.319378798363,-2.800947060885));
#2725 = CARTESIAN_POINT('',(6.321449932771,-2.772169137768));
#2726 = CARTESIAN_POINT('',(6.323432284065,-2.740489798168));
#2727 = CARTESIAN_POINT('',(6.325238435059,-2.706806114514));
#2728 = CARTESIAN_POINT('',(6.326853682197,-2.671266200116));
#2729 = CARTESIAN_POINT('',(6.328244247478,-2.634220805355));
#2730 = CARTESIAN_POINT('',(6.329379919984,-2.595959091453));
#2731 = CARTESIAN_POINT('',(6.330260233325,-2.55693203704));
#2732 = CARTESIAN_POINT('',(6.330887199288,-2.517596715739));
#2733 = CARTESIAN_POINT('',(6.33126216761,-2.478408581961));
#2734 = CARTESIAN_POINT('',(6.331345165911,-2.452685211357));
#2735 = CARTESIAN_POINT('',(6.331345165947,-2.44));
#2736 = ( GEOMETRIC_REPRESENTATION_CONTEXT(2) 
PARAMETRIC_REPRESENTATION_CONTEXT() REPRESENTATION_CONTEXT('2D SPACE',''
  ) );
#2737 = PCURVE('',#2738,#2743);
#2738 = SPHERICAL_SURFACE('',#2739,1.3275);
#2739 = AXIS2_PLACEMENT_3D('',#2740,#2741,#2742);
#2740 = CARTESIAN_POINT('',(2.5,-10.75,0.));
#2741 = DIRECTION('',(0.,0.,-1.));
#2742 = DIRECTION('',(0.,1.,0.));
#2743 = DEFINITIONAL_REPRESENTATION('',(#2744),#2792);
#2744 = B_SPLINE_CURVE_WITH_KNOTS('',3,(#2745,#2746,#2747,#2748,#2749,
    #2750,#2751,#2752,#2753,#2754,#2755,#2756,#2757,#2758,#2759,#2760,
    #2761,#2762,#2763,#2764,#2765,#2766,#2767,#2768,#2769,#2770,#2771,
    #2772,#2773,#2774,#2775,#2776,#2777,#2778,#2779,#2780,#2781,#2782,
    #2783,#2784,#2785,#2786,#2787,#2788,#2789,#2790,#2791),
  .UNSPECIFIED.,.F.,.F.,(4,1,1,1,1,1,1,1,1,1,1,1,1,1,1,1,1,1,1,1,1,1,1,1
    ,1,1,1,1,1,1,1,1,1,1,1,1,1,1,1,1,1,1,1,1,4),(0.,3.805563407064E-03,
    7.611126814129E-03,1.141669022119E-02,1.522225362826E-02,
    1.902781703532E-02,2.283338044239E-02,2.663894384945E-02,
    3.044450725652E-02,3.425007066358E-02,3.805563407064E-02,
    4.186119747771E-02,4.566676088477E-02,4.947232429184E-02,
    5.32778876989E-02,5.708345110597E-02,6.088901451303E-02,
    6.46945779201E-02,6.850014132716E-02,7.230570473423E-02,
    7.611126814129E-02,7.991683154835E-02,8.372239495542E-02,
    8.752795836248E-02,9.133352176955E-02,9.513908517661E-02,
    9.894464858368E-02,0.102750211991,0.106555775398,0.110361338805,
    0.114166902212,0.117972465619,0.121778029026,0.125583592433,
    0.12938915584,0.133194719247,0.137000282654,0.140805846061,
    0.144611409468,0.148416972876,0.152222536283,0.15602809969,
    0.159833663097,0.163639226504,0.167444789911),
  .QUASI_UNIFORM_KNOTS.);
#2745 = CARTESIAN_POINT('',(9.424777960769,0.448622422487));
#2746 = CARTESIAN_POINT('',(9.414172801232,0.448624163176));
#2747 = CARTESIAN_POINT('',(9.392667222391,0.447800144101));
#2748 = CARTESIAN_POINT('',(9.359984616329,0.444070694114));
#2749 = CARTESIAN_POINT('',(9.327341761998,0.437828204151));
#2750 = CARTESIAN_POINT('',(9.295194080817,0.429083500674));
#2751 = CARTESIAN_POINT('',(9.263981651117,0.417858349743));
#2752 = CARTESIAN_POINT('',(9.234113349004,0.404212580118));
#2753 = CARTESIAN_POINT('',(9.205836315659,0.388457670957));
#2754 = CARTESIAN_POINT('',(9.179417826858,0.370946561902));
#2755 = CARTESIAN_POINT('',(9.154945904208,0.3518575719));
#2756 = CARTESIAN_POINT('',(9.133047889859,0.332048810816));
#2757 = CARTESIAN_POINT('',(9.112147112623,0.309731961589));
#2758 = CARTESIAN_POINT('',(9.092155247736,0.284910841442));
#2759 = CARTESIAN_POINT('',(9.07395358733,0.258849149766));
#2760 = CARTESIAN_POINT('',(9.058067353861,0.232424423199));
#2761 = CARTESIAN_POINT('',(9.045228602154,0.206854493535));
#2762 = CARTESIAN_POINT('',(9.033742669781,0.179100355164));
#2763 = CARTESIAN_POINT('',(9.023900011469,0.150083276291));
#2764 = CARTESIAN_POINT('',(9.015690549963,0.120115189217));
#2765 = CARTESIAN_POINT('',(9.00918795181,8.966464703015E-02));
#2766 = CARTESIAN_POINT('',(9.004448939119,5.919226075504E-02));
#2767 = CARTESIAN_POINT('',(9.00154259965,2.90228094421E-02));
#2768 = CARTESIAN_POINT('',(9.000544878707,-6.62365300133E-16));
#2769 = CARTESIAN_POINT('',(9.00154259965,-2.90228094421E-02));
#2770 = CARTESIAN_POINT('',(9.004448939119,-5.919226075504E-02));
#2771 = CARTESIAN_POINT('',(9.00918795181,-8.966464703015E-02));
#2772 = CARTESIAN_POINT('',(9.015690549963,-0.120115189217));
#2773 = CARTESIAN_POINT('',(9.023900011469,-0.150083276291));
#2774 = CARTESIAN_POINT('',(9.033742669781,-0.179100355164));
#2775 = CARTESIAN_POINT('',(9.045228602154,-0.206854493535));
#2776 = CARTESIAN_POINT('',(9.058067353861,-0.232424423199));
#2777 = CARTESIAN_POINT('',(9.07395358733,-0.258849149766));
#2778 = CARTESIAN_POINT('',(9.092155247736,-0.284910841442));
#2779 = CARTESIAN_POINT('',(9.112147112623,-0.309731961589));
#2780 = CARTESIAN_POINT('',(9.133047889859,-0.332048810816));
#2781 = CARTESIAN_POINT('',(9.154945904208,-0.3518575719));
#2782 = CARTESIAN_POINT('',(9.179417826858,-0.370946561902));
#2783 = CARTESIAN_POINT('',(9.205836315659,-0.388457670957));
#2784 = CARTESIAN_POINT('',(9.234113349004,-0.404212580118));
#2785 = CARTESIAN_POINT('',(9.263981651117,-0.417858349743));
#2786 = CARTESIAN_POINT('',(9.295194080817,-0.429083500674));
#2787 = CARTESIAN_POINT('',(9.327341761998,-0.437828204151));
#2788 = CARTESIAN_POINT('',(9.359984616329,-0.444070694114));
#2789 = CARTESIAN_POINT('',(9.392667222391,-0.447800144101));
#2790 = CARTESIAN_POINT('',(9.414172801232,-0.448624163176));
#2791 = CARTESIAN_POINT('',(9.424777960769,-0.448622422487));
#2792 = ( GEOMETRIC_REPRESENTATION_CONTEXT(2) 
PARAMETRIC_REPRESENTATION_CONTEXT() REPRESENTATION_CONTEXT('2D SPACE',''
  ) );
#2793 = ORIENTED_EDGE('',*,*,#2794,.F.);
#2794 = EDGE_CURVE('',#2664,#2662,#2795,.T.);
#2795 = SURFACE_CURVE('',#2796,(#2815,#2866),.PCURVE_S1.);
#2796 = B_SPLINE_CURVE_WITH_KNOTS('',3,(#2797,#2798,#2799,#2800,#2801,
    #2802,#2803,#2804,#2805,#2806,#2807,#2808,#2809,#2810,#2811,#2812,
    #2813,#2814),.UNSPECIFIED.,.F.,.F.,(4,2,2,2,2,2,2,2,4),(
    0.167444789911,0.186250753661,0.205056717412,0.222334693571,
    0.251167184866,0.279999676161,0.297277652321,0.316083616071,
    0.334889579822),.UNSPECIFIED.);
#2797 = CARTESIAN_POINT('',(2.5,-11.94613783023,0.575769520801));
#2798 = CARTESIAN_POINT('',(2.437313454165,-11.94613783023,
    0.575769520801));
#2799 = CARTESIAN_POINT('',(2.370317296886,-11.94674044868,
    0.563664103694));
#2800 = CARTESIAN_POINT('',(2.246040722638,-11.94895802966,
    0.514516137106));
#2801 = CARTESIAN_POINT('',(2.188750509414,-11.95054411098,
    0.477497063043));
#2802 = CARTESIAN_POINT('',(2.099963810897,-11.95349697233,
    0.396408019442));
#2803 = CARTESIAN_POINT('',(2.057277144555,-11.95521773061,
    0.342081756271));
#2804 = CARTESIAN_POINT('',(1.982472881951,-11.9584934798,0.20785150353)
  );
#2805 = CARTESIAN_POINT('',(1.953974222243,-11.960005,9.610830431743E-02
    ));
#2806 = CARTESIAN_POINT('',(1.953974222243,-11.960005,
    -9.610830431743E-02));
#2807 = CARTESIAN_POINT('',(1.982472881951,-11.9584934798,-0.20785150353
    ));
#2808 = CARTESIAN_POINT('',(2.057277144555,-11.95521773061,
    -0.342081756271));
#2809 = CARTESIAN_POINT('',(2.099963810897,-11.95349697233,
    -0.396408019442));
#2810 = CARTESIAN_POINT('',(2.188750509414,-11.95054411098,
    -0.477497063043));
#2811 = CARTESIAN_POINT('',(2.246040722638,-11.94895802966,
    -0.514516137106));
#2812 = CARTESIAN_POINT('',(2.370317296886,-11.94674044868,
    -0.563664103694));
#2813 = CARTESIAN_POINT('',(2.437313454165,-11.94613783023,
    -0.575769520801));
#2814 = CARTESIAN_POINT('',(2.5,-11.94613783023,-0.575769520801));
#2815 = PCURVE('',#622,#2816);
#2816 = DEFINITIONAL_REPRESENTATION('',(#2817),#2865);
#2817 = B_SPLINE_CURVE_WITH_KNOTS('',3,(#2818,#2819,#2820,#2821,#2822,
    #2823,#2824,#2825,#2826,#2827,#2828,#2829,#2830,#2831,#2832,#2833,
    #2834,#2835,#2836,#2837,#2838,#2839,#2840,#2841,#2842,#2843,#2844,
    #2845,#2846,#2847,#2848,#2849,#2850,#2851,#2852,#2853,#2854,#2855,
    #2856,#2857,#2858,#2859,#2860,#2861,#2862,#2863,#2864),
  .UNSPECIFIED.,.F.,.F.,(4,1,1,1,1,1,1,1,1,1,1,1,1,1,1,1,1,1,1,1,1,1,1,1
    ,1,1,1,1,1,1,1,1,1,1,1,1,1,1,1,1,1,1,1,1,4),(0.167444789911,
    0.171250353318,0.175055916725,0.178861480132,0.182667043539,
    0.186472606946,0.190278170353,0.19408373376,0.197889297167,
    0.201694860574,0.205500423981,0.209305987389,0.213111550796,
    0.216917114203,0.22072267761,0.224528241017,0.228333804424,
    0.232139367831,0.235944931238,0.239750494645,0.243556058052,
    0.247361621459,0.251167184866,0.254972748273,0.25877831168,
    0.262583875087,0.266389438495,0.270195001902,0.274000565309,
    0.277806128716,0.281611692123,0.28541725553,0.289222818937,
    0.293028382344,0.296833945751,0.300639509158,0.304445072565,
    0.308250635972,0.312056199379,0.315861762786,0.319667326193,
    0.3234728896,0.327278453008,0.331084016415,0.334889579822),
  .QUASI_UNIFORM_KNOTS.);
#2818 = CARTESIAN_POINT('',(6.331345165947,-2.44));
#2819 = CARTESIAN_POINT('',(6.331345165911,-2.427314788643));
#2820 = CARTESIAN_POINT('',(6.33126216761,-2.401591418039));
#2821 = CARTESIAN_POINT('',(6.330887199288,-2.362403284261));
#2822 = CARTESIAN_POINT('',(6.330260233325,-2.32306796296));
#2823 = CARTESIAN_POINT('',(6.329379919984,-2.284040908547));
#2824 = CARTESIAN_POINT('',(6.328244247478,-2.245779194645));
#2825 = CARTESIAN_POINT('',(6.326853682197,-2.208733799884));
#2826 = CARTESIAN_POINT('',(6.325238435059,-2.173193885486));
#2827 = CARTESIAN_POINT('',(6.323432284065,-2.139510201832));
#2828 = CARTESIAN_POINT('',(6.321449932771,-2.107830862232));
#2829 = CARTESIAN_POINT('',(6.319378798363,-2.079052939115));
#2830 = CARTESIAN_POINT('',(6.317023617391,-2.051168878869));
#2831 = CARTESIAN_POINT('',(6.314386179362,-2.024069957274));
#2832 = CARTESIAN_POINT('',(6.311600263866,-1.999003886322));
#2833 = CARTESIAN_POINT('',(6.308757442245,-1.976793120787));
#2834 = CARTESIAN_POINT('',(6.305986105679,-1.958604708102));
#2835 = CARTESIAN_POINT('',(6.302958970778,-1.942149281063));
#2836 = CARTESIAN_POINT('',(6.29977908638,-1.92789578066));
#2837 = CARTESIAN_POINT('',(6.296482584833,-1.915897382244));
#2838 = CARTESIAN_POINT('',(6.293122484129,-1.906318665429));
#2839 = CARTESIAN_POINT('',(6.289751200657,-1.89929435841));
#2840 = CARTESIAN_POINT('',(6.286406663463,-1.894967190796));
#2841 = CARTESIAN_POINT('',(6.28318530718,-1.893477737967));
#2842 = CARTESIAN_POINT('',(6.279963950896,-1.894967190796));
#2843 = CARTESIAN_POINT('',(6.276619413703,-1.89929435841));
#2844 = CARTESIAN_POINT('',(6.273248130231,-1.906318665429));
#2845 = CARTESIAN_POINT('',(6.269888029526,-1.915897382244));
#2846 = CARTESIAN_POINT('',(6.266591527979,-1.92789578066));
#2847 = CARTESIAN_POINT('',(6.263411643581,-1.942149281063));
#2848 = CARTESIAN_POINT('',(6.26038450868,-1.958604708102));
#2849 = CARTESIAN_POINT('',(6.257613172114,-1.976793120787));
#2850 = CARTESIAN_POINT('',(6.254770350493,-1.999003886322));
#2851 = CARTESIAN_POINT('',(6.251984434998,-2.024069957274));
#2852 = CARTESIAN_POINT('',(6.249346996968,-2.051168878869));
#2853 = CARTESIAN_POINT('',(6.246991815996,-2.079052939115));
#2854 = CARTESIAN_POINT('',(6.244920681589,-2.107830862232));
#2855 = CARTESIAN_POINT('',(6.242938330294,-2.139510201832));
#2856 = CARTESIAN_POINT('',(6.2411321793,-2.173193885486));
#2857 = CARTESIAN_POINT('',(6.239516932162,-2.208733799884));
#2858 = CARTESIAN_POINT('',(6.238126366881,-2.245779194645));
#2859 = CARTESIAN_POINT('',(6.236990694375,-2.284040908547));
#2860 = CARTESIAN_POINT('',(6.236110381034,-2.32306796296));
#2861 = CARTESIAN_POINT('',(6.235483415071,-2.362403284261));
#2862 = CARTESIAN_POINT('',(6.235108446749,-2.401591418039));
#2863 = CARTESIAN_POINT('',(6.235025448448,-2.427314788643));
#2864 = CARTESIAN_POINT('',(6.235025448412,-2.44));
#2865 = ( GEOMETRIC_REPRESENTATION_CONTEXT(2) 
PARAMETRIC_REPRESENTATION_CONTEXT() REPRESENTATION_CONTEXT('2D SPACE',''
  ) );
#2866 = PCURVE('',#2738,#2867);
#2867 = DEFINITIONAL_REPRESENTATION('',(#2868),#2916);
#2868 = B_SPLINE_CURVE_WITH_KNOTS('',3,(#2869,#2870,#2871,#2872,#2873,
    #2874,#2875,#2876,#2877,#2878,#2879,#2880,#2881,#2882,#2883,#2884,
    #2885,#2886,#2887,#2888,#2889,#2890,#2891,#2892,#2893,#2894,#2895,
    #2896,#2897,#2898,#2899,#2900,#2901,#2902,#2903,#2904,#2905,#2906,
    #2907,#2908,#2909,#2910,#2911,#2912,#2913,#2914,#2915),
  .UNSPECIFIED.,.F.,.F.,(4,1,1,1,1,1,1,1,1,1,1,1,1,1,1,1,1,1,1,1,1,1,1,1
    ,1,1,1,1,1,1,1,1,1,1,1,1,1,1,1,1,1,1,1,1,4),(0.167444789911,
    0.171250353318,0.175055916725,0.178861480132,0.182667043539,
    0.186472606946,0.190278170353,0.19408373376,0.197889297167,
    0.201694860574,0.205500423981,0.209305987389,0.213111550796,
    0.216917114203,0.22072267761,0.224528241017,0.228333804424,
    0.232139367831,0.235944931238,0.239750494645,0.243556058052,
    0.247361621459,0.251167184866,0.254972748273,0.25877831168,
    0.262583875087,0.266389438495,0.270195001902,0.274000565309,
    0.277806128716,0.281611692123,0.28541725553,0.289222818937,
    0.293028382344,0.296833945751,0.300639509158,0.304445072565,
    0.308250635972,0.312056199379,0.315861762786,0.319667326193,
    0.3234728896,0.327278453008,0.331084016415,0.334889579822),
  .QUASI_UNIFORM_KNOTS.);
#2869 = CARTESIAN_POINT('',(3.14159265359,-0.448622422487));
#2870 = CARTESIAN_POINT('',(3.152197813127,-0.448624163176));
#2871 = CARTESIAN_POINT('',(3.173703391969,-0.447800144101));
#2872 = CARTESIAN_POINT('',(3.20638599803,-0.444070694114));
#2873 = CARTESIAN_POINT('',(3.239028852361,-0.437828204151));
#2874 = CARTESIAN_POINT('',(3.271176533542,-0.429083500674));
#2875 = CARTESIAN_POINT('',(3.302388963242,-0.417858349743));
#2876 = CARTESIAN_POINT('',(3.332257265355,-0.404212580118));
#2877 = CARTESIAN_POINT('',(3.360534298701,-0.388457670957));
#2878 = CARTESIAN_POINT('',(3.386952787501,-0.370946561902));
#2879 = CARTESIAN_POINT('',(3.411424710151,-0.3518575719));
#2880 = CARTESIAN_POINT('',(3.4333227245,-0.332048810816));
#2881 = CARTESIAN_POINT('',(3.454223501736,-0.309731961589));
#2882 = CARTESIAN_POINT('',(3.474215366624,-0.284910841442));
#2883 = CARTESIAN_POINT('',(3.49241702703,-0.258849149766));
#2884 = CARTESIAN_POINT('',(3.508303260498,-0.232424423199));
#2885 = CARTESIAN_POINT('',(3.521142012205,-0.206854493535));
#2886 = CARTESIAN_POINT('',(3.532627944579,-0.179100355164));
#2887 = CARTESIAN_POINT('',(3.54247060289,-0.150083276291));
#2888 = CARTESIAN_POINT('',(3.550680064396,-0.120115189217));
#2889 = CARTESIAN_POINT('',(3.557182662549,-8.966464703015E-02));
#2890 = CARTESIAN_POINT('',(3.561921675241,-5.919226075504E-02));
#2891 = CARTESIAN_POINT('',(3.564828014709,-2.90228094421E-02));
#2892 = CARTESIAN_POINT('',(3.565825735652,-2.53929939272E-15));
#2893 = CARTESIAN_POINT('',(3.564828014709,2.902280944209E-02));
#2894 = CARTESIAN_POINT('',(3.561921675241,5.919226075504E-02));
#2895 = CARTESIAN_POINT('',(3.557182662549,8.966464703015E-02));
#2896 = CARTESIAN_POINT('',(3.550680064396,0.120115189217));
#2897 = CARTESIAN_POINT('',(3.54247060289,0.150083276291));
#2898 = CARTESIAN_POINT('',(3.532627944579,0.179100355164));
#2899 = CARTESIAN_POINT('',(3.521142012205,0.206854493535));
#2900 = CARTESIAN_POINT('',(3.508303260498,0.232424423199));
#2901 = CARTESIAN_POINT('',(3.49241702703,0.258849149766));
#2902 = CARTESIAN_POINT('',(3.474215366624,0.284910841442));
#2903 = CARTESIAN_POINT('',(3.454223501736,0.309731961589));
#2904 = CARTESIAN_POINT('',(3.4333227245,0.332048810816));
#2905 = CARTESIAN_POINT('',(3.411424710151,0.3518575719));
#2906 = CARTESIAN_POINT('',(3.386952787501,0.370946561902));
#2907 = CARTESIAN_POINT('',(3.360534298701,0.388457670957));
#2908 = CARTESIAN_POINT('',(3.332257265355,0.404212580118));
#2909 = CARTESIAN_POINT('',(3.302388963242,0.417858349743));
#2910 = CARTESIAN_POINT('',(3.271176533542,0.429083500674));
#2911 = CARTESIAN_POINT('',(3.239028852361,0.437828204151));
#2912 = CARTESIAN_POINT('',(3.20638599803,0.444070694114));
#2913 = CARTESIAN_POINT('',(3.173703391969,0.447800144101));
#2914 = CARTESIAN_POINT('',(3.152197813127,0.448624163176));
#2915 = CARTESIAN_POINT('',(3.14159265359,0.448622422487));
#2916 = ( GEOMETRIC_REPRESENTATION_CONTEXT(2) 
PARAMETRIC_REPRESENTATION_CONTEXT() REPRESENTATION_CONTEXT('2D SPACE',''
  ) );
#2917 = FACE_BOUND('',#2918,.T.);
#2918 = EDGE_LOOP('',(#2919,#2920));
#2919 = ORIENTED_EDGE('',*,*,#747,.T.);
#2920 = ORIENTED_EDGE('',*,*,#540,.T.);
#2921 = FACE_BOUND('',#2922,.T.);
#2922 = EDGE_LOOP('',(#2923));
#2923 = ORIENTED_EDGE('',*,*,#2924,.T.);
#2924 = EDGE_CURVE('',#2925,#2925,#2927,.T.);
#2925 = VERTEX_POINT('',#2926);
#2926 = CARTESIAN_POINT('',(2.5,-3.219599523958,-11.51850244196));
#2927 = SURFACE_CURVE('',#2928,(#2963,#3014),.PCURVE_S1.);
#2928 = B_SPLINE_CURVE_WITH_KNOTS('',3,(#2929,#2930,#2931,#2932,#2933,
    #2934,#2935,#2936,#2937,#2938,#2939,#2940,#2941,#2942,#2943,#2944,
    #2945,#2946,#2947,#2948,#2949,#2950,#2951,#2952,#2953,#2954,#2955,
    #2956,#2957,#2958,#2959,#2960,#2961,#2962),.UNSPECIFIED.,.T.,.F.,(1,
    3,2,2,2,2,2,2,2,2,2,2,2,2,2,2,2,3,1),(-0.353695543566,
    -0.334889579815,-0.316083616065,-0.297277652315,-0.279999676156,
    -0.251167184862,-0.222334693567,-0.205056717408,-0.186250753658,
    -0.167444789908,-0.148638826158,-0.129832862408,-0.112554886249,
    -8.372239495387E-02,-5.488990365917E-02,-3.761192750016E-02,
    -1.880596375008E-02,0.,1.880596375008E-02),.UNSPECIFIED.);
#2929 = CARTESIAN_POINT('',(2.5,-2.096931970353,-11.77474398497));
#2930 = CARTESIAN_POINT('',(2.437313454166,-2.096931970353,
    -11.77474398497));
#2931 = CARTESIAN_POINT('',(2.370317296888,-2.1088679746,-11.7726377858)
  );
#2932 = CARTESIAN_POINT('',(2.246040722643,-2.157277157244,
    -11.76386331597));
#2933 = CARTESIAN_POINT('',(2.18875050942,-2.193721022127,
    -11.75717211198));
#2934 = CARTESIAN_POINT('',(2.099963810905,-2.273434067569,
    -11.74200692922));
#2935 = CARTESIAN_POINT('',(2.057277144564,-2.326781162637,
    -11.73159581367));
#2936 = CARTESIAN_POINT('',(1.98247288196,-2.45837490546,-11.70492039179
    ));
#2937 = CARTESIAN_POINT('',(1.953974222253,-2.567652814253,
    -11.68152881397));
#2938 = CARTESIAN_POINT('',(1.953974222253,-2.755050151193,
    -11.63875659469));
#2939 = CARTESIAN_POINT('',(1.98247288196,-2.863655370213,
    -11.61241777041));
#2940 = CARTESIAN_POINT('',(2.057277144564,-2.993791267498,
    -11.57935510989));
#2941 = CARTESIAN_POINT('',(2.099963810905,-3.046372553089,
    -11.56558876379));
#2942 = CARTESIAN_POINT('',(2.18875050942,-3.1247714516,-11.54466592713)
  );
#2943 = CARTESIAN_POINT('',(2.246040722643,-3.160509443891,
    -11.53488209325));
#2944 = CARTESIAN_POINT('',(2.370317296888,-3.207931710153,
    -11.52178366022));
#2945 = CARTESIAN_POINT('',(2.437313454166,-3.219599523958,
    -11.51850244195));
#2946 = CARTESIAN_POINT('',(2.562686545834,-3.219599523958,
    -11.51850244195));
#2947 = CARTESIAN_POINT('',(2.629682703112,-3.207931710153,
    -11.52178366022));
#2948 = CARTESIAN_POINT('',(2.753959277357,-3.160509443891,
    -11.53488209325));
#2949 = CARTESIAN_POINT('',(2.81124949058,-3.1247714516,-11.54466592713)
  );
#2950 = CARTESIAN_POINT('',(2.900036189095,-3.046372553089,
    -11.56558876379));
#2951 = CARTESIAN_POINT('',(2.942722855436,-2.993791267498,
    -11.57935510989));
#2952 = CARTESIAN_POINT('',(3.01752711804,-2.863655370213,
    -11.61241777041));
#2953 = CARTESIAN_POINT('',(3.046025777747,-2.755050151193,
    -11.63875659469));
#2954 = CARTESIAN_POINT('',(3.046025777747,-2.567652814253,
    -11.68152881397));
#2955 = CARTESIAN_POINT('',(3.01752711804,-2.45837490546,-11.70492039179
    ));
#2956 = CARTESIAN_POINT('',(2.942722855436,-2.326781162637,
    -11.73159581367));
#2957 = CARTESIAN_POINT('',(2.900036189095,-2.273434067569,
    -11.74200692922));
#2958 = CARTESIAN_POINT('',(2.81124949058,-2.193721022127,
    -11.75717211198));
#2959 = CARTESIAN_POINT('',(2.753959277357,-2.157277157244,
    -11.76386331597));
#2960 = CARTESIAN_POINT('',(2.629682703112,-2.1088679746,-11.7726377858)
  );
#2961 = CARTESIAN_POINT('',(2.562686545834,-2.096931970353,
    -11.77474398497));
#2962 = CARTESIAN_POINT('',(2.5,-2.096931970353,-11.77474398497));
#2963 = PCURVE('',#622,#2964);
#2964 = DEFINITIONAL_REPRESENTATION('',(#2965),#3013);
#2965 = B_SPLINE_CURVE_WITH_KNOTS('',3,(#2966,#2967,#2968,#2969,#2970,
    #2971,#2972,#2973,#2974,#2975,#2976,#2977,#2978,#2979,#2980,#2981,
    #2982,#2983,#2984,#2985,#2986,#2987,#2988,#2989,#2990,#2991,#2992,
    #2993,#2994,#2995,#2996,#2997,#2998,#2999,#3000,#3001,#3002,#3003,
    #3004,#3005,#3006,#3007,#3008,#3009,#3010,#3011,#3012),
  .UNSPECIFIED.,.T.,.F.,(4,1,1,1,1,1,1,1,1,1,1,1,1,1,1,1,1,1,1,1,1,1,1,1
    ,1,1,1,1,1,1,1,1,1,1,1,1,1,1,1,1,1,1,1,1,4),(-0.167444789908,
    -0.159833663094,-0.15222253628,-0.144611409466,-0.137000282652,
    -0.129389155838,-0.121778029024,-0.11416690221,-0.106555775396,
    -9.894464858185E-02,-9.133352176786E-02,-8.372239495387E-02,
    -7.611126813989E-02,-6.85001413259E-02,-6.088901451191E-02,
    -5.327788769792E-02,-4.566676088393E-02,-3.805563406994E-02,
    -3.044450725595E-02,-2.283338044197E-02,-1.522225362798E-02,
    -7.611126813989E-03,0.,7.611126813989E-03,1.522225362798E-02,
    2.283338044197E-02,3.044450725595E-02,3.805563406994E-02,
    4.566676088393E-02,5.327788769792E-02,6.088901451191E-02,
    6.85001413259E-02,7.611126813989E-02,8.372239495387E-02,
    9.133352176786E-02,9.894464858185E-02,0.106555775396,0.11416690221,
    0.121778029024,0.129389155838,0.137000282652,0.144611409466,
    0.15222253628,0.159833663094,0.167444789908),.UNSPECIFIED.);
#2966 = CARTESIAN_POINT('',(4.984948314408,-2.44));
#2967 = CARTESIAN_POINT('',(4.984949036529,-2.465373844833));
#2968 = CARTESIAN_POINT('',(4.98461558001,-2.517510897521));
#2969 = CARTESIAN_POINT('',(4.983112004023,-2.596378573374));
#2970 = CARTESIAN_POINT('',(4.980579455402,-2.671964017172));
#2971 = CARTESIAN_POINT('',(4.97708647646,-2.741857078245));
#2972 = CARTESIAN_POINT('',(4.973111033613,-2.801542114771));
#2973 = CARTESIAN_POINT('',(4.968077023469,-2.856762965069));
#2974 = CARTESIAN_POINT('',(4.962368361981,-2.904953430622));
#2975 = CARTESIAN_POINT('',(4.956684557898,-2.938642234819));
#2976 = CARTESIAN_POINT('',(4.950113372367,-2.965380017035));
#2977 = CARTESIAN_POINT('',(4.943312753245,-2.982033721922));
#2978 = CARTESIAN_POINT('',(4.936788455641,-2.988021805352));
#2979 = CARTESIAN_POINT('',(4.93026415804,-2.982033723152));
#2980 = CARTESIAN_POINT('',(4.923463538906,-2.965380012114));
#2981 = CARTESIAN_POINT('',(4.916892353418,-2.938642253271));
#2982 = CARTESIAN_POINT('',(4.911208549177,-2.904953361734));
#2983 = CARTESIAN_POINT('',(4.905499888276,-2.856763222167));
#2984 = CARTESIAN_POINT('',(4.900465875942,-2.801541155265));
#2985 = CARTESIAN_POINT('',(4.896490441269,-2.741860659172));
#2986 = CARTESIAN_POINT('',(4.892997431819,-2.671950652968));
#2987 = CARTESIAN_POINT('',(4.890464997059,-2.596428449262));
#2988 = CARTESIAN_POINT('',(4.888960996135,-2.517324758172));
#2989 = CARTESIAN_POINT('',(4.888462397244,-2.44));
#2990 = CARTESIAN_POINT('',(4.888960996135,-2.362675241828));
#2991 = CARTESIAN_POINT('',(4.890464997059,-2.283571550738));
#2992 = CARTESIAN_POINT('',(4.892997431819,-2.208049347032));
#2993 = CARTESIAN_POINT('',(4.896490441269,-2.138139340828));
#2994 = CARTESIAN_POINT('',(4.900465875942,-2.078458844735));
#2995 = CARTESIAN_POINT('',(4.905499888276,-2.023236777833));
#2996 = CARTESIAN_POINT('',(4.911208549177,-1.975046638266));
#2997 = CARTESIAN_POINT('',(4.916892353418,-1.941357746729));
#2998 = CARTESIAN_POINT('',(4.923463538906,-1.914619987886));
#2999 = CARTESIAN_POINT('',(4.93026415804,-1.897966276848));
#3000 = CARTESIAN_POINT('',(4.936788455641,-1.891978194648));
#3001 = CARTESIAN_POINT('',(4.943312753245,-1.897966278078));
#3002 = CARTESIAN_POINT('',(4.950113372367,-1.914619982965));
#3003 = CARTESIAN_POINT('',(4.956684557898,-1.941357765181));
#3004 = CARTESIAN_POINT('',(4.962368361981,-1.975046569378));
#3005 = CARTESIAN_POINT('',(4.968077023469,-2.023237034931));
#3006 = CARTESIAN_POINT('',(4.973111033613,-2.078457885229));
#3007 = CARTESIAN_POINT('',(4.97708647646,-2.138142921755));
#3008 = CARTESIAN_POINT('',(4.980579455402,-2.208035982828));
#3009 = CARTESIAN_POINT('',(4.983112004023,-2.283621426626));
#3010 = CARTESIAN_POINT('',(4.98461558001,-2.362489102479));
#3011 = CARTESIAN_POINT('',(4.984949036529,-2.414626155167));
#3012 = CARTESIAN_POINT('',(4.984948314408,-2.44));
#3013 = ( GEOMETRIC_REPRESENTATION_CONTEXT(2) 
PARAMETRIC_REPRESENTATION_CONTEXT() REPRESENTATION_CONTEXT('2D SPACE',''
  ) );
#3014 = PCURVE('',#3015,#3020);
#3015 = SPHERICAL_SURFACE('',#3016,1.3275);
#3016 = AXIS2_PLACEMENT_3D('',#3017,#3018,#3019);
#3017 = CARTESIAN_POINT('',(2.5,-2.39210004003,-10.48047505595));
#3018 = DIRECTION('',(0.,0.,-1.));
#3019 = DIRECTION('',(0.,1.,0.));
#3020 = DEFINITIONAL_REPRESENTATION('',(#3021),#3069);
#3021 = B_SPLINE_CURVE_WITH_KNOTS('',3,(#3022,#3023,#3024,#3025,#3026,
    #3027,#3028,#3029,#3030,#3031,#3032,#3033,#3034,#3035,#3036,#3037,
    #3038,#3039,#3040,#3041,#3042,#3043,#3044,#3045,#3046,#3047,#3048,
    #3049,#3050,#3051,#3052,#3053,#3054,#3055,#3056,#3057,#3058,#3059,
    #3060,#3061,#3062,#3063,#3064,#3065,#3066,#3067,#3068),
  .UNSPECIFIED.,.F.,.F.,(4,1,1,1,1,1,1,1,1,1,1,1,1,1,1,1,1,1,1,1,1,1,1,1
    ,1,1,1,1,1,1,1,1,1,1,1,1,1,1,1,1,1,1,1,1,4),(-0.167444789908,
    -0.159833663094,-0.15222253628,-0.144611409466,-0.137000282652,
    -0.129389155838,-0.121778029024,-0.11416690221,-0.106555775396,
    -9.894464858185E-02,-9.133352176786E-02,-8.372239495387E-02,
    -7.611126813989E-02,-6.85001413259E-02,-6.088901451191E-02,
    -5.327788769792E-02,-4.566676088393E-02,-3.805563406994E-02,
    -3.044450725595E-02,-2.283338044197E-02,-1.522225362798E-02,
    -7.611126813989E-03,0.,7.611126813989E-03,1.522225362798E-02,
    2.283338044197E-02,3.044450725595E-02,3.805563406994E-02,
    4.566676088393E-02,5.327788769792E-02,6.088901451191E-02,
    6.85001413259E-02,7.611126813989E-02,8.372239495387E-02,
    9.133352176786E-02,9.894464858185E-02,0.106555775396,0.11416690221,
    0.121778029024,0.129389155838,0.137000282652,0.144611409466,
    0.15222253628,0.159833663094,0.167444789908),.UNSPECIFIED.);
#3022 = CARTESIAN_POINT('',(9.424777960769,0.89777442906));
#3023 = CARTESIAN_POINT('',(9.394101711213,0.897813814719));
#3024 = CARTESIAN_POINT('',(9.33111464801,0.899129405481));
#3025 = CARTESIAN_POINT('',(9.233533672424,0.904937065998));
#3026 = CARTESIAN_POINT('',(9.135249729905,0.914821191119));
#3027 = CARTESIAN_POINT('',(9.036580876036,0.928609661416));
#3028 = CARTESIAN_POINT('',(8.94347516896,0.944097059284));
#3029 = CARTESIAN_POINT('',(8.843443564744,0.964549202179));
#3030 = CARTESIAN_POINT('',(8.738745392876,0.987058377719));
#3031 = CARTESIAN_POINT('',(8.642819867005,1.010475409055));
#3032 = CARTESIAN_POINT('',(8.535249798977,1.038100476937));
#3033 = CARTESIAN_POINT('',(8.423019415695,1.066516476807));
#3034 = CARTESIAN_POINT('',(8.312690677003,1.09402770918));
#3035 = CARTESIAN_POINT('',(8.198836208402,1.123579952513));
#3036 = CARTESIAN_POINT('',(8.070314189382,1.155151347608));
#3037 = CARTESIAN_POINT('',(7.930734475684,1.185894669773));
#3038 = CARTESIAN_POINT('',(7.793750556355,1.213624343917));
#3039 = CARTESIAN_POINT('',(7.630818523014,1.24434016907));
#3040 = CARTESIAN_POINT('',(7.451584141087,1.271375887051));
#3041 = CARTESIAN_POINT('',(7.268115701254,1.29524618208));
#3042 = CARTESIAN_POINT('',(7.049549625261,1.316901197839));
#3043 = CARTESIAN_POINT('',(6.807573421699,1.333731788475));
#3044 = CARTESIAN_POINT('',(6.545313189661,1.34447045541));
#3045 = CARTESIAN_POINT('',(6.28318530718,1.347624841655));
#3046 = CARTESIAN_POINT('',(6.021057424698,1.34447045541));
#3047 = CARTESIAN_POINT('',(5.75879719266,1.333731788475));
#3048 = CARTESIAN_POINT('',(5.516820989098,1.316901197839));
#3049 = CARTESIAN_POINT('',(5.298254913105,1.29524618208));
#3050 = CARTESIAN_POINT('',(5.114786473272,1.271375887051));
#3051 = CARTESIAN_POINT('',(4.935552091345,1.24434016907));
#3052 = CARTESIAN_POINT('',(4.772620058004,1.213624343917));
#3053 = CARTESIAN_POINT('',(4.635636138675,1.185894669773));
#3054 = CARTESIAN_POINT('',(4.496056424977,1.155151347608));
#3055 = CARTESIAN_POINT('',(4.367534405957,1.123579952513));
#3056 = CARTESIAN_POINT('',(4.253679937356,1.09402770918));
#3057 = CARTESIAN_POINT('',(4.143351198664,1.066516476807));
#3058 = CARTESIAN_POINT('',(4.031120815382,1.038100476937));
#3059 = CARTESIAN_POINT('',(3.923550747355,1.010475409055));
#3060 = CARTESIAN_POINT('',(3.827625221483,0.987058377719));
#3061 = CARTESIAN_POINT('',(3.722927049615,0.964549202179));
#3062 = CARTESIAN_POINT('',(3.622895445399,0.944097059284));
#3063 = CARTESIAN_POINT('',(3.529789738323,0.928609661416));
#3064 = CARTESIAN_POINT('',(3.431120884454,0.914821191119));
#3065 = CARTESIAN_POINT('',(3.332836941935,0.904937065998));
#3066 = CARTESIAN_POINT('',(3.235255966349,0.899129405481));
#3067 = CARTESIAN_POINT('',(3.172268903146,0.897813814719));
#3068 = CARTESIAN_POINT('',(3.14159265359,0.89777442906));
#3069 = ( GEOMETRIC_REPRESENTATION_CONTEXT(2) 
PARAMETRIC_REPRESENTATION_CONTEXT() REPRESENTATION_CONTEXT('2D SPACE',''
  ) );
#3070 = FACE_BOUND('',#3071,.T.);
#3071 = EDGE_LOOP('',(#3072));
#3072 = ORIENTED_EDGE('',*,*,#3073,.T.);
#3073 = EDGE_CURVE('',#3074,#3074,#3076,.T.);
#3074 = VERTEX_POINT('',#3075);
#3075 = CARTESIAN_POINT('',(2.5,2.096931970353,-11.77474398498));
#3076 = SURFACE_CURVE('',#3077,(#3112,#3163),.PCURVE_S1.);
#3077 = B_SPLINE_CURVE_WITH_KNOTS('',3,(#3078,#3079,#3080,#3081,#3082,
    #3083,#3084,#3085,#3086,#3087,#3088,#3089,#3090,#3091,#3092,#3093,
    #3094,#3095,#3096,#3097,#3098,#3099,#3100,#3101,#3102,#3103,#3104,
    #3105,#3106,#3107,#3108,#3109,#3110,#3111),.UNSPECIFIED.,.T.,.F.,(1,
    3,2,2,2,2,2,2,2,2,2,2,2,2,2,2,2,3,1),(-0.353695543566,
    -0.334889579815,-0.316083616065,-0.297277652315,-0.279999676156,
    -0.251167184862,-0.222334693567,-0.205056717408,-0.186250753658,
    -0.167444789908,-0.148638826158,-0.129832862408,-0.112554886249,
    -8.372239495387E-02,-5.488990365917E-02,-3.761192750016E-02,
    -1.880596375008E-02,0.,1.880596375008E-02),.UNSPECIFIED.);
#3078 = CARTESIAN_POINT('',(2.5,3.219599523958,-11.51850244195));
#3079 = CARTESIAN_POINT('',(2.437313454166,3.219599523958,
    -11.51850244195));
#3080 = CARTESIAN_POINT('',(2.370317296888,3.207931710153,
    -11.52178366022));
#3081 = CARTESIAN_POINT('',(2.246040722643,3.160509443891,
    -11.53488209325));
#3082 = CARTESIAN_POINT('',(2.18875050942,3.1247714516,-11.54466592713)
  );
#3083 = CARTESIAN_POINT('',(2.099963810905,3.046372553089,
    -11.56558876379));
#3084 = CARTESIAN_POINT('',(2.057277144564,2.993791267498,
    -11.57935510989));
#3085 = CARTESIAN_POINT('',(1.98247288196,2.863655370213,-11.61241777041
    ));
#3086 = CARTESIAN_POINT('',(1.953974222253,2.755050151193,
    -11.63875659469));
#3087 = CARTESIAN_POINT('',(1.953974222253,2.567652814253,
    -11.68152881397));
#3088 = CARTESIAN_POINT('',(1.98247288196,2.45837490546,-11.70492039179)
  );
#3089 = CARTESIAN_POINT('',(2.057277144564,2.326781162637,
    -11.73159581367));
#3090 = CARTESIAN_POINT('',(2.099963810905,2.273434067569,
    -11.74200692922));
#3091 = CARTESIAN_POINT('',(2.18875050942,2.193721022127,-11.75717211198
    ));
#3092 = CARTESIAN_POINT('',(2.246040722643,2.157277157244,
    -11.76386331597));
#3093 = CARTESIAN_POINT('',(2.370317296888,2.1088679746,-11.7726377858)
  );
#3094 = CARTESIAN_POINT('',(2.437313454166,2.096931970353,
    -11.77474398497));
#3095 = CARTESIAN_POINT('',(2.562686545834,2.096931970353,
    -11.77474398497));
#3096 = CARTESIAN_POINT('',(2.629682703112,2.1088679746,-11.7726377858)
  );
#3097 = CARTESIAN_POINT('',(2.753959277357,2.157277157244,
    -11.76386331597));
#3098 = CARTESIAN_POINT('',(2.81124949058,2.193721022127,-11.75717211198
    ));
#3099 = CARTESIAN_POINT('',(2.900036189095,2.273434067569,
    -11.74200692922));
#3100 = CARTESIAN_POINT('',(2.942722855436,2.326781162637,
    -11.73159581367));
#3101 = CARTESIAN_POINT('',(3.01752711804,2.45837490546,-11.70492039179)
  );
#3102 = CARTESIAN_POINT('',(3.046025777747,2.567652814253,
    -11.68152881397));
#3103 = CARTESIAN_POINT('',(3.046025777747,2.755050151193,
    -11.63875659469));
#3104 = CARTESIAN_POINT('',(3.01752711804,2.863655370213,-11.61241777041
    ));
#3105 = CARTESIAN_POINT('',(2.942722855436,2.993791267498,
    -11.57935510989));
#3106 = CARTESIAN_POINT('',(2.900036189095,3.046372553089,
    -11.56558876379));
#3107 = CARTESIAN_POINT('',(2.81124949058,3.1247714516,-11.54466592713)
  );
#3108 = CARTESIAN_POINT('',(2.753959277357,3.160509443891,
    -11.53488209325));
#3109 = CARTESIAN_POINT('',(2.629682703112,3.207931710153,
    -11.52178366022));
#3110 = CARTESIAN_POINT('',(2.562686545834,3.219599523958,
    -11.51850244195));
#3111 = CARTESIAN_POINT('',(2.5,3.219599523958,-11.51850244195));
#3112 = PCURVE('',#622,#3113);
#3113 = DEFINITIONAL_REPRESENTATION('',(#3114),#3162);
#3114 = B_SPLINE_CURVE_WITH_KNOTS('',3,(#3115,#3116,#3117,#3118,#3119,
    #3120,#3121,#3122,#3123,#3124,#3125,#3126,#3127,#3128,#3129,#3130,
    #3131,#3132,#3133,#3134,#3135,#3136,#3137,#3138,#3139,#3140,#3141,
    #3142,#3143,#3144,#3145,#3146,#3147,#3148,#3149,#3150,#3151,#3152,
    #3153,#3154,#3155,#3156,#3157,#3158,#3159,#3160,#3161),
  .UNSPECIFIED.,.T.,.F.,(4,1,1,1,1,1,1,1,1,1,1,1,1,1,1,1,1,1,1,1,1,1,1,1
    ,1,1,1,1,1,1,1,1,1,1,1,1,1,1,1,1,1,1,1,1,4),(-0.167444789908,
    -0.159833663094,-0.15222253628,-0.144611409466,-0.137000282652,
    -0.129389155838,-0.121778029024,-0.11416690221,-0.106555775396,
    -9.894464858185E-02,-9.133352176786E-02,-8.372239495387E-02,
    -7.611126813989E-02,-6.85001413259E-02,-6.088901451191E-02,
    -5.327788769792E-02,-4.566676088393E-02,-3.805563406994E-02,
    -3.044450725595E-02,-2.283338044197E-02,-1.522225362798E-02,
    -7.611126813989E-03,0.,7.611126813989E-03,1.522225362798E-02,
    2.283338044197E-02,3.044450725595E-02,3.805563406994E-02,
    4.566676088393E-02,5.327788769792E-02,6.088901451191E-02,
    6.85001413259E-02,7.611126813989E-02,8.372239495387E-02,
    9.133352176786E-02,9.894464858185E-02,0.106555775396,0.11416690221,
    0.121778029024,0.129389155838,0.137000282652,0.144611409466,
    0.15222253628,0.159833663094,0.167444789908),.UNSPECIFIED.);
#3115 = CARTESIAN_POINT('',(4.536149363895,-2.44));
#3116 = CARTESIAN_POINT('',(4.536150086016,-2.465373844833));
#3117 = CARTESIAN_POINT('',(4.535816629497,-2.517510897521));
#3118 = CARTESIAN_POINT('',(4.53431305351,-2.596378573374));
#3119 = CARTESIAN_POINT('',(4.531780504889,-2.671964017172));
#3120 = CARTESIAN_POINT('',(4.528287525947,-2.741857078245));
#3121 = CARTESIAN_POINT('',(4.5243120831,-2.801542114771));
#3122 = CARTESIAN_POINT('',(4.519278072956,-2.856762965069));
#3123 = CARTESIAN_POINT('',(4.513569411468,-2.904953430622));
#3124 = CARTESIAN_POINT('',(4.507885607385,-2.938642234819));
#3125 = CARTESIAN_POINT('',(4.501314421854,-2.965380017035));
#3126 = CARTESIAN_POINT('',(4.494513802732,-2.982033721922));
#3127 = CARTESIAN_POINT('',(4.487989505128,-2.988021805352));
#3128 = CARTESIAN_POINT('',(4.481465207527,-2.982033723152));
#3129 = CARTESIAN_POINT('',(4.474664588393,-2.965380012114));
#3130 = CARTESIAN_POINT('',(4.468093402905,-2.938642253271));
#3131 = CARTESIAN_POINT('',(4.462409598664,-2.904953361734));
#3132 = CARTESIAN_POINT('',(4.456700937764,-2.856763222167));
#3133 = CARTESIAN_POINT('',(4.451666925429,-2.801541155265));
#3134 = CARTESIAN_POINT('',(4.447691490756,-2.741860659172));
#3135 = CARTESIAN_POINT('',(4.444198481306,-2.671950652968));
#3136 = CARTESIAN_POINT('',(4.441666046546,-2.596428449262));
#3137 = CARTESIAN_POINT('',(4.440162045622,-2.517324758172));
#3138 = CARTESIAN_POINT('',(4.439663446731,-2.44));
#3139 = CARTESIAN_POINT('',(4.440162045622,-2.362675241828));
#3140 = CARTESIAN_POINT('',(4.441666046546,-2.283571550738));
#3141 = CARTESIAN_POINT('',(4.444198481306,-2.208049347032));
#3142 = CARTESIAN_POINT('',(4.447691490756,-2.138139340828));
#3143 = CARTESIAN_POINT('',(4.451666925429,-2.078458844735));
#3144 = CARTESIAN_POINT('',(4.456700937764,-2.023236777833));
#3145 = CARTESIAN_POINT('',(4.462409598664,-1.975046638266));
#3146 = CARTESIAN_POINT('',(4.468093402905,-1.941357746729));
#3147 = CARTESIAN_POINT('',(4.474664588393,-1.914619987886));
#3148 = CARTESIAN_POINT('',(4.481465207527,-1.897966276848));
#3149 = CARTESIAN_POINT('',(4.487989505128,-1.891978194648));
#3150 = CARTESIAN_POINT('',(4.494513802732,-1.897966278078));
#3151 = CARTESIAN_POINT('',(4.501314421854,-1.914619982965));
#3152 = CARTESIAN_POINT('',(4.507885607385,-1.941357765181));
#3153 = CARTESIAN_POINT('',(4.513569411468,-1.975046569378));
#3154 = CARTESIAN_POINT('',(4.519278072956,-2.023237034931));
#3155 = CARTESIAN_POINT('',(4.5243120831,-2.078457885229));
#3156 = CARTESIAN_POINT('',(4.528287525947,-2.138142921755));
#3157 = CARTESIAN_POINT('',(4.531780504889,-2.208035982828));
#3158 = CARTESIAN_POINT('',(4.53431305351,-2.283621426626));
#3159 = CARTESIAN_POINT('',(4.535816629497,-2.362489102479));
#3160 = CARTESIAN_POINT('',(4.536150086016,-2.414626155167));
#3161 = CARTESIAN_POINT('',(4.536149363895,-2.44));
#3162 = ( GEOMETRIC_REPRESENTATION_CONTEXT(2) 
PARAMETRIC_REPRESENTATION_CONTEXT() REPRESENTATION_CONTEXT('2D SPACE',''
  ) );
#3163 = PCURVE('',#3164,#3169);
#3164 = SPHERICAL_SURFACE('',#3165,1.3275);
#3165 = AXIS2_PLACEMENT_3D('',#3166,#3167,#3168);
#3166 = CARTESIAN_POINT('',(2.5,2.39210004003,-10.48047505595));
#3167 = DIRECTION('',(0.,0.,-1.));
#3168 = DIRECTION('',(0.,1.,0.));
#3169 = DEFINITIONAL_REPRESENTATION('',(#3170),#3218);
#3170 = B_SPLINE_CURVE_WITH_KNOTS('',3,(#3171,#3172,#3173,#3174,#3175,
    #3176,#3177,#3178,#3179,#3180,#3181,#3182,#3183,#3184,#3185,#3186,
    #3187,#3188,#3189,#3190,#3191,#3192,#3193,#3194,#3195,#3196,#3197,
    #3198,#3199,#3200,#3201,#3202,#3203,#3204,#3205,#3206,#3207,#3208,
    #3209,#3210,#3211,#3212,#3213,#3214,#3215,#3216,#3217),
  .UNSPECIFIED.,.F.,.F.,(4,1,1,1,1,1,1,1,1,1,1,1,1,1,1,1,1,1,1,1,1,1,1,1
    ,1,1,1,1,1,1,1,1,1,1,1,1,1,1,1,1,1,1,1,1,4),(-0.167444789908,
    -0.159833663094,-0.15222253628,-0.144611409466,-0.137000282652,
    -0.129389155838,-0.121778029024,-0.11416690221,-0.106555775396,
    -9.894464858185E-02,-9.133352176786E-02,-8.372239495387E-02,
    -7.611126813989E-02,-6.85001413259E-02,-6.088901451191E-02,
    -5.327788769792E-02,-4.566676088393E-02,-3.805563406994E-02,
    -3.044450725595E-02,-2.283338044197E-02,-1.522225362798E-02,
    -7.611126813989E-03,0.,7.611126813989E-03,1.522225362798E-02,
    2.283338044197E-02,3.044450725595E-02,3.805563406994E-02,
    4.566676088393E-02,5.327788769792E-02,6.088901451191E-02,
    6.85001413259E-02,7.611126813989E-02,8.372239495387E-02,
    9.133352176786E-02,9.894464858185E-02,0.106555775396,0.11416690221,
    0.121778029024,0.129389155838,0.137000282652,0.144611409466,
    0.15222253628,0.159833663094,0.167444789908),.UNSPECIFIED.);
#3171 = CARTESIAN_POINT('',(3.14159265359,1.346573379573));
#3172 = CARTESIAN_POINT('',(3.055228364385,1.346748614198));
#3173 = CARTESIAN_POINT('',(2.878995252674,1.344389128737));
#3174 = CARTESIAN_POINT('',(2.617330346155,1.333753579891));
#3175 = CARTESIAN_POINT('',(2.375194625601,1.316895358847));
#3176 = CARTESIAN_POINT('',(2.156671292058,1.295247746634));
#3177 = CARTESIAN_POINT('',(1.97319139942,1.27137546783));
#3178 = CARTESIAN_POINT('',(1.793960086263,1.2443402814));
#3179 = CARTESIAN_POINT('',(1.631027230645,1.213624313819));
#3180 = CARTESIAN_POINT('',(1.494043531654,1.185894677837));
#3181 = CARTESIAN_POINT('',(1.354463758882,1.15515134545));
#3182 = CARTESIAN_POINT('',(1.225941755822,1.123579953083));
#3183 = CARTESIAN_POINT('',(1.112087282453,1.09402770906));
#3184 = CARTESIAN_POINT('',(1.001758546874,1.066516476718));
#3185 = CARTESIAN_POINT('',(0.889528155909,1.038100477412));
#3186 = CARTESIAN_POINT('',(0.781958115499,1.010475407246));
#3187 = CARTESIAN_POINT('',(0.686032486841,0.987058384483));
#3188 = CARTESIAN_POINT('',(0.581334698499,0.964549176932));
#3189 = CARTESIAN_POINT('',(0.481301662964,0.944097153508));
#3190 = CARTESIAN_POINT('',(0.38820129764,0.928609309767));
#3191 = CARTESIAN_POINT('',(0.289512508085,0.914822503489));
#3192 = CARTESIAN_POINT('',(0.191302966556,0.904932168168));
#3193 = CARTESIAN_POINT('',(9.344432269539E-02,0.899147684429));
#3194 = CARTESIAN_POINT('',(6.330817816008E-16,0.897087801375));
#3195 = CARTESIAN_POINT('',(-9.344432269539E-02,0.899147684429));
#3196 = CARTESIAN_POINT('',(-0.191302966556,0.904932168168));
#3197 = CARTESIAN_POINT('',(-0.289512508085,0.914822503489));
#3198 = CARTESIAN_POINT('',(-0.38820129764,0.928609309767));
#3199 = CARTESIAN_POINT('',(-0.481301662964,0.944097153508));
#3200 = CARTESIAN_POINT('',(-0.581334698499,0.964549176932));
#3201 = CARTESIAN_POINT('',(-0.686032486841,0.987058384483));
#3202 = CARTESIAN_POINT('',(-0.781958115499,1.010475407246));
#3203 = CARTESIAN_POINT('',(-0.889528155909,1.038100477412));
#3204 = CARTESIAN_POINT('',(-1.001758546874,1.066516476718));
#3205 = CARTESIAN_POINT('',(-1.112087282453,1.09402770906));
#3206 = CARTESIAN_POINT('',(-1.225941755822,1.123579953083));
#3207 = CARTESIAN_POINT('',(-1.354463758882,1.15515134545));
#3208 = CARTESIAN_POINT('',(-1.494043531654,1.185894677837));
#3209 = CARTESIAN_POINT('',(-1.631027230645,1.213624313819));
#3210 = CARTESIAN_POINT('',(-1.793960086263,1.2443402814));
#3211 = CARTESIAN_POINT('',(-1.97319139942,1.27137546783));
#3212 = CARTESIAN_POINT('',(-2.156671292058,1.295247746634));
#3213 = CARTESIAN_POINT('',(-2.375194625601,1.316895358847));
#3214 = CARTESIAN_POINT('',(-2.617330346155,1.333753579891));
#3215 = CARTESIAN_POINT('',(-2.878995252674,1.344389128737));
#3216 = CARTESIAN_POINT('',(-3.055228364385,1.346748614198));
#3217 = CARTESIAN_POINT('',(-3.14159265359,1.346573379573));
#3218 = ( GEOMETRIC_REPRESENTATION_CONTEXT(2) 
PARAMETRIC_REPRESENTATION_CONTEXT() REPRESENTATION_CONTEXT('2D SPACE',''
  ) );
#3219 = FACE_BOUND('',#3220,.T.);
#3220 = EDGE_LOOP('',(#3221));
#3221 = ORIENTED_EDGE('',*,*,#3222,.T.);
#3222 = EDGE_CURVE('',#3223,#3223,#3225,.T.);
#3223 = VERTEX_POINT('',#3224);
#3224 = CARTESIAN_POINT('',(2.5,6.998140370742,-9.698853074019));
#3225 = SURFACE_CURVE('',#3226,(#3261,#3312),.PCURVE_S1.);
#3226 = B_SPLINE_CURVE_WITH_KNOTS('',3,(#3227,#3228,#3229,#3230,#3231,
    #3232,#3233,#3234,#3235,#3236,#3237,#3238,#3239,#3240,#3241,#3242,
    #3243,#3244,#3245,#3246,#3247,#3248,#3249,#3250,#3251,#3252,#3253,
    #3254,#3255,#3256,#3257,#3258,#3259,#3260),.UNSPECIFIED.,.T.,.F.,(1,
    3,2,2,2,2,2,2,2,2,2,2,2,2,2,2,2,3,1),(-0.353695543571,
    -0.334889579821,-0.316083616071,-0.29727765232,-0.279999676161,
    -0.251167184866,-0.222334693571,-0.205056717411,-0.186250753661,
    -0.167444789911,-0.14863882616,-0.12983286241,-0.11255488625,
    -8.372239495525E-02,-5.488990366008E-02,-3.761192750079E-02,
    -1.880596375039E-02,0.,1.880596375039E-02),.UNSPECIFIED.);
#3227 = CARTESIAN_POINT('',(2.5,7.898449846757,-8.980880225139));
#3228 = CARTESIAN_POINT('',(2.437313454165,7.898449846757,
    -8.980880225139));
#3229 = CARTESIAN_POINT('',(2.370317296886,7.889361177014,
    -8.988898975332));
#3230 = CARTESIAN_POINT('',(2.246040722639,7.852318388562,
    -9.021276005907));
#3231 = CARTESIAN_POINT('',(2.188750509415,7.824364616535,
    -9.045597069368));
#3232 = CARTESIAN_POINT('',(2.099963810898,7.762807728302,
    -9.098463901062));
#3233 = CARTESIAN_POINT('',(2.057277144556,7.721406620668,
    -9.133681115117));
#3234 = CARTESIAN_POINT('',(1.982472881952,7.618503579388,
    -9.219933392646));
#3235 = CARTESIAN_POINT('',(1.953974222244,7.532081645721,
    -9.290785891859));
#3236 = CARTESIAN_POINT('',(1.953974222244,7.381800649638,
    -9.410630987091));
#3237 = CARTESIAN_POINT('',(1.982472881952,7.293493881113,
    -9.479119978149));
#3238 = CARTESIAN_POINT('',(2.057277144556,7.186506047408,-9.56025008799
    ));
#3239 = CARTESIAN_POINT('',(2.099963810898,7.142959189298,
    -9.592776616055));
#3240 = CARTESIAN_POINT('',(2.188750509415,7.077720143191,
    -9.641026167816));
#3241 = CARTESIAN_POINT('',(2.246040722639,7.047788560109,-9.66286713466
    ));
#3242 = CARTESIAN_POINT('',(2.370317296886,7.007980493405,
    -9.691776615985));
#3243 = CARTESIAN_POINT('',(2.437313454165,6.998140370742,
    -9.698853074019));
#3244 = CARTESIAN_POINT('',(2.562686545835,6.998140370742,
    -9.698853074019));
#3245 = CARTESIAN_POINT('',(2.629682703114,7.007980493405,
    -9.691776615985));
#3246 = CARTESIAN_POINT('',(2.753959277361,7.047788560109,-9.66286713466
    ));
#3247 = CARTESIAN_POINT('',(2.811249490585,7.077720143191,
    -9.641026167816));
#3248 = CARTESIAN_POINT('',(2.900036189102,7.142959189298,
    -9.592776616055));
#3249 = CARTESIAN_POINT('',(2.942722855444,7.186506047408,-9.56025008799
    ));
#3250 = CARTESIAN_POINT('',(3.017527118048,7.293493881113,
    -9.479119978149));
#3251 = CARTESIAN_POINT('',(3.046025777756,7.381800649638,
    -9.410630987091));
#3252 = CARTESIAN_POINT('',(3.046025777756,7.532081645721,
    -9.290785891859));
#3253 = CARTESIAN_POINT('',(3.017527118048,7.618503579388,
    -9.219933392646));
#3254 = CARTESIAN_POINT('',(2.942722855444,7.721406620668,
    -9.133681115117));
#3255 = CARTESIAN_POINT('',(2.900036189102,7.762807728302,
    -9.098463901062));
#3256 = CARTESIAN_POINT('',(2.811249490585,7.824364616535,
    -9.045597069368));
#3257 = CARTESIAN_POINT('',(2.753959277361,7.852318388562,
    -9.021276005907));
#3258 = CARTESIAN_POINT('',(2.629682703114,7.889361177014,
    -8.988898975332));
#3259 = CARTESIAN_POINT('',(2.562686545835,7.898449846757,
    -8.980880225139));
#3260 = CARTESIAN_POINT('',(2.5,7.898449846757,-8.980880225139));
#3261 = PCURVE('',#622,#3262);
#3262 = DEFINITIONAL_REPRESENTATION('',(#3263),#3311);
#3263 = B_SPLINE_CURVE_WITH_KNOTS('',3,(#3264,#3265,#3266,#3267,#3268,
    #3269,#3270,#3271,#3272,#3273,#3274,#3275,#3276,#3277,#3278,#3279,
    #3280,#3281,#3282,#3283,#3284,#3285,#3286,#3287,#3288,#3289,#3290,
    #3291,#3292,#3293,#3294,#3295,#3296,#3297,#3298,#3299,#3300,#3301,
    #3302,#3303,#3304,#3305,#3306,#3307,#3308,#3309,#3310),
  .UNSPECIFIED.,.T.,.F.,(4,1,1,1,1,1,1,1,1,1,1,1,1,1,1,1,1,1,1,1,1,1,1,1
    ,1,1,1,1,1,1,1,1,1,1,1,1,1,1,1,1,1,1,1,1,4),(-0.167444789911,
    -0.159833663096,-0.152222536282,-0.144611409468,-0.137000282654,
    -0.12938915584,-0.121778029026,-0.114166902212,-0.106555775398,
    -9.894464858348E-02,-9.133352176937E-02,-8.372239495525E-02,
    -7.611126814114E-02,-6.850014132703E-02,-6.088901451291E-02,
    -5.32778876988E-02,-4.566676088468E-02,-3.805563407057E-02,
    -3.044450725646E-02,-2.283338044234E-02,-1.522225362823E-02,
    -7.611126814114E-03,0.,7.611126814114E-03,1.522225362823E-02,
    2.283338044234E-02,3.044450725646E-02,3.805563407057E-02,
    4.566676088468E-02,5.32778876988E-02,6.088901451291E-02,
    6.850014132703E-02,7.611126814114E-02,8.372239495525E-02,
    9.133352176937E-02,9.894464858348E-02,0.106555775398,0.114166902212,
    0.121778029026,0.12938915584,0.137000282654,0.144611409468,
    0.152222536282,0.159833663096,0.167444789911),.UNSPECIFIED.);
#3264 = CARTESIAN_POINT('',(4.087350413383,-2.44));
#3265 = CARTESIAN_POINT('',(4.087351135504,-2.465373844834));
#3266 = CARTESIAN_POINT('',(4.087017678985,-2.517510897523));
#3267 = CARTESIAN_POINT('',(4.085514102998,-2.596378573376));
#3268 = CARTESIAN_POINT('',(4.082981554377,-2.671964017176));
#3269 = CARTESIAN_POINT('',(4.079488575435,-2.741857078249));
#3270 = CARTESIAN_POINT('',(4.075513132588,-2.801542114777));
#3271 = CARTESIAN_POINT('',(4.070479122444,-2.856762965076));
#3272 = CARTESIAN_POINT('',(4.064770460956,-2.90495343063));
#3273 = CARTESIAN_POINT('',(4.059086656872,-2.938642234827));
#3274 = CARTESIAN_POINT('',(4.052515471341,-2.965380017043));
#3275 = CARTESIAN_POINT('',(4.045714852219,-2.982033721931));
#3276 = CARTESIAN_POINT('',(4.039190554615,-2.988021805361));
#3277 = CARTESIAN_POINT('',(4.032666257014,-2.982033723161));
#3278 = CARTESIAN_POINT('',(4.02586563788,-2.965380012123));
#3279 = CARTESIAN_POINT('',(4.019294452392,-2.938642253279));
#3280 = CARTESIAN_POINT('',(4.013610648151,-2.904953361742));
#3281 = CARTESIAN_POINT('',(4.00790198725,-2.856763222174));
#3282 = CARTESIAN_POINT('',(4.002867974915,-2.80154115527));
#3283 = CARTESIAN_POINT('',(3.998892540243,-2.741860659177));
#3284 = CARTESIAN_POINT('',(3.995399530792,-2.671950652972));
#3285 = CARTESIAN_POINT('',(3.992867096033,-2.596428449265));
#3286 = CARTESIAN_POINT('',(3.991363095109,-2.517324758173));
#3287 = CARTESIAN_POINT('',(3.990864496218,-2.44));
#3288 = CARTESIAN_POINT('',(3.991363095109,-2.362675241827));
#3289 = CARTESIAN_POINT('',(3.992867096033,-2.283571550735));
#3290 = CARTESIAN_POINT('',(3.995399530792,-2.208049347028));
#3291 = CARTESIAN_POINT('',(3.998892540243,-2.138139340823));
#3292 = CARTESIAN_POINT('',(4.002867974915,-2.07845884473));
#3293 = CARTESIAN_POINT('',(4.00790198725,-2.023236777826));
#3294 = CARTESIAN_POINT('',(4.013610648151,-1.975046638258));
#3295 = CARTESIAN_POINT('',(4.019294452392,-1.941357746721));
#3296 = CARTESIAN_POINT('',(4.02586563788,-1.914619987877));
#3297 = CARTESIAN_POINT('',(4.032666257014,-1.897966276839));
#3298 = CARTESIAN_POINT('',(4.039190554615,-1.891978194639));
#3299 = CARTESIAN_POINT('',(4.045714852219,-1.897966278069));
#3300 = CARTESIAN_POINT('',(4.052515471341,-1.914619982957));
#3301 = CARTESIAN_POINT('',(4.059086656872,-1.941357765173));
#3302 = CARTESIAN_POINT('',(4.064770460956,-1.97504656937));
#3303 = CARTESIAN_POINT('',(4.070479122444,-2.023237034924));
#3304 = CARTESIAN_POINT('',(4.075513132588,-2.078457885223));
#3305 = CARTESIAN_POINT('',(4.079488575435,-2.13814292175));
#3306 = CARTESIAN_POINT('',(4.082981554377,-2.208035982824));
#3307 = CARTESIAN_POINT('',(4.085514102998,-2.283621426624));
#3308 = CARTESIAN_POINT('',(4.087017678985,-2.362489102477));
#3309 = CARTESIAN_POINT('',(4.087351135504,-2.414626155166));
#3310 = CARTESIAN_POINT('',(4.087350413383,-2.44));
#3311 = ( GEOMETRIC_REPRESENTATION_CONTEXT(2) 
PARAMETRIC_REPRESENTATION_CONTEXT() REPRESENTATION_CONTEXT('2D SPACE',''
  ) );
#3312 = PCURVE('',#3313,#3318);
#3313 = SPHERICAL_SURFACE('',#3314,1.3275);
#3314 = AXIS2_PLACEMENT_3D('',#3315,#3316,#3317);
#3315 = CARTESIAN_POINT('',(2.5,6.702515369981,-8.404688436531));
#3316 = DIRECTION('',(0.,0.,-1.));
#3317 = DIRECTION('',(0.,1.,0.));
#3318 = DEFINITIONAL_REPRESENTATION('',(#3319),#3367);
#3319 = B_SPLINE_CURVE_WITH_KNOTS('',3,(#3320,#3321,#3322,#3323,#3324,
    #3325,#3326,#3327,#3328,#3329,#3330,#3331,#3332,#3333,#3334,#3335,
    #3336,#3337,#3338,#3339,#3340,#3341,#3342,#3343,#3344,#3345,#3346,
    #3347,#3348,#3349,#3350,#3351,#3352,#3353,#3354,#3355,#3356,#3357,
    #3358,#3359,#3360,#3361,#3362,#3363,#3364,#3365,#3366),
  .UNSPECIFIED.,.T.,.F.,(4,1,1,1,1,1,1,1,1,1,1,1,1,1,1,1,1,1,1,1,1,1,1,1
    ,1,1,1,1,1,1,1,1,1,1,1,1,1,1,1,1,1,1,1,1,4),(-0.167444789911,
    -0.159833663096,-0.152222536282,-0.144611409468,-0.137000282654,
    -0.12938915584,-0.121778029026,-0.114166902212,-0.106555775398,
    -9.894464858348E-02,-9.133352176937E-02,-8.372239495525E-02,
    -7.611126814114E-02,-6.850014132703E-02,-6.088901451291E-02,
    -5.32778876988E-02,-4.566676088468E-02,-3.805563407057E-02,
    -3.044450725646E-02,-2.283338044234E-02,-1.522225362823E-02,
    -7.611126814114E-03,0.,7.611126814114E-03,1.522225362823E-02,
    2.283338044234E-02,3.044450725646E-02,3.805563407057E-02,
    4.566676088468E-02,5.32778876988E-02,6.088901451291E-02,
    6.850014132703E-02,7.611126814114E-02,8.372239495525E-02,
    9.133352176937E-02,9.894464858348E-02,0.106555775398,0.114166902212,
    0.121778029026,0.12938915584,0.137000282654,0.144611409468,
    0.152222536282,0.159833663096,0.167444789911),.UNSPECIFIED.);
#3320 = CARTESIAN_POINT('',(6.28318530718,1.346220323512));
#3321 = CARTESIAN_POINT('',(6.372730981663,1.346546250357));
#3322 = CARTESIAN_POINT('',(6.54328022639,1.338259890921));
#3323 = CARTESIAN_POINT('',(6.755344043578,1.305234249768));
#3324 = CARTESIAN_POINT('',(6.890218879338,1.257616042263));
#3325 = CARTESIAN_POINT('',(6.968008982337,1.202161310133));
#3326 = CARTESIAN_POINT('',(7.006942929947,1.146741271868));
#3327 = CARTESIAN_POINT('',(7.02139531936,1.085551189187));
#3328 = CARTESIAN_POINT('',(7.019325952879,1.02262664662));
#3329 = CARTESIAN_POINT('',(7.003974973122,0.966133064842));
#3330 = CARTESIAN_POINT('',(6.978150890918,0.905513505748));
#3331 = CARTESIAN_POINT('',(6.946026191438,0.84647851342));
#3332 = CARTESIAN_POINT('',(6.91071206817,0.792750575344));
#3333 = CARTESIAN_POINT('',(6.869220417556,0.741982891619));
#3334 = CARTESIAN_POINT('',(6.821529552402,0.69085097331));
#3335 = CARTESIAN_POINT('',(6.770797981783,0.642757661432));
#3336 = CARTESIAN_POINT('',(6.721312871264,0.602263013194));
#3337 = CARTESIAN_POINT('',(6.662737940286,0.562715849109));
#3338 = CARTESIAN_POINT('',(6.603357983197,0.528114662877));
#3339 = CARTESIAN_POINT('',(6.545034419366,0.501350054039));
#3340 = CARTESIAN_POINT('',(6.480861325232,0.477942545197));
#3341 = CARTESIAN_POINT('',(6.414902735093,0.461121400197));
#3342 = CARTESIAN_POINT('',(6.347841240826,0.451201536681));
#3343 = CARTESIAN_POINT('',(6.28318530718,0.447862449468));
#3344 = CARTESIAN_POINT('',(6.218529373533,0.451201536681));
#3345 = CARTESIAN_POINT('',(6.151467879266,0.461121400197));
#3346 = CARTESIAN_POINT('',(6.085509289127,0.477942545197));
#3347 = CARTESIAN_POINT('',(6.021336194993,0.501350054039));
#3348 = CARTESIAN_POINT('',(5.963012631162,0.528114662877));
#3349 = CARTESIAN_POINT('',(5.903632674073,0.562715849109));
#3350 = CARTESIAN_POINT('',(5.845057743095,0.602263013194));
#3351 = CARTESIAN_POINT('',(5.795572632576,0.642757661432));
#3352 = CARTESIAN_POINT('',(5.744841061957,0.69085097331));
#3353 = CARTESIAN_POINT('',(5.697150196804,0.741982891619));
#3354 = CARTESIAN_POINT('',(5.655658546189,0.792750575344));
#3355 = CARTESIAN_POINT('',(5.620344422921,0.84647851342));
#3356 = CARTESIAN_POINT('',(5.588219723441,0.905513505748));
#3357 = CARTESIAN_POINT('',(5.562395641237,0.966133064842));
#3358 = CARTESIAN_POINT('',(5.54704466148,1.02262664662));
#3359 = CARTESIAN_POINT('',(5.544975294999,1.085551189187));
#3360 = CARTESIAN_POINT('',(5.559427684412,1.146741271868));
#3361 = CARTESIAN_POINT('',(5.598361632022,1.202161310133));
#3362 = CARTESIAN_POINT('',(5.676151735021,1.257616042263));
#3363 = CARTESIAN_POINT('',(5.811026570781,1.305234249768));
#3364 = CARTESIAN_POINT('',(6.023090387969,1.338259890921));
#3365 = CARTESIAN_POINT('',(6.193639632696,1.346546250357));
#3366 = CARTESIAN_POINT('',(6.28318530718,1.346220323512));
#3367 = ( GEOMETRIC_REPRESENTATION_CONTEXT(2) 
PARAMETRIC_REPRESENTATION_CONTEXT() REPRESENTATION_CONTEXT('2D SPACE',''
  ) );
#3368 = FACE_BOUND('',#3369,.T.);
#3369 = EDGE_LOOP('',(#3370));
#3370 = ORIENTED_EDGE('',*,*,#3371,.F.);
#3371 = EDGE_CURVE('',#3372,#3372,#3374,.T.);
#3372 = VERTEX_POINT('',#3373);
#3373 = CARTESIAN_POINT('',(2.500000010001,11.012915309267,
    -4.664484536466));
#3374 = SURFACE_CURVE('',#3375,(#3410,#3483),.PCURVE_S1.);
#3375 = B_SPLINE_CURVE_WITH_KNOTS('',3,(#3376,#3377,#3378,#3379,#3380,
    #3381,#3382,#3383,#3384,#3385,#3386,#3387,#3388,#3389,#3390,#3391,
    #3392,#3393,#3394,#3395,#3396,#3397,#3398,#3399,#3400,#3401,#3402,
    #3403,#3404,#3405,#3406,#3407,#3408,#3409),.UNSPECIFIED.,.T.,.F.,(1,
    3,2,2,2,2,2,2,2,2,2,2,2,2,2,2,2,3,1),(-1.880596375044E-02,0.,
    1.880596375044E-02,3.761192750088E-02,5.488990366021E-02,
    8.372239495545E-02,0.112554886251,0.12983286241,0.14863882616,
    0.167444789911,0.186250753661,0.205056717412,0.222334693571,
    0.251167184866,0.279999676162,0.297277652321,0.316083616071,
    0.334889579822,0.353695543572),.UNSPECIFIED.);
#3376 = CARTESIAN_POINT('',(2.5,11.012915309267,-4.664484536466));
#3377 = CARTESIAN_POINT('',(2.562686545835,11.012915309267,
    -4.664484536466));
#3378 = CARTESIAN_POINT('',(2.629682703115,11.008205906095,
    -4.675652606761));
#3379 = CARTESIAN_POINT('',(2.753959277362,10.988879374007,
    -4.720895566905));
#3380 = CARTESIAN_POINT('',(2.811249490586,10.974246409624,
    -4.754936775048));
#3381 = CARTESIAN_POINT('',(2.900036189103,10.941723628332,
    -4.829276677383));
#3382 = CARTESIAN_POINT('',(2.942722855445,10.919702695772,
    -4.878969558246));
#3383 = CARTESIAN_POINT('',(3.017527118049,10.864413719848,
    -5.001328131402));
#3384 = CARTESIAN_POINT('',(3.046025777757,10.817291995395,
    -5.102661099128));
#3385 = CARTESIAN_POINT('',(3.046025777757,10.73389233452,
    -5.275842279402));
#3386 = CARTESIAN_POINT('',(3.017527118049,10.684046944782,
    -5.375863599056));
#3387 = CARTESIAN_POINT('',(2.942722855445,10.622855272783,
    -5.495379583601));
#3388 = CARTESIAN_POINT('',(2.900036189103,10.597733640948,
    -5.543579246392));
#3389 = CARTESIAN_POINT('',(2.811249490586,10.559889987363,
    -5.615356751681));
#3390 = CARTESIAN_POINT('',(2.753959277362,10.542399003199,
    -5.648021610037));
#3391 = CARTESIAN_POINT('',(2.629682703115,10.519076528261,
    -5.691340225527));
#3392 = CARTESIAN_POINT('',(2.562686545835,10.513281244157,
    -5.701985363125));
#3393 = CARTESIAN_POINT('',(2.437313454165,10.513281244157,
    -5.701985363125));
#3394 = CARTESIAN_POINT('',(2.370317296885,10.519076528261,
    -5.691340225527));
#3395 = CARTESIAN_POINT('',(2.246040722638,10.542399003199,
    -5.648021610037));
#3396 = CARTESIAN_POINT('',(2.188750509414,10.559889987363,
    -5.615356751681));
#3397 = CARTESIAN_POINT('',(2.099963810897,10.597733640948,
    -5.543579246392));
#3398 = CARTESIAN_POINT('',(2.057277144555,10.622855272783,
    -5.495379583601));
#3399 = CARTESIAN_POINT('',(1.982472881951,10.684046944782,
    -5.375863599056));
#3400 = CARTESIAN_POINT('',(1.953974222243,10.73389233452,
    -5.275842279402));
#3401 = CARTESIAN_POINT('',(1.953974222243,10.817291995395,
    -5.102661099128));
#3402 = CARTESIAN_POINT('',(1.982472881951,10.864413719848,
    -5.001328131402));
#3403 = CARTESIAN_POINT('',(2.057277144555,10.919702695772,
    -4.878969558246));
#3404 = CARTESIAN_POINT('',(2.099963810897,10.941723628332,
    -4.829276677383));
#3405 = CARTESIAN_POINT('',(2.188750509414,10.974246409624,
    -4.754936775048));
#3406 = CARTESIAN_POINT('',(2.246040722638,10.988879374007,
    -4.720895566905));
#3407 = CARTESIAN_POINT('',(2.370317296885,11.008205906095,
    -4.675652606761));
#3408 = CARTESIAN_POINT('',(2.437313454165,11.012915309267,
    -4.664484536466));
#3409 = CARTESIAN_POINT('',(2.5,11.012915309267,-4.664484536466));
#3410 = PCURVE('',#622,#3411);
#3411 = DEFINITIONAL_REPRESENTATION('',(#3412),#3482);
#3412 = B_SPLINE_CURVE_WITH_KNOTS('',3,(#3413,#3414,#3415,#3416,#3417,
    #3418,#3419,#3420,#3421,#3422,#3423,#3424,#3425,#3426,#3427,#3428,
    #3429,#3430,#3431,#3432,#3433,#3434,#3435,#3436,#3437,#3438,#3439,
    #3440,#3441,#3442,#3443,#3444,#3445,#3446,#3447,#3448,#3449,#3450,
    #3451,#3452,#3453,#3454,#3455,#3456,#3457,#3458,#3459,#3460,#3461,
    #3462,#3463,#3464,#3465,#3466,#3467,#3468,#3469,#3470,#3471,#3472,
    #3473,#3474,#3475,#3476,#3477,#3478,#3479,#3480,#3481),
  .UNSPECIFIED.,.T.,.F.,(4,1,1,1,1,1,1,1,1,1,1,1,1,1,1,1,1,1,1,1,1,1,1,1
    ,1,1,1,1,1,1,1,1,1,1,1,1,1,1,1,1,1,1,1,1,1,1,1,1,1,1,1,1,1,1,1,1,1,1
    ,1,1,1,1,1,1,1,1,4),(0.,5.074084542755E-03,1.014816908551E-02,
    1.522225362826E-02,2.029633817102E-02,2.537042271377E-02,
    3.044450725653E-02,3.551859179928E-02,4.059267634204E-02,
    4.566676088479E-02,5.074084542755E-02,5.58149299703E-02,
    6.088901451306E-02,6.596309905581E-02,7.103718359857E-02,
    7.611126814132E-02,8.118535268408E-02,8.625943722683E-02,
    9.133352176959E-02,9.640760631234E-02,0.101481690855,0.106555775398,
    0.111629859941,0.116703944483,0.121778029026,0.126852113569,
    0.131926198112,0.137000282654,0.142074367197,0.14714845174,
    0.152222536283,0.157296620825,0.162370705368,0.167444789911,
    0.172518874454,0.177592958996,0.182667043539,0.187741128082,
    0.192815212625,0.197889297167,0.20296338171,0.208037466253,
    0.213111550796,0.218185635338,0.223259719881,0.228333804424,
    0.233407888967,0.238481973509,0.243556058052,0.248630142595,
    0.253704227138,0.25877831168,0.263852396223,0.268926480766,
    0.274000565309,0.279074649852,0.284148734394,0.289222818937,
    0.29429690348,0.299370988023,0.304445072565,0.309519157108,
    0.314593241651,0.319667326194,0.324741410736,0.329815495279,
    0.334889579822),.QUASI_UNIFORM_KNOTS.);
#3413 = CARTESIAN_POINT('',(3.542231745335,-2.44));
#3414 = CARTESIAN_POINT('',(3.542231745494,-2.456913615143));
#3415 = CARTESIAN_POINT('',(3.542379245115,-2.491368550563));
#3416 = CARTESIAN_POINT('',(3.543046975065,-2.543851536927));
#3417 = CARTESIAN_POINT('',(3.544163357557,-2.596061072845));
#3418 = CARTESIAN_POINT('',(3.545736901659,-2.646893379901));
#3419 = CARTESIAN_POINT('',(3.547750466769,-2.695365222517));
#3420 = CARTESIAN_POINT('',(3.550125479006,-2.740787368471));
#3421 = CARTESIAN_POINT('',(3.552791580809,-2.782419748553));
#3422 = CARTESIAN_POINT('',(3.555682081027,-2.819549735998));
#3423 = CARTESIAN_POINT('',(3.559167808371,-2.856170967012));
#3424 = CARTESIAN_POINT('',(3.562939554479,-2.88931380167));
#3425 = CARTESIAN_POINT('',(3.56663079744,-2.91595125082));
#3426 = CARTESIAN_POINT('',(3.570588452326,-2.938068171151));
#3427 = CARTESIAN_POINT('',(3.574875785776,-2.956678451563));
#3428 = CARTESIAN_POINT('',(3.579326278217,-2.971087741929));
#3429 = CARTESIAN_POINT('',(3.583830208388,-2.981053694293));
#3430 = CARTESIAN_POINT('',(3.588280405706,-2.986234191033));
#3431 = CARTESIAN_POINT('',(3.592502802499,-2.986234191034));
#3432 = CARTESIAN_POINT('',(3.596952999817,-2.981053694293));
#3433 = CARTESIAN_POINT('',(3.601456929989,-2.971087741932));
#3434 = CARTESIAN_POINT('',(3.605907422429,-2.956678451552));
#3435 = CARTESIAN_POINT('',(3.610194755879,-2.938068171194));
#3436 = CARTESIAN_POINT('',(3.614152410765,-2.91595125066));
#3437 = CARTESIAN_POINT('',(3.617843653726,-2.889313802269));
#3438 = CARTESIAN_POINT('',(3.621615399834,-2.856170964777));
#3439 = CARTESIAN_POINT('',(3.625101127178,-2.819549744338));
#3440 = CARTESIAN_POINT('',(3.627991627396,-2.782419717429));
#3441 = CARTESIAN_POINT('',(3.6306577292,-2.740787484627));
#3442 = CARTESIAN_POINT('',(3.633032741435,-2.695364789018));
#3443 = CARTESIAN_POINT('',(3.635046306548,-2.646894997741));
#3444 = CARTESIAN_POINT('',(3.636619850643,-2.596055034985));
#3445 = CARTESIAN_POINT('',(3.63773623316,-2.543874070527));
#3446 = CARTESIAN_POINT('',(3.638403963017,-2.491284454021));
#3447 = CARTESIAN_POINT('',(3.638625212797,-2.44));
#3448 = CARTESIAN_POINT('',(3.638403963017,-2.388715545979));
#3449 = CARTESIAN_POINT('',(3.63773623316,-2.336125929473));
#3450 = CARTESIAN_POINT('',(3.636619850643,-2.283944965015));
#3451 = CARTESIAN_POINT('',(3.635046306548,-2.233105002259));
#3452 = CARTESIAN_POINT('',(3.633032741435,-2.184635210982));
#3453 = CARTESIAN_POINT('',(3.6306577292,-2.139212515373));
#3454 = CARTESIAN_POINT('',(3.627991627396,-2.097580282571));
#3455 = CARTESIAN_POINT('',(3.625101127178,-2.060450255662));
#3456 = CARTESIAN_POINT('',(3.621615399834,-2.023829035223));
#3457 = CARTESIAN_POINT('',(3.617843653726,-1.990686197731));
#3458 = CARTESIAN_POINT('',(3.614152410765,-1.96404874934));
#3459 = CARTESIAN_POINT('',(3.610194755879,-1.941931828806));
#3460 = CARTESIAN_POINT('',(3.605907422429,-1.923321548448));
#3461 = CARTESIAN_POINT('',(3.601456929989,-1.908912258068));
#3462 = CARTESIAN_POINT('',(3.596952999817,-1.898946305707));
#3463 = CARTESIAN_POINT('',(3.592502802499,-1.893765808966));
#3464 = CARTESIAN_POINT('',(3.588280405706,-1.893765808967));
#3465 = CARTESIAN_POINT('',(3.583830208388,-1.898946305707));
#3466 = CARTESIAN_POINT('',(3.579326278217,-1.908912258071));
#3467 = CARTESIAN_POINT('',(3.574875785776,-1.923321548437));
#3468 = CARTESIAN_POINT('',(3.570588452326,-1.941931828849));
#3469 = CARTESIAN_POINT('',(3.56663079744,-1.96404874918));
#3470 = CARTESIAN_POINT('',(3.562939554479,-1.99068619833));
#3471 = CARTESIAN_POINT('',(3.559167808371,-2.023829032988));
#3472 = CARTESIAN_POINT('',(3.555682081027,-2.060450264002));
#3473 = CARTESIAN_POINT('',(3.552791580809,-2.097580251447));
#3474 = CARTESIAN_POINT('',(3.550125479006,-2.139212631529));
#3475 = CARTESIAN_POINT('',(3.547750466769,-2.184634777483));
#3476 = CARTESIAN_POINT('',(3.545736901659,-2.233106620099));
#3477 = CARTESIAN_POINT('',(3.544163357557,-2.283938927155));
#3478 = CARTESIAN_POINT('',(3.543046975065,-2.336148463073));
#3479 = CARTESIAN_POINT('',(3.542379245115,-2.388631449437));
#3480 = CARTESIAN_POINT('',(3.542231745494,-2.423086384857));
#3481 = CARTESIAN_POINT('',(3.542231745335,-2.44));
#3482 = ( GEOMETRIC_REPRESENTATION_CONTEXT(2) 
PARAMETRIC_REPRESENTATION_CONTEXT() REPRESENTATION_CONTEXT('2D SPACE',''
  ) );
#3483 = PCURVE('',#3484,#3489);
#3484 = SPHERICAL_SURFACE('',#3485,1.3275);
#3485 = AXIS2_PLACEMENT_3D('',#3486,#3487,#3488);
#3486 = CARTESIAN_POINT('',(2.5,9.685415329951,-4.664250195514));
#3487 = DIRECTION('',(0.,0.,-1.));
#3488 = DIRECTION('',(0.,1.,0.));
#3489 = DEFINITIONAL_REPRESENTATION('',(#3490),#3560);
#3490 = B_SPLINE_CURVE_WITH_KNOTS('',3,(#3491,#3492,#3493,#3494,#3495,
    #3496,#3497,#3498,#3499,#3500,#3501,#3502,#3503,#3504,#3505,#3506,
    #3507,#3508,#3509,#3510,#3511,#3512,#3513,#3514,#3515,#3516,#3517,
    #3518,#3519,#3520,#3521,#3522,#3523,#3524,#3525,#3526,#3527,#3528,
    #3529,#3530,#3531,#3532,#3533,#3534,#3535,#3536,#3537,#3538,#3539,
    #3540,#3541,#3542,#3543,#3544,#3545,#3546,#3547,#3548,#3549,#3550,
    #3551,#3552,#3553,#3554,#3555,#3556,#3557,#3558,#3559),
  .UNSPECIFIED.,.T.,.F.,(4,1,1,1,1,1,1,1,1,1,1,1,1,1,1,1,1,1,1,1,1,1,1,1
    ,1,1,1,1,1,1,1,1,1,1,1,1,1,1,1,1,1,1,1,1,1,1,1,1,1,1,1,1,1,1,1,1,1,1
    ,1,1,1,1,1,1,1,1,4),(0.,5.074084542755E-03,1.014816908551E-02,
    1.522225362826E-02,2.029633817102E-02,2.537042271377E-02,
    3.044450725653E-02,3.551859179928E-02,4.059267634204E-02,
    4.566676088479E-02,5.074084542755E-02,5.58149299703E-02,
    6.088901451306E-02,6.596309905581E-02,7.103718359857E-02,
    7.611126814132E-02,8.118535268408E-02,8.625943722683E-02,
    9.133352176959E-02,9.640760631234E-02,0.101481690855,0.106555775398,
    0.111629859941,0.116703944483,0.121778029026,0.126852113569,
    0.131926198112,0.137000282654,0.142074367197,0.14714845174,
    0.152222536283,0.157296620825,0.162370705368,0.167444789911,
    0.172518874454,0.177592958996,0.182667043539,0.187741128082,
    0.192815212625,0.197889297167,0.20296338171,0.208037466253,
    0.213111550796,0.218185635338,0.223259719881,0.228333804424,
    0.233407888967,0.238481973509,0.243556058052,0.248630142595,
    0.253704227138,0.25877831168,0.263852396223,0.268926480766,
    0.274000565309,0.279074649852,0.284148734394,0.289222818937,
    0.29429690348,0.299370988023,0.304445072565,0.309519157108,
    0.314593241651,0.319667326194,0.324741410736,0.329815495279,
    0.334889579822),.QUASI_UNIFORM_KNOTS.);
#3491 = CARTESIAN_POINT('',(6.28318530718,1.765280253614E-04));
#3492 = CARTESIAN_POINT('',(6.295926642184,1.765148754708E-04));
#3493 = CARTESIAN_POINT('',(6.321880994397,1.400985543086E-03));
#3494 = CARTESIAN_POINT('',(6.361480097047,6.940599300517E-03));
#3495 = CARTESIAN_POINT('',(6.401000395987,1.619667420052E-02));
#3496 = CARTESIAN_POINT('',(6.439691683349,2.923828576505E-02));
#3497 = CARTESIAN_POINT('',(6.476907692309,4.592359948754E-02));
#3498 = CARTESIAN_POINT('',(6.51218588652,6.560117862075E-02));
#3499 = CARTESIAN_POINT('',(6.545020111285,8.769248342395E-02));
#3500 = CARTESIAN_POINT('',(6.574912442957,0.111665216098));
#3501 = CARTESIAN_POINT('',(6.605271044216,0.140637040889));
#3502 = CARTESIAN_POINT('',(6.633750049887,0.172044426509));
#3503 = CARTESIAN_POINT('',(6.657766458529,0.202880021352));
#3504 = CARTESIAN_POINT('',(6.679268293558,0.236159130529));
#3505 = CARTESIAN_POINT('',(6.699169058849,0.272457387995));
#3506 = CARTESIAN_POINT('',(6.716779273839,0.310426124201));
#3507 = CARTESIAN_POINT('',(6.73175308991,0.349189742083));
#3508 = CARTESIAN_POINT('',(6.743626336977,0.38791529202));
#3509 = CARTESIAN_POINT('',(6.751689129521,0.425216419851));
#3510 = CARTESIAN_POINT('',(6.756689373336,0.46524111019));
#3511 = CARTESIAN_POINT('',(6.758431334595,0.506485141151));
#3512 = CARTESIAN_POINT('',(6.756734776186,0.548008493228));
#3513 = CARTESIAN_POINT('',(6.751281691527,0.588846116497));
#3514 = CARTESIAN_POINT('',(6.741953748996,0.627442425109));
#3515 = CARTESIAN_POINT('',(6.727721335247,0.664569759992));
#3516 = CARTESIAN_POINT('',(6.707067415738,0.703575078984));
#3517 = CARTESIAN_POINT('',(6.681125271599,0.740569058783));
#3518 = CARTESIAN_POINT('',(6.651733207927,0.772244491202));
#3519 = CARTESIAN_POINT('',(6.6155480248,0.802373249816));
#3520 = CARTESIAN_POINT('',(6.572527185142,0.829953912385));
#3521 = CARTESIAN_POINT('',(6.52298610497,0.853936674852));
#3522 = CARTESIAN_POINT('',(6.467500487924,0.873204451611));
#3523 = CARTESIAN_POINT('',(6.407599093934,0.887167740053));
#3524 = CARTESIAN_POINT('',(6.345135505489,0.895580513756));
#3525 = CARTESIAN_POINT('',(6.28318530718,0.898341802622));
#3526 = CARTESIAN_POINT('',(6.221235108871,0.895580513756));
#3527 = CARTESIAN_POINT('',(6.158771520425,0.887167740053));
#3528 = CARTESIAN_POINT('',(6.098870126435,0.873204451611));
#3529 = CARTESIAN_POINT('',(6.043384509389,0.853936674852));
#3530 = CARTESIAN_POINT('',(5.993843429218,0.829953912385));
#3531 = CARTESIAN_POINT('',(5.95082258956,0.802373249816));
#3532 = CARTESIAN_POINT('',(5.914637406432,0.772244491202));
#3533 = CARTESIAN_POINT('',(5.885245342761,0.740569058783));
#3534 = CARTESIAN_POINT('',(5.859303198621,0.703575078984));
#3535 = CARTESIAN_POINT('',(5.838649279112,0.664569759992));
#3536 = CARTESIAN_POINT('',(5.824416865363,0.627442425109));
#3537 = CARTESIAN_POINT('',(5.815088922832,0.588846116497));
#3538 = CARTESIAN_POINT('',(5.809635838173,0.548008493228));
#3539 = CARTESIAN_POINT('',(5.807939279765,0.506485141151));
#3540 = CARTESIAN_POINT('',(5.809681241023,0.46524111019));
#3541 = CARTESIAN_POINT('',(5.814681484838,0.425216419851));
#3542 = CARTESIAN_POINT('',(5.822744277382,0.38791529202));
#3543 = CARTESIAN_POINT('',(5.834617524449,0.349189742083));
#3544 = CARTESIAN_POINT('',(5.84959134052,0.310426124201));
#3545 = CARTESIAN_POINT('',(5.86720155551,0.272457387995));
#3546 = CARTESIAN_POINT('',(5.887102320801,0.236159130529));
#3547 = CARTESIAN_POINT('',(5.90860415583,0.202880021352));
#3548 = CARTESIAN_POINT('',(5.932620564472,0.172044426509));
#3549 = CARTESIAN_POINT('',(5.961099570143,0.140637040889));
#3550 = CARTESIAN_POINT('',(5.991458171403,0.111665216098));
#3551 = CARTESIAN_POINT('',(6.021350503074,8.769248342395E-02));
#3552 = CARTESIAN_POINT('',(6.054184727839,6.560117862075E-02));
#3553 = CARTESIAN_POINT('',(6.08946292205,4.592359948754E-02));
#3554 = CARTESIAN_POINT('',(6.12667893101,2.923828576505E-02));
#3555 = CARTESIAN_POINT('',(6.165370218372,1.619667420052E-02));
#3556 = CARTESIAN_POINT('',(6.204890517312,6.940599300513E-03));
#3557 = CARTESIAN_POINT('',(6.244489619962,1.400985543086E-03));
#3558 = CARTESIAN_POINT('',(6.270443972175,1.765148754714E-04));
#3559 = CARTESIAN_POINT('',(6.28318530718,1.765280253614E-04));
#3560 = ( GEOMETRIC_REPRESENTATION_CONTEXT(2) 
PARAMETRIC_REPRESENTATION_CONTEXT() REPRESENTATION_CONTEXT('2D SPACE',''
  ) );
#3561 = FACE_BOUND('',#3562,.T.);
#3562 = EDGE_LOOP('',(#3563,#3696));
#3563 = ORIENTED_EDGE('',*,*,#3564,.T.);
#3564 = EDGE_CURVE('',#3565,#3567,#3569,.T.);
#3565 = VERTEX_POINT('',#3566);
#3566 = CARTESIAN_POINT('',(2.5,-10.51328124415,-5.701985363125));
#3567 = VERTEX_POINT('',#3568);
#3568 = CARTESIAN_POINT('',(2.5,-11.01291530927,-4.664484536466));
#3569 = SURFACE_CURVE('',#3570,(#3589,#3640),.PCURVE_S1.);
#3570 = B_SPLINE_CURVE_WITH_KNOTS('',3,(#3571,#3572,#3573,#3574,#3575,
    #3576,#3577,#3578,#3579,#3580,#3581,#3582,#3583,#3584,#3585,#3586,
    #3587,#3588),.UNSPECIFIED.,.F.,.F.,(4,2,2,2,2,2,2,2,4),(0.,
    1.880596375044E-02,3.761192750088E-02,5.488990366021E-02,
    8.372239495545E-02,0.112554886251,0.12983286241,0.14863882616,
    0.167444789911),.UNSPECIFIED.);
#3571 = CARTESIAN_POINT('',(2.5,-10.51328124415,-5.701985363125));
#3572 = CARTESIAN_POINT('',(2.437313454165,-10.51328124415,
    -5.701985363125));
#3573 = CARTESIAN_POINT('',(2.370317296885,-10.51907652826,
    -5.691340225527));
#3574 = CARTESIAN_POINT('',(2.246040722638,-10.54239900319,
    -5.648021610037));
#3575 = CARTESIAN_POINT('',(2.188750509414,-10.55988998736,
    -5.615356751681));
#3576 = CARTESIAN_POINT('',(2.099963810897,-10.59773364094,
    -5.543579246392));
#3577 = CARTESIAN_POINT('',(2.057277144555,-10.62285527278,
    -5.495379583601));
#3578 = CARTESIAN_POINT('',(1.982472881951,-10.68404694478,
    -5.375863599056));
#3579 = CARTESIAN_POINT('',(1.953974222243,-10.73389233452,
    -5.275842279402));
#3580 = CARTESIAN_POINT('',(1.953974222243,-10.81729199539,
    -5.102661099128));
#3581 = CARTESIAN_POINT('',(1.982472881951,-10.86441371984,
    -5.001328131402));
#3582 = CARTESIAN_POINT('',(2.057277144555,-10.91970269577,
    -4.878969558246));
#3583 = CARTESIAN_POINT('',(2.099963810897,-10.94172362833,
    -4.829276677383));
#3584 = CARTESIAN_POINT('',(2.188750509414,-10.97424640962,
    -4.754936775048));
#3585 = CARTESIAN_POINT('',(2.246040722638,-10.988879374,-4.720895566905
    ));
#3586 = CARTESIAN_POINT('',(2.370317296885,-11.00820590609,
    -4.675652606761));
#3587 = CARTESIAN_POINT('',(2.437313454165,-11.01291530926,
    -4.664484536466));
#3588 = CARTESIAN_POINT('',(2.5,-11.01291530926,-4.664484536466));
#3589 = PCURVE('',#622,#3590);
#3590 = DEFINITIONAL_REPRESENTATION('',(#3591),#3639);
#3591 = B_SPLINE_CURVE_WITH_KNOTS('',3,(#3592,#3593,#3594,#3595,#3596,
    #3597,#3598,#3599,#3600,#3601,#3602,#3603,#3604,#3605,#3606,#3607,
    #3608,#3609,#3610,#3611,#3612,#3613,#3614,#3615,#3616,#3617,#3618,
    #3619,#3620,#3621,#3622,#3623,#3624,#3625,#3626,#3627,#3628,#3629,
    #3630,#3631,#3632,#3633,#3634,#3635,#3636,#3637,#3638),
  .UNSPECIFIED.,.F.,.F.,(4,1,1,1,1,1,1,1,1,1,1,1,1,1,1,1,1,1,1,1,1,1,1,1
    ,1,1,1,1,1,1,1,1,1,1,1,1,1,1,1,1,1,1,1,1,4),(0.,3.805563407066E-03,
    7.611126814132E-03,1.14166902212E-02,1.522225362826E-02,
    1.902781703533E-02,2.28333804424E-02,2.663894384946E-02,
    3.044450725653E-02,3.42500706636E-02,3.805563407066E-02,
    4.186119747773E-02,4.566676088479E-02,4.947232429186E-02,
    5.327788769893E-02,5.708345110599E-02,6.088901451306E-02,
    6.469457792012E-02,6.850014132719E-02,7.230570473426E-02,
    7.611126814132E-02,7.991683154839E-02,8.372239495545E-02,
    8.752795836252E-02,9.133352176959E-02,9.513908517665E-02,
    9.894464858372E-02,0.102750211991,0.106555775398,0.110361338805,
    0.114166902212,0.117972465619,0.121778029026,0.125583592433,
    0.12938915584,0.133194719247,0.137000282654,0.140805846061,
    0.144611409469,0.148416972876,0.152222536283,0.15602809969,
    0.159833663097,0.163639226504,0.167444789911),
  .QUASI_UNIFORM_KNOTS.);
#3592 = CARTESIAN_POINT('',(5.786226497899,-2.44));
#3593 = CARTESIAN_POINT('',(5.786226497936,-2.427314788643));
#3594 = CARTESIAN_POINT('',(5.786309496236,-2.401591418039));
#3595 = CARTESIAN_POINT('',(5.786684464559,-2.362403284261));
#3596 = CARTESIAN_POINT('',(5.787311430521,-2.32306796296));
#3597 = CARTESIAN_POINT('',(5.788191743862,-2.284040908547));
#3598 = CARTESIAN_POINT('',(5.789327416368,-2.245779194645));
#3599 = CARTESIAN_POINT('',(5.790717981649,-2.208733799884));
#3600 = CARTESIAN_POINT('',(5.792333228787,-2.173193885486));
#3601 = CARTESIAN_POINT('',(5.794139379781,-2.139510201832));
#3602 = CARTESIAN_POINT('',(5.796121731076,-2.107830862231));
#3603 = CARTESIAN_POINT('',(5.798192865483,-2.079052939115));
#3604 = CARTESIAN_POINT('',(5.800548046455,-2.051168878869));
#3605 = CARTESIAN_POINT('',(5.803185484485,-2.024069957274));
#3606 = CARTESIAN_POINT('',(5.80597139998,-1.999003886321));
#3607 = CARTESIAN_POINT('',(5.808814221601,-1.976793120787));
#3608 = CARTESIAN_POINT('',(5.811585558167,-1.958604708102));
#3609 = CARTESIAN_POINT('',(5.814612693068,-1.942149281063));
#3610 = CARTESIAN_POINT('',(5.817792577466,-1.92789578066));
#3611 = CARTESIAN_POINT('',(5.821089079013,-1.915897382243));
#3612 = CARTESIAN_POINT('',(5.824449179718,-1.906318665428));
#3613 = CARTESIAN_POINT('',(5.82782046319,-1.89929435841));
#3614 = CARTESIAN_POINT('',(5.831165000383,-1.894967190796));
#3615 = CARTESIAN_POINT('',(5.834386356667,-1.893477737966));
#3616 = CARTESIAN_POINT('',(5.83760771295,-1.894967190796));
#3617 = CARTESIAN_POINT('',(5.840952250144,-1.89929435841));
#3618 = CARTESIAN_POINT('',(5.844323533616,-1.906318665428));
#3619 = CARTESIAN_POINT('',(5.847683634321,-1.915897382243));
#3620 = CARTESIAN_POINT('',(5.850980135867,-1.92789578066));
#3621 = CARTESIAN_POINT('',(5.854160020265,-1.942149281063));
#3622 = CARTESIAN_POINT('',(5.857187155166,-1.958604708102));
#3623 = CARTESIAN_POINT('',(5.859958491732,-1.976793120787));
#3624 = CARTESIAN_POINT('',(5.862801313353,-1.999003886321));
#3625 = CARTESIAN_POINT('',(5.865587228849,-2.024069957274));
#3626 = CARTESIAN_POINT('',(5.868224666879,-2.051168878869));
#3627 = CARTESIAN_POINT('',(5.870579847851,-2.079052939115));
#3628 = CARTESIAN_POINT('',(5.872650982258,-2.107830862231));
#3629 = CARTESIAN_POINT('',(5.874633333552,-2.139510201832));
#3630 = CARTESIAN_POINT('',(5.876439484547,-2.173193885486));
#3631 = CARTESIAN_POINT('',(5.878054731685,-2.208733799884));
#3632 = CARTESIAN_POINT('',(5.879445296965,-2.245779194645));
#3633 = CARTESIAN_POINT('',(5.880580969471,-2.284040908547));
#3634 = CARTESIAN_POINT('',(5.881461282812,-2.32306796296));
#3635 = CARTESIAN_POINT('',(5.882088248775,-2.362403284261));
#3636 = CARTESIAN_POINT('',(5.882463217097,-2.401591418039));
#3637 = CARTESIAN_POINT('',(5.882546215398,-2.427314788643));
#3638 = CARTESIAN_POINT('',(5.882546215434,-2.44));
#3639 = ( GEOMETRIC_REPRESENTATION_CONTEXT(2) 
PARAMETRIC_REPRESENTATION_CONTEXT() REPRESENTATION_CONTEXT('2D SPACE',''
  ) );
#3640 = PCURVE('',#3641,#3646);
#3641 = SPHERICAL_SURFACE('',#3642,1.3275);
#3642 = AXIS2_PLACEMENT_3D('',#3643,#3644,#3645);
#3643 = CARTESIAN_POINT('',(2.5,-9.685415329951,-4.664250195514));
#3644 = DIRECTION('',(0.,0.,-1.));
#3645 = DIRECTION('',(0.,1.,0.));
#3646 = DEFINITIONAL_REPRESENTATION('',(#3647),#3695);
#3647 = B_SPLINE_CURVE_WITH_KNOTS('',3,(#3648,#3649,#3650,#3651,#3652,
    #3653,#3654,#3655,#3656,#3657,#3658,#3659,#3660,#3661,#3662,#3663,
    #3664,#3665,#3666,#3667,#3668,#3669,#3670,#3671,#3672,#3673,#3674,
    #3675,#3676,#3677,#3678,#3679,#3680,#3681,#3682,#3683,#3684,#3685,
    #3686,#3687,#3688,#3689,#3690,#3691,#3692,#3693,#3694),
  .UNSPECIFIED.,.F.,.F.,(4,1,1,1,1,1,1,1,1,1,1,1,1,1,1,1,1,1,1,1,1,1,1,1
    ,1,1,1,1,1,1,1,1,1,1,1,1,1,1,1,1,1,1,1,1,4),(0.,3.805563407066E-03,
    7.611126814132E-03,1.14166902212E-02,1.522225362826E-02,
    1.902781703533E-02,2.28333804424E-02,2.663894384946E-02,
    3.044450725653E-02,3.42500706636E-02,3.805563407066E-02,
    4.186119747773E-02,4.566676088479E-02,4.947232429186E-02,
    5.327788769893E-02,5.708345110599E-02,6.088901451306E-02,
    6.469457792012E-02,6.850014132719E-02,7.230570473426E-02,
    7.611126814132E-02,7.991683154839E-02,8.372239495545E-02,
    8.752795836252E-02,9.133352176959E-02,9.513908517665E-02,
    9.894464858372E-02,0.102750211991,0.106555775398,0.110361338805,
    0.114166902212,0.117972465619,0.121778029026,0.125583592433,
    0.12938915584,0.133194719247,0.137000282654,0.140805846061,
    0.144611409469,0.148416972876,0.152222536283,0.15602809969,
    0.159833663097,0.163639226504,0.167444789911),
  .QUASI_UNIFORM_KNOTS.);
#3648 = CARTESIAN_POINT('',(3.14159265359,0.897421373));
#3649 = CARTESIAN_POINT('',(3.156916816736,0.897427024017));
#3650 = CARTESIAN_POINT('',(3.18798767403,0.896384487767));
#3651 = CARTESIAN_POINT('',(3.234879921878,0.891669602237));
#3652 = CARTESIAN_POINT('',(3.281057694362,0.883787336501));
#3653 = CARTESIAN_POINT('',(3.325586375792,0.872814956123));
#3654 = CARTESIAN_POINT('',(3.367628031533,0.858875060359));
#3655 = CARTESIAN_POINT('',(3.406487854998,0.842159087936));
#3656 = CARTESIAN_POINT('',(3.441839560069,0.823107703924));
#3657 = CARTESIAN_POINT('',(3.473438969785,0.802208975658));
#3658 = CARTESIAN_POINT('',(3.501301131519,0.779747796293));
#3659 = CARTESIAN_POINT('',(3.524964643738,0.756760776267));
#3660 = CARTESIAN_POINT('',(3.546176432859,0.731305632997));
#3661 = CARTESIAN_POINT('',(3.565090692563,0.70340725818));
#3662 = CARTESIAN_POINT('',(3.581021145147,0.674504468992));
#3663 = CARTESIAN_POINT('',(3.5936899094,0.645599183057));
#3664 = CARTESIAN_POINT('',(3.60269142638,0.618066241664));
#3665 = CARTESIAN_POINT('',(3.609426513999,0.58862802126));
#3666 = CARTESIAN_POINT('',(3.613861887377,0.558257057619));
#3667 = CARTESIAN_POINT('',(3.616174926127,0.527267630942));
#3668 = CARTESIAN_POINT('',(3.616470528441,0.496138875471));
#3669 = CARTESIAN_POINT('',(3.614861236049,0.465335175224));
#3670 = CARTESIAN_POINT('',(3.611406563284,0.435186425394));
#3671 = CARTESIAN_POINT('',(3.606258443633,0.406529425672));
#3672 = CARTESIAN_POINT('',(3.59912697352,0.378247086499));
#3673 = CARTESIAN_POINT('',(3.589934302085,0.349181564831));
#3674 = CARTESIAN_POINT('',(3.578997867059,0.320127038731));
#3675 = CARTESIAN_POINT('',(3.5665034127,0.291368636009));
#3676 = CARTESIAN_POINT('',(3.552639168995,0.263326057827));
#3677 = CARTESIAN_POINT('',(3.537593949429,0.2364248772));
#3678 = CARTESIAN_POINT('',(3.521437803359,0.210948364836));
#3679 = CARTESIAN_POINT('',(3.504607669025,0.187740114843));
#3680 = CARTESIAN_POINT('',(3.484981930631,0.164025564869));
#3681 = CARTESIAN_POINT('',(3.463554115658,0.140831693803));
#3682 = CARTESIAN_POINT('',(3.440992354907,0.118905466083));
#3683 = CARTESIAN_POINT('',(3.418299877831,9.9354335973E-02));
#3684 = CARTESIAN_POINT('',(3.395334399883,8.218630235737E-02));
#3685 = CARTESIAN_POINT('',(3.370397594193,6.575977258705E-02));
#3686 = CARTESIAN_POINT('',(3.344190651482,5.079540468892E-02));
#3687 = CARTESIAN_POINT('',(3.316792805817,3.741169208908E-02));
#3688 = CARTESIAN_POINT('',(3.288448117175,2.588787361336E-02));
#3689 = CARTESIAN_POINT('',(3.259346203373,1.647519787159E-02));
#3690 = CARTESIAN_POINT('',(3.229784512136,9.176916767957E-03));
#3691 = CARTESIAN_POINT('',(3.200073007303,3.976814952981E-03));
#3692 = CARTESIAN_POINT('',(3.170525720088,8.655419533767E-04));
#3693 = CARTESIAN_POINT('',(3.151148396461,1.765170651239E-04));
#3694 = CARTESIAN_POINT('',(3.14159265359,1.765280253614E-04));
#3695 = ( GEOMETRIC_REPRESENTATION_CONTEXT(2) 
PARAMETRIC_REPRESENTATION_CONTEXT() REPRESENTATION_CONTEXT('2D SPACE',''
  ) );
#3696 = ORIENTED_EDGE('',*,*,#3697,.T.);
#3697 = EDGE_CURVE('',#3567,#3565,#3698,.T.);
#3698 = SURFACE_CURVE('',#3699,(#3718,#3769),.PCURVE_S1.);
#3699 = B_SPLINE_CURVE_WITH_KNOTS('',3,(#3700,#3701,#3702,#3703,#3704,
    #3705,#3706,#3707,#3708,#3709,#3710,#3711,#3712,#3713,#3714,#3715,
    #3716,#3717),.UNSPECIFIED.,.F.,.F.,(4,2,2,2,2,2,2,2,4),(
    -0.167444789911,-0.14863882616,-0.12983286241,-0.112554886251,
    -8.372239495545E-02,-5.488990366021E-02,-3.761192750088E-02,
    -1.880596375044E-02,0.),.UNSPECIFIED.);
#3700 = CARTESIAN_POINT('',(2.5,-11.01291530926,-4.664484536466));
#3701 = CARTESIAN_POINT('',(2.562686545835,-11.01291530926,
    -4.664484536466));
#3702 = CARTESIAN_POINT('',(2.629682703115,-11.00820590609,
    -4.675652606761));
#3703 = CARTESIAN_POINT('',(2.753959277362,-10.988879374,-4.720895566905
    ));
#3704 = CARTESIAN_POINT('',(2.811249490586,-10.97424640962,
    -4.754936775048));
#3705 = CARTESIAN_POINT('',(2.900036189103,-10.94172362833,
    -4.829276677383));
#3706 = CARTESIAN_POINT('',(2.942722855445,-10.91970269577,
    -4.878969558246));
#3707 = CARTESIAN_POINT('',(3.017527118049,-10.86441371984,
    -5.001328131402));
#3708 = CARTESIAN_POINT('',(3.046025777757,-10.81729199539,
    -5.102661099128));
#3709 = CARTESIAN_POINT('',(3.046025777757,-10.73389233452,
    -5.275842279402));
#3710 = CARTESIAN_POINT('',(3.017527118049,-10.68404694478,
    -5.375863599056));
#3711 = CARTESIAN_POINT('',(2.942722855445,-10.62285527278,
    -5.495379583601));
#3712 = CARTESIAN_POINT('',(2.900036189103,-10.59773364094,
    -5.543579246392));
#3713 = CARTESIAN_POINT('',(2.811249490586,-10.55988998736,
    -5.615356751681));
#3714 = CARTESIAN_POINT('',(2.753959277362,-10.54239900319,
    -5.648021610037));
#3715 = CARTESIAN_POINT('',(2.629682703115,-10.51907652826,
    -5.691340225527));
#3716 = CARTESIAN_POINT('',(2.562686545835,-10.51328124415,
    -5.701985363125));
#3717 = CARTESIAN_POINT('',(2.5,-10.51328124415,-5.701985363125));
#3718 = PCURVE('',#622,#3719);
#3719 = DEFINITIONAL_REPRESENTATION('',(#3720),#3768);
#3720 = B_SPLINE_CURVE_WITH_KNOTS('',3,(#3721,#3722,#3723,#3724,#3725,
    #3726,#3727,#3728,#3729,#3730,#3731,#3732,#3733,#3734,#3735,#3736,
    #3737,#3738,#3739,#3740,#3741,#3742,#3743,#3744,#3745,#3746,#3747,
    #3748,#3749,#3750,#3751,#3752,#3753,#3754,#3755,#3756,#3757,#3758,
    #3759,#3760,#3761,#3762,#3763,#3764,#3765,#3766,#3767),
  .UNSPECIFIED.,.F.,.F.,(4,1,1,1,1,1,1,1,1,1,1,1,1,1,1,1,1,1,1,1,1,1,1,1
    ,1,1,1,1,1,1,1,1,1,1,1,1,1,1,1,1,1,1,1,1,4),(-0.167444789911,
    -0.163639226504,-0.159833663097,-0.15602809969,-0.152222536283,
    -0.148416972876,-0.144611409469,-0.140805846061,-0.137000282654,
    -0.133194719247,-0.12938915584,-0.125583592433,-0.121778029026,
    -0.117972465619,-0.114166902212,-0.110361338805,-0.106555775398,
    -0.102750211991,-9.894464858372E-02,-9.513908517665E-02,
    -9.133352176959E-02,-8.752795836252E-02,-8.372239495545E-02,
    -7.991683154839E-02,-7.611126814132E-02,-7.230570473426E-02,
    -6.850014132719E-02,-6.469457792012E-02,-6.088901451306E-02,
    -5.708345110599E-02,-5.327788769893E-02,-4.947232429186E-02,
    -4.566676088479E-02,-4.186119747773E-02,-3.805563407066E-02,
    -3.42500706636E-02,-3.044450725653E-02,-2.663894384946E-02,
    -2.28333804424E-02,-1.902781703533E-02,-1.522225362826E-02,
    -1.14166902212E-02,-7.611126814132E-03,-3.805563407066E-03,0.),
  .QUASI_UNIFORM_KNOTS.);
#3721 = CARTESIAN_POINT('',(5.882546215434,-2.44));
#3722 = CARTESIAN_POINT('',(5.882546215398,-2.452685211357));
#3723 = CARTESIAN_POINT('',(5.882463217097,-2.478408581961));
#3724 = CARTESIAN_POINT('',(5.882088248775,-2.517596715739));
#3725 = CARTESIAN_POINT('',(5.881461282812,-2.55693203704));
#3726 = CARTESIAN_POINT('',(5.880580969471,-2.595959091453));
#3727 = CARTESIAN_POINT('',(5.879445296965,-2.634220805355));
#3728 = CARTESIAN_POINT('',(5.878054731685,-2.671266200116));
#3729 = CARTESIAN_POINT('',(5.876439484547,-2.706806114514));
#3730 = CARTESIAN_POINT('',(5.874633333552,-2.740489798168));
#3731 = CARTESIAN_POINT('',(5.872650982258,-2.772169137769));
#3732 = CARTESIAN_POINT('',(5.870579847851,-2.800947060885));
#3733 = CARTESIAN_POINT('',(5.868224666879,-2.828831121131));
#3734 = CARTESIAN_POINT('',(5.865587228849,-2.855930042726));
#3735 = CARTESIAN_POINT('',(5.862801313353,-2.880996113679));
#3736 = CARTESIAN_POINT('',(5.859958491732,-2.903206879213));
#3737 = CARTESIAN_POINT('',(5.857187155166,-2.921395291898));
#3738 = CARTESIAN_POINT('',(5.854160020265,-2.937850718937));
#3739 = CARTESIAN_POINT('',(5.850980135867,-2.95210421934));
#3740 = CARTESIAN_POINT('',(5.847683634321,-2.964102617757));
#3741 = CARTESIAN_POINT('',(5.844323533616,-2.973681334572));
#3742 = CARTESIAN_POINT('',(5.840952250144,-2.98070564159));
#3743 = CARTESIAN_POINT('',(5.83760771295,-2.985032809204));
#3744 = CARTESIAN_POINT('',(5.834386356667,-2.986522262034));
#3745 = CARTESIAN_POINT('',(5.831165000383,-2.985032809204));
#3746 = CARTESIAN_POINT('',(5.82782046319,-2.98070564159));
#3747 = CARTESIAN_POINT('',(5.824449179718,-2.973681334572));
#3748 = CARTESIAN_POINT('',(5.821089079013,-2.964102617757));
#3749 = CARTESIAN_POINT('',(5.817792577466,-2.95210421934));
#3750 = CARTESIAN_POINT('',(5.814612693068,-2.937850718937));
#3751 = CARTESIAN_POINT('',(5.811585558167,-2.921395291898));
#3752 = CARTESIAN_POINT('',(5.808814221601,-2.903206879213));
#3753 = CARTESIAN_POINT('',(5.80597139998,-2.880996113679));
#3754 = CARTESIAN_POINT('',(5.803185484485,-2.855930042726));
#3755 = CARTESIAN_POINT('',(5.800548046455,-2.828831121131));
#3756 = CARTESIAN_POINT('',(5.798192865483,-2.800947060885));
#3757 = CARTESIAN_POINT('',(5.796121731076,-2.772169137769));
#3758 = CARTESIAN_POINT('',(5.794139379781,-2.740489798168));
#3759 = CARTESIAN_POINT('',(5.792333228787,-2.706806114514));
#3760 = CARTESIAN_POINT('',(5.790717981649,-2.671266200116));
#3761 = CARTESIAN_POINT('',(5.789327416368,-2.634220805355));
#3762 = CARTESIAN_POINT('',(5.788191743862,-2.595959091453));
#3763 = CARTESIAN_POINT('',(5.787311430521,-2.55693203704));
#3764 = CARTESIAN_POINT('',(5.786684464559,-2.517596715739));
#3765 = CARTESIAN_POINT('',(5.786309496236,-2.478408581961));
#3766 = CARTESIAN_POINT('',(5.786226497936,-2.452685211357));
#3767 = CARTESIAN_POINT('',(5.786226497899,-2.44));
#3768 = ( GEOMETRIC_REPRESENTATION_CONTEXT(2) 
PARAMETRIC_REPRESENTATION_CONTEXT() REPRESENTATION_CONTEXT('2D SPACE',''
  ) );
#3769 = PCURVE('',#3641,#3770);
#3770 = DEFINITIONAL_REPRESENTATION('',(#3771),#3819);
#3771 = B_SPLINE_CURVE_WITH_KNOTS('',3,(#3772,#3773,#3774,#3775,#3776,
    #3777,#3778,#3779,#3780,#3781,#3782,#3783,#3784,#3785,#3786,#3787,
    #3788,#3789,#3790,#3791,#3792,#3793,#3794,#3795,#3796,#3797,#3798,
    #3799,#3800,#3801,#3802,#3803,#3804,#3805,#3806,#3807,#3808,#3809,
    #3810,#3811,#3812,#3813,#3814,#3815,#3816,#3817,#3818),
  .UNSPECIFIED.,.F.,.F.,(4,1,1,1,1,1,1,1,1,1,1,1,1,1,1,1,1,1,1,1,1,1,1,1
    ,1,1,1,1,1,1,1,1,1,1,1,1,1,1,1,1,1,1,1,1,4),(-0.167444789911,
    -0.163639226504,-0.159833663097,-0.15602809969,-0.152222536283,
    -0.148416972876,-0.144611409469,-0.140805846061,-0.137000282654,
    -0.133194719247,-0.12938915584,-0.125583592433,-0.121778029026,
    -0.117972465619,-0.114166902212,-0.110361338805,-0.106555775398,
    -0.102750211991,-9.894464858372E-02,-9.513908517665E-02,
    -9.133352176959E-02,-8.752795836252E-02,-8.372239495545E-02,
    -7.991683154839E-02,-7.611126814132E-02,-7.230570473426E-02,
    -6.850014132719E-02,-6.469457792012E-02,-6.088901451306E-02,
    -5.708345110599E-02,-5.327788769893E-02,-4.947232429186E-02,
    -4.566676088479E-02,-4.186119747773E-02,-3.805563407066E-02,
    -3.42500706636E-02,-3.044450725653E-02,-2.663894384946E-02,
    -2.28333804424E-02,-1.902781703533E-02,-1.522225362826E-02,
    -1.14166902212E-02,-7.611126814132E-03,-3.805563407066E-03,0.),
  .QUASI_UNIFORM_KNOTS.);
#3772 = CARTESIAN_POINT('',(9.424777960769,1.765280253614E-04));
#3773 = CARTESIAN_POINT('',(9.415222217899,1.76517065124E-04));
#3774 = CARTESIAN_POINT('',(9.395844894271,8.655419533768E-04));
#3775 = CARTESIAN_POINT('',(9.366297607056,3.976814952981E-03));
#3776 = CARTESIAN_POINT('',(9.336586102223,9.176916767959E-03));
#3777 = CARTESIAN_POINT('',(9.307024410986,1.647519787159E-02));
#3778 = CARTESIAN_POINT('',(9.277922497184,2.588787361336E-02));
#3779 = CARTESIAN_POINT('',(9.249577808542,3.741169208908E-02));
#3780 = CARTESIAN_POINT('',(9.222179962877,5.079540468891E-02));
#3781 = CARTESIAN_POINT('',(9.195973020166,6.575977258705E-02));
#3782 = CARTESIAN_POINT('',(9.171036214476,8.218630235737E-02));
#3783 = CARTESIAN_POINT('',(9.148070736528,9.9354335973E-02));
#3784 = CARTESIAN_POINT('',(9.125378259452,0.118905466083));
#3785 = CARTESIAN_POINT('',(9.102816498701,0.140831693803));
#3786 = CARTESIAN_POINT('',(9.081388683728,0.164025564869));
#3787 = CARTESIAN_POINT('',(9.061762945334,0.187740114843));
#3788 = CARTESIAN_POINT('',(9.044932811,0.210948364836));
#3789 = CARTESIAN_POINT('',(9.02877666493,0.2364248772));
#3790 = CARTESIAN_POINT('',(9.013731445364,0.263326057827));
#3791 = CARTESIAN_POINT('',(8.99986720166,0.291368636009));
#3792 = CARTESIAN_POINT('',(8.9873727473,0.320127038731));
#3793 = CARTESIAN_POINT('',(8.976436312275,0.349181564831));
#3794 = CARTESIAN_POINT('',(8.967243640839,0.378247086499));
#3795 = CARTESIAN_POINT('',(8.960112170726,0.406529425672));
#3796 = CARTESIAN_POINT('',(8.954964051075,0.435186425394));
#3797 = CARTESIAN_POINT('',(8.95150937831,0.465335175224));
#3798 = CARTESIAN_POINT('',(8.949900085919,0.496138875471));
#3799 = CARTESIAN_POINT('',(8.950195688232,0.527267630942));
#3800 = CARTESIAN_POINT('',(8.952508726982,0.558257057619));
#3801 = CARTESIAN_POINT('',(8.95694410036,0.58862802126));
#3802 = CARTESIAN_POINT('',(8.963679187979,0.618066241664));
#3803 = CARTESIAN_POINT('',(8.972680704959,0.645599183057));
#3804 = CARTESIAN_POINT('',(8.985349469212,0.674504468992));
#3805 = CARTESIAN_POINT('',(9.001279921796,0.70340725818));
#3806 = CARTESIAN_POINT('',(9.0201941815,0.731305632997));
#3807 = CARTESIAN_POINT('',(9.041405970621,0.756760776267));
#3808 = CARTESIAN_POINT('',(9.06506948284,0.779747796293));
#3809 = CARTESIAN_POINT('',(9.092931644574,0.802208975658));
#3810 = CARTESIAN_POINT('',(9.12453105429,0.823107703924));
#3811 = CARTESIAN_POINT('',(9.159882759361,0.842159087936));
#3812 = CARTESIAN_POINT('',(9.198742582826,0.858875060359));
#3813 = CARTESIAN_POINT('',(9.240784238567,0.872814956123));
#3814 = CARTESIAN_POINT('',(9.285312919997,0.883787336501));
#3815 = CARTESIAN_POINT('',(9.331490692481,0.891669602237));
#3816 = CARTESIAN_POINT('',(9.378382940329,0.896384487767));
#3817 = CARTESIAN_POINT('',(9.409453797624,0.897427024017));
#3818 = CARTESIAN_POINT('',(9.424777960769,0.897421373));
#3819 = ( GEOMETRIC_REPRESENTATION_CONTEXT(2) 
PARAMETRIC_REPRESENTATION_CONTEXT() REPRESENTATION_CONTEXT('2D SPACE',''
  ) );
#3820 = ADVANCED_FACE('',(#3821),#3641,.F.);
#3821 = FACE_BOUND('',#3822,.F.);
#3822 = EDGE_LOOP('',(#3823,#3824,#3892,#3893,#3894,#3962));
#3823 = ORIENTED_EDGE('',*,*,#3697,.T.);
#3824 = ORIENTED_EDGE('',*,*,#3825,.F.);
#3825 = EDGE_CURVE('',#3826,#3565,#3828,.T.);
#3826 = VERTEX_POINT('',#3827);
#3827 = CARTESIAN_POINT('',(2.5,-9.685415329951,-5.991750195514));
#3828 = SEAM_CURVE('',#3829,(#3834,#3863),.PCURVE_S1.);
#3829 = CIRCLE('',#3830,1.3275);
#3830 = AXIS2_PLACEMENT_3D('',#3831,#3832,#3833);
#3831 = CARTESIAN_POINT('',(2.5,-9.685415329951,-4.664250195514));
#3832 = DIRECTION('',(-1.,2.090815488936E-16,0.));
#3833 = DIRECTION('',(-2.090815488936E-16,-1.,0.));
#3834 = PCURVE('',#3641,#3835);
#3835 = DEFINITIONAL_REPRESENTATION('',(#3836),#3862);
#3836 = B_SPLINE_CURVE_WITH_KNOTS('',3,(#3837,#3838,#3839,#3840,#3841,
    #3842,#3843,#3844,#3845,#3846,#3847,#3848,#3849,#3850,#3851,#3852,
    #3853,#3854,#3855,#3856,#3857,#3858,#3859,#3860,#3861),
  .UNSPECIFIED.,.F.,.F.,(4,1,1,1,1,1,1,1,1,1,1,1,1,1,1,1,1,1,1,1,1,1,4),
  (4.712388980385,4.74299693283,4.773604885275,4.80421283772,
    4.834820790166,4.865428742611,4.896036695056,4.926644647501,
    4.957252599946,4.987860552392,5.018468504837,5.049076457282,
    5.079684409727,5.110292362172,5.140900314618,5.171508267063,
    5.202116219508,5.232724171953,5.263332124398,5.293940076844,
    5.324548029289,5.355155981734,5.385763934179),
  .QUASI_UNIFORM_KNOTS.);
#3837 = CARTESIAN_POINT('',(9.424777960769,1.570796326795));
#3838 = CARTESIAN_POINT('',(9.424777960769,1.56059367598));
#3839 = CARTESIAN_POINT('',(9.424777960769,1.54018837435));
#3840 = CARTESIAN_POINT('',(9.424777960769,1.509580421904));
#3841 = CARTESIAN_POINT('',(9.424777960769,1.478972469459));
#3842 = CARTESIAN_POINT('',(9.424777960769,1.448364517014));
#3843 = CARTESIAN_POINT('',(9.424777960769,1.417756564569));
#3844 = CARTESIAN_POINT('',(9.424777960769,1.387148612124));
#3845 = CARTESIAN_POINT('',(9.424777960769,1.356540659678));
#3846 = CARTESIAN_POINT('',(9.424777960769,1.325932707233));
#3847 = CARTESIAN_POINT('',(9.424777960769,1.295324754788));
#3848 = CARTESIAN_POINT('',(9.424777960769,1.264716802343));
#3849 = CARTESIAN_POINT('',(9.424777960769,1.234108849898));
#3850 = CARTESIAN_POINT('',(9.424777960769,1.203500897452));
#3851 = CARTESIAN_POINT('',(9.424777960769,1.172892945007));
#3852 = CARTESIAN_POINT('',(9.424777960769,1.142284992562));
#3853 = CARTESIAN_POINT('',(9.424777960769,1.111677040117));
#3854 = CARTESIAN_POINT('',(9.424777960769,1.081069087672));
#3855 = CARTESIAN_POINT('',(9.424777960769,1.050461135226));
#3856 = CARTESIAN_POINT('',(9.424777960769,1.019853182781));
#3857 = CARTESIAN_POINT('',(9.424777960769,0.989245230336));
#3858 = CARTESIAN_POINT('',(9.424777960769,0.958637277891));
#3859 = CARTESIAN_POINT('',(9.424777960769,0.928029325446));
#3860 = CARTESIAN_POINT('',(9.424777960769,0.907624023815));
#3861 = CARTESIAN_POINT('',(9.424777960769,0.897421373));
#3862 = ( GEOMETRIC_REPRESENTATION_CONTEXT(2) 
PARAMETRIC_REPRESENTATION_CONTEXT() REPRESENTATION_CONTEXT('2D SPACE',''
  ) );
#3863 = PCURVE('',#3641,#3864);
#3864 = DEFINITIONAL_REPRESENTATION('',(#3865),#3891);
#3865 = B_SPLINE_CURVE_WITH_KNOTS('',3,(#3866,#3867,#3868,#3869,#3870,
    #3871,#3872,#3873,#3874,#3875,#3876,#3877,#3878,#3879,#3880,#3881,
    #3882,#3883,#3884,#3885,#3886,#3887,#3888,#3889,#3890),
  .UNSPECIFIED.,.F.,.F.,(4,1,1,1,1,1,1,1,1,1,1,1,1,1,1,1,1,1,1,1,1,1,4),
  (4.712388980385,4.74299693283,4.773604885275,4.80421283772,
    4.834820790166,4.865428742611,4.896036695056,4.926644647501,
    4.957252599946,4.987860552392,5.018468504837,5.049076457282,
    5.079684409727,5.110292362172,5.140900314618,5.171508267063,
    5.202116219508,5.232724171953,5.263332124398,5.293940076844,
    5.324548029289,5.355155981734,5.385763934179),
  .QUASI_UNIFORM_KNOTS.);
#3866 = CARTESIAN_POINT('',(3.14159265359,1.570796326795));
#3867 = CARTESIAN_POINT('',(3.14159265359,1.56059367598));
#3868 = CARTESIAN_POINT('',(3.14159265359,1.54018837435));
#3869 = CARTESIAN_POINT('',(3.14159265359,1.509580421904));
#3870 = CARTESIAN_POINT('',(3.14159265359,1.478972469459));
#3871 = CARTESIAN_POINT('',(3.14159265359,1.448364517014));
#3872 = CARTESIAN_POINT('',(3.14159265359,1.417756564569));
#3873 = CARTESIAN_POINT('',(3.14159265359,1.387148612124));
#3874 = CARTESIAN_POINT('',(3.14159265359,1.356540659678));
#3875 = CARTESIAN_POINT('',(3.14159265359,1.325932707233));
#3876 = CARTESIAN_POINT('',(3.14159265359,1.295324754788));
#3877 = CARTESIAN_POINT('',(3.14159265359,1.264716802343));
#3878 = CARTESIAN_POINT('',(3.14159265359,1.234108849898));
#3879 = CARTESIAN_POINT('',(3.14159265359,1.203500897452));
#3880 = CARTESIAN_POINT('',(3.14159265359,1.172892945007));
#3881 = CARTESIAN_POINT('',(3.14159265359,1.142284992562));
#3882 = CARTESIAN_POINT('',(3.14159265359,1.111677040117));
#3883 = CARTESIAN_POINT('',(3.14159265359,1.081069087672));
#3884 = CARTESIAN_POINT('',(3.14159265359,1.050461135226));
#3885 = CARTESIAN_POINT('',(3.14159265359,1.019853182781));
#3886 = CARTESIAN_POINT('',(3.14159265359,0.989245230336));
#3887 = CARTESIAN_POINT('',(3.14159265359,0.958637277891));
#3888 = CARTESIAN_POINT('',(3.14159265359,0.928029325446));
#3889 = CARTESIAN_POINT('',(3.14159265359,0.907624023815));
#3890 = CARTESIAN_POINT('',(3.14159265359,0.897421373));
#3891 = ( GEOMETRIC_REPRESENTATION_CONTEXT(2) 
PARAMETRIC_REPRESENTATION_CONTEXT() REPRESENTATION_CONTEXT('2D SPACE',''
  ) );
#3892 = ORIENTED_EDGE('',*,*,#3825,.T.);
#3893 = ORIENTED_EDGE('',*,*,#3564,.T.);
#3894 = ORIENTED_EDGE('',*,*,#3895,.T.);
#3895 = EDGE_CURVE('',#3567,#3896,#3898,.T.);
#3896 = VERTEX_POINT('',#3897);
#3897 = CARTESIAN_POINT('',(2.5,-9.685415329951,-3.336750195514));
#3898 = SEAM_CURVE('',#3899,(#3904,#3933),.PCURVE_S1.);
#3899 = CIRCLE('',#3900,1.3275);
#3900 = AXIS2_PLACEMENT_3D('',#3901,#3902,#3903);
#3901 = CARTESIAN_POINT('',(2.5,-9.685415329951,-4.664250195514));
#3902 = DIRECTION('',(-1.,2.090815488936E-16,0.));
#3903 = DIRECTION('',(-2.090815488936E-16,-1.,0.));
#3904 = PCURVE('',#3641,#3905);
#3905 = DEFINITIONAL_REPRESENTATION('',(#3906),#3932);
#3906 = B_SPLINE_CURVE_WITH_KNOTS('',3,(#3907,#3908,#3909,#3910,#3911,
    #3912,#3913,#3914,#3915,#3916,#3917,#3918,#3919,#3920,#3921,#3922,
    #3923,#3924,#3925,#3926,#3927,#3928,#3929,#3930,#3931),
  .UNSPECIFIED.,.F.,.F.,(4,1,1,1,1,1,1,1,1,1,1,1,1,1,1,1,1,1,1,1,1,1,4),
  (6.283008779155,6.354416636192,6.425824493229,6.497232350266,
    6.568640207304,6.640048064341,6.711455921378,6.782863778415,
    6.854271635453,6.92567949249,6.997087349527,7.068495206565,
    7.139903063602,7.211310920639,7.282718777676,7.354126634714,
    7.425534491751,7.496942348788,7.568350205825,7.639758062863,
    7.7111659199,7.782573776937,7.853981633974),.QUASI_UNIFORM_KNOTS.);
#3907 = CARTESIAN_POINT('',(3.14159265359,1.765280250228E-04));
#3908 = CARTESIAN_POINT('',(3.14159265359,-2.36260909874E-02));
#3909 = CARTESIAN_POINT('',(3.14159265359,-7.123132901225E-02));
#3910 = CARTESIAN_POINT('',(3.14159265359,-0.14263918605));
#3911 = CARTESIAN_POINT('',(3.14159265359,-0.214047043087));
#3912 = CARTESIAN_POINT('',(3.14159265359,-0.285454900124));
#3913 = CARTESIAN_POINT('',(3.14159265359,-0.356862757161));
#3914 = CARTESIAN_POINT('',(3.14159265359,-0.428270614199));
#3915 = CARTESIAN_POINT('',(3.14159265359,-0.499678471236));
#3916 = CARTESIAN_POINT('',(3.14159265359,-0.571086328273));
#3917 = CARTESIAN_POINT('',(3.14159265359,-0.64249418531));
#3918 = CARTESIAN_POINT('',(3.14159265359,-0.713902042348));
#3919 = CARTESIAN_POINT('',(3.14159265359,-0.785309899385));
#3920 = CARTESIAN_POINT('',(3.14159265359,-0.856717756422));
#3921 = CARTESIAN_POINT('',(3.14159265359,-0.928125613459));
#3922 = CARTESIAN_POINT('',(3.14159265359,-0.999533470497));
#3923 = CARTESIAN_POINT('',(3.14159265359,-1.070941327534));
#3924 = CARTESIAN_POINT('',(3.14159265359,-1.142349184571));
#3925 = CARTESIAN_POINT('',(3.14159265359,-1.213757041609));
#3926 = CARTESIAN_POINT('',(3.14159265359,-1.285164898646));
#3927 = CARTESIAN_POINT('',(3.14159265359,-1.356572755683));
#3928 = CARTESIAN_POINT('',(3.14159265359,-1.42798061272));
#3929 = CARTESIAN_POINT('',(3.14159265359,-1.499388469758));
#3930 = CARTESIAN_POINT('',(3.14159265359,-1.546993707782));
#3931 = CARTESIAN_POINT('',(3.14159265359,-1.570796326795));
#3932 = ( GEOMETRIC_REPRESENTATION_CONTEXT(2) 
PARAMETRIC_REPRESENTATION_CONTEXT() REPRESENTATION_CONTEXT('2D SPACE',''
  ) );
#3933 = PCURVE('',#3641,#3934);
#3934 = DEFINITIONAL_REPRESENTATION('',(#3935),#3961);
#3935 = B_SPLINE_CURVE_WITH_KNOTS('',3,(#3936,#3937,#3938,#3939,#3940,
    #3941,#3942,#3943,#3944,#3945,#3946,#3947,#3948,#3949,#3950,#3951,
    #3952,#3953,#3954,#3955,#3956,#3957,#3958,#3959,#3960),
  .UNSPECIFIED.,.F.,.F.,(4,1,1,1,1,1,1,1,1,1,1,1,1,1,1,1,1,1,1,1,1,1,4),
  (6.283008779155,6.354416636192,6.425824493229,6.497232350266,
    6.568640207304,6.640048064341,6.711455921378,6.782863778415,
    6.854271635453,6.92567949249,6.997087349527,7.068495206565,
    7.139903063602,7.211310920639,7.282718777676,7.354126634714,
    7.425534491751,7.496942348788,7.568350205825,7.639758062863,
    7.7111659199,7.782573776937,7.853981633974),.QUASI_UNIFORM_KNOTS.);
#3936 = CARTESIAN_POINT('',(9.424777960769,1.765280250228E-04));
#3937 = CARTESIAN_POINT('',(9.424777960769,-2.36260909874E-02));
#3938 = CARTESIAN_POINT('',(9.424777960769,-7.123132901225E-02));
#3939 = CARTESIAN_POINT('',(9.424777960769,-0.14263918605));
#3940 = CARTESIAN_POINT('',(9.424777960769,-0.214047043087));
#3941 = CARTESIAN_POINT('',(9.424777960769,-0.285454900124));
#3942 = CARTESIAN_POINT('',(9.424777960769,-0.356862757161));
#3943 = CARTESIAN_POINT('',(9.424777960769,-0.428270614199));
#3944 = CARTESIAN_POINT('',(9.424777960769,-0.499678471236));
#3945 = CARTESIAN_POINT('',(9.424777960769,-0.571086328273));
#3946 = CARTESIAN_POINT('',(9.424777960769,-0.64249418531));
#3947 = CARTESIAN_POINT('',(9.424777960769,-0.713902042348));
#3948 = CARTESIAN_POINT('',(9.424777960769,-0.785309899385));
#3949 = CARTESIAN_POINT('',(9.424777960769,-0.856717756422));
#3950 = CARTESIAN_POINT('',(9.424777960769,-0.928125613459));
#3951 = CARTESIAN_POINT('',(9.424777960769,-0.999533470497));
#3952 = CARTESIAN_POINT('',(9.424777960769,-1.070941327534));
#3953 = CARTESIAN_POINT('',(9.424777960769,-1.142349184571));
#3954 = CARTESIAN_POINT('',(9.424777960769,-1.213757041609));
#3955 = CARTESIAN_POINT('',(9.424777960769,-1.285164898646));
#3956 = CARTESIAN_POINT('',(9.424777960769,-1.356572755683));
#3957 = CARTESIAN_POINT('',(9.424777960769,-1.42798061272));
#3958 = CARTESIAN_POINT('',(9.424777960769,-1.499388469758));
#3959 = CARTESIAN_POINT('',(9.424777960769,-1.546993707782));
#3960 = CARTESIAN_POINT('',(9.424777960769,-1.570796326795));
#3961 = ( GEOMETRIC_REPRESENTATION_CONTEXT(2) 
PARAMETRIC_REPRESENTATION_CONTEXT() REPRESENTATION_CONTEXT('2D SPACE',''
  ) );
#3962 = ORIENTED_EDGE('',*,*,#3895,.F.);
#3963 = ADVANCED_FACE('',(#3964),#3015,.F.);
#3964 = FACE_BOUND('',#3965,.F.);
#3965 = EDGE_LOOP('',(#3966,#3967,#3991));
#3966 = ORIENTED_EDGE('',*,*,#2924,.T.);
#3967 = ORIENTED_EDGE('',*,*,#3968,.T.);
#3968 = EDGE_CURVE('',#2925,#3969,#3971,.T.);
#3969 = VERTEX_POINT('',#3970);
#3970 = CARTESIAN_POINT('',(2.5,-2.39210004003,-9.15297505595));
#3971 = SEAM_CURVE('',#3972,(#3977,#3984),.PCURVE_S1.);
#3972 = CIRCLE('',#3973,1.3275);
#3973 = AXIS2_PLACEMENT_3D('',#3974,#3975,#3976);
#3974 = CARTESIAN_POINT('',(2.5,-2.39210004003,-10.48047505595));
#3975 = DIRECTION('',(-1.,2.090815488936E-16,0.));
#3976 = DIRECTION('',(-2.090815488936E-16,-1.,0.));
#3977 = PCURVE('',#3015,#3978);
#3978 = DEFINITIONAL_REPRESENTATION('',(#3979),#3983);
#3979 = LINE('',#3980,#3981);
#3980 = CARTESIAN_POINT('',(3.14159265359,6.28318530718));
#3981 = VECTOR('',#3982,1.);
#3982 = DIRECTION('',(0.,-1.));
#3983 = ( GEOMETRIC_REPRESENTATION_CONTEXT(2) 
PARAMETRIC_REPRESENTATION_CONTEXT() REPRESENTATION_CONTEXT('2D SPACE',''
  ) );
#3984 = PCURVE('',#3015,#3985);
#3985 = DEFINITIONAL_REPRESENTATION('',(#3986),#3990);
#3986 = LINE('',#3987,#3988);
#3987 = CARTESIAN_POINT('',(9.424777960769,6.28318530718));
#3988 = VECTOR('',#3989,1.);
#3989 = DIRECTION('',(0.,-1.));
#3990 = ( GEOMETRIC_REPRESENTATION_CONTEXT(2) 
PARAMETRIC_REPRESENTATION_CONTEXT() REPRESENTATION_CONTEXT('2D SPACE',''
  ) );
#3991 = ORIENTED_EDGE('',*,*,#3968,.F.);
#3992 = ADVANCED_FACE('',(#3993),#3164,.F.);
#3993 = FACE_BOUND('',#3994,.F.);
#3994 = EDGE_LOOP('',(#3995,#3996,#4020));
#3995 = ORIENTED_EDGE('',*,*,#3073,.T.);
#3996 = ORIENTED_EDGE('',*,*,#3997,.T.);
#3997 = EDGE_CURVE('',#3074,#3998,#4000,.T.);
#3998 = VERTEX_POINT('',#3999);
#3999 = CARTESIAN_POINT('',(2.5,2.39210004003,-9.15297505595));
#4000 = SEAM_CURVE('',#4001,(#4006,#4013),.PCURVE_S1.);
#4001 = CIRCLE('',#4002,1.3275);
#4002 = AXIS2_PLACEMENT_3D('',#4003,#4004,#4005);
#4003 = CARTESIAN_POINT('',(2.5,2.39210004003,-10.48047505595));
#4004 = DIRECTION('',(-1.,2.090815488936E-16,0.));
#4005 = DIRECTION('',(-2.090815488936E-16,-1.,0.));
#4006 = PCURVE('',#3164,#4007);
#4007 = DEFINITIONAL_REPRESENTATION('',(#4008),#4012);
#4008 = LINE('',#4009,#4010);
#4009 = CARTESIAN_POINT('',(-3.14159265359,6.28318530718));
#4010 = VECTOR('',#4011,1.);
#4011 = DIRECTION('',(0.,-1.));
#4012 = ( GEOMETRIC_REPRESENTATION_CONTEXT(2) 
PARAMETRIC_REPRESENTATION_CONTEXT() REPRESENTATION_CONTEXT('2D SPACE',''
  ) );
#4013 = PCURVE('',#3164,#4014);
#4014 = DEFINITIONAL_REPRESENTATION('',(#4015),#4019);
#4015 = LINE('',#4016,#4017);
#4016 = CARTESIAN_POINT('',(3.14159265359,6.28318530718));
#4017 = VECTOR('',#4018,1.);
#4018 = DIRECTION('',(0.,-1.));
#4019 = ( GEOMETRIC_REPRESENTATION_CONTEXT(2) 
PARAMETRIC_REPRESENTATION_CONTEXT() REPRESENTATION_CONTEXT('2D SPACE',''
  ) );
#4020 = ORIENTED_EDGE('',*,*,#3997,.F.);
#4021 = ADVANCED_FACE('',(#4022,#4026),#3313,.F.);
#4022 = FACE_BOUND('',#4023,.F.);
#4023 = VERTEX_LOOP('',#4024);
#4024 = VERTEX_POINT('',#4025);
#4025 = CARTESIAN_POINT('',(2.5,6.702515369981,-7.077188436531));
#4026 = FACE_BOUND('',#4027,.F.);
#4027 = EDGE_LOOP('',(#4028));
#4028 = ORIENTED_EDGE('',*,*,#3222,.T.);
#4029 = ADVANCED_FACE('',(#4030,#4034),#3484,.F.);
#4030 = FACE_BOUND('',#4031,.F.);
#4031 = VERTEX_LOOP('',#4032);
#4032 = VERTEX_POINT('',#4033);
#4033 = CARTESIAN_POINT('',(2.5,9.685415329951,-3.336750195514));
#4034 = FACE_BOUND('',#4035,.F.);
#4035 = EDGE_LOOP('',(#4036));
#4036 = ORIENTED_EDGE('',*,*,#3371,.F.);
#4037 = ADVANCED_FACE('',(#4038,#4041),#1138,.T.);
#4038 = FACE_BOUND('',#4039,.F.);
#4039 = EDGE_LOOP('',(#4040));
#4040 = ORIENTED_EDGE('',*,*,#1123,.F.);
#4041 = FACE_BOUND('',#4042,.F.);
#4042 = EDGE_LOOP('',(#4043));
#4043 = ORIENTED_EDGE('',*,*,#4044,.T.);
#4044 = EDGE_CURVE('',#4045,#4045,#4047,.T.);
#4045 = VERTEX_POINT('',#4046);
#4046 = CARTESIAN_POINT('',(1.1,1.217298918352E-15,-9.94));
#4047 = SURFACE_CURVE('',#4048,(#4053,#4060),.PCURVE_S1.);
#4048 = CIRCLE('',#4049,9.94);
#4049 = AXIS2_PLACEMENT_3D('',#4050,#4051,#4052);
#4050 = CARTESIAN_POINT('',(1.1,0.,0.));
#4051 = DIRECTION('',(-1.,0.,0.));
#4052 = DIRECTION('',(0.,-3.046914363588E-10,1.));
#4053 = PCURVE('',#1138,#4054);
#4054 = DEFINITIONAL_REPRESENTATION('',(#4055),#4059);
#4055 = CIRCLE('',#4056,9.94);
#4056 = AXIS2_PLACEMENT_2D('',#4057,#4058);
#4057 = CARTESIAN_POINT('',(0.,0.));
#4058 = DIRECTION('',(-3.046914363588E-10,-1.));
#4059 = ( GEOMETRIC_REPRESENTATION_CONTEXT(2) 
PARAMETRIC_REPRESENTATION_CONTEXT() REPRESENTATION_CONTEXT('2D SPACE',''
  ) );
#4060 = PCURVE('',#4061,#4066);
#4061 = CYLINDRICAL_SURFACE('',#4062,9.94);
#4062 = AXIS2_PLACEMENT_3D('',#4063,#4064,#4065);
#4063 = CARTESIAN_POINT('',(0.71,0.,0.));
#4064 = DIRECTION('',(1.,0.,0.));
#4065 = DIRECTION('',(0.,0.,1.));
#4066 = DEFINITIONAL_REPRESENTATION('',(#4067),#4071);
#4067 = LINE('',#4068,#4069);
#4068 = CARTESIAN_POINT('',(6.283185307484,0.39));
#4069 = VECTOR('',#4070,1.);
#4070 = DIRECTION('',(-1.,0.));
#4071 = ( GEOMETRIC_REPRESENTATION_CONTEXT(2) 
PARAMETRIC_REPRESENTATION_CONTEXT() REPRESENTATION_CONTEXT('2D SPACE',''
  ) );
#4072 = ADVANCED_FACE('',(#4073,#4077),#1418,.F.);
#4073 = FACE_BOUND('',#4074,.F.);
#4074 = VERTEX_LOOP('',#4075);
#4075 = VERTEX_POINT('',#4076);
#4076 = CARTESIAN_POINT('',(2.5,9.685415329951,5.991750195514));
#4077 = FACE_BOUND('',#4078,.F.);
#4078 = EDGE_LOOP('',(#4079));
#4079 = ORIENTED_EDGE('',*,*,#1327,.T.);
#4080 = ADVANCED_FACE('',(#4081,#4085),#2603,.F.);
#4081 = FACE_BOUND('',#4082,.F.);
#4082 = VERTEX_LOOP('',#4083);
#4083 = VERTEX_POINT('',#4084);
#4084 = CARTESIAN_POINT('',(2.5,6.702515369981,9.732188436531));
#4085 = FACE_BOUND('',#4086,.F.);
#4086 = EDGE_LOOP('',(#4087));
#4087 = ORIENTED_EDGE('',*,*,#2512,.T.);
#4088 = ADVANCED_FACE('',(#4089),#2330,.F.);
#4089 = FACE_BOUND('',#4090,.F.);
#4090 = EDGE_LOOP('',(#4091,#4092,#4160,#4161));
#4091 = ORIENTED_EDGE('',*,*,#2386,.T.);
#4092 = ORIENTED_EDGE('',*,*,#4093,.F.);
#4093 = EDGE_CURVE('',#4094,#2254,#4096,.T.);
#4094 = VERTEX_POINT('',#4095);
#4095 = CARTESIAN_POINT('',(2.5,2.39210004003,9.15297505595));
#4096 = SEAM_CURVE('',#4097,(#4102,#4131),.PCURVE_S1.);
#4097 = CIRCLE('',#4098,1.3275);
#4098 = AXIS2_PLACEMENT_3D('',#4099,#4100,#4101);
#4099 = CARTESIAN_POINT('',(2.5,2.39210004003,10.48047505595));
#4100 = DIRECTION('',(-1.,2.090815488936E-16,0.));
#4101 = DIRECTION('',(-2.090815488936E-16,-1.,0.));
#4102 = PCURVE('',#2330,#4103);
#4103 = DEFINITIONAL_REPRESENTATION('',(#4104),#4130);
#4104 = B_SPLINE_CURVE_WITH_KNOTS('',3,(#4105,#4106,#4107,#4108,#4109,
    #4110,#4111,#4112,#4113,#4114,#4115,#4116,#4117,#4118,#4119,#4120,
    #4121,#4122,#4123,#4124,#4125,#4126,#4127,#4128,#4129),
  .UNSPECIFIED.,.F.,.F.,(4,1,1,1,1,1,1,1,1,1,1,1,1,1,1,1,1,1,1,1,1,1,4),
  (4.712388980385,4.84499669431,4.977604408236,5.110212122162,
    5.242819836088,5.375427550014,5.50803526394,5.640642977865,
    5.773250691791,5.905858405717,6.038466119643,6.171073833569,
    6.303681547494,6.43628926142,6.568896975346,6.701504689272,
    6.834112403198,6.966720117123,7.099327831049,7.231935544975,
    7.364543258901,7.497150972827,7.629758686753),
  .QUASI_UNIFORM_KNOTS.);
#4105 = CARTESIAN_POINT('',(9.424777960769,1.570796326795));
#4106 = CARTESIAN_POINT('',(9.424777960769,1.526593755486));
#4107 = CARTESIAN_POINT('',(9.424777960769,1.438188612869));
#4108 = CARTESIAN_POINT('',(9.424777960769,1.305580898943));
#4109 = CARTESIAN_POINT('',(9.424777960769,1.172973185017));
#4110 = CARTESIAN_POINT('',(9.424777960769,1.040365471092));
#4111 = CARTESIAN_POINT('',(9.424777960769,0.907757757166));
#4112 = CARTESIAN_POINT('',(9.424777960769,0.77515004324));
#4113 = CARTESIAN_POINT('',(9.424777960769,0.642542329314));
#4114 = CARTESIAN_POINT('',(9.424777960769,0.509934615388));
#4115 = CARTESIAN_POINT('',(9.424777960769,0.377326901463));
#4116 = CARTESIAN_POINT('',(9.424777960769,0.244719187537));
#4117 = CARTESIAN_POINT('',(9.424777960769,0.112111473611));
#4118 = CARTESIAN_POINT('',(9.424777960769,-2.049624031482E-02));
#4119 = CARTESIAN_POINT('',(9.424777960769,-0.153103954241));
#4120 = CARTESIAN_POINT('',(9.424777960769,-0.285711668166));
#4121 = CARTESIAN_POINT('',(9.424777960769,-0.418319382092));
#4122 = CARTESIAN_POINT('',(9.424777960769,-0.550927096018));
#4123 = CARTESIAN_POINT('',(9.424777960769,-0.683534809944));
#4124 = CARTESIAN_POINT('',(9.424777960769,-0.81614252387));
#4125 = CARTESIAN_POINT('',(9.424777960769,-0.948750237795));
#4126 = CARTESIAN_POINT('',(9.424777960769,-1.081357951721));
#4127 = CARTESIAN_POINT('',(9.424777960769,-1.213965665647));
#4128 = CARTESIAN_POINT('',(9.424777960769,-1.302370808264));
#4129 = CARTESIAN_POINT('',(9.424777960769,-1.346573379573));
#4130 = ( GEOMETRIC_REPRESENTATION_CONTEXT(2) 
PARAMETRIC_REPRESENTATION_CONTEXT() REPRESENTATION_CONTEXT('2D SPACE',''
  ) );
#4131 = PCURVE('',#2330,#4132);
#4132 = DEFINITIONAL_REPRESENTATION('',(#4133),#4159);
#4133 = B_SPLINE_CURVE_WITH_KNOTS('',3,(#4134,#4135,#4136,#4137,#4138,
    #4139,#4140,#4141,#4142,#4143,#4144,#4145,#4146,#4147,#4148,#4149,
    #4150,#4151,#4152,#4153,#4154,#4155,#4156,#4157,#4158),
  .UNSPECIFIED.,.F.,.F.,(4,1,1,1,1,1,1,1,1,1,1,1,1,1,1,1,1,1,1,1,1,1,4),
  (4.712388980385,4.84499669431,4.977604408236,5.110212122162,
    5.242819836088,5.375427550014,5.50803526394,5.640642977865,
    5.773250691791,5.905858405717,6.038466119643,6.171073833569,
    6.303681547494,6.43628926142,6.568896975346,6.701504689272,
    6.834112403198,6.966720117123,7.099327831049,7.231935544975,
    7.364543258901,7.497150972827,7.629758686753),
  .QUASI_UNIFORM_KNOTS.);
#4134 = CARTESIAN_POINT('',(3.14159265359,1.570796326795));
#4135 = CARTESIAN_POINT('',(3.14159265359,1.526593755486));
#4136 = CARTESIAN_POINT('',(3.14159265359,1.438188612869));
#4137 = CARTESIAN_POINT('',(3.14159265359,1.305580898943));
#4138 = CARTESIAN_POINT('',(3.14159265359,1.172973185017));
#4139 = CARTESIAN_POINT('',(3.14159265359,1.040365471092));
#4140 = CARTESIAN_POINT('',(3.14159265359,0.907757757166));
#4141 = CARTESIAN_POINT('',(3.14159265359,0.77515004324));
#4142 = CARTESIAN_POINT('',(3.14159265359,0.642542329314));
#4143 = CARTESIAN_POINT('',(3.14159265359,0.509934615388));
#4144 = CARTESIAN_POINT('',(3.14159265359,0.377326901463));
#4145 = CARTESIAN_POINT('',(3.14159265359,0.244719187537));
#4146 = CARTESIAN_POINT('',(3.14159265359,0.112111473611));
#4147 = CARTESIAN_POINT('',(3.14159265359,-2.049624031482E-02));
#4148 = CARTESIAN_POINT('',(3.14159265359,-0.153103954241));
#4149 = CARTESIAN_POINT('',(3.14159265359,-0.285711668166));
#4150 = CARTESIAN_POINT('',(3.14159265359,-0.418319382092));
#4151 = CARTESIAN_POINT('',(3.14159265359,-0.550927096018));
#4152 = CARTESIAN_POINT('',(3.14159265359,-0.683534809944));
#4153 = CARTESIAN_POINT('',(3.14159265359,-0.81614252387));
#4154 = CARTESIAN_POINT('',(3.14159265359,-0.948750237795));
#4155 = CARTESIAN_POINT('',(3.14159265359,-1.081357951721));
#4156 = CARTESIAN_POINT('',(3.14159265359,-1.213965665647));
#4157 = CARTESIAN_POINT('',(3.14159265359,-1.302370808264));
#4158 = CARTESIAN_POINT('',(3.14159265359,-1.346573379573));
#4159 = ( GEOMETRIC_REPRESENTATION_CONTEXT(2) 
PARAMETRIC_REPRESENTATION_CONTEXT() REPRESENTATION_CONTEXT('2D SPACE',''
  ) );
#4160 = ORIENTED_EDGE('',*,*,#4093,.T.);
#4161 = ORIENTED_EDGE('',*,*,#2253,.T.);
#4162 = ADVANCED_FACE('',(#4163),#2071,.F.);
#4163 = FACE_BOUND('',#4164,.F.);
#4164 = EDGE_LOOP('',(#4165,#4166,#4234,#4235));
#4165 = ORIENTED_EDGE('',*,*,#2127,.T.);
#4166 = ORIENTED_EDGE('',*,*,#4167,.F.);
#4167 = EDGE_CURVE('',#4168,#1995,#4170,.T.);
#4168 = VERTEX_POINT('',#4169);
#4169 = CARTESIAN_POINT('',(2.5,-2.39210004003,9.15297505595));
#4170 = SEAM_CURVE('',#4171,(#4176,#4205),.PCURVE_S1.);
#4171 = CIRCLE('',#4172,1.3275);
#4172 = AXIS2_PLACEMENT_3D('',#4173,#4174,#4175);
#4173 = CARTESIAN_POINT('',(2.5,-2.39210004003,10.48047505595));
#4174 = DIRECTION('',(-1.,2.090815488936E-16,0.));
#4175 = DIRECTION('',(-2.090815488936E-16,-1.,0.));
#4176 = PCURVE('',#2071,#4177);
#4177 = DEFINITIONAL_REPRESENTATION('',(#4178),#4204);
#4178 = B_SPLINE_CURVE_WITH_KNOTS('',3,(#4179,#4180,#4181,#4182,#4183,
    #4184,#4185,#4186,#4187,#4188,#4189,#4190,#4191,#4192,#4193,#4194,
    #4195,#4196,#4197,#4198,#4199,#4200,#4201,#4202,#4203),
  .UNSPECIFIED.,.F.,.F.,(4,1,1,1,1,1,1,1,1,1,1,1,1,1,1,1,1,1,1,1,1,1,4),
  (4.712388980385,4.824596742014,4.936804503644,5.049012265274,
    5.161220026904,5.273427788534,5.385635550163,5.497843311793,
    5.610051073423,5.722258835053,5.834466596682,5.946674358312,
    6.058882119942,6.171089881572,6.283297643201,6.395505404831,
    6.507713166461,6.619920928091,6.73212868972,6.84433645135,
    6.95654421298,7.06875197461,7.18095973624),.QUASI_UNIFORM_KNOTS.);
#4179 = CARTESIAN_POINT('',(9.424777960769,1.570796326795));
#4180 = CARTESIAN_POINT('',(9.424777960769,1.533393739585));
#4181 = CARTESIAN_POINT('',(9.424777960769,1.458588565165));
#4182 = CARTESIAN_POINT('',(9.424777960769,1.346380803535));
#4183 = CARTESIAN_POINT('',(9.424777960769,1.234173041906));
#4184 = CARTESIAN_POINT('',(9.424777960769,1.121965280276));
#4185 = CARTESIAN_POINT('',(9.424777960769,1.009757518646));
#4186 = CARTESIAN_POINT('',(9.424777960769,0.897549757016));
#4187 = CARTESIAN_POINT('',(9.424777960769,0.785341995387));
#4188 = CARTESIAN_POINT('',(9.424777960769,0.673134233757));
#4189 = CARTESIAN_POINT('',(9.424777960769,0.560926472127));
#4190 = CARTESIAN_POINT('',(9.424777960769,0.448718710497));
#4191 = CARTESIAN_POINT('',(9.424777960769,0.336510948867));
#4192 = CARTESIAN_POINT('',(9.424777960769,0.224303187238));
#4193 = CARTESIAN_POINT('',(9.424777960769,0.112095425608));
#4194 = CARTESIAN_POINT('',(9.424777960769,-1.123360218265E-04));
#4195 = CARTESIAN_POINT('',(9.424777960769,-0.112320097652));
#4196 = CARTESIAN_POINT('',(9.424777960769,-0.224527859281));
#4197 = CARTESIAN_POINT('',(9.424777960769,-0.336735620911));
#4198 = CARTESIAN_POINT('',(9.424777960769,-0.448943382541));
#4199 = CARTESIAN_POINT('',(9.424777960769,-0.561151144171));
#4200 = CARTESIAN_POINT('',(9.424777960769,-0.6733589058));
#4201 = CARTESIAN_POINT('',(9.424777960769,-0.78556666743));
#4202 = CARTESIAN_POINT('',(9.424777960769,-0.86037184185));
#4203 = CARTESIAN_POINT('',(9.424777960769,-0.89777442906));
#4204 = ( GEOMETRIC_REPRESENTATION_CONTEXT(2) 
PARAMETRIC_REPRESENTATION_CONTEXT() REPRESENTATION_CONTEXT('2D SPACE',''
  ) );
#4205 = PCURVE('',#2071,#4206);
#4206 = DEFINITIONAL_REPRESENTATION('',(#4207),#4233);
#4207 = B_SPLINE_CURVE_WITH_KNOTS('',3,(#4208,#4209,#4210,#4211,#4212,
    #4213,#4214,#4215,#4216,#4217,#4218,#4219,#4220,#4221,#4222,#4223,
    #4224,#4225,#4226,#4227,#4228,#4229,#4230,#4231,#4232),
  .UNSPECIFIED.,.F.,.F.,(4,1,1,1,1,1,1,1,1,1,1,1,1,1,1,1,1,1,1,1,1,1,4),
  (4.712388980385,4.824596742014,4.936804503644,5.049012265274,
    5.161220026904,5.273427788534,5.385635550163,5.497843311793,
    5.610051073423,5.722258835053,5.834466596682,5.946674358312,
    6.058882119942,6.171089881572,6.283297643201,6.395505404831,
    6.507713166461,6.619920928091,6.73212868972,6.84433645135,
    6.95654421298,7.06875197461,7.18095973624),.QUASI_UNIFORM_KNOTS.);
#4208 = CARTESIAN_POINT('',(3.14159265359,1.570796326795));
#4209 = CARTESIAN_POINT('',(3.14159265359,1.533393739585));
#4210 = CARTESIAN_POINT('',(3.14159265359,1.458588565165));
#4211 = CARTESIAN_POINT('',(3.14159265359,1.346380803535));
#4212 = CARTESIAN_POINT('',(3.14159265359,1.234173041906));
#4213 = CARTESIAN_POINT('',(3.14159265359,1.121965280276));
#4214 = CARTESIAN_POINT('',(3.14159265359,1.009757518646));
#4215 = CARTESIAN_POINT('',(3.14159265359,0.897549757016));
#4216 = CARTESIAN_POINT('',(3.14159265359,0.785341995387));
#4217 = CARTESIAN_POINT('',(3.14159265359,0.673134233757));
#4218 = CARTESIAN_POINT('',(3.14159265359,0.560926472127));
#4219 = CARTESIAN_POINT('',(3.14159265359,0.448718710497));
#4220 = CARTESIAN_POINT('',(3.14159265359,0.336510948867));
#4221 = CARTESIAN_POINT('',(3.14159265359,0.224303187238));
#4222 = CARTESIAN_POINT('',(3.14159265359,0.112095425608));
#4223 = CARTESIAN_POINT('',(3.14159265359,-1.123360218265E-04));
#4224 = CARTESIAN_POINT('',(3.14159265359,-0.112320097652));
#4225 = CARTESIAN_POINT('',(3.14159265359,-0.224527859281));
#4226 = CARTESIAN_POINT('',(3.14159265359,-0.336735620911));
#4227 = CARTESIAN_POINT('',(3.14159265359,-0.448943382541));
#4228 = CARTESIAN_POINT('',(3.14159265359,-0.561151144171));
#4229 = CARTESIAN_POINT('',(3.14159265359,-0.6733589058));
#4230 = CARTESIAN_POINT('',(3.14159265359,-0.78556666743));
#4231 = CARTESIAN_POINT('',(3.14159265359,-0.86037184185));
#4232 = CARTESIAN_POINT('',(3.14159265359,-0.89777442906));
#4233 = ( GEOMETRIC_REPRESENTATION_CONTEXT(2) 
PARAMETRIC_REPRESENTATION_CONTEXT() REPRESENTATION_CONTEXT('2D SPACE',''
  ) );
#4234 = ORIENTED_EDGE('',*,*,#4167,.T.);
#4235 = ORIENTED_EDGE('',*,*,#1994,.T.);
#4236 = ADVANCED_FACE('',(#4237),#1812,.F.);
#4237 = FACE_BOUND('',#4238,.F.);
#4238 = EDGE_LOOP('',(#4239,#4240,#4308,#4309,#4310,#4378));
#4239 = ORIENTED_EDGE('',*,*,#1868,.T.);
#4240 = ORIENTED_EDGE('',*,*,#4241,.F.);
#4241 = EDGE_CURVE('',#4242,#1736,#4244,.T.);
#4242 = VERTEX_POINT('',#4243);
#4243 = CARTESIAN_POINT('',(2.5,-6.702515369981,7.077188436531));
#4244 = SEAM_CURVE('',#4245,(#4250,#4279),.PCURVE_S1.);
#4245 = CIRCLE('',#4246,1.3275);
#4246 = AXIS2_PLACEMENT_3D('',#4247,#4248,#4249);
#4247 = CARTESIAN_POINT('',(2.5,-6.702515369981,8.404688436531));
#4248 = DIRECTION('',(-1.,2.090815488936E-16,0.));
#4249 = DIRECTION('',(-2.090815488936E-16,-1.,0.));
#4250 = PCURVE('',#1812,#4251);
#4251 = DEFINITIONAL_REPRESENTATION('',(#4252),#4278);
#4252 = B_SPLINE_CURVE_WITH_KNOTS('',3,(#4253,#4254,#4255,#4256,#4257,
    #4258,#4259,#4260,#4261,#4262,#4263,#4264,#4265,#4266,#4267,#4268,
    #4269,#4270,#4271,#4272,#4273,#4274,#4275,#4276,#4277),
  .UNSPECIFIED.,.F.,.F.,(4,1,1,1,1,1,1,1,1,1,1,1,1,1,1,1,1,1,1,1,1,1,4),
  (4.712388980385,4.804196789718,4.896004599051,4.987812408385,
    5.079620217718,5.171428027052,5.263235836385,5.355043645718,
    5.446851455052,5.538659264385,5.630467073718,5.722274883052,
    5.814082692385,5.905890501719,5.997698311052,6.089506120385,
    6.181313929719,6.273121739052,6.364929548385,6.456737357719,
    6.548545167052,6.640352976386,6.732160785719),
  .QUASI_UNIFORM_KNOTS.);
#4253 = CARTESIAN_POINT('',(3.14159265359,1.570796326795));
#4254 = CARTESIAN_POINT('',(3.14159265359,1.540193723684));
#4255 = CARTESIAN_POINT('',(3.14159265359,1.478988517462));
#4256 = CARTESIAN_POINT('',(3.14159265359,1.387180708128));
#4257 = CARTESIAN_POINT('',(3.14159265359,1.295372898795));
#4258 = CARTESIAN_POINT('',(3.14159265359,1.203565089461));
#4259 = CARTESIAN_POINT('',(3.14159265359,1.111757280128));
#4260 = CARTESIAN_POINT('',(3.14159265359,1.019949470795));
#4261 = CARTESIAN_POINT('',(3.14159265359,0.928141661461));
#4262 = CARTESIAN_POINT('',(3.14159265359,0.836333852128));
#4263 = CARTESIAN_POINT('',(3.14159265359,0.744526042795));
#4264 = CARTESIAN_POINT('',(3.14159265359,0.652718233461));
#4265 = CARTESIAN_POINT('',(3.14159265359,0.560910424128));
#4266 = CARTESIAN_POINT('',(3.14159265359,0.469102614794));
#4267 = CARTESIAN_POINT('',(3.14159265359,0.377294805461));
#4268 = CARTESIAN_POINT('',(3.14159265359,0.285486996128));
#4269 = CARTESIAN_POINT('',(3.14159265359,0.193679186794));
#4270 = CARTESIAN_POINT('',(3.14159265359,0.101871377461));
#4271 = CARTESIAN_POINT('',(3.14159265359,1.006356812754E-02));
#4272 = CARTESIAN_POINT('',(3.14159265359,-8.174424120583E-02));
#4273 = CARTESIAN_POINT('',(3.14159265359,-0.173552050539));
#4274 = CARTESIAN_POINT('',(3.14159265359,-0.265359859873));
#4275 = CARTESIAN_POINT('',(3.14159265359,-0.357167669206));
#4276 = CARTESIAN_POINT('',(3.14159265359,-0.418372875428));
#4277 = CARTESIAN_POINT('',(3.14159265359,-0.448975478539));
#4278 = ( GEOMETRIC_REPRESENTATION_CONTEXT(2) 
PARAMETRIC_REPRESENTATION_CONTEXT() REPRESENTATION_CONTEXT('2D SPACE',''
  ) );
#4279 = PCURVE('',#1812,#4280);
#4280 = DEFINITIONAL_REPRESENTATION('',(#4281),#4307);
#4281 = B_SPLINE_CURVE_WITH_KNOTS('',3,(#4282,#4283,#4284,#4285,#4286,
    #4287,#4288,#4289,#4290,#4291,#4292,#4293,#4294,#4295,#4296,#4297,
    #4298,#4299,#4300,#4301,#4302,#4303,#4304,#4305,#4306),
  .UNSPECIFIED.,.F.,.F.,(4,1,1,1,1,1,1,1,1,1,1,1,1,1,1,1,1,1,1,1,1,1,4),
  (4.712388980385,4.804196789718,4.896004599051,4.987812408385,
    5.079620217718,5.171428027052,5.263235836385,5.355043645718,
    5.446851455052,5.538659264385,5.630467073718,5.722274883052,
    5.814082692385,5.905890501719,5.997698311052,6.089506120385,
    6.181313929719,6.273121739052,6.364929548385,6.456737357719,
    6.548545167052,6.640352976386,6.732160785719),
  .QUASI_UNIFORM_KNOTS.);
#4282 = CARTESIAN_POINT('',(-3.14159265359,1.570796326795));
#4283 = CARTESIAN_POINT('',(-3.14159265359,1.540193723684));
#4284 = CARTESIAN_POINT('',(-3.14159265359,1.478988517462));
#4285 = CARTESIAN_POINT('',(-3.14159265359,1.387180708128));
#4286 = CARTESIAN_POINT('',(-3.14159265359,1.295372898795));
#4287 = CARTESIAN_POINT('',(-3.14159265359,1.203565089461));
#4288 = CARTESIAN_POINT('',(-3.14159265359,1.111757280128));
#4289 = CARTESIAN_POINT('',(-3.14159265359,1.019949470795));
#4290 = CARTESIAN_POINT('',(-3.14159265359,0.928141661461));
#4291 = CARTESIAN_POINT('',(-3.14159265359,0.836333852128));
#4292 = CARTESIAN_POINT('',(-3.14159265359,0.744526042795));
#4293 = CARTESIAN_POINT('',(-3.14159265359,0.652718233461));
#4294 = CARTESIAN_POINT('',(-3.14159265359,0.560910424128));
#4295 = CARTESIAN_POINT('',(-3.14159265359,0.469102614794));
#4296 = CARTESIAN_POINT('',(-3.14159265359,0.377294805461));
#4297 = CARTESIAN_POINT('',(-3.14159265359,0.285486996128));
#4298 = CARTESIAN_POINT('',(-3.14159265359,0.193679186794));
#4299 = CARTESIAN_POINT('',(-3.14159265359,0.101871377461));
#4300 = CARTESIAN_POINT('',(-3.14159265359,1.006356812754E-02));
#4301 = CARTESIAN_POINT('',(-3.14159265359,-8.174424120583E-02));
#4302 = CARTESIAN_POINT('',(-3.14159265359,-0.173552050539));
#4303 = CARTESIAN_POINT('',(-3.14159265359,-0.265359859873));
#4304 = CARTESIAN_POINT('',(-3.14159265359,-0.357167669206));
#4305 = CARTESIAN_POINT('',(-3.14159265359,-0.418372875428));
#4306 = CARTESIAN_POINT('',(-3.14159265359,-0.448975478539));
#4307 = ( GEOMETRIC_REPRESENTATION_CONTEXT(2) 
PARAMETRIC_REPRESENTATION_CONTEXT() REPRESENTATION_CONTEXT('2D SPACE',''
  ) );
#4308 = ORIENTED_EDGE('',*,*,#4241,.T.);
#4309 = ORIENTED_EDGE('',*,*,#1735,.T.);
#4310 = ORIENTED_EDGE('',*,*,#4311,.T.);
#4311 = EDGE_CURVE('',#1738,#4312,#4314,.T.);
#4312 = VERTEX_POINT('',#4313);
#4313 = CARTESIAN_POINT('',(2.5,-6.702515369981,9.732188436531));
#4314 = SEAM_CURVE('',#4315,(#4320,#4349),.PCURVE_S1.);
#4315 = CIRCLE('',#4316,1.3275);
#4316 = AXIS2_PLACEMENT_3D('',#4317,#4318,#4319);
#4317 = CARTESIAN_POINT('',(2.5,-6.702515369981,8.404688436531));
#4318 = DIRECTION('',(-1.,2.090815488936E-16,0.));
#4319 = DIRECTION('',(-2.090815488936E-16,-1.,0.));
#4320 = PCURVE('',#1812,#4321);
#4321 = DEFINITIONAL_REPRESENTATION('',(#4322),#4348);
#4322 = B_SPLINE_CURVE_WITH_KNOTS('',3,(#4323,#4324,#4325,#4326,#4327,
    #4328,#4329,#4330,#4331,#4332,#4333,#4334,#4335,#4336,#4337,#4338,
    #4339,#4340,#4341,#4342,#4343,#4344,#4345,#4346,#4347),
  .UNSPECIFIED.,.F.,.F.,(4,1,1,1,1,1,1,1,1,1,1,1,1,1,1,1,1,1,1,1,1,1,4),
  (1.346220323512,1.356428323661,1.366636323811,1.37684432396,
    1.387052324109,1.397260324258,1.407468324408,1.417676324557,
    1.427884324706,1.438092324855,1.448300325004,1.458508325154,
    1.468716325303,1.478924325452,1.489132325601,1.49934032575,
    1.5095483259,1.519756326049,1.529964326198,1.540172326347,
    1.550380326496,1.560588326646,1.570796326795),
  .QUASI_UNIFORM_KNOTS.);
#4323 = CARTESIAN_POINT('',(-3.14159265359,-1.346220323512));
#4324 = CARTESIAN_POINT('',(-3.14159265359,-1.349622990229));
#4325 = CARTESIAN_POINT('',(-3.14159265359,-1.356428323661));
#4326 = CARTESIAN_POINT('',(-3.14159265359,-1.366636323811));
#4327 = CARTESIAN_POINT('',(-3.14159265359,-1.37684432396));
#4328 = CARTESIAN_POINT('',(-3.14159265359,-1.387052324109));
#4329 = CARTESIAN_POINT('',(-3.14159265359,-1.397260324258));
#4330 = CARTESIAN_POINT('',(-3.14159265359,-1.407468324408));
#4331 = CARTESIAN_POINT('',(-3.14159265359,-1.417676324557));
#4332 = CARTESIAN_POINT('',(-3.14159265359,-1.427884324706));
#4333 = CARTESIAN_POINT('',(-3.14159265359,-1.438092324855));
#4334 = CARTESIAN_POINT('',(-3.14159265359,-1.448300325004));
#4335 = CARTESIAN_POINT('',(-3.14159265359,-1.458508325154));
#4336 = CARTESIAN_POINT('',(-3.14159265359,-1.468716325303));
#4337 = CARTESIAN_POINT('',(-3.14159265359,-1.478924325452));
#4338 = CARTESIAN_POINT('',(-3.14159265359,-1.489132325601));
#4339 = CARTESIAN_POINT('',(-3.14159265359,-1.49934032575));
#4340 = CARTESIAN_POINT('',(-3.14159265359,-1.5095483259));
#4341 = CARTESIAN_POINT('',(-3.14159265359,-1.519756326049));
#4342 = CARTESIAN_POINT('',(-3.14159265359,-1.529964326198));
#4343 = CARTESIAN_POINT('',(-3.14159265359,-1.540172326347));
#4344 = CARTESIAN_POINT('',(-3.14159265359,-1.550380326496));
#4345 = CARTESIAN_POINT('',(-3.14159265359,-1.560588326646));
#4346 = CARTESIAN_POINT('',(-3.14159265359,-1.567393660078));
#4347 = CARTESIAN_POINT('',(-3.14159265359,-1.570796326795));
#4348 = ( GEOMETRIC_REPRESENTATION_CONTEXT(2) 
PARAMETRIC_REPRESENTATION_CONTEXT() REPRESENTATION_CONTEXT('2D SPACE',''
  ) );
#4349 = PCURVE('',#1812,#4350);
#4350 = DEFINITIONAL_REPRESENTATION('',(#4351),#4377);
#4351 = B_SPLINE_CURVE_WITH_KNOTS('',3,(#4352,#4353,#4354,#4355,#4356,
    #4357,#4358,#4359,#4360,#4361,#4362,#4363,#4364,#4365,#4366,#4367,
    #4368,#4369,#4370,#4371,#4372,#4373,#4374,#4375,#4376),
  .UNSPECIFIED.,.F.,.F.,(4,1,1,1,1,1,1,1,1,1,1,1,1,1,1,1,1,1,1,1,1,1,4),
  (1.346220323512,1.356428323661,1.366636323811,1.37684432396,
    1.387052324109,1.397260324258,1.407468324408,1.417676324557,
    1.427884324706,1.438092324855,1.448300325004,1.458508325154,
    1.468716325303,1.478924325452,1.489132325601,1.49934032575,
    1.5095483259,1.519756326049,1.529964326198,1.540172326347,
    1.550380326496,1.560588326646,1.570796326795),
  .QUASI_UNIFORM_KNOTS.);
#4352 = CARTESIAN_POINT('',(3.14159265359,-1.346220323512));
#4353 = CARTESIAN_POINT('',(3.14159265359,-1.349622990229));
#4354 = CARTESIAN_POINT('',(3.14159265359,-1.356428323661));
#4355 = CARTESIAN_POINT('',(3.14159265359,-1.366636323811));
#4356 = CARTESIAN_POINT('',(3.14159265359,-1.37684432396));
#4357 = CARTESIAN_POINT('',(3.14159265359,-1.387052324109));
#4358 = CARTESIAN_POINT('',(3.14159265359,-1.397260324258));
#4359 = CARTESIAN_POINT('',(3.14159265359,-1.407468324408));
#4360 = CARTESIAN_POINT('',(3.14159265359,-1.417676324557));
#4361 = CARTESIAN_POINT('',(3.14159265359,-1.427884324706));
#4362 = CARTESIAN_POINT('',(3.14159265359,-1.438092324855));
#4363 = CARTESIAN_POINT('',(3.14159265359,-1.448300325004));
#4364 = CARTESIAN_POINT('',(3.14159265359,-1.458508325154));
#4365 = CARTESIAN_POINT('',(3.14159265359,-1.468716325303));
#4366 = CARTESIAN_POINT('',(3.14159265359,-1.478924325452));
#4367 = CARTESIAN_POINT('',(3.14159265359,-1.489132325601));
#4368 = CARTESIAN_POINT('',(3.14159265359,-1.49934032575));
#4369 = CARTESIAN_POINT('',(3.14159265359,-1.5095483259));
#4370 = CARTESIAN_POINT('',(3.14159265359,-1.519756326049));
#4371 = CARTESIAN_POINT('',(3.14159265359,-1.529964326198));
#4372 = CARTESIAN_POINT('',(3.14159265359,-1.540172326347));
#4373 = CARTESIAN_POINT('',(3.14159265359,-1.550380326496));
#4374 = CARTESIAN_POINT('',(3.14159265359,-1.560588326646));
#4375 = CARTESIAN_POINT('',(3.14159265359,-1.567393660078));
#4376 = CARTESIAN_POINT('',(3.14159265359,-1.570796326795));
#4377 = ( GEOMETRIC_REPRESENTATION_CONTEXT(2) 
PARAMETRIC_REPRESENTATION_CONTEXT() REPRESENTATION_CONTEXT('2D SPACE',''
  ) );
#4378 = ORIENTED_EDGE('',*,*,#4311,.F.);
#4379 = ADVANCED_FACE('',(#4380),#1553,.F.);
#4380 = FACE_BOUND('',#4381,.F.);
#4381 = EDGE_LOOP('',(#4382,#4383,#4451,#4452,#4453,#4521));
#4382 = ORIENTED_EDGE('',*,*,#1609,.T.);
#4383 = ORIENTED_EDGE('',*,*,#4384,.F.);
#4384 = EDGE_CURVE('',#4385,#1477,#4387,.T.);
#4385 = VERTEX_POINT('',#4386);
#4386 = CARTESIAN_POINT('',(2.5,-9.685415329951,3.336750195514));
#4387 = SEAM_CURVE('',#4388,(#4393,#4422),.PCURVE_S1.);
#4388 = CIRCLE('',#4389,1.3275);
#4389 = AXIS2_PLACEMENT_3D('',#4390,#4391,#4392);
#4390 = CARTESIAN_POINT('',(2.5,-9.685415329951,4.664250195514));
#4391 = DIRECTION('',(-1.,2.090815488936E-16,0.));
#4392 = DIRECTION('',(-2.090815488936E-16,-1.,0.));
#4393 = PCURVE('',#1553,#4394);
#4394 = DEFINITIONAL_REPRESENTATION('',(#4395),#4421);
#4395 = B_SPLINE_CURVE_WITH_KNOTS('',3,(#4396,#4397,#4398,#4399,#4400,
    #4401,#4402,#4403,#4404,#4405,#4406,#4407,#4408,#4409,#4410,#4411,
    #4412,#4413,#4414,#4415,#4416,#4417,#4418,#4419,#4420),
  .UNSPECIFIED.,.F.,.F.,(4,1,1,1,1,1,1,1,1,1,1,1,1,1,1,1,1,1,1,1,1,1,4),
  (4.712388980385,4.783796837422,4.855204694459,4.926612551497,
    4.998020408534,5.069428265571,5.140836122608,5.212243979646,
    5.283651836683,5.35505969372,5.426467550758,5.497875407795,
    5.569283264832,5.640691121869,5.712098978907,5.783506835944,
    5.854914692981,5.926322550019,5.997730407056,6.069138264093,
    6.14054612113,6.211953978168,6.283361835205),.QUASI_UNIFORM_KNOTS.);
#4396 = CARTESIAN_POINT('',(9.424777960769,1.570796326795));
#4397 = CARTESIAN_POINT('',(9.424777960769,1.546993707782));
#4398 = CARTESIAN_POINT('',(9.424777960769,1.499388469758));
#4399 = CARTESIAN_POINT('',(9.424777960769,1.42798061272));
#4400 = CARTESIAN_POINT('',(9.424777960769,1.356572755683));
#4401 = CARTESIAN_POINT('',(9.424777960769,1.285164898646));
#4402 = CARTESIAN_POINT('',(9.424777960769,1.213757041608));
#4403 = CARTESIAN_POINT('',(9.424777960769,1.142349184571));
#4404 = CARTESIAN_POINT('',(9.424777960769,1.070941327534));
#4405 = CARTESIAN_POINT('',(9.424777960769,0.999533470497));
#4406 = CARTESIAN_POINT('',(9.424777960769,0.928125613459));
#4407 = CARTESIAN_POINT('',(9.424777960769,0.856717756422));
#4408 = CARTESIAN_POINT('',(9.424777960769,0.785309899385));
#4409 = CARTESIAN_POINT('',(9.424777960769,0.713902042347));
#4410 = CARTESIAN_POINT('',(9.424777960769,0.64249418531));
#4411 = CARTESIAN_POINT('',(9.424777960769,0.571086328273));
#4412 = CARTESIAN_POINT('',(9.424777960769,0.499678471236));
#4413 = CARTESIAN_POINT('',(9.424777960769,0.428270614198));
#4414 = CARTESIAN_POINT('',(9.424777960769,0.356862757161));
#4415 = CARTESIAN_POINT('',(9.424777960769,0.285454900124));
#4416 = CARTESIAN_POINT('',(9.424777960769,0.214047043086));
#4417 = CARTESIAN_POINT('',(9.424777960769,0.142639186049));
#4418 = CARTESIAN_POINT('',(9.424777960769,7.123132901192E-02));
#4419 = CARTESIAN_POINT('',(9.424777960769,2.362609098707E-02));
#4420 = CARTESIAN_POINT('',(9.424777960769,-1.765280253607E-04));
#4421 = ( GEOMETRIC_REPRESENTATION_CONTEXT(2) 
PARAMETRIC_REPRESENTATION_CONTEXT() REPRESENTATION_CONTEXT('2D SPACE',''
  ) );
#4422 = PCURVE('',#1553,#4423);
#4423 = DEFINITIONAL_REPRESENTATION('',(#4424),#4450);
#4424 = B_SPLINE_CURVE_WITH_KNOTS('',3,(#4425,#4426,#4427,#4428,#4429,
    #4430,#4431,#4432,#4433,#4434,#4435,#4436,#4437,#4438,#4439,#4440,
    #4441,#4442,#4443,#4444,#4445,#4446,#4447,#4448,#4449),
  .UNSPECIFIED.,.F.,.F.,(4,1,1,1,1,1,1,1,1,1,1,1,1,1,1,1,1,1,1,1,1,1,4),
  (4.712388980385,4.783796837422,4.855204694459,4.926612551497,
    4.998020408534,5.069428265571,5.140836122608,5.212243979646,
    5.283651836683,5.35505969372,5.426467550758,5.497875407795,
    5.569283264832,5.640691121869,5.712098978907,5.783506835944,
    5.854914692981,5.926322550019,5.997730407056,6.069138264093,
    6.14054612113,6.211953978168,6.283361835205),.QUASI_UNIFORM_KNOTS.);
#4425 = CARTESIAN_POINT('',(3.14159265359,1.570796326795));
#4426 = CARTESIAN_POINT('',(3.14159265359,1.546993707782));
#4427 = CARTESIAN_POINT('',(3.14159265359,1.499388469758));
#4428 = CARTESIAN_POINT('',(3.14159265359,1.42798061272));
#4429 = CARTESIAN_POINT('',(3.14159265359,1.356572755683));
#4430 = CARTESIAN_POINT('',(3.14159265359,1.285164898646));
#4431 = CARTESIAN_POINT('',(3.14159265359,1.213757041608));
#4432 = CARTESIAN_POINT('',(3.14159265359,1.142349184571));
#4433 = CARTESIAN_POINT('',(3.14159265359,1.070941327534));
#4434 = CARTESIAN_POINT('',(3.14159265359,0.999533470497));
#4435 = CARTESIAN_POINT('',(3.14159265359,0.928125613459));
#4436 = CARTESIAN_POINT('',(3.14159265359,0.856717756422));
#4437 = CARTESIAN_POINT('',(3.14159265359,0.785309899385));
#4438 = CARTESIAN_POINT('',(3.14159265359,0.713902042347));
#4439 = CARTESIAN_POINT('',(3.14159265359,0.64249418531));
#4440 = CARTESIAN_POINT('',(3.14159265359,0.571086328273));
#4441 = CARTESIAN_POINT('',(3.14159265359,0.499678471236));
#4442 = CARTESIAN_POINT('',(3.14159265359,0.428270614198));
#4443 = CARTESIAN_POINT('',(3.14159265359,0.356862757161));
#4444 = CARTESIAN_POINT('',(3.14159265359,0.285454900124));
#4445 = CARTESIAN_POINT('',(3.14159265359,0.214047043086));
#4446 = CARTESIAN_POINT('',(3.14159265359,0.142639186049));
#4447 = CARTESIAN_POINT('',(3.14159265359,7.123132901192E-02));
#4448 = CARTESIAN_POINT('',(3.14159265359,2.362609098707E-02));
#4449 = CARTESIAN_POINT('',(3.14159265359,-1.765280253607E-04));
#4450 = ( GEOMETRIC_REPRESENTATION_CONTEXT(2) 
PARAMETRIC_REPRESENTATION_CONTEXT() REPRESENTATION_CONTEXT('2D SPACE',''
  ) );
#4451 = ORIENTED_EDGE('',*,*,#4384,.T.);
#4452 = ORIENTED_EDGE('',*,*,#1476,.T.);
#4453 = ORIENTED_EDGE('',*,*,#4454,.T.);
#4454 = EDGE_CURVE('',#1479,#4455,#4457,.T.);
#4455 = VERTEX_POINT('',#4456);
#4456 = CARTESIAN_POINT('',(2.5,-9.685415329951,5.991750195514));
#4457 = SEAM_CURVE('',#4458,(#4463,#4492),.PCURVE_S1.);
#4458 = CIRCLE('',#4459,1.3275);
#4459 = AXIS2_PLACEMENT_3D('',#4460,#4461,#4462);
#4460 = CARTESIAN_POINT('',(2.5,-9.685415329951,4.664250195514));
#4461 = DIRECTION('',(-1.,2.090815488936E-16,0.));
#4462 = DIRECTION('',(-2.090815488936E-16,-1.,0.));
#4463 = PCURVE('',#1553,#4464);
#4464 = DEFINITIONAL_REPRESENTATION('',(#4465),#4491);
#4465 = B_SPLINE_CURVE_WITH_KNOTS('',3,(#4466,#4467,#4468,#4469,#4470,
    #4471,#4472,#4473,#4474,#4475,#4476,#4477,#4478,#4479,#4480,#4481,
    #4482,#4483,#4484,#4485,#4486,#4487,#4488,#4489,#4490),
  .UNSPECIFIED.,.F.,.F.,(4,1,1,1,1,1,1,1,1,1,1,1,1,1,1,1,1,1,1,1,1,1,4),
  (0.897421372998,0.928029325444,0.958637277889,0.989245230334,
    1.019853182779,1.050461135225,1.08106908767,1.111677040115,
    1.142284992561,1.172892945006,1.203500897451,1.234108849897,
    1.264716802342,1.295324754787,1.325932707232,1.356540659678,
    1.387148612123,1.417756564568,1.448364517014,1.478972469459,
    1.509580421904,1.54018837435,1.570796326795),.QUASI_UNIFORM_KNOTS.);
#4466 = CARTESIAN_POINT('',(3.14159265359,-0.897421372998));
#4467 = CARTESIAN_POINT('',(3.14159265359,-0.907624023813));
#4468 = CARTESIAN_POINT('',(3.14159265359,-0.928029325444));
#4469 = CARTESIAN_POINT('',(3.14159265359,-0.958637277889));
#4470 = CARTESIAN_POINT('',(3.14159265359,-0.989245230334));
#4471 = CARTESIAN_POINT('',(3.14159265359,-1.019853182779));
#4472 = CARTESIAN_POINT('',(3.14159265359,-1.050461135225));
#4473 = CARTESIAN_POINT('',(3.14159265359,-1.08106908767));
#4474 = CARTESIAN_POINT('',(3.14159265359,-1.111677040115));
#4475 = CARTESIAN_POINT('',(3.14159265359,-1.142284992561));
#4476 = CARTESIAN_POINT('',(3.14159265359,-1.172892945006));
#4477 = CARTESIAN_POINT('',(3.14159265359,-1.203500897451));
#4478 = CARTESIAN_POINT('',(3.14159265359,-1.234108849897));
#4479 = CARTESIAN_POINT('',(3.14159265359,-1.264716802342));
#4480 = CARTESIAN_POINT('',(3.14159265359,-1.295324754787));
#4481 = CARTESIAN_POINT('',(3.14159265359,-1.325932707232));
#4482 = CARTESIAN_POINT('',(3.14159265359,-1.356540659678));
#4483 = CARTESIAN_POINT('',(3.14159265359,-1.387148612123));
#4484 = CARTESIAN_POINT('',(3.14159265359,-1.417756564568));
#4485 = CARTESIAN_POINT('',(3.14159265359,-1.448364517014));
#4486 = CARTESIAN_POINT('',(3.14159265359,-1.478972469459));
#4487 = CARTESIAN_POINT('',(3.14159265359,-1.509580421904));
#4488 = CARTESIAN_POINT('',(3.14159265359,-1.54018837435));
#4489 = CARTESIAN_POINT('',(3.14159265359,-1.56059367598));
#4490 = CARTESIAN_POINT('',(3.14159265359,-1.570796326795));
#4491 = ( GEOMETRIC_REPRESENTATION_CONTEXT(2) 
PARAMETRIC_REPRESENTATION_CONTEXT() REPRESENTATION_CONTEXT('2D SPACE',''
  ) );
#4492 = PCURVE('',#1553,#4493);
#4493 = DEFINITIONAL_REPRESENTATION('',(#4494),#4520);
#4494 = B_SPLINE_CURVE_WITH_KNOTS('',3,(#4495,#4496,#4497,#4498,#4499,
    #4500,#4501,#4502,#4503,#4504,#4505,#4506,#4507,#4508,#4509,#4510,
    #4511,#4512,#4513,#4514,#4515,#4516,#4517,#4518,#4519),
  .UNSPECIFIED.,.F.,.F.,(4,1,1,1,1,1,1,1,1,1,1,1,1,1,1,1,1,1,1,1,1,1,4),
  (0.897421372998,0.928029325444,0.958637277889,0.989245230334,
    1.019853182779,1.050461135225,1.08106908767,1.111677040115,
    1.142284992561,1.172892945006,1.203500897451,1.234108849897,
    1.264716802342,1.295324754787,1.325932707232,1.356540659678,
    1.387148612123,1.417756564568,1.448364517014,1.478972469459,
    1.509580421904,1.54018837435,1.570796326795),.QUASI_UNIFORM_KNOTS.);
#4495 = CARTESIAN_POINT('',(9.424777960769,-0.897421372998));
#4496 = CARTESIAN_POINT('',(9.424777960769,-0.907624023813));
#4497 = CARTESIAN_POINT('',(9.424777960769,-0.928029325444));
#4498 = CARTESIAN_POINT('',(9.424777960769,-0.958637277889));
#4499 = CARTESIAN_POINT('',(9.424777960769,-0.989245230334));
#4500 = CARTESIAN_POINT('',(9.424777960769,-1.019853182779));
#4501 = CARTESIAN_POINT('',(9.424777960769,-1.050461135225));
#4502 = CARTESIAN_POINT('',(9.424777960769,-1.08106908767));
#4503 = CARTESIAN_POINT('',(9.424777960769,-1.111677040115));
#4504 = CARTESIAN_POINT('',(9.424777960769,-1.142284992561));
#4505 = CARTESIAN_POINT('',(9.424777960769,-1.172892945006));
#4506 = CARTESIAN_POINT('',(9.424777960769,-1.203500897451));
#4507 = CARTESIAN_POINT('',(9.424777960769,-1.234108849897));
#4508 = CARTESIAN_POINT('',(9.424777960769,-1.264716802342));
#4509 = CARTESIAN_POINT('',(9.424777960769,-1.295324754787));
#4510 = CARTESIAN_POINT('',(9.424777960769,-1.325932707232));
#4511 = CARTESIAN_POINT('',(9.424777960769,-1.356540659678));
#4512 = CARTESIAN_POINT('',(9.424777960769,-1.387148612123));
#4513 = CARTESIAN_POINT('',(9.424777960769,-1.417756564568));
#4514 = CARTESIAN_POINT('',(9.424777960769,-1.448364517014));
#4515 = CARTESIAN_POINT('',(9.424777960769,-1.478972469459));
#4516 = CARTESIAN_POINT('',(9.424777960769,-1.509580421904));
#4517 = CARTESIAN_POINT('',(9.424777960769,-1.54018837435));
#4518 = CARTESIAN_POINT('',(9.424777960769,-1.56059367598));
#4519 = CARTESIAN_POINT('',(9.424777960769,-1.570796326795));
#4520 = ( GEOMETRIC_REPRESENTATION_CONTEXT(2) 
PARAMETRIC_REPRESENTATION_CONTEXT() REPRESENTATION_CONTEXT('2D SPACE',''
  ) );
#4521 = ORIENTED_EDGE('',*,*,#4454,.F.);
#4522 = ADVANCED_FACE('',(#4523,#4527),#1044,.F.);
#4523 = FACE_BOUND('',#4524,.F.);
#4524 = VERTEX_LOOP('',#4525);
#4525 = VERTEX_POINT('',#4526);
#4526 = CARTESIAN_POINT('',(2.5,10.75,1.3275));
#4527 = FACE_BOUND('',#4528,.F.);
#4528 = EDGE_LOOP('',(#4529,#4530,#4531));
#4529 = ORIENTED_EDGE('',*,*,#1225,.F.);
#4530 = ORIENTED_EDGE('',*,*,#968,.F.);
#4531 = ORIENTED_EDGE('',*,*,#1151,.F.);
#4532 = ADVANCED_FACE('',(#4533,#4536),#1313,.F.);
#4533 = FACE_BOUND('',#4534,.F.);
#4534 = EDGE_LOOP('',(#4535));
#4535 = ORIENTED_EDGE('',*,*,#1298,.T.);
#4536 = FACE_BOUND('',#4537,.F.);
#4537 = EDGE_LOOP('',(#4538));
#4538 = ORIENTED_EDGE('',*,*,#4539,.T.);
#4539 = EDGE_CURVE('',#4540,#4540,#4542,.T.);
#4540 = VERTEX_POINT('',#4541);
#4541 = CARTESIAN_POINT('',(4.77,6.225913820663E-12,9.94));
#4542 = SURFACE_CURVE('',#4543,(#4548,#4559),.PCURVE_S1.);
#4543 = CIRCLE('',#4544,9.94);
#4544 = AXIS2_PLACEMENT_3D('',#4545,#4546,#4547);
#4545 = CARTESIAN_POINT('',(4.77,0.,0.));
#4546 = DIRECTION('',(1.,0.,0.));
#4547 = DIRECTION('',(0.,-7.088276072921E-13,-1.));
#4548 = PCURVE('',#1313,#4549);
#4549 = DEFINITIONAL_REPRESENTATION('',(#4550),#4558);
#4550 = ( BOUNDED_CURVE() B_SPLINE_CURVE(2,(#4551,#4552,#4553,#4554,
#4555,#4556,#4557),.UNSPECIFIED.,.T.,.F.) B_SPLINE_CURVE_WITH_KNOTS((1,2
    ,2,2,2,1),(-2.094395102393,0.,2.094395102393,4.188790204786,
6.28318530718,8.377580409573),.UNSPECIFIED.) CURVE() 
GEOMETRIC_REPRESENTATION_ITEM() RATIONAL_B_SPLINE_CURVE((1.,0.5,1.,0.5,
1.,0.5,1.)) REPRESENTATION_ITEM('') );
#4551 = CARTESIAN_POINT('',(9.94,2.050561325392E-09));
#4552 = CARTESIAN_POINT('',(9.940000000012,-17.21658502518));
#4553 = CARTESIAN_POINT('',(-4.969999999994,-8.608292511577));
#4554 = CARTESIAN_POINT('',(-19.88,2.029421651545E-09));
#4555 = CARTESIAN_POINT('',(-4.970000000006,8.608292515657));
#4556 = CARTESIAN_POINT('',(9.939999999988,17.216585029285));
#4557 = CARTESIAN_POINT('',(9.94,2.050561325392E-09));
#4558 = ( GEOMETRIC_REPRESENTATION_CONTEXT(2) 
PARAMETRIC_REPRESENTATION_CONTEXT() REPRESENTATION_CONTEXT('2D SPACE',''
  ) );
#4559 = PCURVE('',#4560,#4565);
#4560 = CYLINDRICAL_SURFACE('',#4561,9.94);
#4561 = AXIS2_PLACEMENT_3D('',#4562,#4563,#4564);
#4562 = CARTESIAN_POINT('',(4.29,0.,0.));
#4563 = DIRECTION('',(1.,0.,0.));
#4564 = DIRECTION('',(0.,0.,-1.));
#4565 = DEFINITIONAL_REPRESENTATION('',(#4566),#4570);
#4566 = LINE('',#4567,#4568);
#4567 = CARTESIAN_POINT('',(-6.28318530718,0.48));
#4568 = VECTOR('',#4569,1.);
#4569 = DIRECTION('',(1.,0.));
#4570 = ( GEOMETRIC_REPRESENTATION_CONTEXT(2) 
PARAMETRIC_REPRESENTATION_CONTEXT() REPRESENTATION_CONTEXT('2D SPACE',''
  ) );
#4571 = ADVANCED_FACE('',(#4572),#4560,.F.);
#4572 = FACE_BOUND('',#4573,.F.);
#4573 = EDGE_LOOP('',(#4574,#4575,#4598,#4627,#4649));
#4574 = ORIENTED_EDGE('',*,*,#4539,.F.);
#4575 = ORIENTED_EDGE('',*,*,#4576,.T.);
#4576 = EDGE_CURVE('',#4540,#4577,#4579,.T.);
#4577 = VERTEX_POINT('',#4578);
#4578 = CARTESIAN_POINT('',(3.58,0.,9.94));
#4579 = SEAM_CURVE('',#4580,(#4584,#4591),.PCURVE_S1.);
#4580 = LINE('',#4581,#4582);
#4581 = CARTESIAN_POINT('',(4.29,-1.217298918352E-15,9.94));
#4582 = VECTOR('',#4583,1.);
#4583 = DIRECTION('',(-1.,0.,0.));
#4584 = PCURVE('',#4560,#4585);
#4585 = DEFINITIONAL_REPRESENTATION('',(#4586),#4590);
#4586 = LINE('',#4587,#4588);
#4587 = CARTESIAN_POINT('',(-3.14159265359,0.));
#4588 = VECTOR('',#4589,1.);
#4589 = DIRECTION('',(0.,-1.));
#4590 = ( GEOMETRIC_REPRESENTATION_CONTEXT(2) 
PARAMETRIC_REPRESENTATION_CONTEXT() REPRESENTATION_CONTEXT('2D SPACE',''
  ) );
#4591 = PCURVE('',#4560,#4592);
#4592 = DEFINITIONAL_REPRESENTATION('',(#4593),#4597);
#4593 = LINE('',#4594,#4595);
#4594 = CARTESIAN_POINT('',(3.14159265359,0.));
#4595 = VECTOR('',#4596,1.);
#4596 = DIRECTION('',(0.,-1.));
#4597 = ( GEOMETRIC_REPRESENTATION_CONTEXT(2) 
PARAMETRIC_REPRESENTATION_CONTEXT() REPRESENTATION_CONTEXT('2D SPACE',''
  ) );
#4598 = ORIENTED_EDGE('',*,*,#4599,.T.);
#4599 = EDGE_CURVE('',#4577,#4600,#4602,.T.);
#4600 = VERTEX_POINT('',#4601);
#4601 = CARTESIAN_POINT('',(3.58,1.217298918352E-15,-9.94));
#4602 = SURFACE_CURVE('',#4603,(#4608,#4615),.PCURVE_S1.);
#4603 = CIRCLE('',#4604,9.94);
#4604 = AXIS2_PLACEMENT_3D('',#4605,#4606,#4607);
#4605 = CARTESIAN_POINT('',(3.58,0.,0.));
#4606 = DIRECTION('',(1.,0.,0.));
#4607 = DIRECTION('',(0.,0.,-1.));
#4608 = PCURVE('',#4560,#4609);
#4609 = DEFINITIONAL_REPRESENTATION('',(#4610),#4614);
#4610 = LINE('',#4611,#4612);
#4611 = CARTESIAN_POINT('',(-6.28318530718,-0.71));
#4612 = VECTOR('',#4613,1.);
#4613 = DIRECTION('',(1.,0.));
#4614 = ( GEOMETRIC_REPRESENTATION_CONTEXT(2) 
PARAMETRIC_REPRESENTATION_CONTEXT() REPRESENTATION_CONTEXT('2D SPACE',''
  ) );
#4615 = PCURVE('',#4616,#4621);
#4616 = TOROIDAL_SURFACE('',#4617,10.75,1.35);
#4617 = AXIS2_PLACEMENT_3D('',#4618,#4619,#4620);
#4618 = CARTESIAN_POINT('',(2.5,0.,0.));
#4619 = DIRECTION('',(1.,0.,0.));
#4620 = DIRECTION('',(0.,0.,1.));
#4621 = DEFINITIONAL_REPRESENTATION('',(#4622),#4626);
#4622 = LINE('',#4623,#4624);
#4623 = CARTESIAN_POINT('',(-3.14159265359,2.214297435588));
#4624 = VECTOR('',#4625,1.);
#4625 = DIRECTION('',(1.,0.));
#4626 = ( GEOMETRIC_REPRESENTATION_CONTEXT(2) 
PARAMETRIC_REPRESENTATION_CONTEXT() REPRESENTATION_CONTEXT('2D SPACE',''
  ) );
#4627 = ORIENTED_EDGE('',*,*,#4628,.T.);
#4628 = EDGE_CURVE('',#4600,#4577,#4629,.T.);
#4629 = SURFACE_CURVE('',#4630,(#4635,#4642),.PCURVE_S1.);
#4630 = CIRCLE('',#4631,9.94);
#4631 = AXIS2_PLACEMENT_3D('',#4632,#4633,#4634);
#4632 = CARTESIAN_POINT('',(3.58,0.,0.));
#4633 = DIRECTION('',(1.,0.,0.));
#4634 = DIRECTION('',(0.,0.,-1.));
#4635 = PCURVE('',#4560,#4636);
#4636 = DEFINITIONAL_REPRESENTATION('',(#4637),#4641);
#4637 = LINE('',#4638,#4639);
#4638 = CARTESIAN_POINT('',(0.,-0.71));
#4639 = VECTOR('',#4640,1.);
#4640 = DIRECTION('',(1.,0.));
#4641 = ( GEOMETRIC_REPRESENTATION_CONTEXT(2) 
PARAMETRIC_REPRESENTATION_CONTEXT() REPRESENTATION_CONTEXT('2D SPACE',''
  ) );
#4642 = PCURVE('',#4616,#4643);
#4643 = DEFINITIONAL_REPRESENTATION('',(#4644),#4648);
#4644 = LINE('',#4645,#4646);
#4645 = CARTESIAN_POINT('',(-3.14159265359,2.214297435588));
#4646 = VECTOR('',#4647,1.);
#4647 = DIRECTION('',(1.,0.));
#4648 = ( GEOMETRIC_REPRESENTATION_CONTEXT(2) 
PARAMETRIC_REPRESENTATION_CONTEXT() REPRESENTATION_CONTEXT('2D SPACE',''
  ) );
#4649 = ORIENTED_EDGE('',*,*,#4576,.F.);
#4650 = ADVANCED_FACE('',(#4651),#4616,.T.);
#4651 = FACE_BOUND('',#4652,.T.);
#4652 = EDGE_LOOP('',(#4653,#4677,#4699,#4700,#4701));
#4653 = ORIENTED_EDGE('',*,*,#4654,.T.);
#4654 = EDGE_CURVE('',#4600,#4655,#4657,.T.);
#4655 = VERTEX_POINT('',#4656);
#4656 = CARTESIAN_POINT('',(1.42,1.217298918352E-15,-9.94));
#4657 = SEAM_CURVE('',#4658,(#4663,#4670),.PCURVE_S1.);
#4658 = CIRCLE('',#4659,1.35);
#4659 = AXIS2_PLACEMENT_3D('',#4660,#4661,#4662);
#4660 = CARTESIAN_POINT('',(2.5,1.316495309083E-15,-10.75));
#4661 = DIRECTION('',(0.,-1.,-1.224646799147E-16));
#4662 = DIRECTION('',(0.,1.224646799147E-16,-1.));
#4663 = PCURVE('',#4616,#4664);
#4664 = DEFINITIONAL_REPRESENTATION('',(#4665),#4669);
#4665 = LINE('',#4666,#4667);
#4666 = CARTESIAN_POINT('',(3.14159265359,0.));
#4667 = VECTOR('',#4668,1.);
#4668 = DIRECTION('',(0.,1.));
#4669 = ( GEOMETRIC_REPRESENTATION_CONTEXT(2) 
PARAMETRIC_REPRESENTATION_CONTEXT() REPRESENTATION_CONTEXT('2D SPACE',''
  ) );
#4670 = PCURVE('',#4616,#4671);
#4671 = DEFINITIONAL_REPRESENTATION('',(#4672),#4676);
#4672 = LINE('',#4673,#4674);
#4673 = CARTESIAN_POINT('',(-3.14159265359,0.));
#4674 = VECTOR('',#4675,1.);
#4675 = DIRECTION('',(0.,1.));
#4676 = ( GEOMETRIC_REPRESENTATION_CONTEXT(2) 
PARAMETRIC_REPRESENTATION_CONTEXT() REPRESENTATION_CONTEXT('2D SPACE',''
  ) );
#4677 = ORIENTED_EDGE('',*,*,#4678,.T.);
#4678 = EDGE_CURVE('',#4655,#4655,#4679,.T.);
#4679 = SURFACE_CURVE('',#4680,(#4685,#4692),.PCURVE_S1.);
#4680 = CIRCLE('',#4681,9.94);
#4681 = AXIS2_PLACEMENT_3D('',#4682,#4683,#4684);
#4682 = CARTESIAN_POINT('',(1.42,0.,0.));
#4683 = DIRECTION('',(-1.,0.,0.));
#4684 = DIRECTION('',(0.,6.899510848131E-10,-1.));
#4685 = PCURVE('',#4616,#4686);
#4686 = DEFINITIONAL_REPRESENTATION('',(#4687),#4691);
#4687 = LINE('',#4688,#4689);
#4688 = CARTESIAN_POINT('',(3.14159265428,4.068887871591));
#4689 = VECTOR('',#4690,1.);
#4690 = DIRECTION('',(-1.,0.));
#4691 = ( GEOMETRIC_REPRESENTATION_CONTEXT(2) 
PARAMETRIC_REPRESENTATION_CONTEXT() REPRESENTATION_CONTEXT('2D SPACE',''
  ) );
#4692 = PCURVE('',#4061,#4693);
#4693 = DEFINITIONAL_REPRESENTATION('',(#4694),#4698);
#4694 = LINE('',#4695,#4696);
#4695 = CARTESIAN_POINT('',(3.14159265428,0.71));
#4696 = VECTOR('',#4697,1.);
#4697 = DIRECTION('',(-1.,0.));
#4698 = ( GEOMETRIC_REPRESENTATION_CONTEXT(2) 
PARAMETRIC_REPRESENTATION_CONTEXT() REPRESENTATION_CONTEXT('2D SPACE',''
  ) );
#4699 = ORIENTED_EDGE('',*,*,#4654,.F.);
#4700 = ORIENTED_EDGE('',*,*,#4628,.T.);
#4701 = ORIENTED_EDGE('',*,*,#4599,.T.);
#4702 = ADVANCED_FACE('',(#4703),#4061,.F.);
#4703 = FACE_BOUND('',#4704,.F.);
#4704 = EDGE_LOOP('',(#4705,#4706,#4727,#4728));
#4705 = ORIENTED_EDGE('',*,*,#4678,.T.);
#4706 = ORIENTED_EDGE('',*,*,#4707,.T.);
#4707 = EDGE_CURVE('',#4655,#4045,#4708,.T.);
#4708 = SEAM_CURVE('',#4709,(#4713,#4720),.PCURVE_S1.);
#4709 = LINE('',#4710,#4711);
#4710 = CARTESIAN_POINT('',(0.71,1.217298918352E-15,-9.94));
#4711 = VECTOR('',#4712,1.);
#4712 = DIRECTION('',(-1.,0.,0.));
#4713 = PCURVE('',#4061,#4714);
#4714 = DEFINITIONAL_REPRESENTATION('',(#4715),#4719);
#4715 = LINE('',#4716,#4717);
#4716 = CARTESIAN_POINT('',(-3.14159265359,0.));
#4717 = VECTOR('',#4718,1.);
#4718 = DIRECTION('',(0.,-1.));
#4719 = ( GEOMETRIC_REPRESENTATION_CONTEXT(2) 
PARAMETRIC_REPRESENTATION_CONTEXT() REPRESENTATION_CONTEXT('2D SPACE',''
  ) );
#4720 = PCURVE('',#4061,#4721);
#4721 = DEFINITIONAL_REPRESENTATION('',(#4722),#4726);
#4722 = LINE('',#4723,#4724);
#4723 = CARTESIAN_POINT('',(3.14159265359,0.));
#4724 = VECTOR('',#4725,1.);
#4725 = DIRECTION('',(0.,-1.));
#4726 = ( GEOMETRIC_REPRESENTATION_CONTEXT(2) 
PARAMETRIC_REPRESENTATION_CONTEXT() REPRESENTATION_CONTEXT('2D SPACE',''
  ) );
#4727 = ORIENTED_EDGE('',*,*,#4044,.F.);
#4728 = ORIENTED_EDGE('',*,*,#4707,.F.);
#4729 = ADVANCED_FACE('',(#4730),#2738,.F.);
#4730 = FACE_BOUND('',#4731,.F.);
#4731 = EDGE_LOOP('',(#4732,#4733,#4801,#4802,#4803,#4871));
#4732 = ORIENTED_EDGE('',*,*,#2794,.F.);
#4733 = ORIENTED_EDGE('',*,*,#4734,.T.);
#4734 = EDGE_CURVE('',#2664,#4735,#4737,.T.);
#4735 = VERTEX_POINT('',#4736);
#4736 = CARTESIAN_POINT('',(2.5,-10.75,1.3275));
#4737 = SEAM_CURVE('',#4738,(#4743,#4772),.PCURVE_S1.);
#4738 = CIRCLE('',#4739,1.3275);
#4739 = AXIS2_PLACEMENT_3D('',#4740,#4741,#4742);
#4740 = CARTESIAN_POINT('',(2.5,-10.75,0.));
#4741 = DIRECTION('',(-1.,2.090815488936E-16,0.));
#4742 = DIRECTION('',(-2.090815488936E-16,-1.,0.));
#4743 = PCURVE('',#2738,#4744);
#4744 = DEFINITIONAL_REPRESENTATION('',(#4745),#4771);
#4745 = B_SPLINE_CURVE_WITH_KNOTS('',3,(#4746,#4747,#4748,#4749,#4750,
    #4751,#4752,#4753,#4754,#4755,#4756,#4757,#4758,#4759,#4760,#4761,
    #4762,#4763,#4764,#4765,#4766,#4767,#4768,#4769,#4770),
  .UNSPECIFIED.,.F.,.F.,(4,1,1,1,1,1,1,1,1,1,1,1,1,1,1,1,1,1,1,1,1,1,4),
  (0.448622422487,0.499630327229,0.55063823197,0.601646136711,
    0.652654041452,0.703661946194,0.754669850935,0.805677755676,
    0.856685660417,0.907693565159,0.9587014699,1.009709374641,
    1.060717279382,1.111725184124,1.162733088865,1.213740993606,
    1.264748898347,1.315756803089,1.36676470783,1.417772612571,
    1.468780517312,1.519788422054,1.570796326795),
  .QUASI_UNIFORM_KNOTS.);
#4746 = CARTESIAN_POINT('',(3.14159265359,-0.448622422487));
#4747 = CARTESIAN_POINT('',(3.14159265359,-0.465625057401));
#4748 = CARTESIAN_POINT('',(3.14159265359,-0.499630327229));
#4749 = CARTESIAN_POINT('',(3.14159265359,-0.55063823197));
#4750 = CARTESIAN_POINT('',(3.14159265359,-0.601646136711));
#4751 = CARTESIAN_POINT('',(3.14159265359,-0.652654041452));
#4752 = CARTESIAN_POINT('',(3.14159265359,-0.703661946194));
#4753 = CARTESIAN_POINT('',(3.14159265359,-0.754669850935));
#4754 = CARTESIAN_POINT('',(3.14159265359,-0.805677755676));
#4755 = CARTESIAN_POINT('',(3.14159265359,-0.856685660417));
#4756 = CARTESIAN_POINT('',(3.14159265359,-0.907693565159));
#4757 = CARTESIAN_POINT('',(3.14159265359,-0.9587014699));
#4758 = CARTESIAN_POINT('',(3.14159265359,-1.009709374641));
#4759 = CARTESIAN_POINT('',(3.14159265359,-1.060717279382));
#4760 = CARTESIAN_POINT('',(3.14159265359,-1.111725184124));
#4761 = CARTESIAN_POINT('',(3.14159265359,-1.162733088865));
#4762 = CARTESIAN_POINT('',(3.14159265359,-1.213740993606));
#4763 = CARTESIAN_POINT('',(3.14159265359,-1.264748898347));
#4764 = CARTESIAN_POINT('',(3.14159265359,-1.315756803089));
#4765 = CARTESIAN_POINT('',(3.14159265359,-1.36676470783));
#4766 = CARTESIAN_POINT('',(3.14159265359,-1.417772612571));
#4767 = CARTESIAN_POINT('',(3.14159265359,-1.468780517312));
#4768 = CARTESIAN_POINT('',(3.14159265359,-1.519788422054));
#4769 = CARTESIAN_POINT('',(3.14159265359,-1.553793691881));
#4770 = CARTESIAN_POINT('',(3.14159265359,-1.570796326795));
#4771 = ( GEOMETRIC_REPRESENTATION_CONTEXT(2) 
PARAMETRIC_REPRESENTATION_CONTEXT() REPRESENTATION_CONTEXT('2D SPACE',''
  ) );
#4772 = PCURVE('',#2738,#4773);
#4773 = DEFINITIONAL_REPRESENTATION('',(#4774),#4800);
#4774 = B_SPLINE_CURVE_WITH_KNOTS('',3,(#4775,#4776,#4777,#4778,#4779,
    #4780,#4781,#4782,#4783,#4784,#4785,#4786,#4787,#4788,#4789,#4790,
    #4791,#4792,#4793,#4794,#4795,#4796,#4797,#4798,#4799),
  .UNSPECIFIED.,.F.,.F.,(4,1,1,1,1,1,1,1,1,1,1,1,1,1,1,1,1,1,1,1,1,1,4),
  (0.448622422487,0.499630327229,0.55063823197,0.601646136711,
    0.652654041452,0.703661946194,0.754669850935,0.805677755676,
    0.856685660417,0.907693565159,0.9587014699,1.009709374641,
    1.060717279382,1.111725184124,1.162733088865,1.213740993606,
    1.264748898347,1.315756803089,1.36676470783,1.417772612571,
    1.468780517312,1.519788422054,1.570796326795),
  .QUASI_UNIFORM_KNOTS.);
#4775 = CARTESIAN_POINT('',(9.424777960769,-0.448622422487));
#4776 = CARTESIAN_POINT('',(9.424777960769,-0.465625057401));
#4777 = CARTESIAN_POINT('',(9.424777960769,-0.499630327229));
#4778 = CARTESIAN_POINT('',(9.424777960769,-0.55063823197));
#4779 = CARTESIAN_POINT('',(9.424777960769,-0.601646136711));
#4780 = CARTESIAN_POINT('',(9.424777960769,-0.652654041452));
#4781 = CARTESIAN_POINT('',(9.424777960769,-0.703661946194));
#4782 = CARTESIAN_POINT('',(9.424777960769,-0.754669850935));
#4783 = CARTESIAN_POINT('',(9.424777960769,-0.805677755676));
#4784 = CARTESIAN_POINT('',(9.424777960769,-0.856685660417));
#4785 = CARTESIAN_POINT('',(9.424777960769,-0.907693565159));
#4786 = CARTESIAN_POINT('',(9.424777960769,-0.9587014699));
#4787 = CARTESIAN_POINT('',(9.424777960769,-1.009709374641));
#4788 = CARTESIAN_POINT('',(9.424777960769,-1.060717279382));
#4789 = CARTESIAN_POINT('',(9.424777960769,-1.111725184124));
#4790 = CARTESIAN_POINT('',(9.424777960769,-1.162733088865));
#4791 = CARTESIAN_POINT('',(9.424777960769,-1.213740993606));
#4792 = CARTESIAN_POINT('',(9.424777960769,-1.264748898347));
#4793 = CARTESIAN_POINT('',(9.424777960769,-1.315756803089));
#4794 = CARTESIAN_POINT('',(9.424777960769,-1.36676470783));
#4795 = CARTESIAN_POINT('',(9.424777960769,-1.417772612571));
#4796 = CARTESIAN_POINT('',(9.424777960769,-1.468780517312));
#4797 = CARTESIAN_POINT('',(9.424777960769,-1.519788422054));
#4798 = CARTESIAN_POINT('',(9.424777960769,-1.553793691881));
#4799 = CARTESIAN_POINT('',(9.424777960769,-1.570796326795));
#4800 = ( GEOMETRIC_REPRESENTATION_CONTEXT(2) 
PARAMETRIC_REPRESENTATION_CONTEXT() REPRESENTATION_CONTEXT('2D SPACE',''
  ) );
#4801 = ORIENTED_EDGE('',*,*,#4734,.F.);
#4802 = ORIENTED_EDGE('',*,*,#2661,.F.);
#4803 = ORIENTED_EDGE('',*,*,#4804,.F.);
#4804 = EDGE_CURVE('',#4805,#2662,#4807,.T.);
#4805 = VERTEX_POINT('',#4806);
#4806 = CARTESIAN_POINT('',(2.5,-10.75,-1.3275));
#4807 = SEAM_CURVE('',#4808,(#4813,#4842),.PCURVE_S1.);
#4808 = CIRCLE('',#4809,1.3275);
#4809 = AXIS2_PLACEMENT_3D('',#4810,#4811,#4812);
#4810 = CARTESIAN_POINT('',(2.5,-10.75,0.));
#4811 = DIRECTION('',(-1.,2.090815488936E-16,0.));
#4812 = DIRECTION('',(-2.090815488936E-16,-1.,0.));
#4813 = PCURVE('',#2738,#4814);
#4814 = DEFINITIONAL_REPRESENTATION('',(#4815),#4841);
#4815 = B_SPLINE_CURVE_WITH_KNOTS('',3,(#4816,#4817,#4818,#4819,#4820,
    #4821,#4822,#4823,#4824,#4825,#4826,#4827,#4828,#4829,#4830,#4831,
    #4832,#4833,#4834,#4835,#4836,#4837,#4838,#4839,#4840),
  .UNSPECIFIED.,.F.,.F.,(4,1,1,1,1,1,1,1,1,1,1,1,1,1,1,1,1,1,1,1,1,1,4),
  (4.712388980385,4.763396885126,4.814404789867,4.865412694608,
    4.916420599349,4.967428504091,5.018436408832,5.069444313573,
    5.120452218314,5.171460123055,5.222468027797,5.273475932538,
    5.324483837279,5.37549174202,5.426499646761,5.477507551503,
    5.528515456244,5.579523360985,5.630531265726,5.681539170467,
    5.732547075209,5.78355497995,5.834562884691),.QUASI_UNIFORM_KNOTS.);
#4816 = CARTESIAN_POINT('',(9.424777960769,1.570796326795));
#4817 = CARTESIAN_POINT('',(9.424777960769,1.553793691881));
#4818 = CARTESIAN_POINT('',(9.424777960769,1.519788422054));
#4819 = CARTESIAN_POINT('',(9.424777960769,1.468780517312));
#4820 = CARTESIAN_POINT('',(9.424777960769,1.417772612571));
#4821 = CARTESIAN_POINT('',(9.424777960769,1.36676470783));
#4822 = CARTESIAN_POINT('',(9.424777960769,1.315756803089));
#4823 = CARTESIAN_POINT('',(9.424777960769,1.264748898348));
#4824 = CARTESIAN_POINT('',(9.424777960769,1.213740993606));
#4825 = CARTESIAN_POINT('',(9.424777960769,1.162733088865));
#4826 = CARTESIAN_POINT('',(9.424777960769,1.111725184124));
#4827 = CARTESIAN_POINT('',(9.424777960769,1.060717279383));
#4828 = CARTESIAN_POINT('',(9.424777960769,1.009709374642));
#4829 = CARTESIAN_POINT('',(9.424777960769,0.9587014699));
#4830 = CARTESIAN_POINT('',(9.424777960769,0.907693565159));
#4831 = CARTESIAN_POINT('',(9.424777960769,0.856685660418));
#4832 = CARTESIAN_POINT('',(9.424777960769,0.805677755677));
#4833 = CARTESIAN_POINT('',(9.424777960769,0.754669850936));
#4834 = CARTESIAN_POINT('',(9.424777960769,0.703661946194));
#4835 = CARTESIAN_POINT('',(9.424777960769,0.652654041453));
#4836 = CARTESIAN_POINT('',(9.424777960769,0.601646136712));
#4837 = CARTESIAN_POINT('',(9.424777960769,0.550638231971));
#4838 = CARTESIAN_POINT('',(9.424777960769,0.49963032723));
#4839 = CARTESIAN_POINT('',(9.424777960769,0.465625057402));
#4840 = CARTESIAN_POINT('',(9.424777960769,0.448622422488));
#4841 = ( GEOMETRIC_REPRESENTATION_CONTEXT(2) 
PARAMETRIC_REPRESENTATION_CONTEXT() REPRESENTATION_CONTEXT('2D SPACE',''
  ) );
#4842 = PCURVE('',#2738,#4843);
#4843 = DEFINITIONAL_REPRESENTATION('',(#4844),#4870);
#4844 = B_SPLINE_CURVE_WITH_KNOTS('',3,(#4845,#4846,#4847,#4848,#4849,
    #4850,#4851,#4852,#4853,#4854,#4855,#4856,#4857,#4858,#4859,#4860,
    #4861,#4862,#4863,#4864,#4865,#4866,#4867,#4868,#4869),
  .UNSPECIFIED.,.F.,.F.,(4,1,1,1,1,1,1,1,1,1,1,1,1,1,1,1,1,1,1,1,1,1,4),
  (4.712388980385,4.763396885126,4.814404789867,4.865412694608,
    4.916420599349,4.967428504091,5.018436408832,5.069444313573,
    5.120452218314,5.171460123055,5.222468027797,5.273475932538,
    5.324483837279,5.37549174202,5.426499646761,5.477507551503,
    5.528515456244,5.579523360985,5.630531265726,5.681539170467,
    5.732547075209,5.78355497995,5.834562884691),.QUASI_UNIFORM_KNOTS.);
#4845 = CARTESIAN_POINT('',(3.14159265359,1.570796326795));
#4846 = CARTESIAN_POINT('',(3.14159265359,1.553793691881));
#4847 = CARTESIAN_POINT('',(3.14159265359,1.519788422054));
#4848 = CARTESIAN_POINT('',(3.14159265359,1.468780517312));
#4849 = CARTESIAN_POINT('',(3.14159265359,1.417772612571));
#4850 = CARTESIAN_POINT('',(3.14159265359,1.36676470783));
#4851 = CARTESIAN_POINT('',(3.14159265359,1.315756803089));
#4852 = CARTESIAN_POINT('',(3.14159265359,1.264748898348));
#4853 = CARTESIAN_POINT('',(3.14159265359,1.213740993606));
#4854 = CARTESIAN_POINT('',(3.14159265359,1.162733088865));
#4855 = CARTESIAN_POINT('',(3.14159265359,1.111725184124));
#4856 = CARTESIAN_POINT('',(3.14159265359,1.060717279383));
#4857 = CARTESIAN_POINT('',(3.14159265359,1.009709374642));
#4858 = CARTESIAN_POINT('',(3.14159265359,0.9587014699));
#4859 = CARTESIAN_POINT('',(3.14159265359,0.907693565159));
#4860 = CARTESIAN_POINT('',(3.14159265359,0.856685660418));
#4861 = CARTESIAN_POINT('',(3.14159265359,0.805677755677));
#4862 = CARTESIAN_POINT('',(3.14159265359,0.754669850936));
#4863 = CARTESIAN_POINT('',(3.14159265359,0.703661946194));
#4864 = CARTESIAN_POINT('',(3.14159265359,0.652654041453));
#4865 = CARTESIAN_POINT('',(3.14159265359,0.601646136712));
#4866 = CARTESIAN_POINT('',(3.14159265359,0.550638231971));
#4867 = CARTESIAN_POINT('',(3.14159265359,0.49963032723));
#4868 = CARTESIAN_POINT('',(3.14159265359,0.465625057402));
#4869 = CARTESIAN_POINT('',(3.14159265359,0.448622422488));
#4870 = ( GEOMETRIC_REPRESENTATION_CONTEXT(2) 
PARAMETRIC_REPRESENTATION_CONTEXT() REPRESENTATION_CONTEXT('2D SPACE',''
  ) );
#4871 = ORIENTED_EDGE('',*,*,#4804,.T.);
#4872 = ( GEOMETRIC_REPRESENTATION_CONTEXT(3) 
GLOBAL_UNCERTAINTY_ASSIGNED_CONTEXT((#4876)) 
GLOBAL_UNIT_ASSIGNED_CONTEXT((#4873,#4874,#4875)) REPRESENTATION_CONTEXT
('Context #1','3D Context with UNIT and UNCERTAINTY') );
#4873 = ( LENGTH_UNIT() NAMED_UNIT(*) SI_UNIT(.MILLI.,.METRE.) );
#4874 = ( NAMED_UNIT(*) PLANE_ANGLE_UNIT() SI_UNIT($,.RADIAN.) );
#4875 = ( NAMED_UNIT(*) SI_UNIT($,.STERADIAN.) SOLID_ANGLE_UNIT() );
#4876 = UNCERTAINTY_MEASURE_WITH_UNIT(LENGTH_MEASURE(2.E-04),#4873,
  'distance_accuracy_value','confusion accuracy');
#4877 = PRODUCT_RELATED_PRODUCT_CATEGORY('part',$,(#7));
ENDSEC;
END-ISO-10303-21;
