ISO-10303-21;
HEADER;
FILE_DESCRIPTION(('Open CASCADE Model'),'2;1');
FILE_NAME('Open CASCADE Shape Model','2026-09-25T02:24:32',('Author'),(
    'Open CASCADE'),'Open CASCADE STEP processor 7.9','Open CASCADE 7.9'
  ,'Unknown');
FILE_SCHEMA(('AUTOMOTIVE_DESIGN { 1 0 10303 214 1 1 1 1 }'));
ENDSEC;
DATA;
#1 = APPLICATION_PROTOCOL_DEFINITION('international standard',
  'automotive_design',2000,#2);
#2 = APPLICATION_CONTEXT(
  'core data for automotive mechanical design processes');
#3 = SHAPE_DEFINITION_REPRESENTATION(#4,#10);
#4 = PRODUCT_DEFINITION_SHAPE('','',#5);
#5 = PRODUCT_DEFINITION('design','',#6,#9);
#6 = PRODUCT_DEFINITION_FORMATION('','',#7);
#7 = PRODUCT('bearing-6707zz 1','bearing-6707zz 1','',(#8));
#8 = PRODUCT_CONTEXT('',#2,'mechanical');
#9 = PRODUCT_DEFINITION_CONTEXT('part definition',#2,'design');
#10 = SHAPE_REPRESENTATION('',(#11,#15,#19,#23,#27,#31,#35,#39,#43,#47,
    #51,#55,#59,#63,#67,#71,#75,#79,#83,#87,#91,#95,#99,#103,#107,#111,
    #115,#119,#123),#127);
#11 = AXIS2_PLACEMENT_3D('',#12,#13,#14);
#12 = CARTESIAN_POINT('',(0.,0.,0.));
#13 = DIRECTION('',(0.,0.,1.));
#14 = DIRECTION('',(1.,0.,-0.));
#15 = AXIS2_PLACEMENT_3D('',#16,#17,#18);
#16 = CARTESIAN_POINT('',(0.,0.,0.));
#17 = DIRECTION('',(0.,0.,1.));
#18 = DIRECTION('',(1.,0.,-0.));
#19 = AXIS2_PLACEMENT_3D('',#20,#21,#22);
#20 = CARTESIAN_POINT('',(0.,0.,0.));
#21 = DIRECTION('',(0.,0.,1.));
#22 = DIRECTION('',(1.,0.,-0.));
#23 = AXIS2_PLACEMENT_3D('',#24,#25,#26);
#24 = CARTESIAN_POINT('',(0.,0.,0.));
#25 = DIRECTION('',(0.,0.,1.));
#26 = DIRECTION('',(1.,0.,-0.));
#27 = AXIS2_PLACEMENT_3D('',#28,#29,#30);
#28 = CARTESIAN_POINT('',(0.,0.,0.));
#29 = DIRECTION('',(0.,0.,1.));
#30 = DIRECTION('',(1.,0.,-0.));
#31 = AXIS2_PLACEMENT_3D('',#32,#33,#34);
#32 = CARTESIAN_POINT('',(0.,0.,0.));
#33 = DIRECTION('',(0.,0.,1.));
#34 = DIRECTION('',(1.,0.,-0.));
#35 = AXIS2_PLACEMENT_3D('',#36,#37,#38);
#36 = CARTESIAN_POINT('',(0.,0.,0.));
#37 = DIRECTION('',(0.,0.,1.));
#38 = DIRECTION('',(1.,0.,-0.));
#39 = AXIS2_PLACEMENT_3D('',#40,#41,#42);
#40 = CARTESIAN_POINT('',(0.,0.,0.));
#41 = DIRECTION('',(0.,0.,1.));
#42 = DIRECTION('',(1.,0.,-0.));
#43 = AXIS2_PLACEMENT_3D('',#44,#45,#46);
#44 = CARTESIAN_POINT('',(0.,0.,0.));
#45 = DIRECTION('',(0.,0.,1.));
#46 = DIRECTION('',(1.,0.,-0.));
#47 = AXIS2_PLACEMENT_3D('',#48,#49,#50);
#48 = CARTESIAN_POINT('',(0.,0.,0.));
#49 = DIRECTION('',(0.,0.,1.));
#50 = DIRECTION('',(1.,0.,-0.));
#51 = AXIS2_PLACEMENT_3D('',#52,#53,#54);
#52 = CARTESIAN_POINT('',(0.,0.,0.));
#53 = DIRECTION('',(0.,0.,1.));
#54 = DIRECTION('',(1.,0.,-0.));
#55 = AXIS2_PLACEMENT_3D('',#56,#57,#58);
#56 = CARTESIAN_POINT('',(0.,0.,0.));
#57 = DIRECTION('',(0.,0.,1.));
#58 = DIRECTION('',(1.,0.,-0.));
#59 = AXIS2_PLACEMENT_3D('',#60,#61,#62);
#60 = CARTESIAN_POINT('',(0.,0.,0.));
#61 = DIRECTION('',(0.,0.,1.));
#62 = DIRECTION('',(1.,0.,-0.));
#63 = AXIS2_PLACEMENT_3D('',#64,#65,#66);
#64 = CARTESIAN_POINT('',(0.,0.,0.));
#65 = DIRECTION('',(0.,0.,1.));
#66 = DIRECTION('',(1.,0.,-0.));
#67 = AXIS2_PLACEMENT_3D('',#68,#69,#70);
#68 = CARTESIAN_POINT('',(0.,0.,0.));
#69 = DIRECTION('',(0.,0.,1.));
#70 = DIRECTION('',(1.,0.,-0.));
#71 = AXIS2_PLACEMENT_3D('',#72,#73,#74);
#72 = CARTESIAN_POINT('',(0.,0.,0.));
#73 = DIRECTION('',(0.,0.,1.));
#74 = DIRECTION('',(1.,0.,-0.));
#75 = AXIS2_PLACEMENT_3D('',#76,#77,#78);
#76 = CARTESIAN_POINT('',(0.,0.,0.));
#77 = DIRECTION('',(0.,0.,1.));
#78 = DIRECTION('',(1.,0.,-0.));
#79 = AXIS2_PLACEMENT_3D('',#80,#81,#82);
#80 = CARTESIAN_POINT('',(0.,0.,0.));
#81 = DIRECTION('',(0.,0.,1.));
#82 = DIRECTION('',(1.,0.,-0.));
#83 = AXIS2_PLACEMENT_3D('',#84,#85,#86);
#84 = CARTESIAN_POINT('',(0.,0.,0.));
#85 = DIRECTION('',(0.,0.,1.));
#86 = DIRECTION('',(1.,0.,-0.));
#87 = AXIS2_PLACEMENT_3D('',#88,#89,#90);
#88 = CARTESIAN_POINT('',(0.,0.,0.));
#89 = DIRECTION('',(0.,0.,1.));
#90 = DIRECTION('',(1.,0.,-0.));
#91 = AXIS2_PLACEMENT_3D('',#92,#93,#94);
#92 = CARTESIAN_POINT('',(0.,0.,0.));
#93 = DIRECTION('',(0.,0.,1.));
#94 = DIRECTION('',(1.,0.,-0.));
#95 = AXIS2_PLACEMENT_3D('',#96,#97,#98);
#96 = CARTESIAN_POINT('',(0.,0.,0.));
#97 = DIRECTION('',(0.,0.,1.));
#98 = DIRECTION('',(1.,0.,-0.));
#99 = AXIS2_PLACEMENT_3D('',#100,#101,#102);
#100 = CARTESIAN_POINT('',(0.,0.,0.));
#101 = DIRECTION('',(0.,0.,1.));
#102 = DIRECTION('',(1.,0.,-0.));
#103 = AXIS2_PLACEMENT_3D('',#104,#105,#106);
#104 = CARTESIAN_POINT('',(0.,0.,0.));
#105 = DIRECTION('',(0.,0.,1.));
#106 = DIRECTION('',(1.,0.,-0.));
#107 = AXIS2_PLACEMENT_3D('',#108,#109,#110);
#108 = CARTESIAN_POINT('',(0.,0.,0.));
#109 = DIRECTION('',(0.,0.,1.));
#110 = DIRECTION('',(1.,0.,-0.));
#111 = AXIS2_PLACEMENT_3D('',#112,#113,#114);
#112 = CARTESIAN_POINT('',(0.,0.,0.));
#113 = DIRECTION('',(0.,0.,1.));
#114 = DIRECTION('',(1.,0.,-0.));
#115 = AXIS2_PLACEMENT_3D('',#116,#117,#118);
#116 = CARTESIAN_POINT('',(0.,0.,0.));
#117 = DIRECTION('',(0.,0.,1.));
#118 = DIRECTION('',(1.,0.,-0.));
#119 = AXIS2_PLACEMENT_3D('',#120,#121,#122);
#120 = CARTESIAN_POINT('',(0.,0.,0.));
#121 = DIRECTION('',(0.,0.,1.));
#122 = DIRECTION('',(1.,0.,-0.));
#123 = AXIS2_PLACEMENT_3D('',#124,#125,#126);
#124 = CARTESIAN_POINT('',(0.,0.,0.));
#125 = DIRECTION('',(0.,0.,1.));
#126 = DIRECTION('',(1.,0.,-0.));
#127 = ( GEOMETRIC_REPRESENTATION_CONTEXT(3) 
GLOBAL_UNCERTAINTY_ASSIGNED_CONTEXT((#131)) GLOBAL_UNIT_ASSIGNED_CONTEXT
((#128,#129,#130)) REPRESENTATION_CONTEXT('Context #1',
  '3D Context with UNIT and UNCERTAINTY') );
#128 = ( LENGTH_UNIT() NAMED_UNIT(*) SI_UNIT(.MILLI.,.METRE.) );
#129 = ( NAMED_UNIT(*) PLANE_ANGLE_UNIT() SI_UNIT($,.RADIAN.) );
#130 = ( NAMED_UNIT(*) SI_UNIT($,.STERADIAN.) SOLID_ANGLE_UNIT() );
#131 = UNCERTAINTY_MEASURE_WITH_UNIT(LENGTH_MEASURE(2.E-05),#128,
  'distance_accuracy_value','confusion accuracy');
#132 = PRODUCT_RELATED_PRODUCT_CATEGORY('part',$,(#7));
#133 = SHAPE_DEFINITION_REPRESENTATION(#134,#140);
#134 = PRODUCT_DEFINITION_SHAPE('','',#135);
#135 = PRODUCT_DEFINITION('design','',#136,#139);
#136 = PRODUCT_DEFINITION_FORMATION('','',#137);
#137 = PRODUCT('bearing-6707zz 1.1','bearing-6707zz 1.1','',(#138));
#138 = PRODUCT_CONTEXT('',#2,'mechanical');
#139 = PRODUCT_DEFINITION_CONTEXT('part definition',#2,'design');
#140 = ADVANCED_BREP_SHAPE_REPRESENTATION('',(#11,#141),#2494);
#141 = MANIFOLD_SOLID_BREP('',#142);
#142 = CLOSED_SHELL('',(#143,#286,#365,#803,#842,#921,#1001,#1057,#1091,
    #1630,#1701,#1751,#1822,#1994,#2001,#2052,#2103,#2154,#2220,#2271,
    #2279,#2330,#2381,#2409,#2459,#2487));
#143 = ADVANCED_FACE('',(#144),#159,.F.);
#144 = FACE_BOUND('',#145,.F.);
#145 = EDGE_LOOP('',(#146,#181,#209,#237,#265));
#146 = ORIENTED_EDGE('',*,*,#147,.F.);
#147 = EDGE_CURVE('',#148,#150,#152,.T.);
#148 = VERTEX_POINT('',#149);
#149 = CARTESIAN_POINT('',(-13.7598451698,15.531553732671,1.111107307708
    ));
#150 = VERTEX_POINT('',#151);
#151 = CARTESIAN_POINT('',(-14.08796461412,15.901963083448,
    -2.483959376446E-14));
#152 = SURFACE_CURVE('',#153,(#158,#170),.PCURVE_S1.);
#153 = CIRCLE('',#154,1.494846854904);
#154 = AXIS2_PLACEMENT_3D('',#155,#156,#157);
#155 = CARTESIAN_POINT('',(-13.09670942016,14.78304384559,
    4.80272600413E-12));
#156 = DIRECTION('',(-0.748505406906,-0.663128687234,1.823985407157E-12)
  );
#157 = DIRECTION('',(-0.443611199963,0.500725406894,0.743292116303));
#158 = PCURVE('',#159,#164);
#159 = TOROIDAL_SURFACE('',#160,19.74941923394,1.494846854874);
#160 = AXIS2_PLACEMENT_3D('',#161,#162,#163);
#161 = CARTESIAN_POINT('',(-3.029766717833E-04,4.967599082815E-04,
    -9.143590889543E-13));
#162 = DIRECTION('',(9.653967688995E-12,6.608196923889E-12,1.));
#163 = DIRECTION('',(-0.464721077926,0.885457124728,-1.364872777163E-12)
  );
#164 = DEFINITIONAL_REPRESENTATION('',(#165),#169);
#165 = LINE('',#166,#167);
#166 = CARTESIAN_POINT('',(0.241671392618,0.837978190602));
#167 = VECTOR('',#168,1.);
#168 = DIRECTION('',(1.130599091322E-11,-1.));
#169 = ( GEOMETRIC_REPRESENTATION_CONTEXT(2) 
PARAMETRIC_REPRESENTATION_CONTEXT() REPRESENTATION_CONTEXT('2D SPACE',''
  ) );
#170 = PCURVE('',#171,#176);
#171 = TOROIDAL_SURFACE('',#172,19.75,1.494847116342);
#172 = AXIS2_PLACEMENT_3D('',#173,#174,#175);
#173 = CARTESIAN_POINT('',(-1.95399252334E-13,1.890043677122E-13,
    -2.616105370516E-14));
#174 = DIRECTION('',(0.,0.,1.));
#175 = DIRECTION('',(-0.663122658241,0.748510748171,0.));
#176 = DEFINITIONAL_REPRESENTATION('',(#177),#180);
#177 = B_SPLINE_CURVE_WITH_KNOTS('',1,(#178,#179),.UNSPECIFIED.,.F.,.F.,
  (2,2),(2.663776389241E-06,0.83797819056),.PIECEWISE_BEZIER_KNOTS.);
#178 = CARTESIAN_POINT('',(3.10793328723E-06,0.837979517566));
#179 = CARTESIAN_POINT('',(3.22315437491E-06,0.));
#180 = ( GEOMETRIC_REPRESENTATION_CONTEXT(2) 
PARAMETRIC_REPRESENTATION_CONTEXT() REPRESENTATION_CONTEXT('2D SPACE',''
  ) );
#181 = ORIENTED_EDGE('',*,*,#182,.F.);
#182 = EDGE_CURVE('',#183,#148,#185,.T.);
#183 = VERTEX_POINT('',#184);
#184 = CARTESIAN_POINT('',(-9.643016341277,18.373207006158,
    1.111110892537));
#185 = SURFACE_CURVE('',#186,(#191,#197),.PCURVE_S1.);
#186 = CIRCLE('',#187,20.749999997781);
#187 = AXIS2_PLACEMENT_3D('',#188,#189,#190);
#188 = CARTESIAN_POINT('',(-4.376324858058E-09,7.641969279604E-09,
    1.110588047709));
#189 = DIRECTION('',(1.314173175712E-05,-2.154711514013E-05,
    0.999999999682));
#190 = DIRECTION('',(-0.663125067942,0.748508612943,2.484281303868E-05)
  );
#191 = PCURVE('',#159,#192);
#192 = DEFINITIONAL_REPRESENTATION('',(#193),#196);
#193 = B_SPLINE_CURVE_WITH_KNOTS('',1,(#194,#195),.UNSPECIFIED.,.F.,.F.,
  (2,2),(6.04152168702,6.28318530718),.PIECEWISE_BEZIER_KNOTS.);
#194 = CARTESIAN_POINT('',(1.13450599331E-06,0.837980971524));
#195 = CARTESIAN_POINT('',(0.241671504207,0.837973844324));
#196 = ( GEOMETRIC_REPRESENTATION_CONTEXT(2) 
PARAMETRIC_REPRESENTATION_CONTEXT() REPRESENTATION_CONTEXT('2D SPACE',''
  ) );
#197 = PCURVE('',#198,#203);
#198 = CYLINDRICAL_SURFACE('',#199,20.75);
#199 = AXIS2_PLACEMENT_3D('',#200,#201,#202);
#200 = CARTESIAN_POINT('',(0.,0.,1.805555555555));
#201 = DIRECTION('',(0.,0.,1.));
#202 = DIRECTION('',(1.,-2.514153164804E-09,0.));
#203 = DEFINITIONAL_REPRESENTATION('',(#204),#208);
#204 = LINE('',#205,#206);
#205 = CARTESIAN_POINT('',(2.295782471541,-0.694266715072));
#206 = VECTOR('',#207,1.);
#207 = DIRECTION('',(0.999999999565,-2.949211169128E-05));
#208 = ( GEOMETRIC_REPRESENTATION_CONTEXT(2) 
PARAMETRIC_REPRESENTATION_CONTEXT() REPRESENTATION_CONTEXT('2D SPACE',''
  ) );
#209 = ORIENTED_EDGE('',*,*,#210,.T.);
#210 = EDGE_CURVE('',#183,#211,#213,.T.);
#211 = VERTEX_POINT('',#212);
#212 = CARTESIAN_POINT('',(-9.643016331319,18.373207011385,
    -1.111110892565));
#213 = SURFACE_CURVE('',#214,(#219,#225),.PCURVE_S1.);
#214 = CIRCLE('',#215,1.494847116341);
#215 = AXIS2_PLACEMENT_3D('',#216,#217,#218);
#216 = CARTESIAN_POINT('',(-9.178292745169,17.48775120717,
    -2.234964399061E-14));
#217 = DIRECTION('',(-0.885455757325,-0.4647236833,0.));
#218 = DIRECTION('',(-0.310883423594,0.59233804338,0.743294786273));
#219 = PCURVE('',#159,#220);
#220 = DEFINITIONAL_REPRESENTATION('',(#221),#224);
#221 = B_SPLINE_CURVE_WITH_KNOTS('',1,(#222,#223),.UNSPECIFIED.,.F.,.F.,
  (2,2),(1.052750816669E-06,1.675963310759),.PIECEWISE_BEZIER_KNOTS.);
#222 = CARTESIAN_POINT('',(1.139159902001E-06,0.837981075939));
#223 = CARTESIAN_POINT('',(1.139158657699E-06,-0.837981075923));
#224 = ( GEOMETRIC_REPRESENTATION_CONTEXT(2) 
PARAMETRIC_REPRESENTATION_CONTEXT() REPRESENTATION_CONTEXT('2D SPACE',''
  ) );
#225 = PCURVE('',#226,#231);
#226 = TOROIDAL_SURFACE('',#227,19.75,1.494847116342);
#227 = AXIS2_PLACEMENT_3D('',#228,#229,#230);
#228 = CARTESIAN_POINT('',(-5.071498776488E-14,3.836930773105E-13,
    -1.894002826683E-14));
#229 = DIRECTION('',(0.,0.,1.));
#230 = DIRECTION('',(5.717254285364E-09,1.,-0.));
#231 = DEFINITIONAL_REPRESENTATION('',(#232),#236);
#232 = LINE('',#233,#234);
#233 = CARTESIAN_POINT('',(0.483322529816,7.12116748893));
#234 = VECTOR('',#235,1.);
#235 = DIRECTION('',(3.312195782805E-17,-1.));
#236 = ( GEOMETRIC_REPRESENTATION_CONTEXT(2) 
PARAMETRIC_REPRESENTATION_CONTEXT() REPRESENTATION_CONTEXT('2D SPACE',''
  ) );
#237 = ORIENTED_EDGE('',*,*,#238,.F.);
#238 = EDGE_CURVE('',#239,#211,#241,.T.);
#239 = VERTEX_POINT('',#240);
#240 = CARTESIAN_POINT('',(-13.75980479375,15.531589500587,
    -1.111107310319));
#241 = SURFACE_CURVE('',#242,(#247,#253),.PCURVE_S1.);
#242 = CIRCLE('',#243,20.749999993823);
#243 = AXIS2_PLACEMENT_3D('',#244,#245,#246);
#244 = CARTESIAN_POINT('',(-6.641052152645E-09,1.092304025008E-08,
    -1.110588051278));
#245 = DIRECTION('',(1.314161500479E-05,-2.154698521157E-05,
    -0.999999999682));
#246 = DIRECTION('',(-0.464723672767,0.885455762495,-2.518612181912E-05)
  );
#247 = PCURVE('',#159,#248);
#248 = DEFINITIONAL_REPRESENTATION('',(#249),#252);
#249 = B_SPLINE_CURVE_WITH_KNOTS('',1,(#250,#251),.UNSPECIFIED.,.F.,.F.,
  (2,2),(6.04152427948,6.283185300685),.PIECEWISE_BEZIER_KNOTS.);
#250 = CARTESIAN_POINT('',(0.241668904591,-0.837973844567));
#251 = CARTESIAN_POINT('',(1.133962722339E-06,-0.837980971521));
#252 = ( GEOMETRIC_REPRESENTATION_CONTEXT(2) 
PARAMETRIC_REPRESENTATION_CONTEXT() REPRESENTATION_CONTEXT('2D SPACE',''
  ) );
#253 = PCURVE('',#254,#259);
#254 = CYLINDRICAL_SURFACE('',#255,20.75);
#255 = AXIS2_PLACEMENT_3D('',#256,#257,#258);
#256 = CARTESIAN_POINT('',(0.,0.,-1.805552880489));
#257 = DIRECTION('',(0.,0.,1.));
#258 = DIRECTION('',(1.,0.,-0.));
#259 = DEFINITIONAL_REPRESENTATION('',(#260),#264);
#260 = LINE('',#261,#262);
#261 = CARTESIAN_POINT('',(8.337304143683,0.694627520232));
#262 = VECTOR('',#263,1.);
#263 = DIRECTION('',(-0.999999999565,-2.949189627518E-05));
#264 = ( GEOMETRIC_REPRESENTATION_CONTEXT(2) 
PARAMETRIC_REPRESENTATION_CONTEXT() REPRESENTATION_CONTEXT('2D SPACE',''
  ) );
#265 = ORIENTED_EDGE('',*,*,#266,.F.);
#266 = EDGE_CURVE('',#150,#239,#267,.T.);
#267 = SURFACE_CURVE('',#268,(#273,#280),.PCURVE_S1.);
#268 = CIRCLE('',#269,1.494846854874);
#269 = AXIS2_PLACEMENT_3D('',#270,#271,#272);
#270 = CARTESIAN_POINT('',(-13.09667104801,14.78307784097,
    2.783134828786E-11));
#271 = DIRECTION('',(-0.748507128537,-0.663126743941,1.160813574333E-11)
  );
#272 = DIRECTION('',(-0.663126743941,0.748507128537,-1.863087823547E-11)
  );
#273 = PCURVE('',#159,#274);
#274 = DEFINITIONAL_REPRESENTATION('',(#275),#279);
#275 = LINE('',#276,#277);
#276 = CARTESIAN_POINT('',(0.24166879682,0.));
#277 = VECTOR('',#278,1.);
#278 = DIRECTION('',(8.11493389778E-15,-1.));
#279 = ( GEOMETRIC_REPRESENTATION_CONTEXT(2) 
PARAMETRIC_REPRESENTATION_CONTEXT() REPRESENTATION_CONTEXT('2D SPACE',''
  ) );
#280 = PCURVE('',#171,#281);
#281 = DEFINITIONAL_REPRESENTATION('',(#282),#285);
#282 = B_SPLINE_CURVE_WITH_KNOTS('',1,(#283,#284),.UNSPECIFIED.,.F.,.F.,
  (2,2),(0.,0.837975528987),.PIECEWISE_BEZIER_KNOTS.);
#283 = CARTESIAN_POINT('',(6.274163487412E-07,0.));
#284 = CARTESIAN_POINT('',(5.122076530956E-07,-0.837979519585));
#285 = ( GEOMETRIC_REPRESENTATION_CONTEXT(2) 
PARAMETRIC_REPRESENTATION_CONTEXT() REPRESENTATION_CONTEXT('2D SPACE',''
  ) );
#286 = ADVANCED_FACE('',(#287),#171,.F.);
#287 = FACE_BOUND('',#288,.F.);
#288 = EDGE_LOOP('',(#289,#290,#314,#342,#364));
#289 = ORIENTED_EDGE('',*,*,#266,.T.);
#290 = ORIENTED_EDGE('',*,*,#291,.F.);
#291 = EDGE_CURVE('',#292,#239,#294,.T.);
#292 = VERTEX_POINT('',#293);
#293 = CARTESIAN_POINT('',(-17.07692258839,11.787332813631,
    -1.111111033514));
#294 = SURFACE_CURVE('',#295,(#300,#307),.PCURVE_S1.);
#295 = CIRCLE('',#296,20.75);
#296 = AXIS2_PLACEMENT_3D('',#297,#298,#299);
#297 = CARTESIAN_POINT('',(-1.95399252334E-13,1.890043677122E-13,
    -1.111111111112));
#298 = DIRECTION('',(0.,0.,-1.));
#299 = DIRECTION('',(1.,0.,0.));
#300 = PCURVE('',#171,#301);
#301 = DEFINITIONAL_REPRESENTATION('',(#302),#306);
#302 = LINE('',#303,#304);
#303 = CARTESIAN_POINT('',(3.987406060325,-0.837981225009));
#304 = VECTOR('',#305,1.);
#305 = DIRECTION('',(-1.,-3.675307549044E-15));
#306 = ( GEOMETRIC_REPRESENTATION_CONTEXT(2) 
PARAMETRIC_REPRESENTATION_CONTEXT() REPRESENTATION_CONTEXT('2D SPACE',''
  ) );
#307 = PCURVE('',#254,#308);
#308 = DEFINITIONAL_REPRESENTATION('',(#309),#313);
#309 = LINE('',#310,#311);
#310 = CARTESIAN_POINT('',(6.28318530718,0.694441769377));
#311 = VECTOR('',#312,1.);
#312 = DIRECTION('',(-1.,0.));
#313 = ( GEOMETRIC_REPRESENTATION_CONTEXT(2) 
PARAMETRIC_REPRESENTATION_CONTEXT() REPRESENTATION_CONTEXT('2D SPACE',''
  ) );
#314 = ORIENTED_EDGE('',*,*,#315,.F.);
#315 = EDGE_CURVE('',#316,#292,#318,.T.);
#316 = VERTEX_POINT('',#317);
#317 = CARTESIAN_POINT('',(-17.07692259019,11.787332810522,
    1.111111033986));
#318 = SURFACE_CURVE('',#319,(#324,#331),.PCURVE_S1.);
#319 = CIRCLE('',#320,1.494847116342);
#320 = AXIS2_PLACEMENT_3D('',#321,#322,#323);
#321 = CARTESIAN_POINT('',(-16.25393839054,11.21926854997,
    -2.418717581129E-14));
#322 = DIRECTION('',(-0.568064230378,-0.822984222306,0.));
#323 = DIRECTION('',(-0.822984222306,0.568064230378,0.));
#324 = PCURVE('',#171,#325);
#325 = DEFINITIONAL_REPRESENTATION('',(#326),#330);
#326 = LINE('',#327,#328);
#327 = CARTESIAN_POINT('',(0.241661600768,6.283185307182));
#328 = VECTOR('',#329,1.);
#329 = DIRECTION('',(-4.968293306255E-17,-1.));
#330 = ( GEOMETRIC_REPRESENTATION_CONTEXT(2) 
PARAMETRIC_REPRESENTATION_CONTEXT() REPRESENTATION_CONTEXT('2D SPACE',''
  ) );
#331 = PCURVE('',#332,#337);
#332 = TOROIDAL_SURFACE('',#333,19.74941915843,1.494847062554);
#333 = AXIS2_PLACEMENT_3D('',#334,#335,#336);
#334 = CARTESIAN_POINT('',(-4.991730927717E-04,2.99145799744E-04,
    2.624263361901E-11));
#335 = DIRECTION('',(-7.115041045298E-12,-1.067678925273E-11,1.));
#336 = DIRECTION('',(-0.822982638474,0.568066524951,2.095713161266E-13)
  );
#337 = DEFINITIONAL_REPRESENTATION('',(#338),#341);
#338 = B_SPLINE_CURVE_WITH_KNOTS('',1,(#339,#340),.UNSPECIFIED.,.F.,.F.,
  (2,2),(5.445204115937,7.121166498066),.PIECEWISE_BEZIER_KNOTS.);
#339 = CARTESIAN_POINT('',(9.870956952338E-07,7.121166450678));
#340 = CARTESIAN_POINT('',(9.870970692217E-07,5.44520416401));
#341 = ( GEOMETRIC_REPRESENTATION_CONTEXT(2) 
PARAMETRIC_REPRESENTATION_CONTEXT() REPRESENTATION_CONTEXT('2D SPACE',''
  ) );
#342 = ORIENTED_EDGE('',*,*,#343,.F.);
#343 = EDGE_CURVE('',#148,#316,#344,.T.);
#344 = SURFACE_CURVE('',#345,(#350,#357),.PCURVE_S1.);
#345 = CIRCLE('',#346,20.75);
#346 = AXIS2_PLACEMENT_3D('',#347,#348,#349);
#347 = CARTESIAN_POINT('',(-1.95399252334E-13,1.890043677122E-13,
    1.111111111112));
#348 = DIRECTION('',(0.,0.,1.));
#349 = DIRECTION('',(1.,-2.514153164804E-09,0.));
#350 = PCURVE('',#171,#351);
#351 = DEFINITIONAL_REPRESENTATION('',(#352),#356);
#352 = LINE('',#353,#354);
#353 = CARTESIAN_POINT('',(-2.295779249368,0.837981225009));
#354 = VECTOR('',#355,1.);
#355 = DIRECTION('',(1.,-4.13476546725E-15));
#356 = ( GEOMETRIC_REPRESENTATION_CONTEXT(2) 
PARAMETRIC_REPRESENTATION_CONTEXT() REPRESENTATION_CONTEXT('2D SPACE',''
  ) );
#357 = PCURVE('',#198,#358);
#358 = DEFINITIONAL_REPRESENTATION('',(#359),#363);
#359 = LINE('',#360,#361);
#360 = CARTESIAN_POINT('',(6.28318530718,-0.694444444443));
#361 = VECTOR('',#362,1.);
#362 = DIRECTION('',(1.,0.));
#363 = ( GEOMETRIC_REPRESENTATION_CONTEXT(2) 
PARAMETRIC_REPRESENTATION_CONTEXT() REPRESENTATION_CONTEXT('2D SPACE',''
  ) );
#364 = ORIENTED_EDGE('',*,*,#147,.T.);
#365 = ADVANCED_FACE('',(#366),#254,.F.);
#366 = FACE_BOUND('',#367,.F.);
#367 = EDGE_LOOP('',(#368,#393,#422,#450,#471,#472,#473,#497,#525,#554,
    #582,#611,#639,#668,#696,#725,#753,#775,#776));
#368 = ORIENTED_EDGE('',*,*,#369,.T.);
#369 = EDGE_CURVE('',#370,#372,#374,.T.);
#370 = VERTEX_POINT('',#371);
#371 = CARTESIAN_POINT('',(-20.75,-2.541142108231E-15,-2.5));
#372 = VERTEX_POINT('',#373);
#373 = CARTESIAN_POINT('',(-20.75,-2.541142108231E-15,-1.111103509032));
#374 = SEAM_CURVE('',#375,(#379,#386),.PCURVE_S1.);
#375 = LINE('',#376,#377);
#376 = CARTESIAN_POINT('',(-20.75,-2.541142108231E-15,-1.805552880489));
#377 = VECTOR('',#378,1.);
#378 = DIRECTION('',(0.,0.,1.));
#379 = PCURVE('',#254,#380);
#380 = DEFINITIONAL_REPRESENTATION('',(#381),#385);
#381 = LINE('',#382,#383);
#382 = CARTESIAN_POINT('',(3.14159265359,0.));
#383 = VECTOR('',#384,1.);
#384 = DIRECTION('',(0.,1.));
#385 = ( GEOMETRIC_REPRESENTATION_CONTEXT(2) 
PARAMETRIC_REPRESENTATION_CONTEXT() REPRESENTATION_CONTEXT('2D SPACE',''
  ) );
#386 = PCURVE('',#254,#387);
#387 = DEFINITIONAL_REPRESENTATION('',(#388),#392);
#388 = LINE('',#389,#390);
#389 = CARTESIAN_POINT('',(-3.14159265359,0.));
#390 = VECTOR('',#391,1.);
#391 = DIRECTION('',(0.,1.));
#392 = ( GEOMETRIC_REPRESENTATION_CONTEXT(2) 
PARAMETRIC_REPRESENTATION_CONTEXT() REPRESENTATION_CONTEXT('2D SPACE',''
  ) );
#393 = ORIENTED_EDGE('',*,*,#394,.T.);
#394 = EDGE_CURVE('',#372,#395,#397,.T.);
#395 = VERTEX_POINT('',#396);
#396 = CARTESIAN_POINT('',(-20.59886092929,2.499885603849,
    -1.111107333961));
#397 = SURFACE_CURVE('',#398,(#403,#410),.PCURVE_S1.);
#398 = CIRCLE('',#399,20.75);
#399 = AXIS2_PLACEMENT_3D('',#400,#401,#402);
#400 = CARTESIAN_POINT('',(2.891908934544E-13,-3.359292011229E-14,
    -1.111111111112));
#401 = DIRECTION('',(0.,0.,-1.));
#402 = DIRECTION('',(1.,0.,0.));
#403 = PCURVE('',#254,#404);
#404 = DEFINITIONAL_REPRESENTATION('',(#405),#409);
#405 = LINE('',#406,#407);
#406 = CARTESIAN_POINT('',(6.28318530718,0.694441769377));
#407 = VECTOR('',#408,1.);
#408 = DIRECTION('',(-1.,0.));
#409 = ( GEOMETRIC_REPRESENTATION_CONTEXT(2) 
PARAMETRIC_REPRESENTATION_CONTEXT() REPRESENTATION_CONTEXT('2D SPACE',''
  ) );
#410 = PCURVE('',#411,#416);
#411 = TOROIDAL_SURFACE('',#412,19.75,1.494847116342);
#412 = AXIS2_PLACEMENT_3D('',#413,#414,#415);
#413 = CARTESIAN_POINT('',(2.891908934544E-13,-3.359292011229E-14,
    -6.263554058473E-14));
#414 = DIRECTION('',(0.,0.,1.));
#415 = DIRECTION('',(-0.992708874098,0.120536680255,0.));
#416 = DEFINITIONAL_REPRESENTATION('',(#417),#421);
#417 = LINE('',#418,#419);
#418 = CARTESIAN_POINT('',(3.262423140266,-0.837981225009));
#419 = VECTOR('',#420,1.);
#420 = DIRECTION('',(-1.,0.));
#421 = ( GEOMETRIC_REPRESENTATION_CONTEXT(2) 
PARAMETRIC_REPRESENTATION_CONTEXT() REPRESENTATION_CONTEXT('2D SPACE',''
  ) );
#422 = ORIENTED_EDGE('',*,*,#423,.T.);
#423 = EDGE_CURVE('',#395,#424,#426,.T.);
#424 = VERTEX_POINT('',#425);
#425 = CARTESIAN_POINT('',(-19.40159048421,7.358042342556,-1.11110722301
    ));
#426 = SURFACE_CURVE('',#427,(#432,#439),.PCURVE_S1.);
#427 = CIRCLE('',#428,20.749999993522);
#428 = AXIS2_PLACEMENT_3D('',#429,#430,#431);
#429 = CARTESIAN_POINT('',(-1.248973369172E-08,3.839170370501E-09,
    -1.110588831387));
#430 = DIRECTION('',(2.408807739594E-05,-7.40483169632E-06,
    -0.999999999682));
#431 = DIRECTION('',(-0.935016370385,0.354604549434,-2.51485337116E-05)
  );
#432 = PCURVE('',#254,#433);
#433 = DEFINITIONAL_REPRESENTATION('',(#434),#438);
#434 = LINE('',#435,#436);
#435 = CARTESIAN_POINT('',(9.062286859025,0.69462765192));
#436 = VECTOR('',#437,1.);
#437 = DIRECTION('',(-0.999999999564,-2.951288077067E-05));
#438 = ( GEOMETRIC_REPRESENTATION_CONTEXT(2) 
PARAMETRIC_REPRESENTATION_CONTEXT() REPRESENTATION_CONTEXT('2D SPACE',''
  ) );
#439 = PCURVE('',#440,#445);
#440 = TOROIDAL_SURFACE('',#441,19.74942010173,1.494846854365);
#441 = AXIS2_PLACEMENT_3D('',#442,#443,#444);
#442 = CARTESIAN_POINT('',(-5.553439227506E-04,1.707166630346E-04,
    1.904884820153E-11));
#443 = DIRECTION('',(-4.200894351631E-12,-1.280202893625E-11,1.));
#444 = DIRECTION('',(-0.935014545617,0.354609361813,6.118219876216E-13)
  );
#445 = DEFINITIONAL_REPRESENTATION('',(#446),#449);
#446 = B_SPLINE_CURVE_WITH_KNOTS('',1,(#447,#448),.UNSPECIFIED.,.F.,.F.,
  (2,2),(6.041463986778,6.283185200826),.PIECEWISE_BEZIER_KNOTS.);
#447 = CARTESIAN_POINT('',(0.241731410232,-0.837973838192));
#448 = CARTESIAN_POINT('',(3.455259362103E-06,-0.83798097212));
#449 = ( GEOMETRIC_REPRESENTATION_CONTEXT(2) 
PARAMETRIC_REPRESENTATION_CONTEXT() REPRESENTATION_CONTEXT('2D SPACE',''
  ) );
#450 = ORIENTED_EDGE('',*,*,#451,.T.);
#451 = EDGE_CURVE('',#424,#292,#452,.T.);
#452 = SURFACE_CURVE('',#453,(#458,#465),.PCURVE_S1.);
#453 = CIRCLE('',#454,20.749999993501);
#454 = AXIS2_PLACEMENT_3D('',#455,#456,#457);
#455 = CARTESIAN_POINT('',(-1.124506487926E-08,6.738340996293E-09,
    -1.110588262584));
#456 = DIRECTION('',(2.165166272912E-05,-1.297545179795E-05,
    -0.999999999681));
#457 = DIRECTION('',(-0.822984220892,0.568064231869,-2.518986684891E-05)
  );
#458 = PCURVE('',#254,#459);
#459 = DEFINITIONAL_REPRESENTATION('',(#460),#464);
#460 = LINE('',#461,#462);
#461 = CARTESIAN_POINT('',(8.8206261501,0.694627545411));
#462 = VECTOR('',#463,1.);
#463 = DIRECTION('',(-0.999999999564,-2.95419017332E-05));
#464 = ( GEOMETRIC_REPRESENTATION_CONTEXT(2) 
PARAMETRIC_REPRESENTATION_CONTEXT() REPRESENTATION_CONTEXT('2D SPACE',''
  ) );
#465 = PCURVE('',#332,#466);
#466 = DEFINITIONAL_REPRESENTATION('',(#467),#470);
#467 = B_SPLINE_CURVE_WITH_KNOTS('',1,(#468,#469),.UNSPECIFIED.,.F.,.F.,
  (2,2),(6.04152449183,6.28318530718),.PIECEWISE_BEZIER_KNOTS.);
#468 = CARTESIAN_POINT('',(0.241668550801,5.445211340106));
#469 = CARTESIAN_POINT('',(9.851076560286E-07,5.445204200951));
#470 = ( GEOMETRIC_REPRESENTATION_CONTEXT(2) 
PARAMETRIC_REPRESENTATION_CONTEXT() REPRESENTATION_CONTEXT('2D SPACE',''
  ) );
#471 = ORIENTED_EDGE('',*,*,#291,.T.);
#472 = ORIENTED_EDGE('',*,*,#238,.T.);
#473 = ORIENTED_EDGE('',*,*,#474,.T.);
#474 = EDGE_CURVE('',#211,#475,#477,.T.);
#475 = VERTEX_POINT('',#476);
#476 = CARTESIAN_POINT('',(-7.549917497327E-06,20.7500000091,
    -1.111107310516));
#477 = SURFACE_CURVE('',#478,(#483,#490),.PCURVE_S1.);
#478 = CIRCLE('',#479,20.75);
#479 = AXIS2_PLACEMENT_3D('',#480,#481,#482);
#480 = CARTESIAN_POINT('',(-5.071498776488E-14,3.836930773105E-13,
    -1.111111111112));
#481 = DIRECTION('',(0.,0.,-1.));
#482 = DIRECTION('',(1.,0.,0.));
#483 = PCURVE('',#254,#484);
#484 = DEFINITIONAL_REPRESENTATION('',(#485),#489);
#485 = LINE('',#486,#487);
#486 = CARTESIAN_POINT('',(6.28318530718,0.694441769377));
#487 = VECTOR('',#488,1.);
#488 = DIRECTION('',(-1.,0.));
#489 = ( GEOMETRIC_REPRESENTATION_CONTEXT(2) 
PARAMETRIC_REPRESENTATION_CONTEXT() REPRESENTATION_CONTEXT('2D SPACE',''
  ) );
#490 = PCURVE('',#226,#491);
#491 = DEFINITIONAL_REPRESENTATION('',(#492),#496);
#492 = LINE('',#493,#494);
#493 = CARTESIAN_POINT('',(4.712388986102,5.445204082171));
#494 = VECTOR('',#495,1.);
#495 = DIRECTION('',(-1.,0.));
#496 = ( GEOMETRIC_REPRESENTATION_CONTEXT(2) 
PARAMETRIC_REPRESENTATION_CONTEXT() REPRESENTATION_CONTEXT('2D SPACE',''
  ) );
#497 = ORIENTED_EDGE('',*,*,#498,.T.);
#498 = EDGE_CURVE('',#475,#499,#501,.T.);
#499 = VERTEX_POINT('',#500);
#500 = CARTESIAN_POINT('',(4.965787392699,20.147045824357,
    -1.111110892489));
#501 = SURFACE_CURVE('',#502,(#507,#514),.PCURVE_S1.);
#502 = CIRCLE('',#503,20.749999993501);
#503 = AXIS2_PLACEMENT_3D('',#504,#505,#506);
#504 = CARTESIAN_POINT('',(2.311668597533E-09,1.290311413271E-08,
    -1.110588003571));
#505 = DIRECTION('',(-4.452233115411E-06,-2.484497278511E-05,
    -0.999999999681));
#506 = DIRECTION('',(0.239315055067,0.970941967258,-2.518851317367E-05)
  );
#507 = PCURVE('',#254,#508);
#508 = DEFINITIONAL_REPRESENTATION('',(#509),#513);
#509 = LINE('',#510,#511);
#510 = CARTESIAN_POINT('',(7.612321285332,0.694627556385));
#511 = VECTOR('',#512,1.);
#512 = DIRECTION('',(-0.999999999565,-2.949795472558E-05));
#513 = ( GEOMETRIC_REPRESENTATION_CONTEXT(2) 
PARAMETRIC_REPRESENTATION_CONTEXT() REPRESENTATION_CONTEXT('2D SPACE',''
  ) );
#514 = PCURVE('',#515,#520);
#515 = TOROIDAL_SURFACE('',#516,19.74941918103,1.494846854987);
#516 = AXIS2_PLACEMENT_3D('',#517,#518,#519);
#517 = CARTESIAN_POINT('',(1.026450196843E-04,5.727940211047E-04,
    -1.153820899555E-12));
#518 = DIRECTION('',(4.208958047726E-13,-1.123540938593E-13,1.));
#519 = DIRECTION('',(0.239336648101,0.97093664514,8.352915845584E-15));
#520 = DEFINITIONAL_REPRESENTATION('',(#521),#524);
#521 = B_SPLINE_CURVE_WITH_KNOTS('',1,(#522,#523),.UNSPECIFIED.,.F.,.F.,
  (2,2),(6.041524597315,6.28318530718),.PIECEWISE_BEZIER_KNOTS.);
#522 = CARTESIAN_POINT('',(0.241687895969,-0.837973844913));
#523 = CARTESIAN_POINT('',(2.043606092544E-05,-0.837980973379));
#524 = ( GEOMETRIC_REPRESENTATION_CONTEXT(2) 
PARAMETRIC_REPRESENTATION_CONTEXT() REPRESENTATION_CONTEXT('2D SPACE',''
  ) );
#525 = ORIENTED_EDGE('',*,*,#526,.T.);
#526 = EDGE_CURVE('',#499,#527,#529,.T.);
#527 = VERTEX_POINT('',#528);
#528 = CARTESIAN_POINT('',(9.642994087924,18.373218700289,-1.11110730987
    ));
#529 = SURFACE_CURVE('',#530,(#535,#542),.PCURVE_S1.);
#530 = CIRCLE('',#531,20.75);
#531 = AXIS2_PLACEMENT_3D('',#532,#533,#534);
#532 = CARTESIAN_POINT('',(1.907807245516E-13,4.583000645653E-13,
    -1.111111111112));
#533 = DIRECTION('',(0.,0.,-1.));
#534 = DIRECTION('',(1.,0.,0.));
#535 = PCURVE('',#254,#536);
#536 = DEFINITIONAL_REPRESENTATION('',(#537),#541);
#537 = LINE('',#538,#539);
#538 = CARTESIAN_POINT('',(6.28318530718,0.694441769377));
#539 = VECTOR('',#540,1.);
#540 = DIRECTION('',(-1.,0.));
#541 = ( GEOMETRIC_REPRESENTATION_CONTEXT(2) 
PARAMETRIC_REPRESENTATION_CONTEXT() REPRESENTATION_CONTEXT('2D SPACE',''
  ) );
#542 = PCURVE('',#543,#548);
#543 = TOROIDAL_SURFACE('',#544,19.75,1.494847116342);
#544 = AXIS2_PLACEMENT_3D('',#545,#546,#547);
#545 = CARTESIAN_POINT('',(1.907807245516E-13,4.583000645653E-13,
    -4.011800765722E-14));
#546 = DIRECTION('',(0.,0.,1.));
#547 = DIRECTION('',(0.464723172044,0.885456025653,-0.));
#548 = DEFINITIONAL_REPRESENTATION('',(#549),#553);
#549 = LINE('',#550,#551);
#550 = CARTESIAN_POINT('',(5.195710927091,5.445204082171));
#551 = VECTOR('',#552,1.);
#552 = DIRECTION('',(-1.,0.));
#553 = ( GEOMETRIC_REPRESENTATION_CONTEXT(2) 
PARAMETRIC_REPRESENTATION_CONTEXT() REPRESENTATION_CONTEXT('2D SPACE',''
  ) );
#554 = ORIENTED_EDGE('',*,*,#555,.T.);
#555 = EDGE_CURVE('',#527,#556,#558,.T.);
#556 = VERTEX_POINT('',#557);
#557 = CARTESIAN_POINT('',(13.759785411782,15.531606655453,
    -1.111110892092));
#558 = SURFACE_CURVE('',#559,(#564,#571),.PCURVE_S1.);
#559 = CIRCLE('',#560,20.749999993501);
#560 = AXIS2_PLACEMENT_3D('',#561,#562,#563);
#561 = CARTESIAN_POINT('',(8.044215293879E-09,1.03518349448E-08,
    -1.110587970185));
#562 = DIRECTION('',(-1.548914450597E-05,-1.99314164395E-05,
    -0.999999999681));
#563 = DIRECTION('',(0.663122188434,0.74851116396,-2.519008312829E-05));
#564 = PCURVE('',#254,#565);
#565 = DEFINITIONAL_REPRESENTATION('',(#566),#570);
#566 = LINE('',#567,#568);
#567 = CARTESIAN_POINT('',(7.128999338626,0.694627549868));
#568 = VECTOR('',#569,1.);
#569 = DIRECTION('',(-0.999999999565,-2.949678867397E-05));
#570 = ( GEOMETRIC_REPRESENTATION_CONTEXT(2) 
PARAMETRIC_REPRESENTATION_CONTEXT() REPRESENTATION_CONTEXT('2D SPACE',''
  ) );
#571 = PCURVE('',#572,#577);
#572 = TOROIDAL_SURFACE('',#573,19.74941914401,1.494846854938);
#573 = AXIS2_PLACEMENT_3D('',#574,#575,#576);
#574 = CARTESIAN_POINT('',(3.570977012226E-04,4.595135159701E-04,
    -1.173848731028E-12));
#575 = DIRECTION('',(1.29237039226E-11,-8.991177287336E-12,1.));
#576 = DIRECTION('',(0.663126037934,0.74850775401,-1.840078660373E-12));
#577 = DEFINITIONAL_REPRESENTATION('',(#578),#581);
#578 = B_SPLINE_CURVE_WITH_KNOTS('',1,(#579,#580),.UNSPECIFIED.,.F.,.F.,
  (2,2),(6.041524322392,6.28318530718),.PIECEWISE_BEZIER_KNOTS.);
#579 = CARTESIAN_POINT('',(0.241671074391,-0.837973844452));
#580 = CARTESIAN_POINT('',(3.339126970478E-06,-0.837980972568));
#581 = ( GEOMETRIC_REPRESENTATION_CONTEXT(2) 
PARAMETRIC_REPRESENTATION_CONTEXT() REPRESENTATION_CONTEXT('2D SPACE',''
  ) );
#582 = ORIENTED_EDGE('',*,*,#583,.T.);
#583 = EDGE_CURVE('',#556,#584,#586,.T.);
#584 = VERTEX_POINT('',#585);
#585 = CARTESIAN_POINT('',(19.401582393192,7.358063673161,
    -1.111107296656));
#586 = SURFACE_CURVE('',#587,(#592,#599),.PCURVE_S1.);
#587 = CIRCLE('',#588,20.75);
#588 = AXIS2_PLACEMENT_3D('',#589,#590,#591);
#589 = CARTESIAN_POINT('',(-1.200817223435E-13,-4.867217739957E-14,
    -1.111111111112));
#590 = DIRECTION('',(0.,0.,-1.));
#591 = DIRECTION('',(1.,0.,0.));
#592 = PCURVE('',#254,#593);
#593 = DEFINITIONAL_REPRESENTATION('',(#594),#598);
#594 = LINE('',#595,#596);
#595 = CARTESIAN_POINT('',(6.28318530718,0.694441769377));
#596 = VECTOR('',#597,1.);
#597 = DIRECTION('',(-1.,0.));
#598 = ( GEOMETRIC_REPRESENTATION_CONTEXT(2) 
PARAMETRIC_REPRESENTATION_CONTEXT() REPRESENTATION_CONTEXT('2D SPACE',''
  ) );
#599 = PCURVE('',#600,#605);
#600 = TOROIDAL_SURFACE('',#601,19.75,1.494847116342);
#601 = AXIS2_PLACEMENT_3D('',#602,#603,#604);
#602 = CARTESIAN_POINT('',(-1.200817223435E-13,-4.867217739957E-14,0.));
#603 = DIRECTION('',(0.,0.,1.));
#604 = DIRECTION('',(0.935016242685,0.354604887043,-0.));
#605 = DEFINITIONAL_REPRESENTATION('',(#606),#610);
#606 = LINE('',#607,#608);
#607 = CARTESIAN_POINT('',(5.92069384715,5.445204082171));
#608 = VECTOR('',#609,1.);
#609 = DIRECTION('',(-1.,1.83765383378E-15));
#610 = ( GEOMETRIC_REPRESENTATION_CONTEXT(2) 
PARAMETRIC_REPRESENTATION_CONTEXT() REPRESENTATION_CONTEXT('2D SPACE',''
  ) );
#611 = ORIENTED_EDGE('',*,*,#612,.T.);
#612 = EDGE_CURVE('',#584,#613,#615,.T.);
#613 = VERTEX_POINT('',#614);
#614 = CARTESIAN_POINT('',(20.598707565609,2.501149038919,
    -1.111110939865));
#615 = SURFACE_CURVE('',#616,(#621,#628),.PCURVE_S1.);
#616 = CIRCLE('',#617,20.749999993503);
#617 = AXIS2_PLACEMENT_3D('',#618,#619,#620);
#618 = CARTESIAN_POINT('',(1.288509521302E-08,2.400870613428E-09,
    -1.110588059846));
#619 = DIRECTION('',(-2.481407273127E-05,-4.623078982054E-06,
    -0.999999999681));
#620 = DIRECTION('',(0.992708798161,0.120537303018,-2.519040179871E-05)
  );
#621 = PCURVE('',#254,#622);
#622 = DEFINITIONAL_REPRESENTATION('',(#623),#627);
#623 = LINE('',#624,#625);
#624 = CARTESIAN_POINT('',(6.404016418475,0.694630662739));
#625 = VECTOR('',#626,1.);
#626 = DIRECTION('',(-0.99999999955,-3.000753984182E-05));
#627 = ( GEOMETRIC_REPRESENTATION_CONTEXT(2) 
PARAMETRIC_REPRESENTATION_CONTEXT() REPRESENTATION_CONTEXT('2D SPACE',''
  ) );
#628 = PCURVE('',#629,#634);
#629 = TOROIDAL_SURFACE('',#630,19.7494192437,1.494846854915);
#630 = AXIS2_PLACEMENT_3D('',#631,#632,#633);
#631 = CARTESIAN_POINT('',(5.720816009102E-04,1.065837877574E-04,
    -1.459872274156E-12));
#632 = DIRECTION('',(-6.957452085869E-14,-2.073921790397E-14,1.));
#633 = DIRECTION('',(0.99270980565,0.120529007985,7.156698644019E-14));
#634 = DEFINITIONAL_REPRESENTATION('',(#635),#638);
#635 = B_SPLINE_CURVE_WITH_KNOTS('',1,(#636,#637),.UNSPECIFIED.,.F.,.F.,
  (2,2),(6.041524329063,6.28318530718),.PIECEWISE_BEZIER_KNOTS.);
#636 = CARTESIAN_POINT('',(0.241674307979,5.445211489905));
#637 = CARTESIAN_POINT('',(6.580103405127E-06,5.445204238282));
#638 = ( GEOMETRIC_REPRESENTATION_CONTEXT(2) 
PARAMETRIC_REPRESENTATION_CONTEXT() REPRESENTATION_CONTEXT('2D SPACE',''
  ) );
#639 = ORIENTED_EDGE('',*,*,#640,.T.);
#640 = EDGE_CURVE('',#613,#641,#643,.T.);
#641 = VERTEX_POINT('',#642);
#642 = CARTESIAN_POINT('',(-9.642992794159,-18.37321935678,
    -1.111107350478));
#643 = SURFACE_CURVE('',#644,(#649,#656),.PCURVE_S1.);
#644 = CIRCLE('',#645,20.75);
#645 = AXIS2_PLACEMENT_3D('',#646,#647,#648);
#646 = CARTESIAN_POINT('',(-7.300826609935E-14,1.797673121473E-13,
    -1.111111111112));
#647 = DIRECTION('',(0.,0.,-1.));
#648 = DIRECTION('',(1.,0.,0.));
#649 = PCURVE('',#254,#650);
#650 = DEFINITIONAL_REPRESENTATION('',(#651),#655);
#651 = LINE('',#652,#653);
#652 = CARTESIAN_POINT('',(6.28318530718,0.694441769377));
#653 = VECTOR('',#654,1.);
#654 = DIRECTION('',(-1.,0.));
#655 = ( GEOMETRIC_REPRESENTATION_CONTEXT(2) 
PARAMETRIC_REPRESENTATION_CONTEXT() REPRESENTATION_CONTEXT('2D SPACE',''
  ) );
#656 = PCURVE('',#657,#662);
#657 = TOROIDAL_SURFACE('',#658,19.75,1.494847116342);
#658 = AXIS2_PLACEMENT_3D('',#659,#660,#661);
#659 = CARTESIAN_POINT('',(-7.300826609935E-14,1.797673121473E-13,
    -4.245916232415E-14));
#660 = DIRECTION('',(0.,0.,1.));
#661 = DIRECTION('',(0.239315664288,-0.970941817426,0.));
#662 = DEFINITIONAL_REPRESENTATION('',(#663),#667);
#663 = LINE('',#664,#665);
#664 = CARTESIAN_POINT('',(7.612320660621,-0.837981225009));
#665 = VECTOR('',#666,1.);
#666 = DIRECTION('',(-1.,-8.167350598326E-16));
#667 = ( GEOMETRIC_REPRESENTATION_CONTEXT(2) 
PARAMETRIC_REPRESENTATION_CONTEXT() REPRESENTATION_CONTEXT('2D SPACE',''
  ) );
#668 = ORIENTED_EDGE('',*,*,#669,.T.);
#669 = EDGE_CURVE('',#641,#670,#672,.T.);
#670 = VERTEX_POINT('',#671);
#671 = CARTESIAN_POINT('',(-13.75983356424,-15.53156400457,
    -1.111110842879));
#672 = SURFACE_CURVE('',#673,(#678,#685),.PCURVE_S1.);
#673 = CIRCLE('',#674,20.749999993499);
#674 = AXIS2_PLACEMENT_3D('',#675,#676,#677);
#675 = CARTESIAN_POINT('',(-8.036495913188E-09,-1.035908470115E-08,
    -1.110587937423));
#676 = DIRECTION('',(1.547249499736E-05,1.994316055062E-05,
    -0.999999999681));
#677 = DIRECTION('',(-0.66312450883,-0.748509108264,-2.518782797324E-05)
  );
#678 = PCURVE('',#254,#679);
#679 = DEFINITIONAL_REPRESENTATION('',(#680),#684);
#680 = LINE('',#681,#682);
#681 = CARTESIAN_POINT('',(3.987403585092,0.694624974663));
#682 = VECTOR('',#683,1.);
#683 = DIRECTION('',(-0.999999999577,-2.907427028449E-05));
#684 = ( GEOMETRIC_REPRESENTATION_CONTEXT(2) 
PARAMETRIC_REPRESENTATION_CONTEXT() REPRESENTATION_CONTEXT('2D SPACE',''
  ) );
#685 = PCURVE('',#686,#691);
#686 = TOROIDAL_SURFACE('',#687,19.74941910872,1.494846854935);
#687 = AXIS2_PLACEMENT_3D('',#688,#689,#690);
#688 = CARTESIAN_POINT('',(-3.567134996373E-04,-4.597831593004E-04,
    -5.912047570186E-13));
#689 = DIRECTION('',(1.586925002072E-14,2.40324095067E-14,1.));
#690 = DIRECTION('',(-0.663125134445,-0.748508554439,2.851176265306E-14)
  );
#691 = DEFINITIONAL_REPRESENTATION('',(#692),#695);
#692 = B_SPLINE_CURVE_WITH_KNOTS('',1,(#693,#694),.UNSPECIFIED.,.F.,.F.,
  (2,2),(6.041521152461,6.28318530718),.PIECEWISE_BEZIER_KNOTS.);
#693 = CARTESIAN_POINT('',(0.241669914817,-0.837973866873));
#694 = CARTESIAN_POINT('',(-9.905089770612E-07,-0.837980893053));
#695 = ( GEOMETRIC_REPRESENTATION_CONTEXT(2) 
PARAMETRIC_REPRESENTATION_CONTEXT() REPRESENTATION_CONTEXT('2D SPACE',''
  ) );
#696 = ORIENTED_EDGE('',*,*,#697,.T.);
#697 = EDGE_CURVE('',#670,#698,#700,.T.);
#698 = VERTEX_POINT('',#699);
#699 = CARTESIAN_POINT('',(-19.40154597818,-7.358159639359,
    -1.111107336052));
#700 = SURFACE_CURVE('',#701,(#706,#713),.PCURVE_S1.);
#701 = CIRCLE('',#702,20.75);
#702 = AXIS2_PLACEMENT_3D('',#703,#704,#705);
#703 = CARTESIAN_POINT('',(3.335998144394E-13,3.083755473199E-13,
    -1.111111111112));
#704 = DIRECTION('',(0.,0.,-1.));
#705 = DIRECTION('',(1.,0.,0.));
#706 = PCURVE('',#254,#707);
#707 = DEFINITIONAL_REPRESENTATION('',(#708),#712);
#708 = LINE('',#709,#710);
#709 = CARTESIAN_POINT('',(1.7763568394E-15,0.694441769377));
#710 = VECTOR('',#711,1.);
#711 = DIRECTION('',(-1.,0.));
#712 = ( GEOMETRIC_REPRESENTATION_CONTEXT(2) 
PARAMETRIC_REPRESENTATION_CONTEXT() REPRESENTATION_CONTEXT('2D SPACE',''
  ) );
#713 = PCURVE('',#714,#719);
#714 = TOROIDAL_SURFACE('',#715,19.75,1.494847116342);
#715 = AXIS2_PLACEMENT_3D('',#716,#717,#718);
#716 = CARTESIAN_POINT('',(3.335998144394E-13,3.083755473199E-13,0.));
#717 = DIRECTION('',(0.,0.,1.));
#718 = DIRECTION('',(-0.822983856253,-0.568064760698,0.));
#719 = DEFINITIONAL_REPRESENTATION('',(#720),#724);
#720 = LINE('',#721,#722);
#721 = CARTESIAN_POINT('',(2.537440203237,5.445204082171));
#722 = VECTOR('',#723,1.);
#723 = DIRECTION('',(-1.,-3.675368857542E-15));
#724 = ( GEOMETRIC_REPRESENTATION_CONTEXT(2) 
PARAMETRIC_REPRESENTATION_CONTEXT() REPRESENTATION_CONTEXT('2D SPACE',''
  ) );
#725 = ORIENTED_EDGE('',*,*,#726,.T.);
#726 = EDGE_CURVE('',#698,#727,#729,.T.);
#727 = VERTEX_POINT('',#728);
#728 = CARTESIAN_POINT('',(-20.59876589972,-2.500668616262,
    -1.111110887359));
#729 = SURFACE_CURVE('',#730,(#735,#742),.PCURVE_S1.);
#730 = CIRCLE('',#731,20.749999993505);
#731 = AXIS2_PLACEMENT_3D('',#732,#733,#734);
#732 = CARTESIAN_POINT('',(-1.28775767827E-08,-2.411215671572E-09,
    -1.110588135434));
#733 = DIRECTION('',(2.480362105848E-05,4.643838669738E-06,
    -0.999999999682));
#734 = DIRECTION('',(-0.992711609177,-0.120514150086,-2.518249085282E-05
    ));
#735 = PCURVE('',#254,#736);
#736 = DEFINITIONAL_REPRESENTATION('',(#737),#741);
#737 = LINE('',#738,#739);
#738 = CARTESIAN_POINT('',(3.262400442019,0.694627774251));
#739 = VECTOR('',#740,1.);
#740 = DIRECTION('',(-0.999999999564,-2.953372719853E-05));
#741 = ( GEOMETRIC_REPRESENTATION_CONTEXT(2) 
PARAMETRIC_REPRESENTATION_CONTEXT() REPRESENTATION_CONTEXT('2D SPACE',''
  ) );
#742 = PCURVE('',#743,#748);
#743 = TOROIDAL_SURFACE('',#744,19.74941932886,1.494846854925);
#744 = AXIS2_PLACEMENT_3D('',#745,#746,#747);
#745 = CARTESIAN_POINT('',(-5.718394626673E-04,-1.07062160757E-04,
    6.621852912431E-12));
#746 = DIRECTION('',(-7.565816228903E-13,2.191469244483E-12,1.));
#747 = DIRECTION('',(-0.992711856177,-0.120512118084,-4.8696894684E-13)
  );
#748 = DEFINITIONAL_REPRESENTATION('',(#749),#752);
#749 = B_SPLINE_CURVE_WITH_KNOTS('',1,(#750,#751),.UNSPECIFIED.,.F.,.F.,
  (2,2),(6.041496059467,6.28318530718),.PIECEWISE_BEZIER_KNOTS.);
#750 = CARTESIAN_POINT('',(0.241696242984,5.445211464802));
#751 = CARTESIAN_POINT('',(2.461246207925E-07,5.445204326858));
#752 = ( GEOMETRIC_REPRESENTATION_CONTEXT(2) 
PARAMETRIC_REPRESENTATION_CONTEXT() REPRESENTATION_CONTEXT('2D SPACE',''
  ) );
#753 = ORIENTED_EDGE('',*,*,#754,.T.);
#754 = EDGE_CURVE('',#727,#372,#755,.T.);
#755 = SURFACE_CURVE('',#756,(#761,#768),.PCURVE_S1.);
#756 = CIRCLE('',#757,20.75);
#757 = AXIS2_PLACEMENT_3D('',#758,#759,#760);
#758 = CARTESIAN_POINT('',(2.891908934544E-13,-3.359292011229E-14,
    -1.111111111112));
#759 = DIRECTION('',(0.,0.,-1.));
#760 = DIRECTION('',(1.,0.,0.));
#761 = PCURVE('',#254,#762);
#762 = DEFINITIONAL_REPRESENTATION('',(#763),#767);
#763 = LINE('',#764,#765);
#764 = CARTESIAN_POINT('',(3.552713678801E-15,0.694441769377));
#765 = VECTOR('',#766,1.);
#766 = DIRECTION('',(-1.,0.));
#767 = ( GEOMETRIC_REPRESENTATION_CONTEXT(2) 
PARAMETRIC_REPRESENTATION_CONTEXT() REPRESENTATION_CONTEXT('2D SPACE',''
  ) );
#768 = PCURVE('',#411,#769);
#769 = DEFINITIONAL_REPRESENTATION('',(#770),#774);
#770 = LINE('',#771,#772);
#771 = CARTESIAN_POINT('',(3.262423140266,-0.837981225009));
#772 = VECTOR('',#773,1.);
#773 = DIRECTION('',(-1.,0.));
#774 = ( GEOMETRIC_REPRESENTATION_CONTEXT(2) 
PARAMETRIC_REPRESENTATION_CONTEXT() REPRESENTATION_CONTEXT('2D SPACE',''
  ) );
#775 = ORIENTED_EDGE('',*,*,#369,.F.);
#776 = ORIENTED_EDGE('',*,*,#777,.T.);
#777 = EDGE_CURVE('',#370,#370,#778,.T.);
#778 = SURFACE_CURVE('',#779,(#784,#791),.PCURVE_S1.);
#779 = CIRCLE('',#780,20.75);
#780 = AXIS2_PLACEMENT_3D('',#781,#782,#783);
#781 = CARTESIAN_POINT('',(0.,0.,-2.5));
#782 = DIRECTION('',(0.,0.,1.));
#783 = DIRECTION('',(4.14795265978E-14,-1.,0.));
#784 = PCURVE('',#254,#785);
#785 = DEFINITIONAL_REPRESENTATION('',(#786),#790);
#786 = LINE('',#787,#788);
#787 = CARTESIAN_POINT('',(-7.853981633974,-0.694447119511));
#788 = VECTOR('',#789,1.);
#789 = DIRECTION('',(1.,0.));
#790 = ( GEOMETRIC_REPRESENTATION_CONTEXT(2) 
PARAMETRIC_REPRESENTATION_CONTEXT() REPRESENTATION_CONTEXT('2D SPACE',''
  ) );
#791 = PCURVE('',#792,#797);
#792 = PLANE('',#793);
#793 = AXIS2_PLACEMENT_3D('',#794,#795,#796);
#794 = CARTESIAN_POINT('',(0.,0.,-2.5));
#795 = DIRECTION('',(0.,0.,1.));
#796 = DIRECTION('',(-1.,0.,0.));
#797 = DEFINITIONAL_REPRESENTATION('',(#798),#802);
#798 = CIRCLE('',#799,20.75);
#799 = AXIS2_PLACEMENT_2D('',#800,#801);
#800 = CARTESIAN_POINT('',(0.,0.));
#801 = DIRECTION('',(-4.14795265978E-14,1.));
#802 = ( GEOMETRIC_REPRESENTATION_CONTEXT(2) 
PARAMETRIC_REPRESENTATION_CONTEXT() REPRESENTATION_CONTEXT('2D SPACE',''
  ) );
#803 = ADVANCED_FACE('',(#804,#839),#792,.F.);
#804 = FACE_BOUND('',#805,.T.);
#805 = EDGE_LOOP('',(#806));
#806 = ORIENTED_EDGE('',*,*,#807,.T.);
#807 = EDGE_CURVE('',#808,#808,#810,.T.);
#808 = VERTEX_POINT('',#809);
#809 = CARTESIAN_POINT('',(21.75000000001,1.340275053357E-09,-2.5));
#810 = SURFACE_CURVE('',#811,(#816,#827),.PCURVE_S1.);
#811 = CIRCLE('',#812,21.75000000001);
#812 = AXIS2_PLACEMENT_3D('',#813,#814,#815);
#813 = CARTESIAN_POINT('',(0.,0.,-2.5));
#814 = DIRECTION('',(0.,0.,-1.));
#815 = DIRECTION('',(-1.,-6.162171906897E-11,-0.));
#816 = PCURVE('',#792,#817);
#817 = DEFINITIONAL_REPRESENTATION('',(#818),#826);
#818 = ( BOUNDED_CURVE() B_SPLINE_CURVE(2,(#819,#820,#821,#822,#823,#824
,#825),.UNSPECIFIED.,.T.,.F.) B_SPLINE_CURVE_WITH_KNOTS((1,2,2,2,2,1),(
    -2.094395102393,0.,2.094395102393,4.188790204786,6.28318530718,
8.377580409573),.UNSPECIFIED.) CURVE() GEOMETRIC_REPRESENTATION_ITEM() 
RATIONAL_B_SPLINE_CURVE((1.,0.5,1.,0.5,1.,0.5,1.)) REPRESENTATION_ITEM(
  '') );
#819 = CARTESIAN_POINT('',(21.75000000001,1.340272389751E-09));
#820 = CARTESIAN_POINT('',(21.750000002331,-37.6721050633));
#821 = CARTESIAN_POINT('',(-10.87499999884,-18.83605253299));
#822 = CARTESIAN_POINT('',(-43.50000000002,-2.680550106715E-09));
#823 = CARTESIAN_POINT('',(-10.87500000116,18.83605253165));
#824 = CARTESIAN_POINT('',(21.749999997689,37.672105065981));
#825 = CARTESIAN_POINT('',(21.75000000001,1.340272389751E-09));
#826 = ( GEOMETRIC_REPRESENTATION_CONTEXT(2) 
PARAMETRIC_REPRESENTATION_CONTEXT() REPRESENTATION_CONTEXT('2D SPACE',''
  ) );
#827 = PCURVE('',#828,#833);
#828 = CONICAL_SURFACE('',#829,21.8748840532,0.785398163397);
#829 = AXIS2_PLACEMENT_3D('',#830,#831,#832);
#830 = CARTESIAN_POINT('',(0.,0.,-2.37511594681));
#831 = DIRECTION('',(0.,0.,1.));
#832 = DIRECTION('',(-1.,-6.162171906897E-11,0.));
#833 = DEFINITIONAL_REPRESENTATION('',(#834),#838);
#834 = LINE('',#835,#836);
#835 = CARTESIAN_POINT('',(6.28318530718,-0.12488405319));
#836 = VECTOR('',#837,1.);
#837 = DIRECTION('',(-1.,0.));
#838 = ( GEOMETRIC_REPRESENTATION_CONTEXT(2) 
PARAMETRIC_REPRESENTATION_CONTEXT() REPRESENTATION_CONTEXT('2D SPACE',''
  ) );
#839 = FACE_BOUND('',#840,.T.);
#840 = EDGE_LOOP('',(#841));
#841 = ORIENTED_EDGE('',*,*,#777,.T.);
#842 = ADVANCED_FACE('',(#843),#828,.T.);
#843 = FACE_BOUND('',#844,.T.);
#844 = EDGE_LOOP('',(#845,#876,#898,#919,#920));
#845 = ORIENTED_EDGE('',*,*,#846,.F.);
#846 = EDGE_CURVE('',#847,#849,#851,.T.);
#847 = VERTEX_POINT('',#848);
#848 = CARTESIAN_POINT('',(-22.,-8.775523305588E-09,-2.25000000001));
#849 = VERTEX_POINT('',#850);
#850 = CARTESIAN_POINT('',(22.,1.35568051374E-09,-2.25000000001));
#851 = SURFACE_CURVE('',#852,(#857,#864),.PCURVE_S1.);
#852 = CIRCLE('',#853,22.);
#853 = AXIS2_PLACEMENT_3D('',#854,#855,#856);
#854 = CARTESIAN_POINT('',(0.,0.,-2.25000000001));
#855 = DIRECTION('',(0.,0.,1.));
#856 = DIRECTION('',(1.,3.988873005166E-10,-0.));
#857 = PCURVE('',#828,#858);
#858 = DEFINITIONAL_REPRESENTATION('',(#859),#863);
#859 = LINE('',#860,#861);
#860 = CARTESIAN_POINT('',(-3.14159265359,0.1251159468));
#861 = VECTOR('',#862,1.);
#862 = DIRECTION('',(1.,0.));
#863 = ( GEOMETRIC_REPRESENTATION_CONTEXT(2) 
PARAMETRIC_REPRESENTATION_CONTEXT() REPRESENTATION_CONTEXT('2D SPACE',''
  ) );
#864 = PCURVE('',#865,#870);
#865 = CYLINDRICAL_SURFACE('',#866,22.);
#866 = AXIS2_PLACEMENT_3D('',#867,#868,#869);
#867 = CARTESIAN_POINT('',(0.,0.,6.666154999779E-06));
#868 = DIRECTION('',(0.,0.,1.));
#869 = DIRECTION('',(1.,3.988873005166E-10,-0.));
#870 = DEFINITIONAL_REPRESENTATION('',(#871),#875);
#871 = LINE('',#872,#873);
#872 = CARTESIAN_POINT('',(-6.28318530718,-2.250006666165));
#873 = VECTOR('',#874,1.);
#874 = DIRECTION('',(1.,0.));
#875 = ( GEOMETRIC_REPRESENTATION_CONTEXT(2) 
PARAMETRIC_REPRESENTATION_CONTEXT() REPRESENTATION_CONTEXT('2D SPACE',''
  ) );
#876 = ORIENTED_EDGE('',*,*,#877,.F.);
#877 = EDGE_CURVE('',#849,#847,#878,.T.);
#878 = SURFACE_CURVE('',#879,(#884,#891),.PCURVE_S1.);
#879 = CIRCLE('',#880,22.);
#880 = AXIS2_PLACEMENT_3D('',#881,#882,#883);
#881 = CARTESIAN_POINT('',(0.,0.,-2.25000000001));
#882 = DIRECTION('',(0.,0.,1.));
#883 = DIRECTION('',(1.,3.988873005166E-10,-0.));
#884 = PCURVE('',#828,#885);
#885 = DEFINITIONAL_REPRESENTATION('',(#886),#890);
#886 = LINE('',#887,#888);
#887 = CARTESIAN_POINT('',(-3.141592653253,0.1251159468));
#888 = VECTOR('',#889,1.);
#889 = DIRECTION('',(1.,0.));
#890 = ( GEOMETRIC_REPRESENTATION_CONTEXT(2) 
PARAMETRIC_REPRESENTATION_CONTEXT() REPRESENTATION_CONTEXT('2D SPACE',''
  ) );
#891 = PCURVE('',#865,#892);
#892 = DEFINITIONAL_REPRESENTATION('',(#893),#897);
#893 = LINE('',#894,#895);
#894 = CARTESIAN_POINT('',(0.,-2.250006666165));
#895 = VECTOR('',#896,1.);
#896 = DIRECTION('',(1.,0.));
#897 = ( GEOMETRIC_REPRESENTATION_CONTEXT(2) 
PARAMETRIC_REPRESENTATION_CONTEXT() REPRESENTATION_CONTEXT('2D SPACE',''
  ) );
#898 = ORIENTED_EDGE('',*,*,#899,.T.);
#899 = EDGE_CURVE('',#849,#808,#900,.T.);
#900 = SEAM_CURVE('',#901,(#905,#912),.PCURVE_S1.);
#901 = LINE('',#902,#903);
#902 = CARTESIAN_POINT('',(21.8748840532,1.347970638693E-09,
    -2.37511594681));
#903 = VECTOR('',#904,1.);
#904 = DIRECTION('',(-0.707106781187,-4.357322201765E-11,-0.707106781187
    ));
#905 = PCURVE('',#828,#906);
#906 = DEFINITIONAL_REPRESENTATION('',(#907),#911);
#907 = LINE('',#908,#909);
#908 = CARTESIAN_POINT('',(-3.14159265359,4.31775426138E-16));
#909 = VECTOR('',#910,1.);
#910 = DIRECTION('',(0.,-1.));
#911 = ( GEOMETRIC_REPRESENTATION_CONTEXT(2) 
PARAMETRIC_REPRESENTATION_CONTEXT() REPRESENTATION_CONTEXT('2D SPACE',''
  ) );
#912 = PCURVE('',#828,#913);
#913 = DEFINITIONAL_REPRESENTATION('',(#914),#918);
#914 = LINE('',#915,#916);
#915 = CARTESIAN_POINT('',(3.14159265359,4.31775426138E-16));
#916 = VECTOR('',#917,1.);
#917 = DIRECTION('',(0.,-1.));
#918 = ( GEOMETRIC_REPRESENTATION_CONTEXT(2) 
PARAMETRIC_REPRESENTATION_CONTEXT() REPRESENTATION_CONTEXT('2D SPACE',''
  ) );
#919 = ORIENTED_EDGE('',*,*,#807,.F.);
#920 = ORIENTED_EDGE('',*,*,#899,.F.);
#921 = ADVANCED_FACE('',(#922),#865,.T.);
#922 = FACE_BOUND('',#923,.T.);
#923 = EDGE_LOOP('',(#924,#955,#977,#998,#999,#1000));
#924 = ORIENTED_EDGE('',*,*,#925,.F.);
#925 = EDGE_CURVE('',#926,#928,#930,.T.);
#926 = VERTEX_POINT('',#927);
#927 = CARTESIAN_POINT('',(3.733524083853E-07,22.,2.249999999997));
#928 = VERTEX_POINT('',#929);
#929 = CARTESIAN_POINT('',(-22.,-8.775523305588E-09,2.249999999997));
#930 = SURFACE_CURVE('',#931,(#936,#943),.PCURVE_S1.);
#931 = CIRCLE('',#932,22.);
#932 = AXIS2_PLACEMENT_3D('',#933,#934,#935);
#933 = CARTESIAN_POINT('',(0.,0.,2.249999999997));
#934 = DIRECTION('',(0.,0.,1.));
#935 = DIRECTION('',(1.,3.988873005166E-10,-0.));
#936 = PCURVE('',#865,#937);
#937 = DEFINITIONAL_REPRESENTATION('',(#938),#942);
#938 = LINE('',#939,#940);
#939 = CARTESIAN_POINT('',(0.,2.249993333842));
#940 = VECTOR('',#941,1.);
#941 = DIRECTION('',(1.,0.));
#942 = ( GEOMETRIC_REPRESENTATION_CONTEXT(2) 
PARAMETRIC_REPRESENTATION_CONTEXT() REPRESENTATION_CONTEXT('2D SPACE',''
  ) );
#943 = PCURVE('',#944,#949);
#944 = CONICAL_SURFACE('',#945,21.87487246476,0.785398163397);
#945 = AXIS2_PLACEMENT_3D('',#946,#947,#948);
#946 = CARTESIAN_POINT('',(0.,0.,2.375127535237));
#947 = DIRECTION('',(0.,0.,-1.));
#948 = DIRECTION('',(-1.697056389505E-08,-1.,-0.));
#949 = DEFINITIONAL_REPRESENTATION('',(#950),#954);
#950 = LINE('',#951,#952);
#951 = CARTESIAN_POINT('',(10.995574270195,0.12512753524));
#952 = VECTOR('',#953,1.);
#953 = DIRECTION('',(-1.,0.));
#954 = ( GEOMETRIC_REPRESENTATION_CONTEXT(2) 
PARAMETRIC_REPRESENTATION_CONTEXT() REPRESENTATION_CONTEXT('2D SPACE',''
  ) );
#955 = ORIENTED_EDGE('',*,*,#956,.F.);
#956 = EDGE_CURVE('',#928,#926,#957,.T.);
#957 = SURFACE_CURVE('',#958,(#963,#970),.PCURVE_S1.);
#958 = CIRCLE('',#959,22.);
#959 = AXIS2_PLACEMENT_3D('',#960,#961,#962);
#960 = CARTESIAN_POINT('',(0.,0.,2.249999999997));
#961 = DIRECTION('',(0.,0.,1.));
#962 = DIRECTION('',(1.,3.988873005166E-10,-0.));
#963 = PCURVE('',#865,#964);
#964 = DEFINITIONAL_REPRESENTATION('',(#965),#969);
#965 = LINE('',#966,#967);
#966 = CARTESIAN_POINT('',(-6.28318530718,2.249993333842));
#967 = VECTOR('',#968,1.);
#968 = DIRECTION('',(1.,0.));
#969 = ( GEOMETRIC_REPRESENTATION_CONTEXT(2) 
PARAMETRIC_REPRESENTATION_CONTEXT() REPRESENTATION_CONTEXT('2D SPACE',''
  ) );
#970 = PCURVE('',#944,#971);
#971 = DEFINITIONAL_REPRESENTATION('',(#972),#976);
#972 = LINE('',#973,#974);
#973 = CARTESIAN_POINT('',(10.995574270195,0.12512753524));
#974 = VECTOR('',#975,1.);
#975 = DIRECTION('',(-1.,0.));
#976 = ( GEOMETRIC_REPRESENTATION_CONTEXT(2) 
PARAMETRIC_REPRESENTATION_CONTEXT() REPRESENTATION_CONTEXT('2D SPACE',''
  ) );
#977 = ORIENTED_EDGE('',*,*,#978,.T.);
#978 = EDGE_CURVE('',#928,#847,#979,.T.);
#979 = SEAM_CURVE('',#980,(#984,#991),.PCURVE_S1.);
#980 = LINE('',#981,#982);
#981 = CARTESIAN_POINT('',(-22.,-8.775523305588E-09,6.666154999779E-06)
  );
#982 = VECTOR('',#983,1.);
#983 = DIRECTION('',(0.,0.,-1.));
#984 = PCURVE('',#865,#985);
#985 = DEFINITIONAL_REPRESENTATION('',(#986),#990);
#986 = LINE('',#987,#988);
#987 = CARTESIAN_POINT('',(-3.14159265359,0.));
#988 = VECTOR('',#989,1.);
#989 = DIRECTION('',(0.,-1.));
#990 = ( GEOMETRIC_REPRESENTATION_CONTEXT(2) 
PARAMETRIC_REPRESENTATION_CONTEXT() REPRESENTATION_CONTEXT('2D SPACE',''
  ) );
#991 = PCURVE('',#865,#992);
#992 = DEFINITIONAL_REPRESENTATION('',(#993),#997);
#993 = LINE('',#994,#995);
#994 = CARTESIAN_POINT('',(3.14159265359,0.));
#995 = VECTOR('',#996,1.);
#996 = DIRECTION('',(0.,-1.));
#997 = ( GEOMETRIC_REPRESENTATION_CONTEXT(2) 
PARAMETRIC_REPRESENTATION_CONTEXT() REPRESENTATION_CONTEXT('2D SPACE',''
  ) );
#998 = ORIENTED_EDGE('',*,*,#846,.T.);
#999 = ORIENTED_EDGE('',*,*,#877,.T.);
#1000 = ORIENTED_EDGE('',*,*,#978,.F.);
#1001 = ADVANCED_FACE('',(#1002),#944,.T.);
#1002 = FACE_BOUND('',#1003,.T.);
#1003 = EDGE_LOOP('',(#1004,#1005,#1006,#1029,#1056));
#1004 = ORIENTED_EDGE('',*,*,#925,.T.);
#1005 = ORIENTED_EDGE('',*,*,#956,.T.);
#1006 = ORIENTED_EDGE('',*,*,#1007,.T.);
#1007 = EDGE_CURVE('',#926,#1008,#1010,.T.);
#1008 = VERTEX_POINT('',#1009);
#1009 = CARTESIAN_POINT('',(3.691097673809E-07,21.749999999997,2.5));
#1010 = SEAM_CURVE('',#1011,(#1015,#1022),.PCURVE_S1.);
#1011 = LINE('',#1012,#1013);
#1012 = CARTESIAN_POINT('',(3.712289235382E-07,21.87487246476,
    2.375127535237));
#1013 = VECTOR('',#1014,1.);
#1014 = DIRECTION('',(-1.200000089735E-08,-0.707106781187,0.707106781187
    ));
#1015 = PCURVE('',#944,#1016);
#1016 = DEFINITIONAL_REPRESENTATION('',(#1017),#1021);
#1017 = LINE('',#1018,#1019);
#1018 = CARTESIAN_POINT('',(3.14159265359,3.748595745108E-15));
#1019 = VECTOR('',#1020,1.);
#1020 = DIRECTION('',(0.,-1.));
#1021 = ( GEOMETRIC_REPRESENTATION_CONTEXT(2) 
PARAMETRIC_REPRESENTATION_CONTEXT() REPRESENTATION_CONTEXT('2D SPACE',''
  ) );
#1022 = PCURVE('',#944,#1023);
#1023 = DEFINITIONAL_REPRESENTATION('',(#1024),#1028);
#1024 = LINE('',#1025,#1026);
#1025 = CARTESIAN_POINT('',(9.424777960769,3.748595745108E-15));
#1026 = VECTOR('',#1027,1.);
#1027 = DIRECTION('',(0.,-1.));
#1028 = ( GEOMETRIC_REPRESENTATION_CONTEXT(2) 
PARAMETRIC_REPRESENTATION_CONTEXT() REPRESENTATION_CONTEXT('2D SPACE',''
  ) );
#1029 = ORIENTED_EDGE('',*,*,#1030,.F.);
#1030 = EDGE_CURVE('',#1008,#1008,#1031,.T.);
#1031 = SURFACE_CURVE('',#1032,(#1037,#1044),.PCURVE_S1.);
#1032 = CIRCLE('',#1033,21.749999999997);
#1033 = AXIS2_PLACEMENT_3D('',#1034,#1035,#1036);
#1034 = CARTESIAN_POINT('',(0.,0.,2.5));
#1035 = DIRECTION('',(0.,0.,1.));
#1036 = DIRECTION('',(-1.697056389505E-08,-1.,0.));
#1037 = PCURVE('',#944,#1038);
#1038 = DEFINITIONAL_REPRESENTATION('',(#1039),#1043);
#1039 = LINE('',#1040,#1041);
#1040 = CARTESIAN_POINT('',(12.566370614359,-0.124872464763));
#1041 = VECTOR('',#1042,1.);
#1042 = DIRECTION('',(-1.,0.));
#1043 = ( GEOMETRIC_REPRESENTATION_CONTEXT(2) 
PARAMETRIC_REPRESENTATION_CONTEXT() REPRESENTATION_CONTEXT('2D SPACE',''
  ) );
#1044 = PCURVE('',#1045,#1050);
#1045 = PLANE('',#1046);
#1046 = AXIS2_PLACEMENT_3D('',#1047,#1048,#1049);
#1047 = CARTESIAN_POINT('',(-2.956690691391E-06,-1.486419998642E-06,2.5)
  );
#1048 = DIRECTION('',(0.,0.,1.));
#1049 = DIRECTION('',(0.,1.,0.));
#1050 = DEFINITIONAL_REPRESENTATION('',(#1051),#1055);
#1051 = CIRCLE('',#1052,21.749999999997);
#1052 = AXIS2_PLACEMENT_2D('',#1053,#1054);
#1053 = CARTESIAN_POINT('',(1.486419998642E-06,-2.956690691391E-06));
#1054 = DIRECTION('',(-1.,1.697056389505E-08));
#1055 = ( GEOMETRIC_REPRESENTATION_CONTEXT(2) 
PARAMETRIC_REPRESENTATION_CONTEXT() REPRESENTATION_CONTEXT('2D SPACE',''
  ) );
#1056 = ORIENTED_EDGE('',*,*,#1007,.F.);
#1057 = ADVANCED_FACE('',(#1058,#1061),#1045,.T.);
#1058 = FACE_BOUND('',#1059,.T.);
#1059 = EDGE_LOOP('',(#1060));
#1060 = ORIENTED_EDGE('',*,*,#1030,.T.);
#1061 = FACE_BOUND('',#1062,.T.);
#1062 = EDGE_LOOP('',(#1063));
#1063 = ORIENTED_EDGE('',*,*,#1064,.T.);
#1064 = EDGE_CURVE('',#1065,#1065,#1067,.T.);
#1065 = VERTEX_POINT('',#1066);
#1066 = CARTESIAN_POINT('',(-20.75,5.216867562854E-08,2.5));
#1067 = SURFACE_CURVE('',#1068,(#1073,#1084),.PCURVE_S1.);
#1068 = CIRCLE('',#1069,20.75);
#1069 = AXIS2_PLACEMENT_3D('',#1070,#1071,#1072);
#1070 = CARTESIAN_POINT('',(0.,0.,2.5));
#1071 = DIRECTION('',(0.,0.,-1.));
#1072 = DIRECTION('',(-1.,5.665710342651E-09,0.));
#1073 = PCURVE('',#1045,#1074);
#1074 = DEFINITIONAL_REPRESENTATION('',(#1075),#1083);
#1075 = ( BOUNDED_CURVE() B_SPLINE_CURVE(2,(#1076,#1077,#1078,#1079,
#1080,#1081,#1082),.UNSPECIFIED.,.T.,.F.) B_SPLINE_CURVE_WITH_KNOTS((1,2
    ,2,2,2,1),(-2.094395102393,0.,2.094395102393,4.188790204786,
6.28318530718,8.377580409573),.UNSPECIFIED.) CURVE() 
GEOMETRIC_REPRESENTATION_ITEM() RATIONAL_B_SPLINE_CURVE((1.,0.5,1.,0.5,
1.,0.5,1.)) REPRESENTATION_ITEM('') );
#1076 = CARTESIAN_POINT('',(1.603983488252E-06,20.749997043309));
#1077 = CARTESIAN_POINT('',(35.940055861038,20.749996839683));
#1078 = CARTESIAN_POINT('',(17.970028556165,-10.3750030585));
#1079 = CARTESIAN_POINT('',(1.251293024504E-06,-41.50000295669));
#1080 = CARTESIAN_POINT('',(-17.97002570088,-10.37500285487));
#1081 = CARTESIAN_POINT('',(-35.94005265307,20.749997246935));
#1082 = CARTESIAN_POINT('',(1.603983488252E-06,20.749997043309));
#1083 = ( GEOMETRIC_REPRESENTATION_CONTEXT(2) 
PARAMETRIC_REPRESENTATION_CONTEXT() REPRESENTATION_CONTEXT('2D SPACE',''
  ) );
#1084 = PCURVE('',#198,#1085);
#1085 = DEFINITIONAL_REPRESENTATION('',(#1086),#1090);
#1086 = LINE('',#1087,#1088);
#1087 = CARTESIAN_POINT('',(9.424777957618,0.694444444445));
#1088 = VECTOR('',#1089,1.);
#1089 = DIRECTION('',(-1.,0.));
#1090 = ( GEOMETRIC_REPRESENTATION_CONTEXT(2) 
PARAMETRIC_REPRESENTATION_CONTEXT() REPRESENTATION_CONTEXT('2D SPACE',''
  ) );
#1091 = ADVANCED_FACE('',(#1092),#198,.F.);
#1092 = FACE_BOUND('',#1093,.F.);
#1093 = EDGE_LOOP('',(#1094,#1117,#1118,#1119,#1143,#1166,#1190,#1213,
    #1237,#1265,#1289,#1317,#1341,#1369,#1397,#1421,#1444,#1468,#1491,
    #1515,#1538,#1560,#1561,#1562,#1585,#1608));
#1094 = ORIENTED_EDGE('',*,*,#1095,.T.);
#1095 = EDGE_CURVE('',#1096,#1065,#1098,.T.);
#1096 = VERTEX_POINT('',#1097);
#1097 = CARTESIAN_POINT('',(-20.75,5.216867562854E-08,1.111103507306));
#1098 = SEAM_CURVE('',#1099,(#1103,#1110),.PCURVE_S1.);
#1099 = LINE('',#1100,#1101);
#1100 = CARTESIAN_POINT('',(-20.75,5.216867562854E-08,1.805555555555));
#1101 = VECTOR('',#1102,1.);
#1102 = DIRECTION('',(0.,0.,1.));
#1103 = PCURVE('',#198,#1104);
#1104 = DEFINITIONAL_REPRESENTATION('',(#1105),#1109);
#1105 = LINE('',#1106,#1107);
#1106 = CARTESIAN_POINT('',(9.424777960769,0.));
#1107 = VECTOR('',#1108,1.);
#1108 = DIRECTION('',(0.,1.));
#1109 = ( GEOMETRIC_REPRESENTATION_CONTEXT(2) 
PARAMETRIC_REPRESENTATION_CONTEXT() REPRESENTATION_CONTEXT('2D SPACE',''
  ) );
#1110 = PCURVE('',#198,#1111);
#1111 = DEFINITIONAL_REPRESENTATION('',(#1112),#1116);
#1112 = LINE('',#1113,#1114);
#1113 = CARTESIAN_POINT('',(3.14159265359,0.));
#1114 = VECTOR('',#1115,1.);
#1115 = DIRECTION('',(0.,1.));
#1116 = ( GEOMETRIC_REPRESENTATION_CONTEXT(2) 
PARAMETRIC_REPRESENTATION_CONTEXT() REPRESENTATION_CONTEXT('2D SPACE',''
  ) );
#1117 = ORIENTED_EDGE('',*,*,#1064,.T.);
#1118 = ORIENTED_EDGE('',*,*,#1095,.F.);
#1119 = ORIENTED_EDGE('',*,*,#1120,.T.);
#1120 = EDGE_CURVE('',#1096,#1121,#1123,.T.);
#1121 = VERTEX_POINT('',#1122);
#1122 = CARTESIAN_POINT('',(-20.59870900712,-2.501137213281,
    1.11111088774));
#1123 = SURFACE_CURVE('',#1124,(#1129,#1136),.PCURVE_S1.);
#1124 = CIRCLE('',#1125,20.75);
#1125 = AXIS2_PLACEMENT_3D('',#1126,#1127,#1128);
#1126 = CARTESIAN_POINT('',(2.891908934544E-13,-3.359292011229E-14,
    1.111111111112));
#1127 = DIRECTION('',(0.,0.,1.));
#1128 = DIRECTION('',(1.,-2.514153164804E-09,0.));
#1129 = PCURVE('',#198,#1130);
#1130 = DEFINITIONAL_REPRESENTATION('',(#1131),#1135);
#1131 = LINE('',#1132,#1133);
#1132 = CARTESIAN_POINT('',(1.33226762955E-15,-0.694444444443));
#1133 = VECTOR('',#1134,1.);
#1134 = DIRECTION('',(1.,0.));
#1135 = ( GEOMETRIC_REPRESENTATION_CONTEXT(2) 
PARAMETRIC_REPRESENTATION_CONTEXT() REPRESENTATION_CONTEXT('2D SPACE',''
  ) );
#1136 = PCURVE('',#411,#1137);
#1137 = DEFINITIONAL_REPRESENTATION('',(#1138),#1142);
#1138 = LINE('',#1139,#1140);
#1139 = CARTESIAN_POINT('',(-3.020762169427,0.837981225009));
#1140 = VECTOR('',#1141,1.);
#1141 = DIRECTION('',(1.,-2.205183560772E-14));
#1142 = ( GEOMETRIC_REPRESENTATION_CONTEXT(2) 
PARAMETRIC_REPRESENTATION_CONTEXT() REPRESENTATION_CONTEXT('2D SPACE',''
  ) );
#1143 = ORIENTED_EDGE('',*,*,#1144,.T.);
#1144 = EDGE_CURVE('',#1121,#1145,#1147,.T.);
#1145 = VERTEX_POINT('',#1146);
#1146 = CARTESIAN_POINT('',(-19.40158690132,-7.358052235097,
    1.111107113595));
#1147 = SURFACE_CURVE('',#1148,(#1153,#1160),.PCURVE_S1.);
#1148 = CIRCLE('',#1149,20.749999993505);
#1149 = AXIS2_PLACEMENT_3D('',#1150,#1151,#1152);
#1150 = CARTESIAN_POINT('',(-1.287802309236E-08,-2.411414956605E-09,
    1.110588131181));
#1151 = DIRECTION('',(2.480382067818E-05,4.643892402991E-06,
    0.999999999682));
#1152 = DIRECTION('',(-0.935016215749,-0.354604957197,2.483872182134E-05
    ));
#1153 = PCURVE('',#198,#1154);
#1154 = DEFINITIONAL_REPRESENTATION('',(#1155),#1159);
#1155 = LINE('',#1156,#1157);
#1156 = CARTESIAN_POINT('',(-2.779101113298,-0.694266427284));
#1157 = VECTOR('',#1158,1.);
#1158 = DIRECTION('',(0.999999999564,-2.953814048063E-05));
#1159 = ( GEOMETRIC_REPRESENTATION_CONTEXT(2) 
PARAMETRIC_REPRESENTATION_CONTEXT() REPRESENTATION_CONTEXT('2D SPACE',''
  ) );
#1160 = PCURVE('',#743,#1161);
#1161 = DEFINITIONAL_REPRESENTATION('',(#1162),#1165);
#1162 = B_SPLINE_CURVE_WITH_KNOTS('',1,(#1163,#1164),.UNSPECIFIED.,.F.,
  .F.,(2,2),(6.041524312001,6.283185271794),.PIECEWISE_BEZIER_KNOTS.);
#1163 = CARTESIAN_POINT('',(2.299558377827E-05,7.121166288267));
#1164 = CARTESIAN_POINT('',(0.241690703734,7.121159150069));
#1165 = ( GEOMETRIC_REPRESENTATION_CONTEXT(2) 
PARAMETRIC_REPRESENTATION_CONTEXT() REPRESENTATION_CONTEXT('2D SPACE',''
  ) );
#1166 = ORIENTED_EDGE('',*,*,#1167,.T.);
#1167 = EDGE_CURVE('',#1145,#1168,#1170,.T.);
#1168 = VERTEX_POINT('',#1169);
#1169 = CARTESIAN_POINT('',(-13.75979442175,-15.53159868187,
    1.111110842923));
#1170 = SURFACE_CURVE('',#1171,(#1176,#1183),.PCURVE_S1.);
#1171 = CIRCLE('',#1172,20.75);
#1172 = AXIS2_PLACEMENT_3D('',#1173,#1174,#1175);
#1173 = CARTESIAN_POINT('',(3.335998144394E-13,3.083755473199E-13,
    1.111111111112));
#1174 = DIRECTION('',(0.,0.,1.));
#1175 = DIRECTION('',(1.,-2.514153164804E-09,0.));
#1176 = PCURVE('',#198,#1177);
#1177 = DEFINITIONAL_REPRESENTATION('',(#1178),#1182);
#1178 = LINE('',#1179,#1180);
#1179 = CARTESIAN_POINT('',(-8.437694987151E-15,-0.694444444443));
#1180 = VECTOR('',#1181,1.);
#1181 = DIRECTION('',(1.,0.));
#1182 = ( GEOMETRIC_REPRESENTATION_CONTEXT(2) 
PARAMETRIC_REPRESENTATION_CONTEXT() REPRESENTATION_CONTEXT('2D SPACE',''
  ) );
#1183 = PCURVE('',#714,#1184);
#1184 = DEFINITIONAL_REPRESENTATION('',(#1185),#1189);
#1185 = LINE('',#1186,#1187);
#1186 = CARTESIAN_POINT('',(-3.745745106457,7.121166532188));
#1187 = VECTOR('',#1188,1.);
#1188 = DIRECTION('',(1.,0.));
#1189 = ( GEOMETRIC_REPRESENTATION_CONTEXT(2) 
PARAMETRIC_REPRESENTATION_CONTEXT() REPRESENTATION_CONTEXT('2D SPACE',''
  ) );
#1190 = ORIENTED_EDGE('',*,*,#1191,.T.);
#1191 = EDGE_CURVE('',#1168,#1192,#1194,.T.);
#1192 = VERTEX_POINT('',#1193);
#1193 = CARTESIAN_POINT('',(-9.643005144954,-18.37321307732,
    1.111107124587));
#1194 = SURFACE_CURVE('',#1195,(#1200,#1207),.PCURVE_S1.);
#1195 = CIRCLE('',#1196,20.749999993499);
#1196 = AXIS2_PLACEMENT_3D('',#1197,#1198,#1199);
#1197 = CARTESIAN_POINT('',(-8.036715737347E-09,-1.03597330714E-08,
    1.110587933146));
#1198 = DIRECTION('',(1.547261295534E-05,1.99433314495E-05,
    0.999999999681));
#1199 = DIRECTION('',(-0.464723108934,-0.885456058427,2.484942446103E-05
    ));
#1200 = PCURVE('',#198,#1201);
#1201 = DEFINITIONAL_REPRESENTATION('',(#1202),#1206);
#1202 = LINE('',#1203,#1204);
#1203 = CARTESIAN_POINT('',(-2.054118197356,-0.694269314775));
#1204 = VECTOR('',#1205,1.);
#1205 = DIRECTION('',(0.999999999577,-2.907475527286E-05));
#1206 = ( GEOMETRIC_REPRESENTATION_CONTEXT(2) 
PARAMETRIC_REPRESENTATION_CONTEXT() REPRESENTATION_CONTEXT('2D SPACE',''
  ) );
#1207 = PCURVE('',#686,#1208);
#1208 = DEFINITIONAL_REPRESENTATION('',(#1209),#1212);
#1209 = B_SPLINE_CURVE_WITH_KNOTS('',1,(#1210,#1211),.UNSPECIFIED.,.F.,
  .F.,(2,2),(6.041524310332,6.283185277187),.PIECEWISE_BEZIER_KNOTS.);
#1210 = CARTESIAN_POINT('',(1.529748578477E-06,0.837980893139));
#1211 = CARTESIAN_POINT('',(0.241669247122,0.837973866934));
#1212 = ( GEOMETRIC_REPRESENTATION_CONTEXT(2) 
PARAMETRIC_REPRESENTATION_CONTEXT() REPRESENTATION_CONTEXT('2D SPACE',''
  ) );
#1213 = ORIENTED_EDGE('',*,*,#1214,.T.);
#1214 = EDGE_CURVE('',#1192,#1215,#1217,.T.);
#1215 = VERTEX_POINT('',#1216);
#1216 = CARTESIAN_POINT('',(-4.96588723645,-20.14702120743,
    1.111110863041));
#1217 = SURFACE_CURVE('',#1218,(#1223,#1230),.PCURVE_S1.);
#1218 = CIRCLE('',#1219,20.75);
#1219 = AXIS2_PLACEMENT_3D('',#1220,#1221,#1222);
#1220 = CARTESIAN_POINT('',(-7.300826609935E-14,1.797673121473E-13,
    1.111111111112));
#1221 = DIRECTION('',(0.,0.,1.));
#1222 = DIRECTION('',(1.,-2.514153164804E-09,0.));
#1223 = PCURVE('',#198,#1224);
#1224 = DEFINITIONAL_REPRESENTATION('',(#1225),#1229);
#1225 = LINE('',#1226,#1227);
#1226 = CARTESIAN_POINT('',(-7.993605777301E-15,-0.694444444443));
#1227 = VECTOR('',#1228,1.);
#1228 = DIRECTION('',(1.,0.));
#1229 = ( GEOMETRIC_REPRESENTATION_CONTEXT(2) 
PARAMETRIC_REPRESENTATION_CONTEXT() REPRESENTATION_CONTEXT('2D SPACE',''
  ) );
#1230 = PCURVE('',#657,#1231);
#1231 = DEFINITIONAL_REPRESENTATION('',(#1232),#1236);
#1232 = LINE('',#1233,#1234);
#1233 = CARTESIAN_POINT('',(-4.954049956252,0.837981225009));
#1234 = VECTOR('',#1235,1.);
#1235 = DIRECTION('',(1.,4.134795846488E-15));
#1236 = ( GEOMETRIC_REPRESENTATION_CONTEXT(2) 
PARAMETRIC_REPRESENTATION_CONTEXT() REPRESENTATION_CONTEXT('2D SPACE',''
  ) );
#1237 = ORIENTED_EDGE('',*,*,#1238,.F.);
#1238 = EDGE_CURVE('',#1239,#1215,#1241,.T.);
#1239 = VERTEX_POINT('',#1240);
#1240 = CARTESIAN_POINT('',(1.299041830233E-05,-20.7499995437,
    1.111107719122));
#1241 = SURFACE_CURVE('',#1242,(#1247,#1254),.PCURVE_S1.);
#1242 = CIRCLE('',#1243,20.749999993499);
#1243 = AXIS2_PLACEMENT_3D('',#1244,#1245,#1246);
#1244 = CARTESIAN_POINT('',(-2.301881037091E-09,-1.290749285232E-08,
    1.110587935539));
#1245 = DIRECTION('',(-4.43220019278E-06,-2.48493139991E-05,
    -0.999999999681));
#1246 = DIRECTION('',(-0.239319866898,-0.970940781239,2.518792591577E-05
    ));
#1247 = PCURVE('',#198,#1248);
#1248 = DEFINITIONAL_REPRESENTATION('',(#1249),#1253);
#1249 = LINE('',#1250,#1251);
#1250 = CARTESIAN_POINT('',(10.753908985671,-0.694627649435));
#1251 = VECTOR('',#1252,1.);
#1252 = DIRECTION('',(-0.999999999577,2.907424687588E-05));
#1253 = ( GEOMETRIC_REPRESENTATION_CONTEXT(2) 
PARAMETRIC_REPRESENTATION_CONTEXT() REPRESENTATION_CONTEXT('2D SPACE',''
  ) );
#1254 = PCURVE('',#1255,#1260);
#1255 = TOROIDAL_SURFACE('',#1256,19.74941911136,1.494846854948);
#1256 = AXIS2_PLACEMENT_3D('',#1257,#1258,#1259);
#1257 = CARTESIAN_POINT('',(-1.021824617275E-04,-5.728882436528E-04,
    -1.919852116761E-12));
#1258 = DIRECTION('',(0.,6.745519655939E-14,1.));
#1259 = DIRECTION('',(-0.239322504301,-0.970940131489,6.549495741696E-14
    ));
#1260 = DEFINITIONAL_REPRESENTATION('',(#1261),#1264);
#1261 = B_SPLINE_CURVE_WITH_KNOTS('',1,(#1262,#1263),.UNSPECIFIED.,.F.,
  .F.,(2,2),(6.041519379282,6.28318530718),.PIECEWISE_BEZIER_KNOTS.);
#1262 = CARTESIAN_POINT('',(0.241673568732,0.837973866965));
#1263 = CARTESIAN_POINT('',(8.902062193149E-07,0.837980893191));
#1264 = ( GEOMETRIC_REPRESENTATION_CONTEXT(2) 
PARAMETRIC_REPRESENTATION_CONTEXT() REPRESENTATION_CONTEXT('2D SPACE',''
  ) );
#1265 = ORIENTED_EDGE('',*,*,#1266,.T.);
#1266 = EDGE_CURVE('',#1239,#1267,#1269,.T.);
#1267 = VERTEX_POINT('',#1268);
#1268 = CARTESIAN_POINT('',(9.643016802022,-18.37320676629,
    1.111110989985));
#1269 = SURFACE_CURVE('',#1270,(#1275,#1282),.PCURVE_S1.);
#1270 = CIRCLE('',#1271,20.75);
#1271 = AXIS2_PLACEMENT_3D('',#1272,#1273,#1274);
#1272 = CARTESIAN_POINT('',(-7.300826609935E-14,1.797673121473E-13,
    1.111111111112));
#1273 = DIRECTION('',(0.,0.,1.));
#1274 = DIRECTION('',(1.,-2.514153164804E-09,0.));
#1275 = PCURVE('',#198,#1276);
#1276 = DEFINITIONAL_REPRESENTATION('',(#1277),#1281);
#1277 = LINE('',#1278,#1279);
#1278 = CARTESIAN_POINT('',(-3.552713678801E-15,-0.694444444443));
#1279 = VECTOR('',#1280,1.);
#1280 = DIRECTION('',(1.,0.));
#1281 = ( GEOMETRIC_REPRESENTATION_CONTEXT(2) 
PARAMETRIC_REPRESENTATION_CONTEXT() REPRESENTATION_CONTEXT('2D SPACE',''
  ) );
#1282 = PCURVE('',#657,#1283);
#1283 = DEFINITIONAL_REPRESENTATION('',(#1284),#1288);
#1284 = LINE('',#1285,#1286);
#1285 = CARTESIAN_POINT('',(-4.954049956252,0.837981225009));
#1286 = VECTOR('',#1287,1.);
#1287 = DIRECTION('',(1.,4.594134808625E-15));
#1288 = ( GEOMETRIC_REPRESENTATION_CONTEXT(2) 
PARAMETRIC_REPRESENTATION_CONTEXT() REPRESENTATION_CONTEXT('2D SPACE',''
  ) );
#1289 = ORIENTED_EDGE('',*,*,#1290,.T.);
#1290 = EDGE_CURVE('',#1267,#1291,#1293,.T.);
#1291 = VERTEX_POINT('',#1292);
#1292 = CARTESIAN_POINT('',(13.759883014663,-15.53152020492,
    1.111107458277));
#1293 = SURFACE_CURVE('',#1294,(#1299,#1306),.PCURVE_S1.);
#1294 = CIRCLE('',#1295,20.749999993501);
#1295 = AXIS2_PLACEMENT_3D('',#1296,#1297,#1298);
#1296 = CARTESIAN_POINT('',(6.834152133095E-09,-1.118407810807E-08,
    1.110588295655));
#1297 = DIRECTION('',(-1.315855231626E-05,2.153567720244E-05,
    0.999999999682));
#1298 = DIRECTION('',(0.663126891805,-0.748506997127,2.484539497994E-05)
  );
#1299 = PCURVE('',#198,#1300);
#1300 = DEFINITIONAL_REPRESENTATION('',(#1301),#1305);
#1301 = LINE('',#1302,#1303);
#1302 = CARTESIAN_POINT('',(-0.845807745432,-0.694269054998));
#1303 = VECTOR('',#1304,1.);
#1304 = DIRECTION('',(0.999999999577,-2.907171242204E-05));
#1305 = ( GEOMETRIC_REPRESENTATION_CONTEXT(2) 
PARAMETRIC_REPRESENTATION_CONTEXT() REPRESENTATION_CONTEXT('2D SPACE',''
  ) );
#1306 = PCURVE('',#1307,#1312);
#1307 = TOROIDAL_SURFACE('',#1308,19.74941920109,1.494847062491);
#1308 = AXIS2_PLACEMENT_3D('',#1309,#1310,#1311);
#1309 = CARTESIAN_POINT('',(3.033635199053E-04,-4.964943989815E-04,
    3.763952552331E-13));
#1310 = DIRECTION('',(1.097215169202E-14,-1.848141027519E-14,1.));
#1311 = DIRECTION('',(0.464721264714,-0.885457026695,-2.146348680234E-14
    ));
#1312 = DEFINITIONAL_REPRESENTATION('',(#1313),#1316);
#1313 = B_SPLINE_CURVE_WITH_KNOTS('',1,(#1314,#1315),.UNSPECIFIED.,.F.,
  .F.,(2,2),(6.041519275363,6.28318530718),.PIECEWISE_BEZIER_KNOTS.);
#1314 = CARTESIAN_POINT('',(9.261343206226E-07,0.83798101717));
#1315 = CARTESIAN_POINT('',(0.241673707524,0.837973991553));
#1316 = ( GEOMETRIC_REPRESENTATION_CONTEXT(2) 
PARAMETRIC_REPRESENTATION_CONTEXT() REPRESENTATION_CONTEXT('2D SPACE',''
  ) );
#1317 = ORIENTED_EDGE('',*,*,#1318,.T.);
#1318 = EDGE_CURVE('',#1291,#1319,#1321,.T.);
#1319 = VERTEX_POINT('',#1320);
#1320 = CARTESIAN_POINT('',(17.076922136128,-11.78733346514,
    1.11111094101));
#1321 = SURFACE_CURVE('',#1322,(#1327,#1334),.PCURVE_S1.);
#1322 = CIRCLE('',#1323,20.75);
#1323 = AXIS2_PLACEMENT_3D('',#1324,#1325,#1326);
#1324 = CARTESIAN_POINT('',(-7.300826609935E-14,1.797673121473E-13,
    1.111111111112));
#1325 = DIRECTION('',(0.,0.,1.));
#1326 = DIRECTION('',(1.,-2.514153164804E-09,0.));
#1327 = PCURVE('',#198,#1328);
#1328 = DEFINITIONAL_REPRESENTATION('',(#1329),#1333);
#1329 = LINE('',#1330,#1331);
#1330 = CARTESIAN_POINT('',(2.6645352591E-15,-0.694444444443));
#1331 = VECTOR('',#1332,1.);
#1332 = DIRECTION('',(1.,0.));
#1333 = ( GEOMETRIC_REPRESENTATION_CONTEXT(2) 
PARAMETRIC_REPRESENTATION_CONTEXT() REPRESENTATION_CONTEXT('2D SPACE',''
  ) );
#1334 = PCURVE('',#657,#1335);
#1335 = DEFINITIONAL_REPRESENTATION('',(#1336),#1340);
#1336 = LINE('',#1337,#1338);
#1337 = CARTESIAN_POINT('',(-4.954049956252,0.837981225009));
#1338 = VECTOR('',#1339,1.);
#1339 = DIRECTION('',(1.,4.594230906037E-15));
#1340 = ( GEOMETRIC_REPRESENTATION_CONTEXT(2) 
PARAMETRIC_REPRESENTATION_CONTEXT() REPRESENTATION_CONTEXT('2D SPACE',''
  ) );
#1341 = ORIENTED_EDGE('',*,*,#1342,.T.);
#1342 = EDGE_CURVE('',#1319,#1343,#1345,.T.);
#1343 = VERTEX_POINT('',#1344);
#1344 = CARTESIAN_POINT('',(19.401585332246,-7.358055928446,
    1.111107116538));
#1345 = SURFACE_CURVE('',#1346,(#1351,#1358),.PCURVE_S1.);
#1346 = CIRCLE('',#1347,20.749999993502);
#1347 = AXIS2_PLACEMENT_3D('',#1348,#1349,#1350);
#1348 = CARTESIAN_POINT('',(1.123938053738E-08,-6.748723802019E-09,
    1.110587989833));
#1349 = DIRECTION('',(-2.164222721917E-05,1.299603268466E-05,
    0.999999999681));
#1350 = DIRECTION('',(0.935016159854,-0.354605104581,2.484429172235E-05)
  );
#1351 = PCURVE('',#198,#1352);
#1352 = DEFINITIONAL_REPRESENTATION('',(#1353),#1357);
#1353 = LINE('',#1354,#1355);
#1354 = CARTESIAN_POINT('',(-0.362491687605,-0.69426349021));
#1355 = VECTOR('',#1356,1.);
#1356 = DIRECTION('',(0.99999999955,-3.000969250802E-05));
#1357 = ( GEOMETRIC_REPRESENTATION_CONTEXT(2) 
PARAMETRIC_REPRESENTATION_CONTEXT() REPRESENTATION_CONTEXT('2D SPACE',''
  ) );
#1358 = PCURVE('',#1359,#1364);
#1359 = TOROIDAL_SURFACE('',#1360,19.74941917192,1.494846854936);
#1360 = AXIS2_PLACEMENT_3D('',#1361,#1362,#1363);
#1361 = CARTESIAN_POINT('',(4.989501741592E-04,-2.996171370426E-04,
    -7.054560623193E-13));
#1362 = DIRECTION('',(-2.969357399806E-14,1.436311661537E-14,1.));
#1363 = DIRECTION('',(0.822982654486,-0.568066501754,3.259650176008E-14)
  );
#1364 = DEFINITIONAL_REPRESENTATION('',(#1365),#1368);
#1365 = B_SPLINE_CURVE_WITH_KNOTS('',1,(#1366,#1367),.UNSPECIFIED.,.F.,
  .F.,(2,2),(6.041525153841,6.28318530718),.PIECEWISE_BEZIER_KNOTS.);
#1366 = CARTESIAN_POINT('',(9.434951190783E-07,0.837981069231));
#1367 = CARTESIAN_POINT('',(0.241667847411,0.837973817113));
#1368 = ( GEOMETRIC_REPRESENTATION_CONTEXT(2) 
PARAMETRIC_REPRESENTATION_CONTEXT() REPRESENTATION_CONTEXT('2D SPACE',''
  ) );
#1369 = ORIENTED_EDGE('',*,*,#1370,.T.);
#1370 = EDGE_CURVE('',#1343,#1371,#1373,.T.);
#1371 = VERTEX_POINT('',#1372);
#1372 = CARTESIAN_POINT('',(20.598767938331,-2.500651886115,
    1.111107293855));
#1373 = SURFACE_CURVE('',#1374,(#1379,#1386),.PCURVE_S1.);
#1374 = CIRCLE('',#1375,20.749999993512);
#1375 = AXIS2_PLACEMENT_3D('',#1376,#1377,#1378);
#1376 = CARTESIAN_POINT('',(1.250755943261E-08,-3.856504005029E-09,
    1.110588414778));
#1377 = DIRECTION('',(-2.410362952156E-05,7.433045154137E-06,
    0.999999999682));
#1378 = DIRECTION('',(0.992711707081,-0.120513343697,2.482373634246E-05)
  );
#1379 = PCURVE('',#198,#1380);
#1380 = DEFINITIONAL_REPRESENTATION('',(#1381),#1385);
#1381 = LINE('',#1382,#1383);
#1382 = CARTESIAN_POINT('',(-0.120806973593,-0.694263596465));
#1383 = VECTOR('',#1384,1.);
#1384 = DIRECTION('',(0.99999999955,-2.999303280769E-05));
#1385 = ( GEOMETRIC_REPRESENTATION_CONTEXT(2) 
PARAMETRIC_REPRESENTATION_CONTEXT() REPRESENTATION_CONTEXT('2D SPACE',''
  ) );
#1386 = PCURVE('',#1387,#1392);
#1387 = TOROIDAL_SURFACE('',#1388,19.74941964448,1.494846854647);
#1388 = AXIS2_PLACEMENT_3D('',#1389,#1390,#1391);
#1389 = CARTESIAN_POINT('',(5.55696624461E-04,-1.713653736279E-04,
    -6.422884386627E-13));
#1390 = DIRECTION('',(-3.979436193907E-14,0.,1.));
#1391 = DIRECTION('',(0.935015277868,-0.354607431048,3.720833638602E-14)
  );
#1392 = DEFINITIONAL_REPRESENTATION('',(#1393),#1396);
#1393 = B_SPLINE_CURVE_WITH_KNOTS('',1,(#1394,#1395),.UNSPECIFIED.,.F.,
  .F.,(2,2),(6.041500593083,6.28318530718),.PIECEWISE_BEZIER_KNOTS.);
#1394 = CARTESIAN_POINT('',(7.132491447426E-07,0.837981064577));
#1395 = CARTESIAN_POINT('',(0.241692173047,0.837973815749));
#1396 = ( GEOMETRIC_REPRESENTATION_CONTEXT(2) 
PARAMETRIC_REPRESENTATION_CONTEXT() REPRESENTATION_CONTEXT('2D SPACE',''
  ) );
#1397 = ORIENTED_EDGE('',*,*,#1398,.T.);
#1398 = EDGE_CURVE('',#1371,#1399,#1401,.T.);
#1399 = VERTEX_POINT('',#1400);
#1400 = CARTESIAN_POINT('',(20.59870900837,2.50113720138,1.11111093192)
  );
#1401 = SURFACE_CURVE('',#1402,(#1407,#1414),.PCURVE_S1.);
#1402 = CIRCLE('',#1403,20.75);
#1403 = AXIS2_PLACEMENT_3D('',#1404,#1405,#1406);
#1404 = CARTESIAN_POINT('',(-7.300826609935E-14,1.797673121473E-13,
    1.111111111112));
#1405 = DIRECTION('',(0.,0.,1.));
#1406 = DIRECTION('',(1.,-2.514153164804E-09,0.));
#1407 = PCURVE('',#198,#1408);
#1408 = DEFINITIONAL_REPRESENTATION('',(#1409),#1413);
#1409 = LINE('',#1410,#1411);
#1410 = CARTESIAN_POINT('',(7.993605777301E-15,-0.694444444443));
#1411 = VECTOR('',#1412,1.);
#1412 = DIRECTION('',(1.,0.));
#1413 = ( GEOMETRIC_REPRESENTATION_CONTEXT(2) 
PARAMETRIC_REPRESENTATION_CONTEXT() REPRESENTATION_CONTEXT('2D SPACE',''
  ) );
#1414 = PCURVE('',#657,#1415);
#1415 = DEFINITIONAL_REPRESENTATION('',(#1416),#1420);
#1416 = LINE('',#1417,#1418);
#1417 = CARTESIAN_POINT('',(-4.954049956252,0.837981225009));
#1418 = VECTOR('',#1419,1.);
#1419 = DIRECTION('',(1.,-1.102699315048E-14));
#1420 = ( GEOMETRIC_REPRESENTATION_CONTEXT(2) 
PARAMETRIC_REPRESENTATION_CONTEXT() REPRESENTATION_CONTEXT('2D SPACE',''
  ) );
#1421 = ORIENTED_EDGE('',*,*,#1422,.T.);
#1422 = EDGE_CURVE('',#1399,#1423,#1425,.T.);
#1423 = VERTEX_POINT('',#1424);
#1424 = CARTESIAN_POINT('',(19.40156084961,7.35812048326,1.111107294065)
  );
#1425 = SURFACE_CURVE('',#1426,(#1431,#1438),.PCURVE_S1.);
#1426 = CIRCLE('',#1427,20.749999993503);
#1427 = AXIS2_PLACEMENT_3D('',#1428,#1429,#1430);
#1428 = CARTESIAN_POINT('',(1.288483986173E-08,2.400726839547E-09,
    1.110588056178));
#1429 = DIRECTION('',(-2.481424560057E-05,-4.623121598586E-06,
    0.999999999681));
#1430 = DIRECTION('',(0.935014979889,0.354608215876,2.484108826094E-05)
  );
#1431 = PCURVE('',#198,#1432);
#1432 = DEFINITIONAL_REPRESENTATION('',(#1433),#1437);
#1433 = LINE('',#1434,#1435);
#1434 = CARTESIAN_POINT('',(0.362495025535,-0.69426350002));
#1435 = VECTOR('',#1436,1.);
#1436 = DIRECTION('',(0.99999999955,-3.000815134906E-05));
#1437 = ( GEOMETRIC_REPRESENTATION_CONTEXT(2) 
PARAMETRIC_REPRESENTATION_CONTEXT() REPRESENTATION_CONTEXT('2D SPACE',''
  ) );
#1438 = PCURVE('',#629,#1439);
#1439 = DEFINITIONAL_REPRESENTATION('',(#1440),#1443);
#1440 = B_SPLINE_CURVE_WITH_KNOTS('',1,(#1441,#1442),.UNSPECIFIED.,.F.,
  .F.,(2,2),(6.041520826266,6.28318530718),.PIECEWISE_BEZIER_KNOTS.);
#1441 = CARTESIAN_POINT('',(6.005382014162E-06,7.121166376058));
#1442 = CARTESIAN_POINT('',(0.241677236152,7.121159124182));
#1443 = ( GEOMETRIC_REPRESENTATION_CONTEXT(2) 
PARAMETRIC_REPRESENTATION_CONTEXT() REPRESENTATION_CONTEXT('2D SPACE',''
  ) );
#1444 = ORIENTED_EDGE('',*,*,#1445,.T.);
#1445 = EDGE_CURVE('',#1423,#1446,#1448,.T.);
#1446 = VERTEX_POINT('',#1447);
#1447 = CARTESIAN_POINT('',(13.759804592014,15.53158966325,
    1.111110892035));
#1448 = SURFACE_CURVE('',#1449,(#1454,#1461),.PCURVE_S1.);
#1449 = CIRCLE('',#1450,20.75);
#1450 = AXIS2_PLACEMENT_3D('',#1451,#1452,#1453);
#1451 = CARTESIAN_POINT('',(-1.200817223435E-13,-4.867217739957E-14,
    1.111111111112));
#1452 = DIRECTION('',(0.,0.,1.));
#1453 = DIRECTION('',(1.,-2.514153164804E-09,0.));
#1454 = PCURVE('',#198,#1455);
#1455 = DEFINITIONAL_REPRESENTATION('',(#1456),#1460);
#1456 = LINE('',#1457,#1458);
#1457 = CARTESIAN_POINT('',(6.28318530718,-0.694444444443));
#1458 = VECTOR('',#1459,1.);
#1459 = DIRECTION('',(1.,0.));
#1460 = ( GEOMETRIC_REPRESENTATION_CONTEXT(2) 
PARAMETRIC_REPRESENTATION_CONTEXT() REPRESENTATION_CONTEXT('2D SPACE',''
  ) );
#1461 = PCURVE('',#600,#1462);
#1462 = DEFINITIONAL_REPRESENTATION('',(#1463),#1467);
#1463 = LINE('',#1464,#1465);
#1464 = CARTESIAN_POINT('',(-0.362491462544,7.121166532188));
#1465 = VECTOR('',#1466,1.);
#1466 = DIRECTION('',(1.,1.83766966221E-15));
#1467 = ( GEOMETRIC_REPRESENTATION_CONTEXT(2) 
PARAMETRIC_REPRESENTATION_CONTEXT() REPRESENTATION_CONTEXT('2D SPACE',''
  ) );
#1468 = ORIENTED_EDGE('',*,*,#1469,.T.);
#1469 = EDGE_CURVE('',#1446,#1470,#1472,.T.);
#1470 = VERTEX_POINT('',#1471);
#1471 = CARTESIAN_POINT('',(9.642994629632,18.373218418043,
    1.111107307217));
#1472 = SURFACE_CURVE('',#1473,(#1478,#1485),.PCURVE_S1.);
#1473 = CIRCLE('',#1474,20.7499999935);
#1474 = AXIS2_PLACEMENT_3D('',#1475,#1476,#1477);
#1475 = CARTESIAN_POINT('',(8.044236388116E-09,1.035199259647E-08,
    1.110587966621));
#1476 = DIRECTION('',(-1.548921813034E-05,-1.99315758603E-05,
    0.999999999681));
#1477 = DIRECTION('',(0.464722632258,0.885456308606,2.484672981502E-05)
  );
#1478 = PCURVE('',#198,#1479);
#1479 = DEFINITIONAL_REPRESENTATION('',(#1480),#1484);
#1480 = LINE('',#1481,#1482);
#1481 = CARTESIAN_POINT('',(1.087474994648,-0.694266691476));
#1482 = VECTOR('',#1483,1.);
#1483 = DIRECTION('',(0.999999999565,-2.949583781092E-05));
#1484 = ( GEOMETRIC_REPRESENTATION_CONTEXT(2) 
PARAMETRIC_REPRESENTATION_CONTEXT() REPRESENTATION_CONTEXT('2D SPACE',''
  ) );
#1485 = PCURVE('',#572,#1486);
#1486 = DEFINITIONAL_REPRESENTATION('',(#1487),#1490);
#1487 = B_SPLINE_CURVE_WITH_KNOTS('',1,(#1488,#1489),.UNSPECIFIED.,.F.,
  .F.,(2,2),(6.041523116908,6.28318530718),.PIECEWISE_BEZIER_KNOTS.);
#1488 = CARTESIAN_POINT('',(2.104177269696E-06,0.83798097253));
#1489 = CARTESIAN_POINT('',(0.241671044959,0.837973844451));
#1490 = ( GEOMETRIC_REPRESENTATION_CONTEXT(2) 
PARAMETRIC_REPRESENTATION_CONTEXT() REPRESENTATION_CONTEXT('2D SPACE',''
  ) );
#1491 = ORIENTED_EDGE('',*,*,#1492,.T.);
#1492 = EDGE_CURVE('',#1470,#1493,#1495,.T.);
#1493 = VERTEX_POINT('',#1494);
#1494 = CARTESIAN_POINT('',(4.965983923446,20.14699738299,1.111110892327
    ));
#1495 = SURFACE_CURVE('',#1496,(#1501,#1508),.PCURVE_S1.);
#1496 = CIRCLE('',#1497,20.75);
#1497 = AXIS2_PLACEMENT_3D('',#1498,#1499,#1500);
#1498 = CARTESIAN_POINT('',(1.907807245516E-13,4.583000645653E-13,
    1.111111111112));
#1499 = DIRECTION('',(0.,0.,1.));
#1500 = DIRECTION('',(1.,-2.514153164804E-09,0.));
#1501 = PCURVE('',#198,#1502);
#1502 = DEFINITIONAL_REPRESENTATION('',(#1503),#1507);
#1503 = LINE('',#1504,#1505);
#1504 = CARTESIAN_POINT('',(6.28318530718,-0.694444444443));
#1505 = VECTOR('',#1506,1.);
#1506 = DIRECTION('',(1.,0.));
#1507 = ( GEOMETRIC_REPRESENTATION_CONTEXT(2) 
PARAMETRIC_REPRESENTATION_CONTEXT() REPRESENTATION_CONTEXT('2D SPACE',''
  ) );
#1508 = PCURVE('',#543,#1509);
#1509 = DEFINITIONAL_REPRESENTATION('',(#1510),#1514);
#1510 = LINE('',#1511,#1512);
#1511 = CARTESIAN_POINT('',(-1.087474382603,7.121166532188));
#1512 = VECTOR('',#1513,1.);
#1513 = DIRECTION('',(1.,-7.350911439032E-15));
#1514 = ( GEOMETRIC_REPRESENTATION_CONTEXT(2) 
PARAMETRIC_REPRESENTATION_CONTEXT() REPRESENTATION_CONTEXT('2D SPACE',''
  ) );
#1515 = ORIENTED_EDGE('',*,*,#1516,.T.);
#1516 = EDGE_CURVE('',#1493,#1517,#1519,.T.);
#1517 = VERTEX_POINT('',#1518);
#1518 = CARTESIAN_POINT('',(-7.443337335063E-06,20.750000011184,
    1.111107307447));
#1519 = SURFACE_CURVE('',#1520,(#1525,#1532),.PCURVE_S1.);
#1520 = CIRCLE('',#1521,20.749999993501);
#1521 = AXIS2_PLACEMENT_3D('',#1522,#1523,#1524);
#1522 = CARTESIAN_POINT('',(2.312063873688E-09,1.2903513813E-08,
    1.110588000007));
#1523 = DIRECTION('',(-4.452253155172E-06,-2.484514463985E-05,
    0.999999999681));
#1524 = DIRECTION('',(-3.588300266931E-07,0.999999999691,
    2.484514304249E-05));
#1525 = PCURVE('',#198,#1526);
#1526 = DEFINITIONAL_REPRESENTATION('',(#1527),#1531);
#1527 = LINE('',#1528,#1529);
#1528 = CARTESIAN_POINT('',(1.570796690732,-0.694266693852));
#1529 = VECTOR('',#1530,1.);
#1530 = DIRECTION('',(0.999999999565,-2.949538633053E-05));
#1531 = ( GEOMETRIC_REPRESENTATION_CONTEXT(2) 
PARAMETRIC_REPRESENTATION_CONTEXT() REPRESENTATION_CONTEXT('2D SPACE',''
  ) );
#1532 = PCURVE('',#515,#1533);
#1533 = DEFINITIONAL_REPRESENTATION('',(#1534),#1537);
#1534 = B_SPLINE_CURVE_WITH_KNOTS('',1,(#1535,#1536),.UNSPECIFIED.,.F.,
  .F.,(2,2),(6.041514847618,6.28318530718),.PIECEWISE_BEZIER_KNOTS.);
#1535 = CARTESIAN_POINT('',(1.068095911024E-05,0.83798097305));
#1536 = CARTESIAN_POINT('',(0.241687890837,0.837973844914));
#1537 = ( GEOMETRIC_REPRESENTATION_CONTEXT(2) 
PARAMETRIC_REPRESENTATION_CONTEXT() REPRESENTATION_CONTEXT('2D SPACE',''
  ) );
#1538 = ORIENTED_EDGE('',*,*,#1539,.T.);
#1539 = EDGE_CURVE('',#1517,#183,#1540,.T.);
#1540 = SURFACE_CURVE('',#1541,(#1546,#1553),.PCURVE_S1.);
#1541 = CIRCLE('',#1542,20.75);
#1542 = AXIS2_PLACEMENT_3D('',#1543,#1544,#1545);
#1543 = CARTESIAN_POINT('',(-5.071498776488E-14,3.836930773105E-13,
    1.111111111112));
#1544 = DIRECTION('',(0.,0.,1.));
#1545 = DIRECTION('',(1.,-2.514153164804E-09,0.));
#1546 = PCURVE('',#198,#1547);
#1547 = DEFINITIONAL_REPRESENTATION('',(#1548),#1552);
#1548 = LINE('',#1549,#1550);
#1549 = CARTESIAN_POINT('',(6.28318530718,-0.694444444443));
#1550 = VECTOR('',#1551,1.);
#1551 = DIRECTION('',(1.,0.));
#1552 = ( GEOMETRIC_REPRESENTATION_CONTEXT(2) 
PARAMETRIC_REPRESENTATION_CONTEXT() REPRESENTATION_CONTEXT('2D SPACE',''
  ) );
#1553 = PCURVE('',#226,#1554);
#1554 = DEFINITIONAL_REPRESENTATION('',(#1555),#1559);
#1555 = LINE('',#1556,#1557);
#1556 = CARTESIAN_POINT('',(-1.570796323592,7.121166532188));
#1557 = VECTOR('',#1558,1.);
#1558 = DIRECTION('',(1.,-3.675306004418E-15));
#1559 = ( GEOMETRIC_REPRESENTATION_CONTEXT(2) 
PARAMETRIC_REPRESENTATION_CONTEXT() REPRESENTATION_CONTEXT('2D SPACE',''
  ) );
#1560 = ORIENTED_EDGE('',*,*,#182,.T.);
#1561 = ORIENTED_EDGE('',*,*,#343,.T.);
#1562 = ORIENTED_EDGE('',*,*,#1563,.T.);
#1563 = EDGE_CURVE('',#316,#1564,#1566,.T.);
#1564 = VERTEX_POINT('',#1565);
#1565 = CARTESIAN_POINT('',(-19.40158572306,7.358054903523,
    1.111107219453));
#1566 = SURFACE_CURVE('',#1567,(#1572,#1579),.PCURVE_S1.);
#1567 = CIRCLE('',#1568,20.749999993501);
#1568 = AXIS2_PLACEMENT_3D('',#1569,#1570,#1571);
#1569 = CARTESIAN_POINT('',(-1.124524695584E-08,6.738871682899E-09,
    1.110588259066));
#1570 = DIRECTION('',(2.165180268348E-05,-1.297555268335E-05,
    0.999999999681));
#1571 = DIRECTION('',(-0.935016159854,0.354605104581,2.484598262321E-05)
  );
#1572 = PCURVE('',#198,#1573);
#1573 = DEFINITIONAL_REPRESENTATION('',(#1574),#1578);
#1574 = LINE('',#1575,#1576);
#1575 = CARTESIAN_POINT('',(2.779100965901,-0.69426612301));
#1576 = VECTOR('',#1577,1.);
#1577 = DIRECTION('',(0.999999999564,-2.954223609165E-05));
#1578 = ( GEOMETRIC_REPRESENTATION_CONTEXT(2) 
PARAMETRIC_REPRESENTATION_CONTEXT() REPRESENTATION_CONTEXT('2D SPACE',''
  ) );
#1579 = PCURVE('',#332,#1580);
#1580 = DEFINITIONAL_REPRESENTATION('',(#1581),#1584);
#1581 = B_SPLINE_CURVE_WITH_KNOTS('',1,(#1582,#1583),.UNSPECIFIED.,.F.,
  .F.,(2,2),(6.041525192235,6.283185360036),.PIECEWISE_BEZIER_KNOTS.);
#1582 = CARTESIAN_POINT('',(9.852786531283E-07,7.121166413408));
#1583 = CARTESIAN_POINT('',(0.241667903406,7.121159274319));
#1584 = ( GEOMETRIC_REPRESENTATION_CONTEXT(2) 
PARAMETRIC_REPRESENTATION_CONTEXT() REPRESENTATION_CONTEXT('2D SPACE',''
  ) );
#1585 = ORIENTED_EDGE('',*,*,#1586,.T.);
#1586 = EDGE_CURVE('',#1564,#1587,#1589,.T.);
#1587 = VERTEX_POINT('',#1588);
#1588 = CARTESIAN_POINT('',(-20.59876793834,2.500651886117,
    1.111107306655));
#1589 = SURFACE_CURVE('',#1590,(#1595,#1602),.PCURVE_S1.);
#1590 = CIRCLE('',#1591,20.749999993523);
#1591 = AXIS2_PLACEMENT_3D('',#1592,#1593,#1594);
#1592 = CARTESIAN_POINT('',(-1.248954717425E-08,3.838956930124E-09,
    1.110588827861));
#1593 = DIRECTION('',(2.408823739916E-05,-7.404897468601E-06,
    0.999999999682));
#1594 = DIRECTION('',(-0.992711707081,0.120513343698,2.480506423065E-05)
  );
#1595 = PCURVE('',#198,#1596);
#1596 = DEFINITIONAL_REPRESENTATION('',(#1597),#1601);
#1597 = LINE('',#1598,#1599);
#1598 = CARTESIAN_POINT('',(3.020785679908,-0.694266646174));
#1599 = VECTOR('',#1600,1.);
#1600 = DIRECTION('',(0.999999999565,-2.950357626049E-05));
#1601 = ( GEOMETRIC_REPRESENTATION_CONTEXT(2) 
PARAMETRIC_REPRESENTATION_CONTEXT() REPRESENTATION_CONTEXT('2D SPACE',''
  ) );
#1602 = PCURVE('',#440,#1603);
#1603 = DEFINITIONAL_REPRESENTATION('',(#1604),#1607);
#1604 = B_SPLINE_CURVE_WITH_KNOTS('',1,(#1605,#1606),.UNSPECIFIED.,.F.,
  .F.,(2,2),(6.041500645946,6.28318530718),.PIECEWISE_BEZIER_KNOTS.);
#1605 = CARTESIAN_POINT('',(2.807864657204E-06,0.837980972097));
#1606 = CARTESIAN_POINT('',(0.241694209015,0.837973841631));
#1607 = ( GEOMETRIC_REPRESENTATION_CONTEXT(2) 
PARAMETRIC_REPRESENTATION_CONTEXT() REPRESENTATION_CONTEXT('2D SPACE',''
  ) );
#1608 = ORIENTED_EDGE('',*,*,#1609,.T.);
#1609 = EDGE_CURVE('',#1587,#1096,#1610,.T.);
#1610 = SURFACE_CURVE('',#1611,(#1616,#1623),.PCURVE_S1.);
#1611 = CIRCLE('',#1612,20.75);
#1612 = AXIS2_PLACEMENT_3D('',#1613,#1614,#1615);
#1613 = CARTESIAN_POINT('',(2.891908934544E-13,-3.359292011229E-14,
    1.111111111112));
#1614 = DIRECTION('',(0.,0.,1.));
#1615 = DIRECTION('',(1.,-2.514153164804E-09,0.));
#1616 = PCURVE('',#198,#1617);
#1617 = DEFINITIONAL_REPRESENTATION('',(#1618),#1622);
#1618 = LINE('',#1619,#1620);
#1619 = CARTESIAN_POINT('',(6.28318530718,-0.694444444443));
#1620 = VECTOR('',#1621,1.);
#1621 = DIRECTION('',(1.,0.));
#1622 = ( GEOMETRIC_REPRESENTATION_CONTEXT(2) 
PARAMETRIC_REPRESENTATION_CONTEXT() REPRESENTATION_CONTEXT('2D SPACE',''
  ) );
#1623 = PCURVE('',#411,#1624);
#1624 = DEFINITIONAL_REPRESENTATION('',(#1625),#1629);
#1625 = LINE('',#1626,#1627);
#1626 = CARTESIAN_POINT('',(-3.020762169427,0.837981225009));
#1627 = VECTOR('',#1628,1.);
#1628 = DIRECTION('',(1.,-7.352045769498E-15));
#1629 = ( GEOMETRIC_REPRESENTATION_CONTEXT(2) 
PARAMETRIC_REPRESENTATION_CONTEXT() REPRESENTATION_CONTEXT('2D SPACE',''
  ) );
#1630 = ADVANCED_FACE('',(#1631),#1387,.F.);
#1631 = FACE_BOUND('',#1632,.F.);
#1632 = EDGE_LOOP('',(#1633,#1656,#1657,#1680));
#1633 = ORIENTED_EDGE('',*,*,#1634,.F.);
#1634 = EDGE_CURVE('',#1371,#1635,#1637,.T.);
#1635 = VERTEX_POINT('',#1636);
#1636 = CARTESIAN_POINT('',(21.090000597857,-2.560317761528,
    7.348295077811E-13));
#1637 = SURFACE_CURVE('',#1638,(#1643,#1650),.PCURVE_S1.);
#1638 = CIRCLE('',#1639,1.494846854647);
#1639 = AXIS2_PLACEMENT_3D('',#1640,#1641,#1642);
#1640 = CARTESIAN_POINT('',(19.60604738024,-2.380144503349,
    1.569814839904E-13));
#1641 = DIRECTION('',(0.120508510165,0.992712294161,0.));
#1642 = DIRECTION('',(0.664091766143,-8.061621662326E-02,0.743292103926)
  );
#1643 = PCURVE('',#1387,#1644);
#1644 = DEFINITIONAL_REPRESENTATION('',(#1645),#1649);
#1645 = LINE('',#1646,#1647);
#1646 = CARTESIAN_POINT('',(0.24169207111,0.837978172055));
#1647 = VECTOR('',#1648,1.);
#1648 = DIRECTION('',(-1.059909763813E-15,-1.));
#1649 = ( GEOMETRIC_REPRESENTATION_CONTEXT(2) 
PARAMETRIC_REPRESENTATION_CONTEXT() REPRESENTATION_CONTEXT('2D SPACE',''
  ) );
#1650 = PCURVE('',#657,#1651);
#1651 = DEFINITIONAL_REPRESENTATION('',(#1652),#1655);
#1652 = B_SPLINE_CURVE_WITH_KNOTS('',1,(#1653,#1654),.UNSPECIFIED.,.F.,
  .F.,(2,2),(2.666946521611E-06,0.837978172055),
  .PIECEWISE_BEZIER_KNOTS.);
#1653 = CARTESIAN_POINT('',(1.208328272606,0.837979511548));
#1654 = CARTESIAN_POINT('',(1.208328388394,0.));
#1655 = ( GEOMETRIC_REPRESENTATION_CONTEXT(2) 
PARAMETRIC_REPRESENTATION_CONTEXT() REPRESENTATION_CONTEXT('2D SPACE',''
  ) );
#1656 = ORIENTED_EDGE('',*,*,#1370,.F.);
#1657 = ORIENTED_EDGE('',*,*,#1658,.T.);
#1658 = EDGE_CURVE('',#1343,#1659,#1661,.T.);
#1659 = VERTEX_POINT('',#1660);
#1660 = CARTESIAN_POINT('',(19.864274537705,-7.533525372159,
    -5.495484253672E-14));
#1661 = SURFACE_CURVE('',#1662,(#1667,#1673),.PCURVE_S1.);
#1662 = CIRCLE('',#1663,1.494846854936);
#1663 = AXIS2_PLACEMENT_3D('',#1664,#1665,#1666);
#1664 = CARTESIAN_POINT('',(18.46656097617,-7.003449685518,
    -5.654562199043E-14));
#1665 = DIRECTION('',(0.354600305326,0.935017980288,-2.775557561563E-17)
  );
#1666 = DIRECTION('',(0.625496171286,-0.23721590172,0.743292106562));
#1667 = PCURVE('',#1387,#1668);
#1668 = DEFINITIONAL_REPRESENTATION('',(#1669),#1672);
#1669 = B_SPLINE_CURVE_WITH_KNOTS('',1,(#1670,#1671),.UNSPECIFIED.,.F.,
  .F.,(2,2),(2.749796624003E-06,0.837978175996),
  .PIECEWISE_BEZIER_KNOTS.);
#1670 = CARTESIAN_POINT('',(8.718512636656E-07,0.837979430411));
#1671 = CARTESIAN_POINT('',(1.029057568233E-06,0.));
#1672 = ( GEOMETRIC_REPRESENTATION_CONTEXT(2) 
PARAMETRIC_REPRESENTATION_CONTEXT() REPRESENTATION_CONTEXT('2D SPACE',''
  ) );
#1673 = PCURVE('',#1359,#1674);
#1674 = DEFINITIONAL_REPRESENTATION('',(#1675),#1679);
#1675 = LINE('',#1676,#1677);
#1676 = CARTESIAN_POINT('',(0.241668006008,0.837978175997));
#1677 = VECTOR('',#1678,1.);
#1678 = DIRECTION('',(-1.05990986362E-15,-1.));
#1679 = ( GEOMETRIC_REPRESENTATION_CONTEXT(2) 
PARAMETRIC_REPRESENTATION_CONTEXT() REPRESENTATION_CONTEXT('2D SPACE',''
  ) );
#1680 = ORIENTED_EDGE('',*,*,#1681,.T.);
#1681 = EDGE_CURVE('',#1659,#1635,#1682,.T.);
#1682 = SURFACE_CURVE('',#1683,(#1688,#1694),.PCURVE_S1.);
#1683 = CIRCLE('',#1684,21.24484711634);
#1684 = AXIS2_PLACEMENT_3D('',#1685,#1686,#1687);
#1685 = CARTESIAN_POINT('',(2.074784788419E-13,-2.113864638886E-14,
    -5.495475300437E-14));
#1686 = DIRECTION('',(0.,0.,1.));
#1687 = DIRECTION('',(0.935016246708,-0.354604876436,0.));
#1688 = PCURVE('',#1387,#1689);
#1689 = DEFINITIONAL_REPRESENTATION('',(#1690),#1693);
#1690 = B_SPLINE_CURVE_WITH_KNOTS('',1,(#1691,#1692),.UNSPECIFIED.,.F.,
  .F.,(2,2),(0.,0.241683014244),.PIECEWISE_BEZIER_KNOTS.);
#1691 = CARTESIAN_POINT('',(9.988292227995E-07,0.));
#1692 = CARTESIAN_POINT('',(0.241690601675,0.));
#1693 = ( GEOMETRIC_REPRESENTATION_CONTEXT(2) 
PARAMETRIC_REPRESENTATION_CONTEXT() REPRESENTATION_CONTEXT('2D SPACE',''
  ) );
#1694 = PCURVE('',#657,#1695);
#1695 = DEFINITIONAL_REPRESENTATION('',(#1696),#1700);
#1696 = LINE('',#1697,#1698);
#1697 = CARTESIAN_POINT('',(0.966643904756,0.));
#1698 = VECTOR('',#1699,1.);
#1699 = DIRECTION('',(1.,0.));
#1700 = ( GEOMETRIC_REPRESENTATION_CONTEXT(2) 
PARAMETRIC_REPRESENTATION_CONTEXT() REPRESENTATION_CONTEXT('2D SPACE',''
  ) );
#1701 = ADVANCED_FACE('',(#1702),#1359,.F.);
#1702 = FACE_BOUND('',#1703,.F.);
#1703 = EDGE_LOOP('',(#1704,#1705,#1706,#1730));
#1704 = ORIENTED_EDGE('',*,*,#1658,.F.);
#1705 = ORIENTED_EDGE('',*,*,#1342,.F.);
#1706 = ORIENTED_EDGE('',*,*,#1707,.T.);
#1707 = EDGE_CURVE('',#1319,#1708,#1710,.T.);
#1708 = VERTEX_POINT('',#1709);
#1709 = CARTESIAN_POINT('',(17.484173437352,-12.06843828728,
    -1.297749698782E-14));
#1710 = SURFACE_CURVE('',#1711,(#1716,#1723),.PCURVE_S1.);
#1711 = CIRCLE('',#1712,1.494847116342);
#1712 = AXIS2_PLACEMENT_3D('',#1713,#1714,#1715);
#1713 = CARTESIAN_POINT('',(16.25393798388,-11.21926913913,0.));
#1714 = DIRECTION('',(0.568064260209,0.822984201715,-5.551115123126E-17)
  );
#1715 = DIRECTION('',(0.550546820376,-0.380014551404,0.74329478627));
#1716 = PCURVE('',#1359,#1717);
#1717 = DEFINITIONAL_REPRESENTATION('',(#1718),#1722);
#1718 = LINE('',#1719,#1720);
#1719 = CARTESIAN_POINT('',(9.474592330912E-07,0.837982182632));
#1720 = VECTOR('',#1721,1.);
#1721 = DIRECTION('',(4.937332206738E-08,-1.));
#1722 = ( GEOMETRIC_REPRESENTATION_CONTEXT(2) 
PARAMETRIC_REPRESENTATION_CONTEXT() REPRESENTATION_CONTEXT('2D SPACE',''
  ) );
#1723 = PCURVE('',#657,#1724);
#1724 = DEFINITIONAL_REPRESENTATION('',(#1725),#1729);
#1725 = LINE('',#1726,#1727);
#1726 = CARTESIAN_POINT('',(0.724983511227,0.837982181744));
#1727 = VECTOR('',#1728,1.);
#1728 = DIRECTION('',(-7.419318362807E-15,-1.));
#1729 = ( GEOMETRIC_REPRESENTATION_CONTEXT(2) 
PARAMETRIC_REPRESENTATION_CONTEXT() REPRESENTATION_CONTEXT('2D SPACE',''
  ) );
#1730 = ORIENTED_EDGE('',*,*,#1731,.F.);
#1731 = EDGE_CURVE('',#1659,#1708,#1732,.T.);
#1732 = SURFACE_CURVE('',#1733,(#1738,#1745),.PCURVE_S1.);
#1733 = CIRCLE('',#1734,21.24426602686);
#1734 = AXIS2_PLACEMENT_3D('',#1735,#1736,#1737);
#1735 = CARTESIAN_POINT('',(4.989501741592E-04,-2.996171370426E-04,
    -7.054560623193E-13));
#1736 = DIRECTION('',(2.969357399806E-14,-1.436311661537E-14,-1.));
#1737 = DIRECTION('',(0.935018188034,-0.354599757537,3.285718942521E-14)
  );
#1738 = PCURVE('',#1359,#1739);
#1739 = DEFINITIONAL_REPRESENTATION('',(#1740),#1744);
#1740 = LINE('',#1741,#1742);
#1741 = CARTESIAN_POINT('',(0.241668591868,0.));
#1742 = VECTOR('',#1743,1.);
#1743 = DIRECTION('',(-1.,0.));
#1744 = ( GEOMETRIC_REPRESENTATION_CONTEXT(2) 
PARAMETRIC_REPRESENTATION_CONTEXT() REPRESENTATION_CONTEXT('2D SPACE',''
  ) );
#1745 = PCURVE('',#657,#1746);
#1746 = DEFINITIONAL_REPRESENTATION('',(#1747),#1750);
#1747 = B_SPLINE_CURVE_WITH_KNOTS('',1,(#1748,#1749),.UNSPECIFIED.,.F.,
  .F.,(2,2),(6.160912517928E-07,0.24166760307),
  .PIECEWISE_BEZIER_KNOTS.);
#1748 = CARTESIAN_POINT('',(0.966643904754,0.));
#1749 = CARTESIAN_POINT('',(0.724983511192,0.));
#1750 = ( GEOMETRIC_REPRESENTATION_CONTEXT(2) 
PARAMETRIC_REPRESENTATION_CONTEXT() REPRESENTATION_CONTEXT('2D SPACE',''
  ) );
#1751 = ADVANCED_FACE('',(#1752),#1307,.F.);
#1752 = FACE_BOUND('',#1753,.F.);
#1753 = EDGE_LOOP('',(#1754,#1777,#1778,#1801));
#1754 = ORIENTED_EDGE('',*,*,#1755,.F.);
#1755 = EDGE_CURVE('',#1291,#1756,#1758,.T.);
#1756 = VERTEX_POINT('',#1757);
#1757 = CARTESIAN_POINT('',(14.088018532356,-15.90191562602,
    7.931813361355E-12));
#1758 = SURFACE_CURVE('',#1759,(#1764,#1771),.PCURVE_S1.);
#1759 = CIRCLE('',#1760,1.494847062491);
#1760 = AXIS2_PLACEMENT_3D('',#1761,#1762,#1763);
#1761 = CARTESIAN_POINT('',(13.09674547462,-14.783011937,
    -4.050262702967E-14));
#1762 = DIRECTION('',(0.748503806218,0.663130494004,0.));
#1763 = DIRECTION('',(0.443612402721,-0.500724329411,0.743292124328));
#1764 = PCURVE('',#1307,#1765);
#1765 = DEFINITIONAL_REPRESENTATION('',(#1766),#1770);
#1766 = LINE('',#1767,#1768);
#1767 = CARTESIAN_POINT('',(0.241673595936,0.837978202556));
#1768 = VECTOR('',#1769,1.);
#1769 = DIRECTION('',(6.889412631707E-15,-1.));
#1770 = ( GEOMETRIC_REPRESENTATION_CONTEXT(2) 
PARAMETRIC_REPRESENTATION_CONTEXT() REPRESENTATION_CONTEXT('2D SPACE',''
  ) );
#1771 = PCURVE('',#657,#1772);
#1772 = DEFINITIONAL_REPRESENTATION('',(#1773),#1776);
#1773 = B_SPLINE_CURVE_WITH_KNOTS('',1,(#1774,#1775),.UNSPECIFIED.,.F.,
  .F.,(2,2),(2.596118787499E-06,0.837978202548),
  .PIECEWISE_BEZIER_KNOTS.);
#1774 = CARTESIAN_POINT('',(0.483327491281,0.837979584884));
#1775 = CARTESIAN_POINT('',(0.483327605971,0.));
#1776 = ( GEOMETRIC_REPRESENTATION_CONTEXT(2) 
PARAMETRIC_REPRESENTATION_CONTEXT() REPRESENTATION_CONTEXT('2D SPACE',''
  ) );
#1777 = ORIENTED_EDGE('',*,*,#1290,.F.);
#1778 = ORIENTED_EDGE('',*,*,#1779,.T.);
#1779 = EDGE_CURVE('',#1267,#1780,#1782,.T.);
#1780 = VERTEX_POINT('',#1781);
#1781 = CARTESIAN_POINT('',(9.872984012076,-18.81137183751,
    -7.920451422572E-14));
#1782 = SURFACE_CURVE('',#1783,(#1788,#1794),.PCURVE_S1.);
#1783 = CIRCLE('',#1784,1.494847116342);
#1784 = AXIS2_PLACEMENT_3D('',#1785,#1786,#1787);
#1785 = CARTESIAN_POINT('',(9.178293179785,-17.48775097907,
    -4.245916232409E-14));
#1786 = DIRECTION('',(0.885455745776,0.464723705306,0.));
#1787 = DIRECTION('',(0.310883438317,-0.592338035658,0.743294786267));
#1788 = PCURVE('',#1307,#1789);
#1789 = DEFINITIONAL_REPRESENTATION('',(#1790),#1793);
#1790 = B_SPLINE_CURVE_WITH_KNOTS('',1,(#1791,#1792),.UNSPECIFIED.,.F.,
  .F.,(2,2),(1.009991713849E-06,0.837982181741),
  .PIECEWISE_BEZIER_KNOTS.);
#1791 = CARTESIAN_POINT('',(9.306074646881E-07,0.837981074834));
#1792 = CARTESIAN_POINT('',(9.731339157236E-07,0.));
#1793 = ( GEOMETRIC_REPRESENTATION_CONTEXT(2) 
PARAMETRIC_REPRESENTATION_CONTEXT() REPRESENTATION_CONTEXT('2D SPACE',''
  ) );
#1794 = PCURVE('',#657,#1795);
#1795 = DEFINITIONAL_REPRESENTATION('',(#1796),#1800);
#1796 = LINE('',#1797,#1798);
#1797 = CARTESIAN_POINT('',(0.241661575598,0.837982181741));
#1798 = VECTOR('',#1799,1.);
#1799 = DIRECTION('',(2.11980519287E-15,-1.));
#1800 = ( GEOMETRIC_REPRESENTATION_CONTEXT(2) 
PARAMETRIC_REPRESENTATION_CONTEXT() REPRESENTATION_CONTEXT('2D SPACE',''
  ) );
#1801 = ORIENTED_EDGE('',*,*,#1802,.F.);
#1802 = EDGE_CURVE('',#1756,#1780,#1803,.T.);
#1803 = SURFACE_CURVE('',#1804,(#1809,#1816),.PCURVE_S1.);
#1804 = CIRCLE('',#1805,21.24426626358);
#1805 = AXIS2_PLACEMENT_3D('',#1806,#1807,#1808);
#1806 = CARTESIAN_POINT('',(3.033635199053E-04,-4.964943989815E-04,
    3.767613871671E-13));
#1807 = DIRECTION('',(-1.097215169202E-14,1.848141027519E-14,-1.));
#1808 = DIRECTION('',(0.663126727536,-0.748507143071,-2.110939465055E-14
    ));
#1809 = PCURVE('',#1307,#1810);
#1810 = DEFINITIONAL_REPRESENTATION('',(#1811),#1815);
#1811 = LINE('',#1812,#1813);
#1812 = CARTESIAN_POINT('',(6.524853871131,0.));
#1813 = VECTOR('',#1814,1.);
#1814 = DIRECTION('',(-1.,0.));
#1815 = ( GEOMETRIC_REPRESENTATION_CONTEXT(2) 
PARAMETRIC_REPRESENTATION_CONTEXT() REPRESENTATION_CONTEXT('2D SPACE',''
  ) );
#1816 = PCURVE('',#657,#1817);
#1817 = DEFINITIONAL_REPRESENTATION('',(#1818),#1821);
#1818 = B_SPLINE_CURVE_WITH_KNOTS('',1,(#1819,#1820),.UNSPECIFIED.,.F.,
  .F.,(2,2),(6.2831806282,6.524852898033),.PIECEWISE_BEZIER_KNOTS.);
#1819 = CARTESIAN_POINT('',(0.483327252976,0.));
#1820 = CARTESIAN_POINT('',(0.241661575562,0.));
#1821 = ( GEOMETRIC_REPRESENTATION_CONTEXT(2) 
PARAMETRIC_REPRESENTATION_CONTEXT() REPRESENTATION_CONTEXT('2D SPACE',''
  ) );
#1822 = ADVANCED_FACE('',(#1823),#657,.F.);
#1823 = FACE_BOUND('',#1824,.F.);
#1824 = EDGE_LOOP('',(#1825,#1848,#1871,#1892,#1893,#1916,#1937,#1938,
    #1962,#1984,#1985,#1986,#1987,#1988,#1989,#1990,#1991,#1992,#1993));
#1825 = ORIENTED_EDGE('',*,*,#1826,.T.);
#1826 = EDGE_CURVE('',#1239,#1827,#1829,.T.);
#1827 = VERTEX_POINT('',#1828);
#1828 = CARTESIAN_POINT('',(1.476862020384E-05,-21.24483885423,
    -4.576116449461E-13));
#1829 = SURFACE_CURVE('',#1830,(#1835,#1841),.PCURVE_S1.);
#1830 = CIRCLE('',#1831,1.494846854948);
#1831 = AXIS2_PLACEMENT_3D('',#1832,#1833,#1834);
#1832 = CARTESIAN_POINT('',(7.43975187416E-06,-19.7499919993,
    -5.876522131371E-13));
#1833 = DIRECTION('',(0.999999999985,5.550655084258E-06,
    -4.235164736272E-22));
#1834 = DIRECTION('',(3.713204955028E-06,-0.66896697752,0.743292124924)
  );
#1835 = PCURVE('',#657,#1836);
#1836 = DEFINITIONAL_REPRESENTATION('',(#1837),#1840);
#1837 = B_SPLINE_CURVE_WITH_KNOTS('',1,(#1838,#1839),.UNSPECIFIED.,.F.,
  .F.,(2,2),(2.247759384103E-06,0.837978203444),
  .PIECEWISE_BEZIER_KNOTS.);
#1838 = CARTESIAN_POINT('',(-0.241660347308,0.837979933935));
#1839 = CARTESIAN_POINT('',(-0.241660232602,0.));
#1840 = ( GEOMETRIC_REPRESENTATION_CONTEXT(2) 
PARAMETRIC_REPRESENTATION_CONTEXT() REPRESENTATION_CONTEXT('2D SPACE',''
  ) );
#1841 = PCURVE('',#1255,#1842);
#1842 = DEFINITIONAL_REPRESENTATION('',(#1843),#1847);
#1843 = LINE('',#1844,#1845);
#1844 = CARTESIAN_POINT('',(0.241673568735,0.837978203444));
#1845 = VECTOR('',#1846,1.);
#1846 = DIRECTION('',(-6.624432461895E-17,-1.));
#1847 = ( GEOMETRIC_REPRESENTATION_CONTEXT(2) 
PARAMETRIC_REPRESENTATION_CONTEXT() REPRESENTATION_CONTEXT('2D SPACE',''
  ) );
#1848 = ORIENTED_EDGE('',*,*,#1849,.T.);
#1849 = EDGE_CURVE('',#1827,#1850,#1852,.T.);
#1850 = VERTEX_POINT('',#1851);
#1851 = CARTESIAN_POINT('',(-5.084313929083,-20.62748824254,
    -5.284635104217E-13));
#1852 = SURFACE_CURVE('',#1853,(#1858,#1864),.PCURVE_S1.);
#1853 = CIRCLE('',#1854,21.24426596631);
#1854 = AXIS2_PLACEMENT_3D('',#1855,#1856,#1857);
#1855 = CARTESIAN_POINT('',(-1.021824617275E-04,-5.728882436528E-04,
    -1.919852116761E-12));
#1856 = DIRECTION('',(0.,-6.745519655939E-14,-1.));
#1857 = DIRECTION('',(5.437317283651E-06,-0.999999999985,
    6.745519655839E-14));
#1858 = PCURVE('',#657,#1859);
#1859 = DEFINITIONAL_REPRESENTATION('',(#1860),#1863);
#1860 = B_SPLINE_CURVE_WITH_KNOTS('',1,(#1861,#1862),.UNSPECIFIED.,.F.,
  .F.,(2,2),(6.283185239431,6.524857829769),.PIECEWISE_BEZIER_KNOTS.);
#1861 = CARTESIAN_POINT('',(-0.24166027819,0.));
#1862 = CARTESIAN_POINT('',(-0.483326275065,0.));
#1863 = ( GEOMETRIC_REPRESENTATION_CONTEXT(2) 
PARAMETRIC_REPRESENTATION_CONTEXT() REPRESENTATION_CONTEXT('2D SPACE',''
  ) );
#1864 = PCURVE('',#1255,#1865);
#1865 = DEFINITIONAL_REPRESENTATION('',(#1866),#1870);
#1866 = LINE('',#1867,#1868);
#1867 = CARTESIAN_POINT('',(6.524858762577,0.));
#1868 = VECTOR('',#1869,1.);
#1869 = DIRECTION('',(-1.,0.));
#1870 = ( GEOMETRIC_REPRESENTATION_CONTEXT(2) 
PARAMETRIC_REPRESENTATION_CONTEXT() REPRESENTATION_CONTEXT('2D SPACE',''
  ) );
#1871 = ORIENTED_EDGE('',*,*,#1872,.F.);
#1872 = EDGE_CURVE('',#1215,#1850,#1873,.T.);
#1873 = SURFACE_CURVE('',#1874,(#1879,#1886),.PCURVE_S1.);
#1874 = CIRCLE('',#1875,1.494847116341);
#1875 = AXIS2_PLACEMENT_3D('',#1876,#1877,#1878);
#1876 = CARTESIAN_POINT('',(-4.726567371952,-19.17608043575,
    -1.223109018375E-14));
#1877 = DIRECTION('',(0.970940781557,-0.239319866934,0.));
#1878 = DIRECTION('',(-0.160096380244,-0.649524448385,0.743294786732));
#1879 = PCURVE('',#657,#1880);
#1880 = DEFINITIONAL_REPRESENTATION('',(#1881),#1885);
#1881 = LINE('',#1882,#1883);
#1882 = CARTESIAN_POINT('',(-0.483326275131,0.837982182436));
#1883 = VECTOR('',#1884,1.);
#1884 = DIRECTION('',(-1.059902663089E-15,-1.));
#1885 = ( GEOMETRIC_REPRESENTATION_CONTEXT(2) 
PARAMETRIC_REPRESENTATION_CONTEXT() REPRESENTATION_CONTEXT('2D SPACE',''
  ) );
#1886 = PCURVE('',#1255,#1887);
#1887 = DEFINITIONAL_REPRESENTATION('',(#1888),#1891);
#1888 = B_SPLINE_CURVE_WITH_KNOTS('',1,(#1889,#1890),.UNSPECIFIED.,.F.,
  .F.,(2,2),(1.063384895707E-06,0.837982182436),
  .PIECEWISE_BEZIER_KNOTS.);
#1889 = CARTESIAN_POINT('',(8.902061132871E-07,0.837981022675));
#1890 = CARTESIAN_POINT('',(9.327417215884E-07,0.));
#1891 = ( GEOMETRIC_REPRESENTATION_CONTEXT(2) 
PARAMETRIC_REPRESENTATION_CONTEXT() REPRESENTATION_CONTEXT('2D SPACE',''
  ) );
#1892 = ORIENTED_EDGE('',*,*,#1214,.F.);
#1893 = ORIENTED_EDGE('',*,*,#1894,.F.);
#1894 = EDGE_CURVE('',#1895,#1192,#1897,.T.);
#1895 = VERTEX_POINT('',#1896);
#1896 = CARTESIAN_POINT('',(-9.872966687799,-18.81138107046,
    1.753800636687E-14));
#1897 = SURFACE_CURVE('',#1898,(#1903,#1910),.PCURVE_S1.);
#1898 = CIRCLE('',#1899,1.494847116341);
#1899 = AXIS2_PLACEMENT_3D('',#1900,#1901,#1902);
#1900 = CARTESIAN_POINT('',(-9.178282350299,-17.48775666283,
    -1.223109018375E-14));
#1901 = DIRECTION('',(-0.885456033561,0.464723156977,0.));
#1902 = DIRECTION('',(-0.464723156977,-0.885456033561,0.));
#1903 = PCURVE('',#657,#1904);
#1904 = DEFINITIONAL_REPRESENTATION('',(#1905),#1909);
#1905 = LINE('',#1906,#1907);
#1906 = CARTESIAN_POINT('',(-0.724982903044,0.));
#1907 = VECTOR('',#1908,1.);
#1908 = DIRECTION('',(3.179714675424E-15,1.));
#1909 = ( GEOMETRIC_REPRESENTATION_CONTEXT(2) 
PARAMETRIC_REPRESENTATION_CONTEXT() REPRESENTATION_CONTEXT('2D SPACE',''
  ) );
#1910 = PCURVE('',#686,#1911);
#1911 = DEFINITIONAL_REPRESENTATION('',(#1912),#1915);
#1912 = B_SPLINE_CURVE_WITH_KNOTS('',1,(#1913,#1914),.UNSPECIFIED.,.F.,
  .F.,(2,2),(0.,0.837979356985),.PIECEWISE_BEZIER_KNOTS.);
#1913 = CARTESIAN_POINT('',(0.24166910842,0.));
#1914 = CARTESIAN_POINT('',(0.241669223128,0.837975378737));
#1915 = ( GEOMETRIC_REPRESENTATION_CONTEXT(2) 
PARAMETRIC_REPRESENTATION_CONTEXT() REPRESENTATION_CONTEXT('2D SPACE',''
  ) );
#1916 = ORIENTED_EDGE('',*,*,#1917,.F.);
#1917 = EDGE_CURVE('',#641,#1895,#1918,.T.);
#1918 = SURFACE_CURVE('',#1919,(#1924,#1931),.PCURVE_S1.);
#1919 = CIRCLE('',#1920,1.494847116341);
#1920 = AXIS2_PLACEMENT_3D('',#1921,#1922,#1923);
#1921 = CARTESIAN_POINT('',(-9.178271689955,-17.4877622578,
    -1.085063758221E-14));
#1922 = DIRECTION('',(-0.885456316851,0.464722617213,0.));
#1923 = DIRECTION('',(-0.310884624243,-0.592342064174,-0.743291079874));
#1924 = PCURVE('',#657,#1925);
#1925 = DEFINITIONAL_REPRESENTATION('',(#1926),#1930);
#1926 = LINE('',#1927,#1928);
#1927 = CARTESIAN_POINT('',(-0.724982293455,-7.12116194844));
#1928 = VECTOR('',#1929,1.);
#1929 = DIRECTION('',(1.059904651047E-15,1.));
#1930 = ( GEOMETRIC_REPRESENTATION_CONTEXT(2) 
PARAMETRIC_REPRESENTATION_CONTEXT() REPRESENTATION_CONTEXT('2D SPACE',''
  ) );
#1931 = PCURVE('',#686,#1932);
#1932 = DEFINITIONAL_REPRESENTATION('',(#1933),#1936);
#1933 = B_SPLINE_CURVE_WITH_KNOTS('',1,(#1934,#1935),.UNSPECIFIED.,.F.,
  .F.,(2,2),(6.283182401108,7.12116194844),.PIECEWISE_BEZIER_KNOTS.);
#1934 = CARTESIAN_POINT('',(0.241669832734,-0.837975569056));
#1935 = CARTESIAN_POINT('',(0.241669718025,0.));
#1936 = ( GEOMETRIC_REPRESENTATION_CONTEXT(2) 
PARAMETRIC_REPRESENTATION_CONTEXT() REPRESENTATION_CONTEXT('2D SPACE',''
  ) );
#1937 = ORIENTED_EDGE('',*,*,#640,.F.);
#1938 = ORIENTED_EDGE('',*,*,#1939,.F.);
#1939 = EDGE_CURVE('',#1940,#613,#1942,.T.);
#1940 = VERTEX_POINT('',#1941);
#1941 = CARTESIAN_POINT('',(21.089947314325,2.560790063962,
    -1.914422217009E-14));
#1942 = SURFACE_CURVE('',#1943,(#1948,#1955),.PCURVE_S1.);
#1943 = CIRCLE('',#1944,1.494847116342);
#1944 = AXIS2_PLACEMENT_3D('',#1945,#1946,#1947);
#1945 = CARTESIAN_POINT('',(19.60599876981,2.380611736147,
    -1.68483453014E-14));
#1946 = DIRECTION('',(-0.120537303096,0.992708798471,0.));
#1947 = DIRECTION('',(0.992708798471,0.120537303096,0.));
#1948 = PCURVE('',#657,#1949);
#1949 = DEFINITIONAL_REPRESENTATION('',(#1950),#1954);
#1950 = LINE('',#1951,#1952);
#1951 = CARTESIAN_POINT('',(1.449966467534,0.));
#1952 = VECTOR('',#1953,1.);
#1953 = DIRECTION('',(0.,-1.));
#1954 = ( GEOMETRIC_REPRESENTATION_CONTEXT(2) 
PARAMETRIC_REPRESENTATION_CONTEXT() REPRESENTATION_CONTEXT('2D SPACE',''
  ) );
#1955 = PCURVE('',#629,#1956);
#1956 = DEFINITIONAL_REPRESENTATION('',(#1957),#1961);
#1957 = LINE('',#1958,#1959);
#1958 = CARTESIAN_POINT('',(6.621470450133E-06,6.28318530718));
#1959 = VECTOR('',#1960,1.);
#1960 = DIRECTION('',(-4.936515683718E-08,-1.));
#1961 = ( GEOMETRIC_REPRESENTATION_CONTEXT(2) 
PARAMETRIC_REPRESENTATION_CONTEXT() REPRESENTATION_CONTEXT('2D SPACE',''
  ) );
#1962 = ORIENTED_EDGE('',*,*,#1963,.T.);
#1963 = EDGE_CURVE('',#1940,#1399,#1964,.T.);
#1964 = SURFACE_CURVE('',#1965,(#1970,#1977),.PCURVE_S1.);
#1965 = CIRCLE('',#1966,1.494846854915);
#1966 = AXIS2_PLACEMENT_3D('',#1967,#1968,#1969);
#1967 = CARTESIAN_POINT('',(19.60599992529,2.380602231641,
    -4.646440774161E-14));
#1968 = DIRECTION('',(0.120534969585,-0.99270908181,-1.220184720733E-14)
  );
#1969 = DIRECTION('',(0.99270908181,0.120534969585,1.827635453623E-14));
#1970 = PCURVE('',#657,#1971);
#1971 = DEFINITIONAL_REPRESENTATION('',(#1972),#1976);
#1972 = LINE('',#1973,#1974);
#1973 = CARTESIAN_POINT('',(1.449965851462,0.));
#1974 = VECTOR('',#1975,1.);
#1975 = DIRECTION('',(4.936424648025E-08,1.));
#1976 = ( GEOMETRIC_REPRESENTATION_CONTEXT(2) 
PARAMETRIC_REPRESENTATION_CONTEXT() REPRESENTATION_CONTEXT('2D SPACE',''
  ) );
#1977 = PCURVE('',#629,#1978);
#1978 = DEFINITIONAL_REPRESENTATION('',(#1979),#1983);
#1979 = LINE('',#1980,#1981);
#1980 = CARTESIAN_POINT('',(6.005381971374E-06,6.28318530718));
#1981 = VECTOR('',#1982,1.);
#1982 = DIRECTION('',(-8.647410403072E-18,1.));
#1983 = ( GEOMETRIC_REPRESENTATION_CONTEXT(2) 
PARAMETRIC_REPRESENTATION_CONTEXT() REPRESENTATION_CONTEXT('2D SPACE',''
  ) );
#1984 = ORIENTED_EDGE('',*,*,#1398,.F.);
#1985 = ORIENTED_EDGE('',*,*,#1634,.T.);
#1986 = ORIENTED_EDGE('',*,*,#1681,.F.);
#1987 = ORIENTED_EDGE('',*,*,#1731,.T.);
#1988 = ORIENTED_EDGE('',*,*,#1707,.F.);
#1989 = ORIENTED_EDGE('',*,*,#1318,.F.);
#1990 = ORIENTED_EDGE('',*,*,#1755,.T.);
#1991 = ORIENTED_EDGE('',*,*,#1802,.T.);
#1992 = ORIENTED_EDGE('',*,*,#1779,.F.);
#1993 = ORIENTED_EDGE('',*,*,#1266,.F.);
#1994 = ADVANCED_FACE('',(#1995),#1255,.F.);
#1995 = FACE_BOUND('',#1996,.F.);
#1996 = EDGE_LOOP('',(#1997,#1998,#1999,#2000));
#1997 = ORIENTED_EDGE('',*,*,#1826,.F.);
#1998 = ORIENTED_EDGE('',*,*,#1238,.T.);
#1999 = ORIENTED_EDGE('',*,*,#1872,.T.);
#2000 = ORIENTED_EDGE('',*,*,#1849,.F.);
#2001 = ADVANCED_FACE('',(#2002),#686,.F.);
#2002 = FACE_BOUND('',#2003,.F.);
#2003 = EDGE_LOOP('',(#2004,#2027,#2028,#2029,#2030,#2031));
#2004 = ORIENTED_EDGE('',*,*,#2005,.F.);
#2005 = EDGE_CURVE('',#670,#2006,#2008,.T.);
#2006 = VERTEX_POINT('',#2007);
#2007 = CARTESIAN_POINT('',(-14.08795903995,-15.90197848499,
    -1.329225330463E-19));
#2008 = SURFACE_CURVE('',#2009,(#2014,#2021),.PCURVE_S1.);
#2009 = CIRCLE('',#2010,1.494846854934);
#2010 = AXIS2_PLACEMENT_3D('',#2011,#2012,#2013);
#2011 = CARTESIAN_POINT('',(-13.09670744697,-14.78305605705,
    -6.329036113164E-13));
#2012 = DIRECTION('',(-0.748507902592,0.663125870222,2.775557561563E-17)
  );
#2013 = DIRECTION('',(-0.443610126663,-0.500727992057,-0.743291015345));
#2014 = PCURVE('',#686,#2015);
#2015 = DEFINITIONAL_REPRESENTATION('',(#2016),#2020);
#2016 = LINE('',#2017,#2018);
#2017 = CARTESIAN_POINT('',(-9.830400022892E-07,-7.121161851992));
#2018 = VECTOR('',#2019,1.);
#2019 = DIRECTION('',(1.159533668742E-12,1.));
#2020 = ( GEOMETRIC_REPRESENTATION_CONTEXT(2) 
PARAMETRIC_REPRESENTATION_CONTEXT() REPRESENTATION_CONTEXT('2D SPACE',''
  ) );
#2021 = PCURVE('',#714,#2022);
#2022 = DEFINITIONAL_REPRESENTATION('',(#2023),#2026);
#2023 = B_SPLINE_CURVE_WITH_KNOTS('',1,(#2024,#2025),.UNSPECIFIED.,.F.,
  .F.,(2,2),(6.283180845191,7.12116185198),.PIECEWISE_BEZIER_KNOTS.);
#2024 = CARTESIAN_POINT('',(0.241658491254,5.445204203931));
#2025 = CARTESIAN_POINT('',(0.241658448721,6.28318530718));
#2026 = ( GEOMETRIC_REPRESENTATION_CONTEXT(2) 
PARAMETRIC_REPRESENTATION_CONTEXT() REPRESENTATION_CONTEXT('2D SPACE',''
  ) );
#2027 = ORIENTED_EDGE('',*,*,#669,.F.);
#2028 = ORIENTED_EDGE('',*,*,#1917,.T.);
#2029 = ORIENTED_EDGE('',*,*,#1894,.T.);
#2030 = ORIENTED_EDGE('',*,*,#1191,.F.);
#2031 = ORIENTED_EDGE('',*,*,#2032,.F.);
#2032 = EDGE_CURVE('',#2006,#1168,#2033,.T.);
#2033 = SURFACE_CURVE('',#2034,(#2039,#2046),.PCURVE_S1.);
#2034 = CIRCLE('',#2035,1.494846854935);
#2035 = AXIS2_PLACEMENT_3D('',#2036,#2037,#2038);
#2036 = CARTESIAN_POINT('',(-13.09667020845,-14.78308904773,
    -2.811388374564E-14));
#2037 = DIRECTION('',(-0.748509573026,0.663123984703,0.));
#2038 = DIRECTION('',(-0.663123984703,-0.748509573026,0.));
#2039 = PCURVE('',#686,#2040);
#2040 = DEFINITIONAL_REPRESENTATION('',(#2041),#2045);
#2041 = LINE('',#2042,#2043);
#2042 = CARTESIAN_POINT('',(1.536041793315E-06,0.));
#2043 = VECTOR('',#2044,1.);
#2044 = DIRECTION('',(0.,1.));
#2045 = ( GEOMETRIC_REPRESENTATION_CONTEXT(2) 
PARAMETRIC_REPRESENTATION_CONTEXT() REPRESENTATION_CONTEXT('2D SPACE',''
  ) );
#2046 = PCURVE('',#714,#2047);
#2047 = DEFINITIONAL_REPRESENTATION('',(#2048),#2051);
#2048 = B_SPLINE_CURVE_WITH_KNOTS('',1,(#2049,#2050),.UNSPECIFIED.,.F.,
  .F.,(2,2),(0.,0.837981006867),.PIECEWISE_BEZIER_KNOTS.);
#2049 = CARTESIAN_POINT('',(0.241660967726,6.28318530718));
#2050 = CARTESIAN_POINT('',(0.241661010258,7.121166410448));
#2051 = ( GEOMETRIC_REPRESENTATION_CONTEXT(2) 
PARAMETRIC_REPRESENTATION_CONTEXT() REPRESENTATION_CONTEXT('2D SPACE',''
  ) );
#2052 = ADVANCED_FACE('',(#2053),#714,.F.);
#2053 = FACE_BOUND('',#2054,.F.);
#2054 = EDGE_LOOP('',(#2055,#2056,#2057,#2080,#2101,#2102));
#2055 = ORIENTED_EDGE('',*,*,#2032,.T.);
#2056 = ORIENTED_EDGE('',*,*,#1167,.F.);
#2057 = ORIENTED_EDGE('',*,*,#2058,.F.);
#2058 = EDGE_CURVE('',#2059,#1145,#2061,.T.);
#2059 = VERTEX_POINT('',#2060);
#2060 = CARTESIAN_POINT('',(-19.86425642661,-7.53358119429,
    8.102758896939E-12));
#2061 = SURFACE_CURVE('',#2062,(#2067,#2074),.PCURVE_S1.);
#2062 = CIRCLE('',#2063,1.494847116342);
#2063 = AXIS2_PLACEMENT_3D('',#2064,#2065,#2066);
#2064 = CARTESIAN_POINT('',(-18.46657071359,-7.003446728567,
    -5.648863893651E-14));
#2065 = DIRECTION('',(-0.354604897649,0.935016238663,0.));
#2066 = DIRECTION('',(-0.935016238663,-0.354604897649,2.48689957516E-14)
  );
#2067 = PCURVE('',#714,#2068);
#2068 = DEFINITIONAL_REPRESENTATION('',(#2069),#2073);
#2069 = LINE('',#2070,#2071);
#2070 = CARTESIAN_POINT('',(-0.24166097898,6.28318530718));
#2071 = VECTOR('',#2072,1.);
#2072 = DIRECTION('',(0.,1.));
#2073 = ( GEOMETRIC_REPRESENTATION_CONTEXT(2) 
PARAMETRIC_REPRESENTATION_CONTEXT() REPRESENTATION_CONTEXT('2D SPACE',''
  ) );
#2074 = PCURVE('',#743,#2075);
#2075 = DEFINITIONAL_REPRESENTATION('',(#2076),#2079);
#2076 = B_SPLINE_CURVE_WITH_KNOTS('',1,(#2077,#2078),.UNSPECIFIED.,.F.,
  .F.,(2,2),(0.,0.837979352377),.PIECEWISE_BEZIER_KNOTS.);
#2077 = CARTESIAN_POINT('',(0.241690560168,6.28318530718));
#2078 = CARTESIAN_POINT('',(0.241690675427,7.121160668029));
#2079 = ( GEOMETRIC_REPRESENTATION_CONTEXT(2) 
PARAMETRIC_REPRESENTATION_CONTEXT() REPRESENTATION_CONTEXT('2D SPACE',''
  ) );
#2080 = ORIENTED_EDGE('',*,*,#2081,.F.);
#2081 = EDGE_CURVE('',#698,#2059,#2082,.T.);
#2082 = SURFACE_CURVE('',#2083,(#2088,#2095),.PCURVE_S1.);
#2083 = CIRCLE('',#2084,1.494847116342);
#2084 = AXIS2_PLACEMENT_3D('',#2085,#2086,#2087);
#2085 = CARTESIAN_POINT('',(-18.46653238451,-7.003547793203,
    -5.47033660826E-14));
#2086 = DIRECTION('',(-0.354610014846,0.93501429795,0.));
#2087 = DIRECTION('',(-0.625494774546,-0.237222801591,-0.743291079875));
#2088 = PCURVE('',#714,#2089);
#2089 = DEFINITIONAL_REPRESENTATION('',(#2090),#2094);
#2090 = LINE('',#2091,#2092);
#2091 = CARTESIAN_POINT('',(-0.241655506132,-0.837976641264));
#2092 = VECTOR('',#2093,1.);
#2093 = DIRECTION('',(-3.17971398042E-15,1.));
#2094 = ( GEOMETRIC_REPRESENTATION_CONTEXT(2) 
PARAMETRIC_REPRESENTATION_CONTEXT() REPRESENTATION_CONTEXT('2D SPACE',''
  ) );
#2095 = PCURVE('',#743,#2096);
#2096 = DEFINITIONAL_REPRESENTATION('',(#2097),#2100);
#2097 = B_SPLINE_CURVE_WITH_KNOTS('',1,(#2098,#2099),.UNSPECIFIED.,.F.,
  .F.,(2,2),(6.2831824083,7.121161948447),.PIECEWISE_BEZIER_KNOTS.);
#2098 = CARTESIAN_POINT('',(0.241696148426,5.445209758838));
#2099 = CARTESIAN_POINT('',(0.241696033164,6.28318530718));
#2100 = ( GEOMETRIC_REPRESENTATION_CONTEXT(2) 
PARAMETRIC_REPRESENTATION_CONTEXT() REPRESENTATION_CONTEXT('2D SPACE',''
  ) );
#2101 = ORIENTED_EDGE('',*,*,#697,.F.);
#2102 = ORIENTED_EDGE('',*,*,#2005,.T.);
#2103 = ADVANCED_FACE('',(#2104),#743,.F.);
#2104 = FACE_BOUND('',#2105,.F.);
#2105 = EDGE_LOOP('',(#2106,#2107,#2108,#2131,#2152,#2153));
#2106 = ORIENTED_EDGE('',*,*,#2058,.T.);
#2107 = ORIENTED_EDGE('',*,*,#1144,.F.);
#2108 = ORIENTED_EDGE('',*,*,#2109,.F.);
#2109 = EDGE_CURVE('',#2110,#1121,#2112,.T.);
#2110 = VERTEX_POINT('',#2111);
#2111 = CARTESIAN_POINT('',(-21.08997700138,-2.560543653894,
    -5.552038853978E-14));
#2112 = SURFACE_CURVE('',#2113,(#2118,#2125),.PCURVE_S1.);
#2113 = CIRCLE('',#2114,1.494846854915);
#2114 = AXIS2_PLACEMENT_3D('',#2115,#2116,#2117);
#2115 = CARTESIAN_POINT('',(-19.60599982386,-2.380602255794,
    -4.456330753417E-11));
#2116 = DIRECTION('',(-0.120534945542,0.992709084729,-1.841822848308E-11
    ));
#2117 = DIRECTION('',(-0.992709084729,-0.120534945542,2.979848171386E-11
    ));
#2118 = PCURVE('',#743,#2119);
#2119 = DEFINITIONAL_REPRESENTATION('',(#2120),#2124);
#2120 = LINE('',#2121,#2122);
#2121 = CARTESIAN_POINT('',(2.299557286846E-05,6.28318530718));
#2122 = VECTOR('',#2123,1.);
#2123 = DIRECTION('',(1.294867002151E-11,1.));
#2124 = ( GEOMETRIC_REPRESENTATION_CONTEXT(2) 
PARAMETRIC_REPRESENTATION_CONTEXT() REPRESENTATION_CONTEXT('2D SPACE',''
  ) );
#2125 = PCURVE('',#411,#2126);
#2126 = DEFINITIONAL_REPRESENTATION('',(#2127),#2130);
#2127 = B_SPLINE_CURVE_WITH_KNOTS('',1,(#2128,#2129),.UNSPECIFIED.,.F.,
  .F.,(2,2),(0.,0.837981075683),.PIECEWISE_BEZIER_KNOTS.);
#2128 = CARTESIAN_POINT('',(0.241660984697,0.));
#2129 = CARTESIAN_POINT('',(0.24166102664,0.837981123611));
#2130 = ( GEOMETRIC_REPRESENTATION_CONTEXT(2) 
PARAMETRIC_REPRESENTATION_CONTEXT() REPRESENTATION_CONTEXT('2D SPACE',''
  ) );
#2131 = ORIENTED_EDGE('',*,*,#2132,.F.);
#2132 = EDGE_CURVE('',#727,#2110,#2133,.T.);
#2133 = SURFACE_CURVE('',#2134,(#2139,#2146),.PCURVE_S1.);
#2134 = CIRCLE('',#2135,1.494846854925);
#2135 = AXIS2_PLACEMENT_3D('',#2136,#2137,#2138);
#2136 = CARTESIAN_POINT('',(-19.60605397405,-2.380156241806,
    -2.995490000949E-12));
#2137 = DIRECTION('',(-0.120512362415,0.992711826516,-2.266686838226E-12
    ));
#2138 = DIRECTION('',(-0.664092618439,-8.061893509715E-02,
    -0.743291047598));
#2139 = PCURVE('',#743,#2140);
#2140 = DEFINITIONAL_REPRESENTATION('',(#2141),#2145);
#2141 = LINE('',#2142,#2143);
#2142 = CARTESIAN_POINT('',(2.461245812921E-07,-0.837976593013));
#2143 = VECTOR('',#2144,1.);
#2144 = DIRECTION('',(2.419599707832E-16,1.));
#2145 = ( GEOMETRIC_REPRESENTATION_CONTEXT(2) 
PARAMETRIC_REPRESENTATION_CONTEXT() REPRESENTATION_CONTEXT('2D SPACE',''
  ) );
#2146 = PCURVE('',#411,#2147);
#2147 = DEFINITIONAL_REPRESENTATION('',(#2148),#2151);
#2148 = B_SPLINE_CURVE_WITH_KNOTS('',1,(#2149,#2150),.UNSPECIFIED.,.F.,
  .F.,(2,2),(6.283180824984,7.121161900195),.PIECEWISE_BEZIER_KNOTS.);
#2149 = CARTESIAN_POINT('',(0.241638277817,-0.837981123439));
#2150 = CARTESIAN_POINT('',(0.24163823587,0.));
#2151 = ( GEOMETRIC_REPRESENTATION_CONTEXT(2) 
PARAMETRIC_REPRESENTATION_CONTEXT() REPRESENTATION_CONTEXT('2D SPACE',''
  ) );
#2152 = ORIENTED_EDGE('',*,*,#726,.F.);
#2153 = ORIENTED_EDGE('',*,*,#2081,.T.);
#2154 = ADVANCED_FACE('',(#2155),#411,.F.);
#2155 = FACE_BOUND('',#2156,.F.);
#2156 = EDGE_LOOP('',(#2157,#2193,#2194,#2195,#2196,#2197,#2198,#2199));
#2157 = ORIENTED_EDGE('',*,*,#2158,.T.);
#2158 = EDGE_CURVE('',#2159,#395,#2161,.T.);
#2159 = VERTEX_POINT('',#2160);
#2160 = CARTESIAN_POINT('',(-21.08997466434,2.56053147721,
    -1.112435492147E-09));
#2161 = SURFACE_CURVE('',#2162,(#2181,#2187),.PCURVE_S1.);
#2162 = B_SPLINE_CURVE_WITH_KNOTS('',3,(#2163,#2164,#2165,#2166,#2167,
    #2168,#2169,#2170,#2171,#2172,#2173,#2174,#2175,#2176,#2177,#2178,
    #2179,#2180),.UNSPECIFIED.,.F.,.F.,(4,2,2,2,2,2,2,2,4),(
    1.14316098053E-09,0.142228490266,0.25,0.39657323322,0.5,
    0.641244875368,0.75,0.894124145728,0.999999422975),.UNSPECIFIED.);
#2163 = CARTESIAN_POINT('',(-21.08994907184,2.560776668041,
    -1.430595589026E-09));
#2164 = CARTESIAN_POINT('',(-21.08994909028,2.56077651575,
    -5.942313042534E-02));
#2165 = CARTESIAN_POINT('',(-21.08642812249,2.560342399749,
    -0.118840482275));
#2166 = CARTESIAN_POINT('',(-21.07409951173,2.558819718932,
    -0.222522905281));
#2167 = CARTESIAN_POINT('',(-21.06678036748,2.557915313883,
    -0.266971465689));
#2168 = CARTESIAN_POINT('',(-21.04485146232,2.555203126842,
    -0.370856946075));
#2169 = CARTESIAN_POINT('',(-21.02856362575,2.553187068969,
    -0.429929592805));
#2170 = CARTESIAN_POINT('',(-20.99476288136,2.549016905975,
    -0.528589026867));
#2171 = CARTESIAN_POINT('',(-20.97902303539,2.547078262451,
    -0.56879327421));
#2172 = CARTESIAN_POINT('',(-20.93776905799,2.54201150618,
    -0.662105299427));
#2173 = CARTESIAN_POINT('',(-20.91078247252,2.538707441353,
    -0.714556722919));
#2174 = CARTESIAN_POINT('',(-20.85774847955,2.532173181263,
    -0.804227505877));
#2175 = CARTESIAN_POINT('',(-20.83291392078,2.529100942644,
    -0.84217571387));
#2176 = CARTESIAN_POINT('',(-20.77131590622,2.521419853004,
    -0.927576437897));
#2177 = CARTESIAN_POINT('',(-20.73329719967,2.516635484816,
    -0.97410689607));
#2178 = CARTESIAN_POINT('',(-20.66276333547,2.507810787995,
    -1.050519680459));
#2179 = CARTESIAN_POINT('',(-20.63146618275,2.503910052561,
    -1.081543666073));
#2180 = CARTESIAN_POINT('',(-20.59886254881,2.499887942806,
    -1.111109418859));
#2181 = PCURVE('',#411,#2182);
#2182 = DEFINITIONAL_REPRESENTATION('',(#2183),#2186);
#2183 = B_SPLINE_CURVE_WITH_KNOTS('',1,(#2184,#2185),.UNSPECIFIED.,.F.,
  .F.,(2,2),(1.396996938775E-09,0.999999422975),
  .PIECEWISE_BEZIER_KNOTS.);
#2184 = CARTESIAN_POINT('',(3.165438969206E-07,-1.16981269116E-09));
#2185 = CARTESIAN_POINT('',(6.060546902268E-05,-0.837979532757));
#2186 = ( GEOMETRIC_REPRESENTATION_CONTEXT(2) 
PARAMETRIC_REPRESENTATION_CONTEXT() REPRESENTATION_CONTEXT('2D SPACE',''
  ) );
#2187 = PCURVE('',#440,#2188);
#2188 = DEFINITIONAL_REPRESENTATION('',(#2189),#2192);
#2189 = B_SPLINE_CURVE_WITH_KNOTS('',1,(#2190,#2191),.UNSPECIFIED.,.F.,
  .F.,(2,2),(1.396996938775E-09,0.999999422975),
  .PIECEWISE_BEZIER_KNOTS.);
#2190 = CARTESIAN_POINT('',(0.241670902043,-1.145254557855E-09));
#2191 = CARTESIAN_POINT('',(0.241731307733,-0.83797553881));
#2192 = ( GEOMETRIC_REPRESENTATION_CONTEXT(2) 
PARAMETRIC_REPRESENTATION_CONTEXT() REPRESENTATION_CONTEXT('2D SPACE',''
  ) );
#2193 = ORIENTED_EDGE('',*,*,#394,.F.);
#2194 = ORIENTED_EDGE('',*,*,#754,.F.);
#2195 = ORIENTED_EDGE('',*,*,#2132,.T.);
#2196 = ORIENTED_EDGE('',*,*,#2109,.T.);
#2197 = ORIENTED_EDGE('',*,*,#1120,.F.);
#2198 = ORIENTED_EDGE('',*,*,#1609,.F.);
#2199 = ORIENTED_EDGE('',*,*,#2200,.T.);
#2200 = EDGE_CURVE('',#1587,#2159,#2201,.T.);
#2201 = SURFACE_CURVE('',#2202,(#2207,#2213),.PCURVE_S1.);
#2202 = CIRCLE('',#2203,1.494846854647);
#2203 = AXIS2_PLACEMENT_3D('',#2204,#2205,#2206);
#2204 = CARTESIAN_POINT('',(-19.60604741086,2.380144481837,
    6.113139087798E-12));
#2205 = DIRECTION('',(-0.120508535026,-0.992712291143,2.342667726474E-12
    ));
#2206 = DIRECTION('',(-0.664091753923,8.061623201788E-02,0.743292113174)
  );
#2207 = PCURVE('',#411,#2208);
#2208 = DEFINITIONAL_REPRESENTATION('',(#2209),#2212);
#2209 = B_SPLINE_CURVE_WITH_KNOTS('',1,(#2210,#2211),.UNSPECIFIED.,.F.,
  .F.,(2,2),(2.661227564792E-06,0.837978186628),
  .PIECEWISE_BEZIER_KNOTS.);
#2210 = CARTESIAN_POINT('',(2.340584057505E-05,0.837979517269));
#2211 = CARTESIAN_POINT('',(2.35210456481E-05,0.));
#2212 = ( GEOMETRIC_REPRESENTATION_CONTEXT(2) 
PARAMETRIC_REPRESENTATION_CONTEXT() REPRESENTATION_CONTEXT('2D SPACE',''
  ) );
#2213 = PCURVE('',#440,#2214);
#2214 = DEFINITIONAL_REPRESENTATION('',(#2215),#2219);
#2215 = LINE('',#2216,#2217);
#2216 = CARTESIAN_POINT('',(0.241694107078,0.837978186466));
#2217 = VECTOR('',#2218,1.);
#2218 = DIRECTION('',(1.106258928765E-10,-1.));
#2219 = ( GEOMETRIC_REPRESENTATION_CONTEXT(2) 
PARAMETRIC_REPRESENTATION_CONTEXT() REPRESENTATION_CONTEXT('2D SPACE',''
  ) );
#2220 = ADVANCED_FACE('',(#2221),#440,.F.);
#2221 = FACE_BOUND('',#2222,.F.);
#2222 = EDGE_LOOP('',(#2223,#2224,#2225,#2248,#2269,#2270));
#2223 = ORIENTED_EDGE('',*,*,#2200,.F.);
#2224 = ORIENTED_EDGE('',*,*,#1586,.F.);
#2225 = ORIENTED_EDGE('',*,*,#2226,.T.);
#2226 = EDGE_CURVE('',#1564,#2227,#2229,.T.);
#2227 = VERTEX_POINT('',#2228);
#2228 = CARTESIAN_POINT('',(-19.86427199087,7.533517070472,
    3.204526359246E-11));
#2229 = SURFACE_CURVE('',#2230,(#2235,#2241),.PCURVE_S1.);
#2230 = CIRCLE('',#2231,1.494847062554);
#2231 = AXIS2_PLACEMENT_3D('',#2232,#2233,#2234);
#2232 = CARTESIAN_POINT('',(-18.46656101104,7.003449671968,
    -3.037299202995E-11));
#2233 = DIRECTION('',(-0.354600328748,-0.935017971406,
    -1.250599623859E-11));
#2234 = DIRECTION('',(-0.625496155729,0.237215913732,0.74329211582));
#2235 = PCURVE('',#440,#2236);
#2236 = DEFINITIONAL_REPRESENTATION('',(#2237),#2240);
#2237 = B_SPLINE_CURVE_WITH_KNOTS('',1,(#2238,#2239),.UNSPECIFIED.,.F.,
  .F.,(2,2),(2.704728961949E-06,0.837978189794),
  .PIECEWISE_BEZIER_KNOTS.);
#2238 = CARTESIAN_POINT('',(2.913602360107E-06,0.837979424465));
#2239 = CARTESIAN_POINT('',(3.07076579234E-06,0.));
#2240 = ( GEOMETRIC_REPRESENTATION_CONTEXT(2) 
PARAMETRIC_REPRESENTATION_CONTEXT() REPRESENTATION_CONTEXT('2D SPACE',''
  ) );
#2241 = PCURVE('',#332,#2242);
#2242 = DEFINITIONAL_REPRESENTATION('',(#2243),#2247);
#2243 = LINE('',#2244,#2245);
#2244 = CARTESIAN_POINT('',(0.241668009145,7.121163497022));
#2245 = VECTOR('',#2246,1.);
#2246 = DIRECTION('',(2.119819578207E-15,-1.));
#2247 = ( GEOMETRIC_REPRESENTATION_CONTEXT(2) 
PARAMETRIC_REPRESENTATION_CONTEXT() REPRESENTATION_CONTEXT('2D SPACE',''
  ) );
#2248 = ORIENTED_EDGE('',*,*,#2249,.T.);
#2249 = EDGE_CURVE('',#2227,#424,#2250,.T.);
#2250 = SURFACE_CURVE('',#2251,(#2256,#2262),.PCURVE_S1.);
#2251 = CIRCLE('',#2252,1.494846854936);
#2252 = AXIS2_PLACEMENT_3D('',#2253,#2254,#2255);
#2253 = CARTESIAN_POINT('',(-18.466565118,7.003438842655,
    5.110768210086E-12));
#2254 = DIRECTION('',(-0.354599780413,-0.935018179359,2.135192060323E-12
    ));
#2255 = DIRECTION('',(-0.935018179359,0.354599780413,-3.432202990815E-12
    ));
#2256 = PCURVE('',#440,#2257);
#2257 = DEFINITIONAL_REPRESENTATION('',(#2258),#2261);
#2258 = B_SPLINE_CURVE_WITH_KNOTS('',1,(#2259,#2260),.UNSPECIFIED.,.F.,
  .F.,(2,2),(0.,0.837975487861),.PIECEWISE_BEZIER_KNOTS.);
#2259 = CARTESIAN_POINT('',(3.657210034649E-06,0.));
#2260 = CARTESIAN_POINT('',(3.500047527667E-06,-0.837979427301));
#2261 = ( GEOMETRIC_REPRESENTATION_CONTEXT(2) 
PARAMETRIC_REPRESENTATION_CONTEXT() REPRESENTATION_CONTEXT('2D SPACE',''
  ) );
#2262 = PCURVE('',#332,#2263);
#2263 = DEFINITIONAL_REPRESENTATION('',(#2264),#2268);
#2264 = LINE('',#2265,#2266);
#2265 = CARTESIAN_POINT('',(0.241668595589,6.28318530718));
#2266 = VECTOR('',#2267,1.);
#2267 = DIRECTION('',(9.530245082003E-13,-1.));
#2268 = ( GEOMETRIC_REPRESENTATION_CONTEXT(2) 
PARAMETRIC_REPRESENTATION_CONTEXT() REPRESENTATION_CONTEXT('2D SPACE',''
  ) );
#2269 = ORIENTED_EDGE('',*,*,#423,.F.);
#2270 = ORIENTED_EDGE('',*,*,#2158,.F.);
#2271 = ADVANCED_FACE('',(#2272),#332,.F.);
#2272 = FACE_BOUND('',#2273,.F.);
#2273 = EDGE_LOOP('',(#2274,#2275,#2276,#2277,#2278));
#2274 = ORIENTED_EDGE('',*,*,#451,.F.);
#2275 = ORIENTED_EDGE('',*,*,#2249,.F.);
#2276 = ORIENTED_EDGE('',*,*,#2226,.F.);
#2277 = ORIENTED_EDGE('',*,*,#1563,.F.);
#2278 = ORIENTED_EDGE('',*,*,#315,.T.);
#2279 = ADVANCED_FACE('',(#2280),#629,.F.);
#2280 = FACE_BOUND('',#2281,.F.);
#2281 = EDGE_LOOP('',(#2282,#2283,#2284,#2307,#2328,#2329));
#2282 = ORIENTED_EDGE('',*,*,#1939,.T.);
#2283 = ORIENTED_EDGE('',*,*,#612,.F.);
#2284 = ORIENTED_EDGE('',*,*,#2285,.F.);
#2285 = EDGE_CURVE('',#2286,#584,#2288,.T.);
#2286 = VERTEX_POINT('',#2287);
#2287 = CARTESIAN_POINT('',(19.864253614599,7.533565154466,
    -1.576952944356E-18));
#2288 = SURFACE_CURVE('',#2289,(#2294,#2301),.PCURVE_S1.);
#2289 = CIRCLE('',#2290,1.494846854925);
#2290 = AXIS2_PLACEMENT_3D('',#2291,#2292,#2293);
#2291 = CARTESIAN_POINT('',(18.46656144196,7.003448459622,
    -2.717485695109E-13));
#2292 = DIRECTION('',(-0.354610015445,0.935014297723,0.));
#2293 = DIRECTION('',(0.935014297723,0.354610015445,1.674848432226E-13)
  );
#2294 = PCURVE('',#629,#2295);
#2295 = DEFINITIONAL_REPRESENTATION('',(#2296),#2300);
#2296 = LINE('',#2297,#2298);
#2297 = CARTESIAN_POINT('',(0.241674187436,6.28318530718));
#2298 = VECTOR('',#2299,1.);
#2299 = DIRECTION('',(1.802817072633E-11,-1.));
#2300 = ( GEOMETRIC_REPRESENTATION_CONTEXT(2) 
PARAMETRIC_REPRESENTATION_CONTEXT() REPRESENTATION_CONTEXT('2D SPACE',''
  ) );
#2301 = PCURVE('',#600,#2302);
#2302 = DEFINITIONAL_REPRESENTATION('',(#2303),#2306);
#2303 = B_SPLINE_CURVE_WITH_KNOTS('',1,(#2304,#2305),.UNSPECIFIED.,.F.,
  .F.,(2,2),(0.,0.837975508063),.PIECEWISE_BEZIER_KNOTS.);
#2304 = CARTESIAN_POINT('',(6.274160352257E-07,6.28318530718));
#2305 = CARTESIAN_POINT('',(5.115775884097E-07,5.445205793725));
#2306 = ( GEOMETRIC_REPRESENTATION_CONTEXT(2) 
PARAMETRIC_REPRESENTATION_CONTEXT() REPRESENTATION_CONTEXT('2D SPACE',''
  ) );
#2307 = ORIENTED_EDGE('',*,*,#2308,.F.);
#2308 = EDGE_CURVE('',#1423,#2286,#2309,.T.);
#2309 = SURFACE_CURVE('',#2310,(#2315,#2322),.PCURVE_S1.);
#2310 = CIRCLE('',#2311,1.494846854915);
#2311 = AXIS2_PLACEMENT_3D('',#2312,#2313,#2314);
#2312 = CARTESIAN_POINT('',(18.4665409724,7.003502430618,
    -2.986638385185E-14));
#2313 = DIRECTION('',(-0.354612748882,0.935013261045,-2.775557561563E-17
    ));
#2314 = DIRECTION('',(0.625493014638,0.237224226188,0.743292106206));
#2315 = PCURVE('',#629,#2316);
#2316 = DEFINITIONAL_REPRESENTATION('',(#2317),#2321);
#2317 = LINE('',#2318,#2319);
#2318 = CARTESIAN_POINT('',(0.241677110222,7.121163482644));
#2319 = VECTOR('',#2320,1.);
#2320 = DIRECTION('',(-1.358009384038E-15,-1.));
#2321 = ( GEOMETRIC_REPRESENTATION_CONTEXT(2) 
PARAMETRIC_REPRESENTATION_CONTEXT() REPRESENTATION_CONTEXT('2D SPACE',''
  ) );
#2322 = PCURVE('',#600,#2323);
#2323 = DEFINITIONAL_REPRESENTATION('',(#2324),#2327);
#2324 = B_SPLINE_CURVE_WITH_KNOTS('',1,(#2325,#2326),.UNSPECIFIED.,.F.,
  .F.,(2,2),(2.66983317396E-06,0.837978175463),
  .PIECEWISE_BEZIER_KNOTS.);
#2325 = CARTESIAN_POINT('',(3.434267038617E-06,7.121164818646));
#2326 = CARTESIAN_POINT('',(3.550122468797E-06,6.28318530718));
#2327 = ( GEOMETRIC_REPRESENTATION_CONTEXT(2) 
PARAMETRIC_REPRESENTATION_CONTEXT() REPRESENTATION_CONTEXT('2D SPACE',''
  ) );
#2328 = ORIENTED_EDGE('',*,*,#1422,.F.);
#2329 = ORIENTED_EDGE('',*,*,#1963,.F.);
#2330 = ADVANCED_FACE('',(#2331),#600,.F.);
#2331 = FACE_BOUND('',#2332,.F.);
#2332 = EDGE_LOOP('',(#2333,#2356,#2377,#2378,#2379,#2380));
#2333 = ORIENTED_EDGE('',*,*,#2334,.F.);
#2334 = EDGE_CURVE('',#2335,#556,#2337,.T.);
#2335 = VERTEX_POINT('',#2336);
#2336 = CARTESIAN_POINT('',(14.087939290628,15.901996589743,
    -4.026444251529E-11));
#2337 = SURFACE_CURVE('',#2338,(#2343,#2350),.PCURVE_S1.);
#2338 = CIRCLE('',#2339,1.494847116342);
#2339 = AXIS2_PLACEMENT_3D('',#2340,#2341,#2342);
#2340 = CARTESIAN_POINT('',(13.09666322512,14.78309549343,0.));
#2341 = DIRECTION('',(-0.748511164224,0.663122188614,7.88860905221E-31)
  );
#2342 = DIRECTION('',(0.663122188614,0.748511164224,-1.33226762955E-14)
  );
#2343 = PCURVE('',#600,#2344);
#2344 = DEFINITIONAL_REPRESENTATION('',(#2345),#2349);
#2345 = LINE('',#2346,#2347);
#2346 = CARTESIAN_POINT('',(0.483322574121,6.28318530718));
#2347 = VECTOR('',#2348,1.);
#2348 = DIRECTION('',(2.318537049484E-15,-1.));
#2349 = ( GEOMETRIC_REPRESENTATION_CONTEXT(2) 
PARAMETRIC_REPRESENTATION_CONTEXT() REPRESENTATION_CONTEXT('2D SPACE',''
  ) );
#2350 = PCURVE('',#572,#2351);
#2351 = DEFINITIONAL_REPRESENTATION('',(#2352),#2355);
#2352 = B_SPLINE_CURVE_WITH_KNOTS('',1,(#2353,#2354),.UNSPECIFIED.,.F.,
  .F.,(2,2),(0.,0.837981128457),.PIECEWISE_BEZIER_KNOTS.);
#2353 = CARTESIAN_POINT('',(3.381137530706E-06,0.));
#2354 = CARTESIAN_POINT('',(3.339126938403E-06,-0.83798107592));
#2355 = ( GEOMETRIC_REPRESENTATION_CONTEXT(2) 
PARAMETRIC_REPRESENTATION_CONTEXT() REPRESENTATION_CONTEXT('2D SPACE',''
  ) );
#2356 = ORIENTED_EDGE('',*,*,#2357,.F.);
#2357 = EDGE_CURVE('',#1446,#2335,#2358,.T.);
#2358 = SURFACE_CURVE('',#2359,(#2364,#2371),.PCURVE_S1.);
#2359 = CIRCLE('',#2360,1.494847116342);
#2360 = AXIS2_PLACEMENT_3D('',#2361,#2362,#2363);
#2361 = CARTESIAN_POINT('',(13.09668139781,14.78307939383,
    -2.970982281466E-14));
#2362 = DIRECTION('',(-0.748510349055,0.66312310875,-2.775557561563E-17)
  );
#2363 = DIRECTION('',(0.443605500824,0.500726492386,0.743294786381));
#2364 = PCURVE('',#600,#2365);
#2365 = DEFINITIONAL_REPRESENTATION('',(#2366),#2370);
#2366 = LINE('',#2367,#2368);
#2367 = CARTESIAN_POINT('',(0.483321344832,7.121167489091));
#2368 = VECTOR('',#2369,1.);
#2369 = DIRECTION('',(-1.921073555345E-15,-1.));
#2370 = ( GEOMETRIC_REPRESENTATION_CONTEXT(2) 
PARAMETRIC_REPRESENTATION_CONTEXT() REPRESENTATION_CONTEXT('2D SPACE',''
  ) );
#2371 = PCURVE('',#572,#2372);
#2372 = DEFINITIONAL_REPRESENTATION('',(#2373),#2376);
#2373 = B_SPLINE_CURVE_WITH_KNOTS('',1,(#2374,#2375),.UNSPECIFIED.,.F.,
  .F.,(2,2),(1.053480386509E-06,0.837982181939),
  .PIECEWISE_BEZIER_KNOTS.);
#2374 = CARTESIAN_POINT('',(2.109804924604E-06,0.83798107591));
#2375 = CARTESIAN_POINT('',(2.151814644054E-06,0.));
#2376 = ( GEOMETRIC_REPRESENTATION_CONTEXT(2) 
PARAMETRIC_REPRESENTATION_CONTEXT() REPRESENTATION_CONTEXT('2D SPACE',''
  ) );
#2377 = ORIENTED_EDGE('',*,*,#1445,.F.);
#2378 = ORIENTED_EDGE('',*,*,#2308,.T.);
#2379 = ORIENTED_EDGE('',*,*,#2285,.T.);
#2380 = ORIENTED_EDGE('',*,*,#583,.F.);
#2381 = ADVANCED_FACE('',(#2382),#572,.F.);
#2382 = FACE_BOUND('',#2383,.F.);
#2383 = EDGE_LOOP('',(#2384,#2385,#2386,#2387,#2388));
#2384 = ORIENTED_EDGE('',*,*,#1469,.F.);
#2385 = ORIENTED_EDGE('',*,*,#2357,.T.);
#2386 = ORIENTED_EDGE('',*,*,#2334,.T.);
#2387 = ORIENTED_EDGE('',*,*,#555,.F.);
#2388 = ORIENTED_EDGE('',*,*,#2389,.F.);
#2389 = EDGE_CURVE('',#1470,#527,#2390,.T.);
#2390 = SURFACE_CURVE('',#2391,(#2396,#2403),.PCURVE_S1.);
#2391 = CIRCLE('',#2392,1.494846854938);
#2392 = AXIS2_PLACEMENT_3D('',#2393,#2394,#2395);
#2393 = CARTESIAN_POINT('',(9.178274341519,17.48775180225,
    3.744481142717E-11));
#2394 = DIRECTION('',(-0.885458562665,0.464718338139,1.562176926651E-11)
  );
#2395 = DIRECTION('',(0.464718338139,0.885458562665,-2.506231157022E-11)
  );
#2396 = PCURVE('',#572,#2397);
#2397 = DEFINITIONAL_REPRESENTATION('',(#2398),#2402);
#2398 = LINE('',#2399,#2400);
#2399 = CARTESIAN_POINT('',(0.241670947804,6.28318530715));
#2400 = VECTOR('',#2401,1.);
#2401 = DIRECTION('',(1.656108961666E-17,-1.));
#2402 = ( GEOMETRIC_REPRESENTATION_CONTEXT(2) 
PARAMETRIC_REPRESENTATION_CONTEXT() REPRESENTATION_CONTEXT('2D SPACE',''
  ) );
#2403 = PCURVE('',#543,#2404);
#2404 = DEFINITIONAL_REPRESENTATION('',(#2405),#2408);
#2405 = B_SPLINE_CURVE_WITH_KNOTS('',1,(#2406,#2407),.UNSPECIFIED.,.F.,
  .F.,(2,2),(5.445209780697,7.121160835741),.PIECEWISE_BEZIER_KNOTS.);
#2406 = CARTESIAN_POINT('',(5.121876545003E-07,7.12116482433));
#2407 = CARTESIAN_POINT('',(5.121893269881E-07,5.445205787934));
#2408 = ( GEOMETRIC_REPRESENTATION_CONTEXT(2) 
PARAMETRIC_REPRESENTATION_CONTEXT() REPRESENTATION_CONTEXT('2D SPACE',''
  ) );
#2409 = ADVANCED_FACE('',(#2410),#543,.F.);
#2410 = FACE_BOUND('',#2411,.F.);
#2411 = EDGE_LOOP('',(#2412,#2413,#2436,#2457,#2458));
#2412 = ORIENTED_EDGE('',*,*,#526,.F.);
#2413 = ORIENTED_EDGE('',*,*,#2414,.F.);
#2414 = EDGE_CURVE('',#2415,#499,#2417,.T.);
#2415 = VERTEX_POINT('',#2416);
#2416 = CARTESIAN_POINT('',(5.084312367129,20.627488861699,
    -9.765523040535E-13));
#2417 = SURFACE_CURVE('',#2418,(#2423,#2430),.PCURVE_S1.);
#2418 = CIRCLE('',#2419,1.494847116342);
#2419 = AXIS2_PLACEMENT_3D('',#2420,#2421,#2422);
#2420 = CARTESIAN_POINT('',(4.726472338298,19.17610385963,
    -4.223904819845E-14));
#2421 = DIRECTION('',(-0.970941967576,0.239315055104,0.));
#2422 = DIRECTION('',(0.239315055104,0.970941967576,1.485410377507E-14)
  );
#2423 = PCURVE('',#543,#2424);
#2424 = DEFINITIONAL_REPRESENTATION('',(#2425),#2429);
#2425 = LINE('',#2426,#2427);
#2426 = CARTESIAN_POINT('',(0.241661600768,6.28318530718));
#2427 = VECTOR('',#2428,1.);
#2428 = DIRECTION('',(2.649756627428E-16,-1.));
#2429 = ( GEOMETRIC_REPRESENTATION_CONTEXT(2) 
PARAMETRIC_REPRESENTATION_CONTEXT() REPRESENTATION_CONTEXT('2D SPACE',''
  ) );
#2430 = PCURVE('',#515,#2431);
#2431 = DEFINITIONAL_REPRESENTATION('',(#2432),#2435);
#2432 = B_SPLINE_CURVE_WITH_KNOTS('',1,(#2433,#2434),.UNSPECIFIED.,.F.,
  .F.,(2,2),(0.,0.837981128631),.PIECEWISE_BEZIER_KNOTS.);
#2433 = CARTESIAN_POINT('',(2.047806380565E-05,0.));
#2434 = CARTESIAN_POINT('',(2.043606089244E-05,-0.837981076544));
#2435 = ( GEOMETRIC_REPRESENTATION_CONTEXT(2) 
PARAMETRIC_REPRESENTATION_CONTEXT() REPRESENTATION_CONTEXT('2D SPACE',''
  ) );
#2436 = ORIENTED_EDGE('',*,*,#2437,.F.);
#2437 = EDGE_CURVE('',#1493,#2415,#2438,.T.);
#2438 = SURFACE_CURVE('',#2439,(#2444,#2451),.PCURVE_S1.);
#2439 = CIRCLE('',#2440,1.494847116342);
#2440 = AXIS2_PLACEMENT_3D('',#2441,#2442,#2443);
#2441 = CARTESIAN_POINT('',(4.726659397685,19.17605775279,
    -4.011800765722E-14));
#2442 = DIRECTION('',(-0.970939633053,0.239324526465,0.));
#2443 = DIRECTION('',(0.160099497182,0.649523679591,0.743294787183));
#2444 = PCURVE('',#543,#2445);
#2445 = DEFINITIONAL_REPRESENTATION('',(#2446),#2450);
#2446 = LINE('',#2447,#2448);
#2447 = CARTESIAN_POINT('',(0.24165184594,7.121167490288));
#2448 = VECTOR('',#2449,1.);
#2449 = DIRECTION('',(1.126146566753E-15,-1.));
#2450 = ( GEOMETRIC_REPRESENTATION_CONTEXT(2) 
PARAMETRIC_REPRESENTATION_CONTEXT() REPRESENTATION_CONTEXT('2D SPACE',''
  ) );
#2451 = PCURVE('',#515,#2452);
#2452 = DEFINITIONAL_REPRESENTATION('',(#2453),#2456);
#2453 = B_SPLINE_CURVE_WITH_KNOTS('',1,(#2454,#2455),.UNSPECIFIED.,.F.,
  .F.,(2,2),(1.054548950318E-06,0.83798218311),
  .PIECEWISE_BEZIER_KNOTS.);
#2454 = CARTESIAN_POINT('',(1.068095906098E-05,0.837981076292));
#2455 = CARTESIAN_POINT('',(1.072296828783E-05,0.));
#2456 = ( GEOMETRIC_REPRESENTATION_CONTEXT(2) 
PARAMETRIC_REPRESENTATION_CONTEXT() REPRESENTATION_CONTEXT('2D SPACE',''
  ) );
#2457 = ORIENTED_EDGE('',*,*,#1492,.F.);
#2458 = ORIENTED_EDGE('',*,*,#2389,.T.);
#2459 = ADVANCED_FACE('',(#2460),#515,.F.);
#2460 = FACE_BOUND('',#2461,.F.);
#2461 = EDGE_LOOP('',(#2462,#2463,#2464,#2465,#2466));
#2462 = ORIENTED_EDGE('',*,*,#1516,.F.);
#2463 = ORIENTED_EDGE('',*,*,#2437,.T.);
#2464 = ORIENTED_EDGE('',*,*,#2414,.T.);
#2465 = ORIENTED_EDGE('',*,*,#498,.F.);
#2466 = ORIENTED_EDGE('',*,*,#2467,.F.);
#2467 = EDGE_CURVE('',#1517,#475,#2468,.T.);
#2468 = SURFACE_CURVE('',#2469,(#2474,#2481),.PCURVE_S1.);
#2469 = CIRCLE('',#2470,1.494846854987);
#2470 = AXIS2_PLACEMENT_3D('',#2471,#2472,#2473);
#2471 = CARTESIAN_POINT('',(-5.168848341818E-06,19.74999197475,
    1.065152575149E-12));
#2472 = DIRECTION('',(-0.999999999985,-5.459090570592E-06,
    4.208951914152E-13));
#2473 = DIRECTION('',(-5.459090570592E-06,0.999999999985,
    -7.263289659908E-13));
#2474 = PCURVE('',#515,#2475);
#2475 = DEFINITIONAL_REPRESENTATION('',(#2476),#2480);
#2476 = LINE('',#2477,#2478);
#2477 = CARTESIAN_POINT('',(0.241688044314,6.283185307182));
#2478 = VECTOR('',#2479,1.);
#2479 = DIRECTION('',(3.312217921359E-17,-1.));
#2480 = ( GEOMETRIC_REPRESENTATION_CONTEXT(2) 
PARAMETRIC_REPRESENTATION_CONTEXT() REPRESENTATION_CONTEXT('2D SPACE',''
  ) );
#2481 = PCURVE('',#226,#2482);
#2482 = DEFINITIONAL_REPRESENTATION('',(#2483),#2486);
#2483 = B_SPLINE_CURVE_WITH_KNOTS('',1,(#2484,#2485),.UNSPECIFIED.,.F.,
  .F.,(2,2),(5.445209780369,7.121160836399),.PIECEWISE_BEZIER_KNOTS.);
#2484 = CARTESIAN_POINT('',(5.179087222362E-07,7.121164824446));
#2485 = CARTESIAN_POINT('',(5.179087666733E-07,5.445205787503));
#2486 = ( GEOMETRIC_REPRESENTATION_CONTEXT(2) 
PARAMETRIC_REPRESENTATION_CONTEXT() REPRESENTATION_CONTEXT('2D SPACE',''
  ) );
#2487 = ADVANCED_FACE('',(#2488),#226,.F.);
#2488 = FACE_BOUND('',#2489,.F.);
#2489 = EDGE_LOOP('',(#2490,#2491,#2492,#2493));
#2490 = ORIENTED_EDGE('',*,*,#474,.F.);
#2491 = ORIENTED_EDGE('',*,*,#210,.F.);
#2492 = ORIENTED_EDGE('',*,*,#1539,.F.);
#2493 = ORIENTED_EDGE('',*,*,#2467,.T.);
#2494 = ( GEOMETRIC_REPRESENTATION_CONTEXT(3) 
GLOBAL_UNCERTAINTY_ASSIGNED_CONTEXT((#2498)) 
GLOBAL_UNIT_ASSIGNED_CONTEXT((#2495,#2496,#2497)) REPRESENTATION_CONTEXT
('Context #1','3D Context with UNIT and UNCERTAINTY') );
#2495 = ( LENGTH_UNIT() NAMED_UNIT(*) SI_UNIT(.MILLI.,.METRE.) );
#2496 = ( NAMED_UNIT(*) PLANE_ANGLE_UNIT() SI_UNIT($,.RADIAN.) );
#2497 = ( NAMED_UNIT(*) SI_UNIT($,.STERADIAN.) SOLID_ANGLE_UNIT() );
#2498 = UNCERTAINTY_MEASURE_WITH_UNIT(LENGTH_MEASURE(2.E-05),#2495,
  'distance_accuracy_value','confusion accuracy');
#2499 = CONTEXT_DEPENDENT_SHAPE_REPRESENTATION(#2500,#2502);
#2500 = ( REPRESENTATION_RELATIONSHIP('','',#140,#10) 
REPRESENTATION_RELATIONSHIP_WITH_TRANSFORMATION(#2501) 
SHAPE_REPRESENTATION_RELATIONSHIP() );
#2501 = ITEM_DEFINED_TRANSFORMATION('','',#11,#15);
#2502 = PRODUCT_DEFINITION_SHAPE('Placement','Placement of an item',
  #2503);
#2503 = NEXT_ASSEMBLY_USAGE_OCCURRENCE('1','','',#5,#135,$);
#2504 = PRODUCT_RELATED_PRODUCT_CATEGORY('part',$,(#137));
#2505 = SHAPE_DEFINITION_REPRESENTATION(#2506,#2512);
#2506 = PRODUCT_DEFINITION_SHAPE('','',#2507);
#2507 = PRODUCT_DEFINITION('design','',#2508,#2511);
#2508 = PRODUCT_DEFINITION_FORMATION('','',#2509);
#2509 = PRODUCT('bearing-6707zz 1.2','bearing-6707zz 1.2','',(#2510));
#2510 = PRODUCT_CONTEXT('',#2,'mechanical');
#2511 = PRODUCT_DEFINITION_CONTEXT('part definition',#2,'design');
#2512 = ADVANCED_BREP_SHAPE_REPRESENTATION('',(#11,#2513),#2525);
#2513 = MANIFOLD_SOLID_BREP('',#2514);
#2514 = CLOSED_SHELL('',(#2515));
#2515 = ADVANCED_FACE('',(#2516),#2520,.T.);
#2516 = FACE_BOUND('',#2517,.T.);
#2517 = VERTEX_LOOP('',#2518);
#2518 = VERTEX_POINT('',#2519);
#2519 = CARTESIAN_POINT('',(1.120955793159E-32,-19.75,1.494847116342));
#2520 = SPHERICAL_SURFACE('',#2521,1.494847116342);
#2521 = AXIS2_PLACEMENT_3D('',#2522,#2523,#2524);
#2522 = CARTESIAN_POINT('',(0.,-19.75,0.));
#2523 = DIRECTION('',(0.,0.,-1.));
#2524 = DIRECTION('',(0.,-1.,0.));
#2525 = ( GEOMETRIC_REPRESENTATION_CONTEXT(3) 
GLOBAL_UNCERTAINTY_ASSIGNED_CONTEXT((#2529)) 
GLOBAL_UNIT_ASSIGNED_CONTEXT((#2526,#2527,#2528)) REPRESENTATION_CONTEXT
('Context #1','3D Context with UNIT and UNCERTAINTY') );
#2526 = ( LENGTH_UNIT() NAMED_UNIT(*) SI_UNIT(.MILLI.,.METRE.) );
#2527 = ( NAMED_UNIT(*) PLANE_ANGLE_UNIT() SI_UNIT($,.RADIAN.) );
#2528 = ( NAMED_UNIT(*) SI_UNIT($,.STERADIAN.) SOLID_ANGLE_UNIT() );
#2529 = UNCERTAINTY_MEASURE_WITH_UNIT(LENGTH_MEASURE(1.E-07),#2526,
  'distance_accuracy_value','confusion accuracy');
#2530 = CONTEXT_DEPENDENT_SHAPE_REPRESENTATION(#2531,#2533);
#2531 = ( REPRESENTATION_RELATIONSHIP('','',#2512,#10) 
REPRESENTATION_RELATIONSHIP_WITH_TRANSFORMATION(#2532) 
SHAPE_REPRESENTATION_RELATIONSHIP() );
#2532 = ITEM_DEFINED_TRANSFORMATION('','',#11,#19);
#2533 = PRODUCT_DEFINITION_SHAPE('Placement','Placement of an item',
  #2534);
#2534 = NEXT_ASSEMBLY_USAGE_OCCURRENCE('2','','',#5,#2507,$);
#2535 = PRODUCT_RELATED_PRODUCT_CATEGORY('part',$,(#2509));
#2536 = SHAPE_DEFINITION_REPRESENTATION(#2537,#2543);
#2537 = PRODUCT_DEFINITION_SHAPE('','',#2538);
#2538 = PRODUCT_DEFINITION('design','',#2539,#2542);
#2539 = PRODUCT_DEFINITION_FORMATION('','',#2540);
#2540 = PRODUCT('bearing-6707zz 1.3','bearing-6707zz 1.3','',(#2541));
#2541 = PRODUCT_CONTEXT('',#2,'mechanical');
#2542 = PRODUCT_DEFINITION_CONTEXT('part definition',#2,'design');
#2543 = ADVANCED_BREP_SHAPE_REPRESENTATION('',(#11,#2544),#2556);
#2544 = MANIFOLD_SOLID_BREP('',#2545);
#2545 = CLOSED_SHELL('',(#2546));
#2546 = ADVANCED_FACE('',(#2547),#2551,.T.);
#2547 = FACE_BOUND('',#2548,.T.);
#2548 = VERTEX_LOOP('',#2549);
#2549 = VERTEX_POINT('',#2550);
#2550 = CARTESIAN_POINT('',(-9.178282647864,17.48775650665,
    1.494847116342));
#2551 = SPHERICAL_SURFACE('',#2552,1.494847116342);
#2552 = AXIS2_PLACEMENT_3D('',#2553,#2554,#2555);
#2553 = CARTESIAN_POINT('',(-9.178282647864,17.48775650665,0.));
#2554 = DIRECTION('',(0.,0.,-1.));
#2555 = DIRECTION('',(-0.464723172044,0.885456025653,0.));
#2556 = ( GEOMETRIC_REPRESENTATION_CONTEXT(3) 
GLOBAL_UNCERTAINTY_ASSIGNED_CONTEXT((#2560)) 
GLOBAL_UNIT_ASSIGNED_CONTEXT((#2557,#2558,#2559)) REPRESENTATION_CONTEXT
('Context #1','3D Context with UNIT and UNCERTAINTY') );
#2557 = ( LENGTH_UNIT() NAMED_UNIT(*) SI_UNIT(.MILLI.,.METRE.) );
#2558 = ( NAMED_UNIT(*) PLANE_ANGLE_UNIT() SI_UNIT($,.RADIAN.) );
#2559 = ( NAMED_UNIT(*) SI_UNIT($,.STERADIAN.) SOLID_ANGLE_UNIT() );
#2560 = UNCERTAINTY_MEASURE_WITH_UNIT(LENGTH_MEASURE(1.E-07),#2557,
  'distance_accuracy_value','confusion accuracy');
#2561 = CONTEXT_DEPENDENT_SHAPE_REPRESENTATION(#2562,#2564);
#2562 = ( REPRESENTATION_RELATIONSHIP('','',#2543,#10) 
REPRESENTATION_RELATIONSHIP_WITH_TRANSFORMATION(#2563) 
SHAPE_REPRESENTATION_RELATIONSHIP() );
#2563 = ITEM_DEFINED_TRANSFORMATION('','',#11,#23);
#2564 = PRODUCT_DEFINITION_SHAPE('Placement','Placement of an item',
  #2565);
#2565 = NEXT_ASSEMBLY_USAGE_OCCURRENCE('3','','',#5,#2538,$);
#2566 = PRODUCT_RELATED_PRODUCT_CATEGORY('part',$,(#2540));
#2567 = SHAPE_DEFINITION_REPRESENTATION(#2568,#2574);
#2568 = PRODUCT_DEFINITION_SHAPE('','',#2569);
#2569 = PRODUCT_DEFINITION('design','',#2570,#2573);
#2570 = PRODUCT_DEFINITION_FORMATION('','',#2571);
#2571 = PRODUCT('bearing-6707zz 1.4','bearing-6707zz 1.4','',(#2572));
#2572 = PRODUCT_CONTEXT('',#2,'mechanical');
#2573 = PRODUCT_DEFINITION_CONTEXT('part definition',#2,'design');
#2574 = ADVANCED_BREP_SHAPE_REPRESENTATION('',(#11,#2575),#2587);
#2575 = MANIFOLD_SOLID_BREP('',#2576);
#2576 = CLOSED_SHELL('',(#2577));
#2577 = ADVANCED_FACE('',(#2578),#2582,.T.);
#2578 = FACE_BOUND('',#2579,.T.);
#2579 = VERTEX_LOOP('',#2580);
#2580 = VERTEX_POINT('',#2581);
#2581 = CARTESIAN_POINT('',(-4.726484369679,19.17610089416,
    1.494847116342));
#2582 = SPHERICAL_SURFACE('',#2583,1.494847116342);
#2583 = AXIS2_PLACEMENT_3D('',#2584,#2585,#2586);
#2584 = CARTESIAN_POINT('',(-4.726484369679,19.17610089416,0.));
#2585 = DIRECTION('',(0.,0.,-1.));
#2586 = DIRECTION('',(-0.239315664288,0.970941817426,0.));
#2587 = ( GEOMETRIC_REPRESENTATION_CONTEXT(3) 
GLOBAL_UNCERTAINTY_ASSIGNED_CONTEXT((#2591)) 
GLOBAL_UNIT_ASSIGNED_CONTEXT((#2588,#2589,#2590)) REPRESENTATION_CONTEXT
('Context #1','3D Context with UNIT and UNCERTAINTY') );
#2588 = ( LENGTH_UNIT() NAMED_UNIT(*) SI_UNIT(.MILLI.,.METRE.) );
#2589 = ( NAMED_UNIT(*) PLANE_ANGLE_UNIT() SI_UNIT($,.RADIAN.) );
#2590 = ( NAMED_UNIT(*) SI_UNIT($,.STERADIAN.) SOLID_ANGLE_UNIT() );
#2591 = UNCERTAINTY_MEASURE_WITH_UNIT(LENGTH_MEASURE(1.E-07),#2588,
  'distance_accuracy_value','confusion accuracy');
#2592 = CONTEXT_DEPENDENT_SHAPE_REPRESENTATION(#2593,#2595);
#2593 = ( REPRESENTATION_RELATIONSHIP('','',#2574,#10) 
REPRESENTATION_RELATIONSHIP_WITH_TRANSFORMATION(#2594) 
SHAPE_REPRESENTATION_RELATIONSHIP() );
#2594 = ITEM_DEFINED_TRANSFORMATION('','',#11,#27);
#2595 = PRODUCT_DEFINITION_SHAPE('Placement','Placement of an item',
  #2596);
#2596 = NEXT_ASSEMBLY_USAGE_OCCURRENCE('4','','',#5,#2569,$);
#2597 = PRODUCT_RELATED_PRODUCT_CATEGORY('part',$,(#2571));
#2598 = SHAPE_DEFINITION_REPRESENTATION(#2599,#2605);
#2599 = PRODUCT_DEFINITION_SHAPE('','',#2600);
#2600 = PRODUCT_DEFINITION('design','',#2601,#2604);
#2601 = PRODUCT_DEFINITION_FORMATION('','',#2602);
#2602 = PRODUCT('bearing-6707zz 1.5','bearing-6707zz 1.5','',(#2603));
#2603 = PRODUCT_CONTEXT('',#2,'mechanical');
#2604 = PRODUCT_DEFINITION_CONTEXT('part definition',#2,'design');
#2605 = ADVANCED_BREP_SHAPE_REPRESENTATION('',(#11,#2606),#2618);
#2606 = MANIFOLD_SOLID_BREP('',#2607);
#2607 = CLOSED_SHELL('',(#2608));
#2608 = ADVANCED_FACE('',(#2609),#2613,.T.);
#2609 = FACE_BOUND('',#2610,.T.);
#2610 = VERTEX_LOOP('',#2611);
#2611 = VERTEX_POINT('',#2612);
#2612 = CARTESIAN_POINT('',(9.178282647864,17.48775650665,1.494847116342
    ));
#2613 = SPHERICAL_SURFACE('',#2614,1.494847116342);
#2614 = AXIS2_PLACEMENT_3D('',#2615,#2616,#2617);
#2615 = CARTESIAN_POINT('',(9.178282647864,17.48775650665,0.));
#2616 = DIRECTION('',(0.,0.,-1.));
#2617 = DIRECTION('',(0.464723172044,0.885456025653,0.));
#2618 = ( GEOMETRIC_REPRESENTATION_CONTEXT(3) 
GLOBAL_UNCERTAINTY_ASSIGNED_CONTEXT((#2622)) 
GLOBAL_UNIT_ASSIGNED_CONTEXT((#2619,#2620,#2621)) REPRESENTATION_CONTEXT
('Context #1','3D Context with UNIT and UNCERTAINTY') );
#2619 = ( LENGTH_UNIT() NAMED_UNIT(*) SI_UNIT(.MILLI.,.METRE.) );
#2620 = ( NAMED_UNIT(*) PLANE_ANGLE_UNIT() SI_UNIT($,.RADIAN.) );
#2621 = ( NAMED_UNIT(*) SI_UNIT($,.STERADIAN.) SOLID_ANGLE_UNIT() );
#2622 = UNCERTAINTY_MEASURE_WITH_UNIT(LENGTH_MEASURE(1.E-07),#2619,
  'distance_accuracy_value','confusion accuracy');
#2623 = CONTEXT_DEPENDENT_SHAPE_REPRESENTATION(#2624,#2626);
#2624 = ( REPRESENTATION_RELATIONSHIP('','',#2605,#10) 
REPRESENTATION_RELATIONSHIP_WITH_TRANSFORMATION(#2625) 
SHAPE_REPRESENTATION_RELATIONSHIP() );
#2625 = ITEM_DEFINED_TRANSFORMATION('','',#11,#31);
#2626 = PRODUCT_DEFINITION_SHAPE('Placement','Placement of an item',
  #2627);
#2627 = NEXT_ASSEMBLY_USAGE_OCCURRENCE('5','','',#5,#2600,$);
#2628 = PRODUCT_RELATED_PRODUCT_CATEGORY('part',$,(#2602));
#2629 = SHAPE_DEFINITION_REPRESENTATION(#2630,#2636);
#2630 = PRODUCT_DEFINITION_SHAPE('','',#2631);
#2631 = PRODUCT_DEFINITION('design','',#2632,#2635);
#2632 = PRODUCT_DEFINITION_FORMATION('','',#2633);
#2633 = PRODUCT('bearing-6707zz 1.6','bearing-6707zz 1.6','',(#2634));
#2634 = PRODUCT_CONTEXT('',#2,'mechanical');
#2635 = PRODUCT_DEFINITION_CONTEXT('part definition',#2,'design');
#2636 = ADVANCED_BREP_SHAPE_REPRESENTATION('',(#11,#2637),#2649);
#2637 = MANIFOLD_SOLID_BREP('',#2638);
#2638 = CLOSED_SHELL('',(#2639));
#2639 = ADVANCED_FACE('',(#2640),#2644,.T.);
#2640 = FACE_BOUND('',#2641,.T.);
#2641 = VERTEX_LOOP('',#2642);
#2642 = VERTEX_POINT('',#2643);
#2643 = CARTESIAN_POINT('',(-1.120955793159E-32,19.75,1.494847116342));
#2644 = SPHERICAL_SURFACE('',#2645,1.494847116342);
#2645 = AXIS2_PLACEMENT_3D('',#2646,#2647,#2648);
#2646 = CARTESIAN_POINT('',(0.,19.75,0.));
#2647 = DIRECTION('',(0.,0.,-1.));
#2648 = DIRECTION('',(0.,1.,0.));
#2649 = ( GEOMETRIC_REPRESENTATION_CONTEXT(3) 
GLOBAL_UNCERTAINTY_ASSIGNED_CONTEXT((#2653)) 
GLOBAL_UNIT_ASSIGNED_CONTEXT((#2650,#2651,#2652)) REPRESENTATION_CONTEXT
('Context #1','3D Context with UNIT and UNCERTAINTY') );
#2650 = ( LENGTH_UNIT() NAMED_UNIT(*) SI_UNIT(.MILLI.,.METRE.) );
#2651 = ( NAMED_UNIT(*) PLANE_ANGLE_UNIT() SI_UNIT($,.RADIAN.) );
#2652 = ( NAMED_UNIT(*) SI_UNIT($,.STERADIAN.) SOLID_ANGLE_UNIT() );
#2653 = UNCERTAINTY_MEASURE_WITH_UNIT(LENGTH_MEASURE(1.E-07),#2650,
  'distance_accuracy_value','confusion accuracy');
#2654 = CONTEXT_DEPENDENT_SHAPE_REPRESENTATION(#2655,#2657);
#2655 = ( REPRESENTATION_RELATIONSHIP('','',#2636,#10) 
REPRESENTATION_RELATIONSHIP_WITH_TRANSFORMATION(#2656) 
SHAPE_REPRESENTATION_RELATIONSHIP() );
#2656 = ITEM_DEFINED_TRANSFORMATION('','',#11,#35);
#2657 = PRODUCT_DEFINITION_SHAPE('Placement','Placement of an item',
  #2658);
#2658 = NEXT_ASSEMBLY_USAGE_OCCURRENCE('6','','',#5,#2631,$);
#2659 = PRODUCT_RELATED_PRODUCT_CATEGORY('part',$,(#2633));
#2660 = SHAPE_DEFINITION_REPRESENTATION(#2661,#2667);
#2661 = PRODUCT_DEFINITION_SHAPE('','',#2662);
#2662 = PRODUCT_DEFINITION('design','',#2663,#2666);
#2663 = PRODUCT_DEFINITION_FORMATION('','',#2664);
#2664 = PRODUCT('bearing-6707zz 1.7','bearing-6707zz 1.7','',(#2665));
#2665 = PRODUCT_CONTEXT('',#2,'mechanical');
#2666 = PRODUCT_DEFINITION_CONTEXT('part definition',#2,'design');
#2667 = ADVANCED_BREP_SHAPE_REPRESENTATION('',(#11,#2668),#2680);
#2668 = MANIFOLD_SOLID_BREP('',#2669);
#2669 = CLOSED_SHELL('',(#2670));
#2670 = ADVANCED_FACE('',(#2671),#2675,.T.);
#2671 = FACE_BOUND('',#2672,.T.);
#2672 = VERTEX_LOOP('',#2673);
#2673 = VERTEX_POINT('',#2674);
#2674 = CARTESIAN_POINT('',(13.09667250026,14.78308727638,1.494847116342
    ));
#2675 = SPHERICAL_SURFACE('',#2676,1.494847116342);
#2676 = AXIS2_PLACEMENT_3D('',#2677,#2678,#2679);
#2677 = CARTESIAN_POINT('',(13.09667250026,14.78308727638,0.));
#2678 = DIRECTION('',(0.,0.,-1.));
#2679 = DIRECTION('',(0.663122658241,0.748510748171,0.));
#2680 = ( GEOMETRIC_REPRESENTATION_CONTEXT(3) 
GLOBAL_UNCERTAINTY_ASSIGNED_CONTEXT((#2684)) 
GLOBAL_UNIT_ASSIGNED_CONTEXT((#2681,#2682,#2683)) REPRESENTATION_CONTEXT
('Context #1','3D Context with UNIT and UNCERTAINTY') );
#2681 = ( LENGTH_UNIT() NAMED_UNIT(*) SI_UNIT(.MILLI.,.METRE.) );
#2682 = ( NAMED_UNIT(*) PLANE_ANGLE_UNIT() SI_UNIT($,.RADIAN.) );
#2683 = ( NAMED_UNIT(*) SI_UNIT($,.STERADIAN.) SOLID_ANGLE_UNIT() );
#2684 = UNCERTAINTY_MEASURE_WITH_UNIT(LENGTH_MEASURE(1.E-07),#2681,
  'distance_accuracy_value','confusion accuracy');
#2685 = CONTEXT_DEPENDENT_SHAPE_REPRESENTATION(#2686,#2688);
#2686 = ( REPRESENTATION_RELATIONSHIP('','',#2667,#10) 
REPRESENTATION_RELATIONSHIP_WITH_TRANSFORMATION(#2687) 
SHAPE_REPRESENTATION_RELATIONSHIP() );
#2687 = ITEM_DEFINED_TRANSFORMATION('','',#11,#39);
#2688 = PRODUCT_DEFINITION_SHAPE('Placement','Placement of an item',
  #2689);
#2689 = NEXT_ASSEMBLY_USAGE_OCCURRENCE('7','','',#5,#2662,$);
#2690 = PRODUCT_RELATED_PRODUCT_CATEGORY('part',$,(#2664));
#2691 = SHAPE_DEFINITION_REPRESENTATION(#2692,#2698);
#2692 = PRODUCT_DEFINITION_SHAPE('','',#2693);
#2693 = PRODUCT_DEFINITION('design','',#2694,#2697);
#2694 = PRODUCT_DEFINITION_FORMATION('','',#2695);
#2695 = PRODUCT('bearing-6707zz 1.8','bearing-6707zz 1.8','',(#2696));
#2696 = PRODUCT_CONTEXT('',#2,'mechanical');
#2697 = PRODUCT_DEFINITION_CONTEXT('part definition',#2,'design');
#2698 = ADVANCED_BREP_SHAPE_REPRESENTATION('',(#11,#2699),#2711);
#2699 = MANIFOLD_SOLID_BREP('',#2700);
#2700 = CLOSED_SHELL('',(#2701));
#2701 = ADVANCED_FACE('',(#2702),#2706,.T.);
#2702 = FACE_BOUND('',#2703,.T.);
#2703 = VERTEX_LOOP('',#2704);
#2704 = VERTEX_POINT('',#2705);
#2705 = CARTESIAN_POINT('',(-13.09667250026,14.78308727638,
    1.494847116342));
#2706 = SPHERICAL_SURFACE('',#2707,1.494847116342);
#2707 = AXIS2_PLACEMENT_3D('',#2708,#2709,#2710);
#2708 = CARTESIAN_POINT('',(-13.09667250026,14.78308727638,0.));
#2709 = DIRECTION('',(0.,0.,-1.));
#2710 = DIRECTION('',(-0.663122658241,0.748510748171,0.));
#2711 = ( GEOMETRIC_REPRESENTATION_CONTEXT(3) 
GLOBAL_UNCERTAINTY_ASSIGNED_CONTEXT((#2715)) 
GLOBAL_UNIT_ASSIGNED_CONTEXT((#2712,#2713,#2714)) REPRESENTATION_CONTEXT
('Context #1','3D Context with UNIT and UNCERTAINTY') );
#2712 = ( LENGTH_UNIT() NAMED_UNIT(*) SI_UNIT(.MILLI.,.METRE.) );
#2713 = ( NAMED_UNIT(*) PLANE_ANGLE_UNIT() SI_UNIT($,.RADIAN.) );
#2714 = ( NAMED_UNIT(*) SI_UNIT($,.STERADIAN.) SOLID_ANGLE_UNIT() );
#2715 = UNCERTAINTY_MEASURE_WITH_UNIT(LENGTH_MEASURE(1.E-07),#2712,
  'distance_accuracy_value','confusion accuracy');
#2716 = CONTEXT_DEPENDENT_SHAPE_REPRESENTATION(#2717,#2719);
#2717 = ( REPRESENTATION_RELATIONSHIP('','',#2698,#10) 
REPRESENTATION_RELATIONSHIP_WITH_TRANSFORMATION(#2718) 
SHAPE_REPRESENTATION_RELATIONSHIP() );
#2718 = ITEM_DEFINED_TRANSFORMATION('','',#11,#43);
#2719 = PRODUCT_DEFINITION_SHAPE('Placement','Placement of an item',
  #2720);
#2720 = NEXT_ASSEMBLY_USAGE_OCCURRENCE('8','','',#5,#2693,$);
#2721 = PRODUCT_RELATED_PRODUCT_CATEGORY('part',$,(#2695));
#2722 = SHAPE_DEFINITION_REPRESENTATION(#2723,#2729);
#2723 = PRODUCT_DEFINITION_SHAPE('','',#2724);
#2724 = PRODUCT_DEFINITION('design','',#2725,#2728);
#2725 = PRODUCT_DEFINITION_FORMATION('','',#2726);
#2726 = PRODUCT('bearing-6707zz 1.9','bearing-6707zz 1.9','',(#2727));
#2727 = PRODUCT_CONTEXT('',#2,'mechanical');
#2728 = PRODUCT_DEFINITION_CONTEXT('part definition',#2,'design');
#2729 = ADVANCED_BREP_SHAPE_REPRESENTATION('',(#11,#2730),#2742);
#2730 = MANIFOLD_SOLID_BREP('',#2731);
#2731 = CLOSED_SHELL('',(#2732));
#2732 = ADVANCED_FACE('',(#2733),#2737,.T.);
#2733 = FACE_BOUND('',#2734,.T.);
#2734 = VERTEX_LOOP('',#2735);
#2735 = VERTEX_POINT('',#2736);
#2736 = CARTESIAN_POINT('',(-18.46657079304,7.00344651909,1.494847116342
    ));
#2737 = SPHERICAL_SURFACE('',#2738,1.494847116342);
#2738 = AXIS2_PLACEMENT_3D('',#2739,#2740,#2741);
#2739 = CARTESIAN_POINT('',(-18.46657079304,7.00344651909,0.));
#2740 = DIRECTION('',(0.,0.,-1.));
#2741 = DIRECTION('',(-0.935016242685,0.354604887043,0.));
#2742 = ( GEOMETRIC_REPRESENTATION_CONTEXT(3) 
GLOBAL_UNCERTAINTY_ASSIGNED_CONTEXT((#2746)) 
GLOBAL_UNIT_ASSIGNED_CONTEXT((#2743,#2744,#2745)) REPRESENTATION_CONTEXT
('Context #1','3D Context with UNIT and UNCERTAINTY') );
#2743 = ( LENGTH_UNIT() NAMED_UNIT(*) SI_UNIT(.MILLI.,.METRE.) );
#2744 = ( NAMED_UNIT(*) PLANE_ANGLE_UNIT() SI_UNIT($,.RADIAN.) );
#2745 = ( NAMED_UNIT(*) SI_UNIT($,.STERADIAN.) SOLID_ANGLE_UNIT() );
#2746 = UNCERTAINTY_MEASURE_WITH_UNIT(LENGTH_MEASURE(1.E-07),#2743,
  'distance_accuracy_value','confusion accuracy');
#2747 = CONTEXT_DEPENDENT_SHAPE_REPRESENTATION(#2748,#2750);
#2748 = ( REPRESENTATION_RELATIONSHIP('','',#2729,#10) 
REPRESENTATION_RELATIONSHIP_WITH_TRANSFORMATION(#2749) 
SHAPE_REPRESENTATION_RELATIONSHIP() );
#2749 = ITEM_DEFINED_TRANSFORMATION('','',#11,#47);
#2750 = PRODUCT_DEFINITION_SHAPE('Placement','Placement of an item',
  #2751);
#2751 = NEXT_ASSEMBLY_USAGE_OCCURRENCE('9','','',#5,#2724,$);
#2752 = PRODUCT_RELATED_PRODUCT_CATEGORY('part',$,(#2726));
#2753 = SHAPE_DEFINITION_REPRESENTATION(#2754,#2760);
#2754 = PRODUCT_DEFINITION_SHAPE('','',#2755);
#2755 = PRODUCT_DEFINITION('design','',#2756,#2759);
#2756 = PRODUCT_DEFINITION_FORMATION('','',#2757);
#2757 = PRODUCT('bearing-6707zz 1.10','bearing-6707zz 1.10','',(#2758));
#2758 = PRODUCT_CONTEXT('',#2,'mechanical');
#2759 = PRODUCT_DEFINITION_CONTEXT('part definition',#2,'design');
#2760 = ADVANCED_BREP_SHAPE_REPRESENTATION('',(#11,#2761),#2773);
#2761 = MANIFOLD_SOLID_BREP('',#2762);
#2762 = CLOSED_SHELL('',(#2763));
#2763 = ADVANCED_FACE('',(#2764),#2768,.T.);
#2764 = FACE_BOUND('',#2765,.T.);
#2765 = VERTEX_LOOP('',#2766);
#2766 = VERTEX_POINT('',#2767);
#2767 = CARTESIAN_POINT('',(16.2539313514,-11.21927874794,1.494847116341
    ));
#2768 = SPHERICAL_SURFACE('',#2769,1.494847116341);
#2769 = AXIS2_PLACEMENT_3D('',#2770,#2771,#2772);
#2770 = CARTESIAN_POINT('',(16.2539313514,-11.21927874794,
    2.009248538109E-14));
#2771 = DIRECTION('',(0.,0.,-1.));
#2772 = DIRECTION('',(0.822983865894,-0.568064746731,0.));
#2773 = ( GEOMETRIC_REPRESENTATION_CONTEXT(3) 
GLOBAL_UNCERTAINTY_ASSIGNED_CONTEXT((#2777)) 
GLOBAL_UNIT_ASSIGNED_CONTEXT((#2774,#2775,#2776)) REPRESENTATION_CONTEXT
('Context #1','3D Context with UNIT and UNCERTAINTY') );
#2774 = ( LENGTH_UNIT() NAMED_UNIT(*) SI_UNIT(.MILLI.,.METRE.) );
#2775 = ( NAMED_UNIT(*) PLANE_ANGLE_UNIT() SI_UNIT($,.RADIAN.) );
#2776 = ( NAMED_UNIT(*) SI_UNIT($,.STERADIAN.) SOLID_ANGLE_UNIT() );
#2777 = UNCERTAINTY_MEASURE_WITH_UNIT(LENGTH_MEASURE(1.E-07),#2774,
  'distance_accuracy_value','confusion accuracy');
#2778 = CONTEXT_DEPENDENT_SHAPE_REPRESENTATION(#2779,#2781);
#2779 = ( REPRESENTATION_RELATIONSHIP('','',#2760,#10) 
REPRESENTATION_RELATIONSHIP_WITH_TRANSFORMATION(#2780) 
SHAPE_REPRESENTATION_RELATIONSHIP() );
#2780 = ITEM_DEFINED_TRANSFORMATION('','',#11,#51);
#2781 = PRODUCT_DEFINITION_SHAPE('Placement','Placement of an item',
  #2782);
#2782 = NEXT_ASSEMBLY_USAGE_OCCURRENCE('10','','',#5,#2755,$);
#2783 = PRODUCT_RELATED_PRODUCT_CATEGORY('part',$,(#2757));
#2784 = SHAPE_DEFINITION_REPRESENTATION(#2785,#2791);
#2785 = PRODUCT_DEFINITION_SHAPE('','',#2786);
#2786 = PRODUCT_DEFINITION('design','',#2787,#2790);
#2787 = PRODUCT_DEFINITION_FORMATION('','',#2788);
#2788 = PRODUCT('bearing-6707zz 1.11','bearing-6707zz 1.11','',(#2789));
#2789 = PRODUCT_CONTEXT('',#2,'mechanical');
#2790 = PRODUCT_DEFINITION_CONTEXT('part definition',#2,'design');
#2791 = ADVANCED_BREP_SHAPE_REPRESENTATION('',(#11,#2792),#2804);
#2792 = MANIFOLD_SOLID_BREP('',#2793);
#2793 = CLOSED_SHELL('',(#2794));
#2794 = ADVANCED_FACE('',(#2795),#2799,.T.);
#2795 = FACE_BOUND('',#2796,.T.);
#2796 = VERTEX_LOOP('',#2797);
#2797 = VERTEX_POINT('',#2798);
#2798 = CARTESIAN_POINT('',(-19.60600026344,-2.380599435043,
    1.494847116342));
#2799 = SPHERICAL_SURFACE('',#2800,1.494847116342);
#2800 = AXIS2_PLACEMENT_3D('',#2801,#2802,#2803);
#2801 = CARTESIAN_POINT('',(-19.60600026344,-2.380599435043,0.));
#2802 = DIRECTION('',(0.,0.,-1.));
#2803 = DIRECTION('',(-0.992708874098,-0.120536680255,-0.));
#2804 = ( GEOMETRIC_REPRESENTATION_CONTEXT(3) 
GLOBAL_UNCERTAINTY_ASSIGNED_CONTEXT((#2808)) 
GLOBAL_UNIT_ASSIGNED_CONTEXT((#2805,#2806,#2807)) REPRESENTATION_CONTEXT
('Context #1','3D Context with UNIT and UNCERTAINTY') );
#2805 = ( LENGTH_UNIT() NAMED_UNIT(*) SI_UNIT(.MILLI.,.METRE.) );
#2806 = ( NAMED_UNIT(*) PLANE_ANGLE_UNIT() SI_UNIT($,.RADIAN.) );
#2807 = ( NAMED_UNIT(*) SI_UNIT($,.STERADIAN.) SOLID_ANGLE_UNIT() );
#2808 = UNCERTAINTY_MEASURE_WITH_UNIT(LENGTH_MEASURE(1.E-07),#2805,
  'distance_accuracy_value','confusion accuracy');
#2809 = CONTEXT_DEPENDENT_SHAPE_REPRESENTATION(#2810,#2812);
#2810 = ( REPRESENTATION_RELATIONSHIP('','',#2791,#10) 
REPRESENTATION_RELATIONSHIP_WITH_TRANSFORMATION(#2811) 
SHAPE_REPRESENTATION_RELATIONSHIP() );
#2811 = ITEM_DEFINED_TRANSFORMATION('','',#11,#55);
#2812 = PRODUCT_DEFINITION_SHAPE('Placement','Placement of an item',
  #2813);
#2813 = NEXT_ASSEMBLY_USAGE_OCCURRENCE('11','','',#5,#2786,$);
#2814 = PRODUCT_RELATED_PRODUCT_CATEGORY('part',$,(#2788));
#2815 = SHAPE_DEFINITION_REPRESENTATION(#2816,#2822);
#2816 = PRODUCT_DEFINITION_SHAPE('','',#2817);
#2817 = PRODUCT_DEFINITION('design','',#2818,#2821);
#2818 = PRODUCT_DEFINITION_FORMATION('','',#2819);
#2819 = PRODUCT('bearing-6707zz 1.12','bearing-6707zz 1.12','',(#2820));
#2820 = PRODUCT_CONTEXT('',#2,'mechanical');
#2821 = PRODUCT_DEFINITION_CONTEXT('part definition',#2,'design');
#2822 = ADVANCED_BREP_SHAPE_REPRESENTATION('',(#11,#2823),#2835);
#2823 = MANIFOLD_SOLID_BREP('',#2824);
#2824 = CLOSED_SHELL('',(#2825));
#2825 = ADVANCED_FACE('',(#2826),#2830,.T.);
#2826 = FACE_BOUND('',#2827,.T.);
#2827 = VERTEX_LOOP('',#2828);
#2828 = VERTEX_POINT('',#2829);
#2829 = CARTESIAN_POINT('',(4.726484369679,-19.17610089416,
    1.494847116342));
#2830 = SPHERICAL_SURFACE('',#2831,1.494847116342);
#2831 = AXIS2_PLACEMENT_3D('',#2832,#2833,#2834);
#2832 = CARTESIAN_POINT('',(4.726484369679,-19.17610089416,0.));
#2833 = DIRECTION('',(0.,0.,-1.));
#2834 = DIRECTION('',(0.239315664288,-0.970941817426,0.));
#2835 = ( GEOMETRIC_REPRESENTATION_CONTEXT(3) 
GLOBAL_UNCERTAINTY_ASSIGNED_CONTEXT((#2839)) 
GLOBAL_UNIT_ASSIGNED_CONTEXT((#2836,#2837,#2838)) REPRESENTATION_CONTEXT
('Context #1','3D Context with UNIT and UNCERTAINTY') );
#2836 = ( LENGTH_UNIT() NAMED_UNIT(*) SI_UNIT(.MILLI.,.METRE.) );
#2837 = ( NAMED_UNIT(*) PLANE_ANGLE_UNIT() SI_UNIT($,.RADIAN.) );
#2838 = ( NAMED_UNIT(*) SI_UNIT($,.STERADIAN.) SOLID_ANGLE_UNIT() );
#2839 = UNCERTAINTY_MEASURE_WITH_UNIT(LENGTH_MEASURE(1.E-07),#2836,
  'distance_accuracy_value','confusion accuracy');
#2840 = CONTEXT_DEPENDENT_SHAPE_REPRESENTATION(#2841,#2843);
#2841 = ( REPRESENTATION_RELATIONSHIP('','',#2822,#10) 
REPRESENTATION_RELATIONSHIP_WITH_TRANSFORMATION(#2842) 
SHAPE_REPRESENTATION_RELATIONSHIP() );
#2842 = ITEM_DEFINED_TRANSFORMATION('','',#11,#59);
#2843 = PRODUCT_DEFINITION_SHAPE('Placement','Placement of an item',
  #2844);
#2844 = NEXT_ASSEMBLY_USAGE_OCCURRENCE('12','','',#5,#2817,$);
#2845 = PRODUCT_RELATED_PRODUCT_CATEGORY('part',$,(#2819));
#2846 = SHAPE_DEFINITION_REPRESENTATION(#2847,#2853);
#2847 = PRODUCT_DEFINITION_SHAPE('','',#2848);
#2848 = PRODUCT_DEFINITION('design','',#2849,#2852);
#2849 = PRODUCT_DEFINITION_FORMATION('','',#2850);
#2850 = PRODUCT('bearing-6707zz 1.13','bearing-6707zz 1.13','',(#2851));
#2851 = PRODUCT_CONTEXT('',#2,'mechanical');
#2852 = PRODUCT_DEFINITION_CONTEXT('part definition',#2,'design');
#2853 = ADVANCED_BREP_SHAPE_REPRESENTATION('',(#11,#2854),#2866);
#2854 = MANIFOLD_SOLID_BREP('',#2855);
#2855 = CLOSED_SHELL('',(#2856));
#2856 = ADVANCED_FACE('',(#2857),#2861,.T.);
#2857 = FACE_BOUND('',#2858,.T.);
#2858 = VERTEX_LOOP('',#2859);
#2859 = VERTEX_POINT('',#2860);
#2860 = CARTESIAN_POINT('',(-19.60600026344,2.380599435043,
    1.494847116342));
#2861 = SPHERICAL_SURFACE('',#2862,1.494847116342);
#2862 = AXIS2_PLACEMENT_3D('',#2863,#2864,#2865);
#2863 = CARTESIAN_POINT('',(-19.60600026344,2.380599435043,0.));
#2864 = DIRECTION('',(0.,0.,-1.));
#2865 = DIRECTION('',(-0.992708874098,0.120536680255,0.));
#2866 = ( GEOMETRIC_REPRESENTATION_CONTEXT(3) 
GLOBAL_UNCERTAINTY_ASSIGNED_CONTEXT((#2870)) 
GLOBAL_UNIT_ASSIGNED_CONTEXT((#2867,#2868,#2869)) REPRESENTATION_CONTEXT
('Context #1','3D Context with UNIT and UNCERTAINTY') );
#2867 = ( LENGTH_UNIT() NAMED_UNIT(*) SI_UNIT(.MILLI.,.METRE.) );
#2868 = ( NAMED_UNIT(*) PLANE_ANGLE_UNIT() SI_UNIT($,.RADIAN.) );
#2869 = ( NAMED_UNIT(*) SI_UNIT($,.STERADIAN.) SOLID_ANGLE_UNIT() );
#2870 = UNCERTAINTY_MEASURE_WITH_UNIT(LENGTH_MEASURE(1.E-07),#2867,
  'distance_accuracy_value','confusion accuracy');
#2871 = CONTEXT_DEPENDENT_SHAPE_REPRESENTATION(#2872,#2874);
#2872 = ( REPRESENTATION_RELATIONSHIP('','',#2853,#10) 
REPRESENTATION_RELATIONSHIP_WITH_TRANSFORMATION(#2873) 
SHAPE_REPRESENTATION_RELATIONSHIP() );
#2873 = ITEM_DEFINED_TRANSFORMATION('','',#11,#63);
#2874 = PRODUCT_DEFINITION_SHAPE('Placement','Placement of an item',
  #2875);
#2875 = NEXT_ASSEMBLY_USAGE_OCCURRENCE('13','','',#5,#2848,$);
#2876 = PRODUCT_RELATED_PRODUCT_CATEGORY('part',$,(#2850));
#2877 = SHAPE_DEFINITION_REPRESENTATION(#2878,#2884);
#2878 = PRODUCT_DEFINITION_SHAPE('','',#2879);
#2879 = PRODUCT_DEFINITION('design','',#2880,#2883);
#2880 = PRODUCT_DEFINITION_FORMATION('','',#2881);
#2881 = PRODUCT('bearing-6707zz 1.14','bearing-6707zz 1.14','',(#2882));
#2882 = PRODUCT_CONTEXT('',#2,'mechanical');
#2883 = PRODUCT_DEFINITION_CONTEXT('part definition',#2,'design');
#2884 = ADVANCED_BREP_SHAPE_REPRESENTATION('',(#11,#2885),#2897);
#2885 = MANIFOLD_SOLID_BREP('',#2886);
#2886 = CLOSED_SHELL('',(#2887));
#2887 = ADVANCED_FACE('',(#2888),#2892,.T.);
#2888 = FACE_BOUND('',#2889,.T.);
#2889 = VERTEX_LOOP('',#2890);
#2890 = VERTEX_POINT('',#2891);
#2891 = CARTESIAN_POINT('',(18.46657079304,-7.00344651909,1.494847116342
    ));
#2892 = SPHERICAL_SURFACE('',#2893,1.494847116342);
#2893 = AXIS2_PLACEMENT_3D('',#2894,#2895,#2896);
#2894 = CARTESIAN_POINT('',(18.46657079304,-7.00344651909,0.));
#2895 = DIRECTION('',(0.,0.,-1.));
#2896 = DIRECTION('',(0.935016242685,-0.354604887043,0.));
#2897 = ( GEOMETRIC_REPRESENTATION_CONTEXT(3) 
GLOBAL_UNCERTAINTY_ASSIGNED_CONTEXT((#2901)) 
GLOBAL_UNIT_ASSIGNED_CONTEXT((#2898,#2899,#2900)) REPRESENTATION_CONTEXT
('Context #1','3D Context with UNIT and UNCERTAINTY') );
#2898 = ( LENGTH_UNIT() NAMED_UNIT(*) SI_UNIT(.MILLI.,.METRE.) );
#2899 = ( NAMED_UNIT(*) PLANE_ANGLE_UNIT() SI_UNIT($,.RADIAN.) );
#2900 = ( NAMED_UNIT(*) SI_UNIT($,.STERADIAN.) SOLID_ANGLE_UNIT() );
#2901 = UNCERTAINTY_MEASURE_WITH_UNIT(LENGTH_MEASURE(1.E-07),#2898,
  'distance_accuracy_value','confusion accuracy');
#2902 = CONTEXT_DEPENDENT_SHAPE_REPRESENTATION(#2903,#2905);
#2903 = ( REPRESENTATION_RELATIONSHIP('','',#2884,#10) 
REPRESENTATION_RELATIONSHIP_WITH_TRANSFORMATION(#2904) 
SHAPE_REPRESENTATION_RELATIONSHIP() );
#2904 = ITEM_DEFINED_TRANSFORMATION('','',#11,#67);
#2905 = PRODUCT_DEFINITION_SHAPE('Placement','Placement of an item',
  #2906);
#2906 = NEXT_ASSEMBLY_USAGE_OCCURRENCE('14','','',#5,#2879,$);
#2907 = PRODUCT_RELATED_PRODUCT_CATEGORY('part',$,(#2881));
#2908 = SHAPE_DEFINITION_REPRESENTATION(#2909,#2915);
#2909 = PRODUCT_DEFINITION_SHAPE('','',#2910);
#2910 = PRODUCT_DEFINITION('design','',#2911,#2914);
#2911 = PRODUCT_DEFINITION_FORMATION('','',#2912);
#2912 = PRODUCT('bearing-6707zz 1.15','bearing-6707zz 1.15','',(#2913));
#2913 = PRODUCT_CONTEXT('',#2,'mechanical');
#2914 = PRODUCT_DEFINITION_CONTEXT('part definition',#2,'design');
#2915 = ADVANCED_BREP_SHAPE_REPRESENTATION('',(#11,#2916),#2928);
#2916 = MANIFOLD_SOLID_BREP('',#2917);
#2917 = CLOSED_SHELL('',(#2918));
#2918 = ADVANCED_FACE('',(#2919),#2923,.T.);
#2919 = FACE_BOUND('',#2920,.T.);
#2920 = VERTEX_LOOP('',#2921);
#2921 = VERTEX_POINT('',#2922);
#2922 = CARTESIAN_POINT('',(-9.178282647864,-17.48775650665,
    1.494847116342));
#2923 = SPHERICAL_SURFACE('',#2924,1.494847116342);
#2924 = AXIS2_PLACEMENT_3D('',#2925,#2926,#2927);
#2925 = CARTESIAN_POINT('',(-9.178282647864,-17.48775650665,0.));
#2926 = DIRECTION('',(0.,0.,-1.));
#2927 = DIRECTION('',(-0.464723172044,-0.885456025653,-0.));
#2928 = ( GEOMETRIC_REPRESENTATION_CONTEXT(3) 
GLOBAL_UNCERTAINTY_ASSIGNED_CONTEXT((#2932)) 
GLOBAL_UNIT_ASSIGNED_CONTEXT((#2929,#2930,#2931)) REPRESENTATION_CONTEXT
('Context #1','3D Context with UNIT and UNCERTAINTY') );
#2929 = ( LENGTH_UNIT() NAMED_UNIT(*) SI_UNIT(.MILLI.,.METRE.) );
#2930 = ( NAMED_UNIT(*) PLANE_ANGLE_UNIT() SI_UNIT($,.RADIAN.) );
#2931 = ( NAMED_UNIT(*) SI_UNIT($,.STERADIAN.) SOLID_ANGLE_UNIT() );
#2932 = UNCERTAINTY_MEASURE_WITH_UNIT(LENGTH_MEASURE(1.E-07),#2929,
  'distance_accuracy_value','confusion accuracy');
#2933 = CONTEXT_DEPENDENT_SHAPE_REPRESENTATION(#2934,#2936);
#2934 = ( REPRESENTATION_RELATIONSHIP('','',#2915,#10) 
REPRESENTATION_RELATIONSHIP_WITH_TRANSFORMATION(#2935) 
SHAPE_REPRESENTATION_RELATIONSHIP() );
#2935 = ITEM_DEFINED_TRANSFORMATION('','',#11,#71);
#2936 = PRODUCT_DEFINITION_SHAPE('Placement','Placement of an item',
  #2937);
#2937 = NEXT_ASSEMBLY_USAGE_OCCURRENCE('15','','',#5,#2910,$);
#2938 = PRODUCT_RELATED_PRODUCT_CATEGORY('part',$,(#2912));
#2939 = SHAPE_DEFINITION_REPRESENTATION(#2940,#2946);
#2940 = PRODUCT_DEFINITION_SHAPE('','',#2941);
#2941 = PRODUCT_DEFINITION('design','',#2942,#2945);
#2942 = PRODUCT_DEFINITION_FORMATION('','',#2943);
#2943 = PRODUCT('bearing-6707zz 1.16','bearing-6707zz 1.16','',(#2944));
#2944 = PRODUCT_CONTEXT('',#2,'mechanical');
#2945 = PRODUCT_DEFINITION_CONTEXT('part definition',#2,'design');
#2946 = ADVANCED_BREP_SHAPE_REPRESENTATION('',(#11,#2947),#2959);
#2947 = MANIFOLD_SOLID_BREP('',#2948);
#2948 = CLOSED_SHELL('',(#2949));
#2949 = ADVANCED_FACE('',(#2950),#2954,.T.);
#2950 = FACE_BOUND('',#2951,.T.);
#2951 = VERTEX_LOOP('',#2952);
#2952 = VERTEX_POINT('',#2953);
#2953 = CARTESIAN_POINT('',(13.09667250026,-14.78308727638,
    1.494847116342));
#2954 = SPHERICAL_SURFACE('',#2955,1.494847116342);
#2955 = AXIS2_PLACEMENT_3D('',#2956,#2957,#2958);
#2956 = CARTESIAN_POINT('',(13.09667250026,-14.78308727638,0.));
#2957 = DIRECTION('',(0.,0.,-1.));
#2958 = DIRECTION('',(0.663122658241,-0.748510748171,0.));
#2959 = ( GEOMETRIC_REPRESENTATION_CONTEXT(3) 
GLOBAL_UNCERTAINTY_ASSIGNED_CONTEXT((#2963)) 
GLOBAL_UNIT_ASSIGNED_CONTEXT((#2960,#2961,#2962)) REPRESENTATION_CONTEXT
('Context #1','3D Context with UNIT and UNCERTAINTY') );
#2960 = ( LENGTH_UNIT() NAMED_UNIT(*) SI_UNIT(.MILLI.,.METRE.) );
#2961 = ( NAMED_UNIT(*) PLANE_ANGLE_UNIT() SI_UNIT($,.RADIAN.) );
#2962 = ( NAMED_UNIT(*) SI_UNIT($,.STERADIAN.) SOLID_ANGLE_UNIT() );
#2963 = UNCERTAINTY_MEASURE_WITH_UNIT(LENGTH_MEASURE(1.E-07),#2960,
  'distance_accuracy_value','confusion accuracy');
#2964 = CONTEXT_DEPENDENT_SHAPE_REPRESENTATION(#2965,#2967);
#2965 = ( REPRESENTATION_RELATIONSHIP('','',#2946,#10) 
REPRESENTATION_RELATIONSHIP_WITH_TRANSFORMATION(#2966) 
SHAPE_REPRESENTATION_RELATIONSHIP() );
#2966 = ITEM_DEFINED_TRANSFORMATION('','',#11,#75);
#2967 = PRODUCT_DEFINITION_SHAPE('Placement','Placement of an item',
  #2968);
#2968 = NEXT_ASSEMBLY_USAGE_OCCURRENCE('16','','',#5,#2941,$);
#2969 = PRODUCT_RELATED_PRODUCT_CATEGORY('part',$,(#2943));
#2970 = SHAPE_DEFINITION_REPRESENTATION(#2971,#2977);
#2971 = PRODUCT_DEFINITION_SHAPE('','',#2972);
#2972 = PRODUCT_DEFINITION('design','',#2973,#2976);
#2973 = PRODUCT_DEFINITION_FORMATION('','',#2974);
#2974 = PRODUCT('bearing-6707zz 1.17','bearing-6707zz 1.17','',(#2975));
#2975 = PRODUCT_CONTEXT('',#2,'mechanical');
#2976 = PRODUCT_DEFINITION_CONTEXT('part definition',#2,'design');
#2977 = ADVANCED_BREP_SHAPE_REPRESENTATION('',(#11,#2978),#2990);
#2978 = MANIFOLD_SOLID_BREP('',#2979);
#2979 = CLOSED_SHELL('',(#2980));
#2980 = ADVANCED_FACE('',(#2981),#2985,.T.);
#2981 = FACE_BOUND('',#2982,.T.);
#2982 = VERTEX_LOOP('',#2983);
#2983 = VERTEX_POINT('',#2984);
#2984 = CARTESIAN_POINT('',(4.726484369679,19.17610089416,1.494847116342
    ));
#2985 = SPHERICAL_SURFACE('',#2986,1.494847116342);
#2986 = AXIS2_PLACEMENT_3D('',#2987,#2988,#2989);
#2987 = CARTESIAN_POINT('',(4.726484369679,19.17610089416,0.));
#2988 = DIRECTION('',(0.,0.,-1.));
#2989 = DIRECTION('',(0.239315664287,0.970941817426,0.));
#2990 = ( GEOMETRIC_REPRESENTATION_CONTEXT(3) 
GLOBAL_UNCERTAINTY_ASSIGNED_CONTEXT((#2994)) 
GLOBAL_UNIT_ASSIGNED_CONTEXT((#2991,#2992,#2993)) REPRESENTATION_CONTEXT
('Context #1','3D Context with UNIT and UNCERTAINTY') );
#2991 = ( LENGTH_UNIT() NAMED_UNIT(*) SI_UNIT(.MILLI.,.METRE.) );
#2992 = ( NAMED_UNIT(*) PLANE_ANGLE_UNIT() SI_UNIT($,.RADIAN.) );
#2993 = ( NAMED_UNIT(*) SI_UNIT($,.STERADIAN.) SOLID_ANGLE_UNIT() );
#2994 = UNCERTAINTY_MEASURE_WITH_UNIT(LENGTH_MEASURE(1.E-07),#2991,
  'distance_accuracy_value','confusion accuracy');
#2995 = CONTEXT_DEPENDENT_SHAPE_REPRESENTATION(#2996,#2998);
#2996 = ( REPRESENTATION_RELATIONSHIP('','',#2977,#10) 
REPRESENTATION_RELATIONSHIP_WITH_TRANSFORMATION(#2997) 
SHAPE_REPRESENTATION_RELATIONSHIP() );
#2997 = ITEM_DEFINED_TRANSFORMATION('','',#11,#79);
#2998 = PRODUCT_DEFINITION_SHAPE('Placement','Placement of an item',
  #2999);
#2999 = NEXT_ASSEMBLY_USAGE_OCCURRENCE('17','','',#5,#2972,$);
#3000 = PRODUCT_RELATED_PRODUCT_CATEGORY('part',$,(#2974));
#3001 = SHAPE_DEFINITION_REPRESENTATION(#3002,#3008);
#3002 = PRODUCT_DEFINITION_SHAPE('','',#3003);
#3003 = PRODUCT_DEFINITION('design','',#3004,#3007);
#3004 = PRODUCT_DEFINITION_FORMATION('','',#3005);
#3005 = PRODUCT('bearing-6707zz 1.18','bearing-6707zz 1.18','',(#3006));
#3006 = PRODUCT_CONTEXT('',#2,'mechanical');
#3007 = PRODUCT_DEFINITION_CONTEXT('part definition',#2,'design');
#3008 = ADVANCED_BREP_SHAPE_REPRESENTATION('',(#11,#3009),#3021);
#3009 = MANIFOLD_SOLID_BREP('',#3010);
#3010 = CLOSED_SHELL('',(#3011));
#3011 = ADVANCED_FACE('',(#3012),#3016,.T.);
#3012 = FACE_BOUND('',#3013,.T.);
#3013 = VERTEX_LOOP('',#3014);
#3014 = VERTEX_POINT('',#3015);
#3015 = CARTESIAN_POINT('',(19.60600026344,2.380599435043,1.494847116342
    ));
#3016 = SPHERICAL_SURFACE('',#3017,1.494847116342);
#3017 = AXIS2_PLACEMENT_3D('',#3018,#3019,#3020);
#3018 = CARTESIAN_POINT('',(19.60600026344,2.380599435043,0.));
#3019 = DIRECTION('',(0.,0.,-1.));
#3020 = DIRECTION('',(0.992708874098,0.120536680255,0.));
#3021 = ( GEOMETRIC_REPRESENTATION_CONTEXT(3) 
GLOBAL_UNCERTAINTY_ASSIGNED_CONTEXT((#3025)) 
GLOBAL_UNIT_ASSIGNED_CONTEXT((#3022,#3023,#3024)) REPRESENTATION_CONTEXT
('Context #1','3D Context with UNIT and UNCERTAINTY') );
#3022 = ( LENGTH_UNIT() NAMED_UNIT(*) SI_UNIT(.MILLI.,.METRE.) );
#3023 = ( NAMED_UNIT(*) PLANE_ANGLE_UNIT() SI_UNIT($,.RADIAN.) );
#3024 = ( NAMED_UNIT(*) SI_UNIT($,.STERADIAN.) SOLID_ANGLE_UNIT() );
#3025 = UNCERTAINTY_MEASURE_WITH_UNIT(LENGTH_MEASURE(1.E-07),#3022,
  'distance_accuracy_value','confusion accuracy');
#3026 = CONTEXT_DEPENDENT_SHAPE_REPRESENTATION(#3027,#3029);
#3027 = ( REPRESENTATION_RELATIONSHIP('','',#3008,#10) 
REPRESENTATION_RELATIONSHIP_WITH_TRANSFORMATION(#3028) 
SHAPE_REPRESENTATION_RELATIONSHIP() );
#3028 = ITEM_DEFINED_TRANSFORMATION('','',#11,#83);
#3029 = PRODUCT_DEFINITION_SHAPE('Placement','Placement of an item',
  #3030);
#3030 = NEXT_ASSEMBLY_USAGE_OCCURRENCE('18','','',#5,#3003,$);
#3031 = PRODUCT_RELATED_PRODUCT_CATEGORY('part',$,(#3005));
#3032 = SHAPE_DEFINITION_REPRESENTATION(#3033,#3039);
#3033 = PRODUCT_DEFINITION_SHAPE('','',#3034);
#3034 = PRODUCT_DEFINITION('design','',#3035,#3038);
#3035 = PRODUCT_DEFINITION_FORMATION('','',#3036);
#3036 = PRODUCT('bearing-6707zz 1.19','bearing-6707zz 1.19','',(#3037));
#3037 = PRODUCT_CONTEXT('',#2,'mechanical');
#3038 = PRODUCT_DEFINITION_CONTEXT('part definition',#2,'design');
#3039 = ADVANCED_BREP_SHAPE_REPRESENTATION('',(#11,#3040),#3052);
#3040 = MANIFOLD_SOLID_BREP('',#3041);
#3041 = CLOSED_SHELL('',(#3042));
#3042 = ADVANCED_FACE('',(#3043),#3047,.T.);
#3043 = FACE_BOUND('',#3044,.T.);
#3044 = VERTEX_LOOP('',#3045);
#3045 = VERTEX_POINT('',#3046);
#3046 = CARTESIAN_POINT('',(-16.2539313514,11.21927874794,1.494847116341
    ));
#3047 = SPHERICAL_SURFACE('',#3048,1.494847116341);
#3048 = AXIS2_PLACEMENT_3D('',#3049,#3050,#3051);
#3049 = CARTESIAN_POINT('',(-16.2539313514,11.21927874794,
    1.998197335155E-14));
#3050 = DIRECTION('',(0.,0.,-1.));
#3051 = DIRECTION('',(-0.822983865894,0.568064746731,0.));
#3052 = ( GEOMETRIC_REPRESENTATION_CONTEXT(3) 
GLOBAL_UNCERTAINTY_ASSIGNED_CONTEXT((#3056)) 
GLOBAL_UNIT_ASSIGNED_CONTEXT((#3053,#3054,#3055)) REPRESENTATION_CONTEXT
('Context #1','3D Context with UNIT and UNCERTAINTY') );
#3053 = ( LENGTH_UNIT() NAMED_UNIT(*) SI_UNIT(.MILLI.,.METRE.) );
#3054 = ( NAMED_UNIT(*) PLANE_ANGLE_UNIT() SI_UNIT($,.RADIAN.) );
#3055 = ( NAMED_UNIT(*) SI_UNIT($,.STERADIAN.) SOLID_ANGLE_UNIT() );
#3056 = UNCERTAINTY_MEASURE_WITH_UNIT(LENGTH_MEASURE(1.E-07),#3053,
  'distance_accuracy_value','confusion accuracy');
#3057 = CONTEXT_DEPENDENT_SHAPE_REPRESENTATION(#3058,#3060);
#3058 = ( REPRESENTATION_RELATIONSHIP('','',#3039,#10) 
REPRESENTATION_RELATIONSHIP_WITH_TRANSFORMATION(#3059) 
SHAPE_REPRESENTATION_RELATIONSHIP() );
#3059 = ITEM_DEFINED_TRANSFORMATION('','',#11,#87);
#3060 = PRODUCT_DEFINITION_SHAPE('Placement','Placement of an item',
  #3061);
#3061 = NEXT_ASSEMBLY_USAGE_OCCURRENCE('19','','',#5,#3034,$);
#3062 = PRODUCT_RELATED_PRODUCT_CATEGORY('part',$,(#3036));
#3063 = SHAPE_DEFINITION_REPRESENTATION(#3064,#3070);
#3064 = PRODUCT_DEFINITION_SHAPE('','',#3065);
#3065 = PRODUCT_DEFINITION('design','',#3066,#3069);
#3066 = PRODUCT_DEFINITION_FORMATION('','',#3067);
#3067 = PRODUCT('bearing-6707zz 1.20','bearing-6707zz 1.20','',(#3068));
#3068 = PRODUCT_CONTEXT('',#2,'mechanical');
#3069 = PRODUCT_DEFINITION_CONTEXT('part definition',#2,'design');
#3070 = ADVANCED_BREP_SHAPE_REPRESENTATION('',(#11,#3071),#3083);
#3071 = MANIFOLD_SOLID_BREP('',#3072);
#3072 = CLOSED_SHELL('',(#3073));
#3073 = ADVANCED_FACE('',(#3074),#3078,.T.);
#3074 = FACE_BOUND('',#3075,.T.);
#3075 = VERTEX_LOOP('',#3076);
#3076 = VERTEX_POINT('',#3077);
#3077 = CARTESIAN_POINT('',(19.60600026344,-2.380599435042,
    1.494847116342));
#3078 = SPHERICAL_SURFACE('',#3079,1.494847116342);
#3079 = AXIS2_PLACEMENT_3D('',#3080,#3081,#3082);
#3080 = CARTESIAN_POINT('',(19.60600026344,-2.380599435042,0.));
#3081 = DIRECTION('',(0.,0.,-1.));
#3082 = DIRECTION('',(0.992708874098,-0.120536680255,0.));
#3083 = ( GEOMETRIC_REPRESENTATION_CONTEXT(3) 
GLOBAL_UNCERTAINTY_ASSIGNED_CONTEXT((#3087)) 
GLOBAL_UNIT_ASSIGNED_CONTEXT((#3084,#3085,#3086)) REPRESENTATION_CONTEXT
('Context #1','3D Context with UNIT and UNCERTAINTY') );
#3084 = ( LENGTH_UNIT() NAMED_UNIT(*) SI_UNIT(.MILLI.,.METRE.) );
#3085 = ( NAMED_UNIT(*) PLANE_ANGLE_UNIT() SI_UNIT($,.RADIAN.) );
#3086 = ( NAMED_UNIT(*) SI_UNIT($,.STERADIAN.) SOLID_ANGLE_UNIT() );
#3087 = UNCERTAINTY_MEASURE_WITH_UNIT(LENGTH_MEASURE(1.E-07),#3084,
  'distance_accuracy_value','confusion accuracy');
#3088 = CONTEXT_DEPENDENT_SHAPE_REPRESENTATION(#3089,#3091);
#3089 = ( REPRESENTATION_RELATIONSHIP('','',#3070,#10) 
REPRESENTATION_RELATIONSHIP_WITH_TRANSFORMATION(#3090) 
SHAPE_REPRESENTATION_RELATIONSHIP() );
#3090 = ITEM_DEFINED_TRANSFORMATION('','',#11,#91);
#3091 = PRODUCT_DEFINITION_SHAPE('Placement','Placement of an item',
  #3092);
#3092 = NEXT_ASSEMBLY_USAGE_OCCURRENCE('20','','',#5,#3065,$);
#3093 = PRODUCT_RELATED_PRODUCT_CATEGORY('part',$,(#3067));
#3094 = SHAPE_DEFINITION_REPRESENTATION(#3095,#3101);
#3095 = PRODUCT_DEFINITION_SHAPE('','',#3096);
#3096 = PRODUCT_DEFINITION('design','',#3097,#3100);
#3097 = PRODUCT_DEFINITION_FORMATION('','',#3098);
#3098 = PRODUCT('bearing-6707zz 1.21','bearing-6707zz 1.21','',(#3099));
#3099 = PRODUCT_CONTEXT('',#2,'mechanical');
#3100 = PRODUCT_DEFINITION_CONTEXT('part definition',#2,'design');
#3101 = ADVANCED_BREP_SHAPE_REPRESENTATION('',(#11,#3102),#3114);
#3102 = MANIFOLD_SOLID_BREP('',#3103);
#3103 = CLOSED_SHELL('',(#3104));
#3104 = ADVANCED_FACE('',(#3105),#3109,.T.);
#3105 = FACE_BOUND('',#3106,.T.);
#3106 = VERTEX_LOOP('',#3107);
#3107 = VERTEX_POINT('',#3108);
#3108 = CARTESIAN_POINT('',(-4.726484369679,-19.17610089416,
    1.494847116342));
#3109 = SPHERICAL_SURFACE('',#3110,1.494847116342);
#3110 = AXIS2_PLACEMENT_3D('',#3111,#3112,#3113);
#3111 = CARTESIAN_POINT('',(-4.726484369679,-19.17610089416,0.));
#3112 = DIRECTION('',(0.,0.,-1.));
#3113 = DIRECTION('',(-0.239315664288,-0.970941817426,-0.));
#3114 = ( GEOMETRIC_REPRESENTATION_CONTEXT(3) 
GLOBAL_UNCERTAINTY_ASSIGNED_CONTEXT((#3118)) 
GLOBAL_UNIT_ASSIGNED_CONTEXT((#3115,#3116,#3117)) REPRESENTATION_CONTEXT
('Context #1','3D Context with UNIT and UNCERTAINTY') );
#3115 = ( LENGTH_UNIT() NAMED_UNIT(*) SI_UNIT(.MILLI.,.METRE.) );
#3116 = ( NAMED_UNIT(*) PLANE_ANGLE_UNIT() SI_UNIT($,.RADIAN.) );
#3117 = ( NAMED_UNIT(*) SI_UNIT($,.STERADIAN.) SOLID_ANGLE_UNIT() );
#3118 = UNCERTAINTY_MEASURE_WITH_UNIT(LENGTH_MEASURE(1.E-07),#3115,
  'distance_accuracy_value','confusion accuracy');
#3119 = CONTEXT_DEPENDENT_SHAPE_REPRESENTATION(#3120,#3122);
#3120 = ( REPRESENTATION_RELATIONSHIP('','',#3101,#10) 
REPRESENTATION_RELATIONSHIP_WITH_TRANSFORMATION(#3121) 
SHAPE_REPRESENTATION_RELATIONSHIP() );
#3121 = ITEM_DEFINED_TRANSFORMATION('','',#11,#95);
#3122 = PRODUCT_DEFINITION_SHAPE('Placement','Placement of an item',
  #3123);
#3123 = NEXT_ASSEMBLY_USAGE_OCCURRENCE('21','','',#5,#3096,$);
#3124 = PRODUCT_RELATED_PRODUCT_CATEGORY('part',$,(#3098));
#3125 = SHAPE_DEFINITION_REPRESENTATION(#3126,#3132);
#3126 = PRODUCT_DEFINITION_SHAPE('','',#3127);
#3127 = PRODUCT_DEFINITION('design','',#3128,#3131);
#3128 = PRODUCT_DEFINITION_FORMATION('','',#3129);
#3129 = PRODUCT('bearing-6707zz 1.22','bearing-6707zz 1.22','',(#3130));
#3130 = PRODUCT_CONTEXT('',#2,'mechanical');
#3131 = PRODUCT_DEFINITION_CONTEXT('part definition',#2,'design');
#3132 = ADVANCED_BREP_SHAPE_REPRESENTATION('',(#11,#3133),#3145);
#3133 = MANIFOLD_SOLID_BREP('',#3134);
#3134 = CLOSED_SHELL('',(#3135));
#3135 = ADVANCED_FACE('',(#3136),#3140,.T.);
#3136 = FACE_BOUND('',#3137,.T.);
#3137 = VERTEX_LOOP('',#3138);
#3138 = VERTEX_POINT('',#3139);
#3139 = CARTESIAN_POINT('',(18.46657079304,7.00344651909,1.494847116342)
  );
#3140 = SPHERICAL_SURFACE('',#3141,1.494847116342);
#3141 = AXIS2_PLACEMENT_3D('',#3142,#3143,#3144);
#3142 = CARTESIAN_POINT('',(18.46657079304,7.00344651909,0.));
#3143 = DIRECTION('',(0.,0.,-1.));
#3144 = DIRECTION('',(0.935016242685,0.354604887043,0.));
#3145 = ( GEOMETRIC_REPRESENTATION_CONTEXT(3) 
GLOBAL_UNCERTAINTY_ASSIGNED_CONTEXT((#3149)) 
GLOBAL_UNIT_ASSIGNED_CONTEXT((#3146,#3147,#3148)) REPRESENTATION_CONTEXT
('Context #1','3D Context with UNIT and UNCERTAINTY') );
#3146 = ( LENGTH_UNIT() NAMED_UNIT(*) SI_UNIT(.MILLI.,.METRE.) );
#3147 = ( NAMED_UNIT(*) PLANE_ANGLE_UNIT() SI_UNIT($,.RADIAN.) );
#3148 = ( NAMED_UNIT(*) SI_UNIT($,.STERADIAN.) SOLID_ANGLE_UNIT() );
#3149 = UNCERTAINTY_MEASURE_WITH_UNIT(LENGTH_MEASURE(1.E-07),#3146,
  'distance_accuracy_value','confusion accuracy');
#3150 = CONTEXT_DEPENDENT_SHAPE_REPRESENTATION(#3151,#3153);
#3151 = ( REPRESENTATION_RELATIONSHIP('','',#3132,#10) 
REPRESENTATION_RELATIONSHIP_WITH_TRANSFORMATION(#3152) 
SHAPE_REPRESENTATION_RELATIONSHIP() );
#3152 = ITEM_DEFINED_TRANSFORMATION('','',#11,#99);
#3153 = PRODUCT_DEFINITION_SHAPE('Placement','Placement of an item',
  #3154);
#3154 = NEXT_ASSEMBLY_USAGE_OCCURRENCE('22','','',#5,#3127,$);
#3155 = PRODUCT_RELATED_PRODUCT_CATEGORY('part',$,(#3129));
#3156 = SHAPE_DEFINITION_REPRESENTATION(#3157,#3163);
#3157 = PRODUCT_DEFINITION_SHAPE('','',#3158);
#3158 = PRODUCT_DEFINITION('design','',#3159,#3162);
#3159 = PRODUCT_DEFINITION_FORMATION('','',#3160);
#3160 = PRODUCT('bearing-6707zz 1.23','bearing-6707zz 1.23','',(#3161));
#3161 = PRODUCT_CONTEXT('',#2,'mechanical');
#3162 = PRODUCT_DEFINITION_CONTEXT('part definition',#2,'design');
#3163 = ADVANCED_BREP_SHAPE_REPRESENTATION('',(#11,#3164),#3176);
#3164 = MANIFOLD_SOLID_BREP('',#3165);
#3165 = CLOSED_SHELL('',(#3166));
#3166 = ADVANCED_FACE('',(#3167),#3171,.T.);
#3167 = FACE_BOUND('',#3168,.T.);
#3168 = VERTEX_LOOP('',#3169);
#3169 = VERTEX_POINT('',#3170);
#3170 = CARTESIAN_POINT('',(-13.09667250026,-14.78308727638,
    1.494847116342));
#3171 = SPHERICAL_SURFACE('',#3172,1.494847116342);
#3172 = AXIS2_PLACEMENT_3D('',#3173,#3174,#3175);
#3173 = CARTESIAN_POINT('',(-13.09667250026,-14.78308727638,0.));
#3174 = DIRECTION('',(0.,0.,-1.));
#3175 = DIRECTION('',(-0.663122658241,-0.748510748171,-0.));
#3176 = ( GEOMETRIC_REPRESENTATION_CONTEXT(3) 
GLOBAL_UNCERTAINTY_ASSIGNED_CONTEXT((#3180)) 
GLOBAL_UNIT_ASSIGNED_CONTEXT((#3177,#3178,#3179)) REPRESENTATION_CONTEXT
('Context #1','3D Context with UNIT and UNCERTAINTY') );
#3177 = ( LENGTH_UNIT() NAMED_UNIT(*) SI_UNIT(.MILLI.,.METRE.) );
#3178 = ( NAMED_UNIT(*) PLANE_ANGLE_UNIT() SI_UNIT($,.RADIAN.) );
#3179 = ( NAMED_UNIT(*) SI_UNIT($,.STERADIAN.) SOLID_ANGLE_UNIT() );
#3180 = UNCERTAINTY_MEASURE_WITH_UNIT(LENGTH_MEASURE(1.E-07),#3177,
  'distance_accuracy_value','confusion accuracy');
#3181 = CONTEXT_DEPENDENT_SHAPE_REPRESENTATION(#3182,#3184);
#3182 = ( REPRESENTATION_RELATIONSHIP('','',#3163,#10) 
REPRESENTATION_RELATIONSHIP_WITH_TRANSFORMATION(#3183) 
SHAPE_REPRESENTATION_RELATIONSHIP() );
#3183 = ITEM_DEFINED_TRANSFORMATION('','',#11,#103);
#3184 = PRODUCT_DEFINITION_SHAPE('Placement','Placement of an item',
  #3185);
#3185 = NEXT_ASSEMBLY_USAGE_OCCURRENCE('23','','',#5,#3158,$);
#3186 = PRODUCT_RELATED_PRODUCT_CATEGORY('part',$,(#3160));
#3187 = SHAPE_DEFINITION_REPRESENTATION(#3188,#3194);
#3188 = PRODUCT_DEFINITION_SHAPE('','',#3189);
#3189 = PRODUCT_DEFINITION('design','',#3190,#3193);
#3190 = PRODUCT_DEFINITION_FORMATION('','',#3191);
#3191 = PRODUCT('bearing-6707zz 1.24','bearing-6707zz 1.24','',(#3192));
#3192 = PRODUCT_CONTEXT('',#2,'mechanical');
#3193 = PRODUCT_DEFINITION_CONTEXT('part definition',#2,'design');
#3194 = ADVANCED_BREP_SHAPE_REPRESENTATION('',(#11,#3195),#3207);
#3195 = MANIFOLD_SOLID_BREP('',#3196);
#3196 = CLOSED_SHELL('',(#3197));
#3197 = ADVANCED_FACE('',(#3198),#3202,.T.);
#3198 = FACE_BOUND('',#3199,.T.);
#3199 = VERTEX_LOOP('',#3200);
#3200 = VERTEX_POINT('',#3201);
#3201 = CARTESIAN_POINT('',(9.178282647865,-17.48775650665,
    1.494847116342));
#3202 = SPHERICAL_SURFACE('',#3203,1.494847116342);
#3203 = AXIS2_PLACEMENT_3D('',#3204,#3205,#3206);
#3204 = CARTESIAN_POINT('',(9.178282647865,-17.48775650665,0.));
#3205 = DIRECTION('',(0.,0.,-1.));
#3206 = DIRECTION('',(0.464723172044,-0.885456025653,0.));
#3207 = ( GEOMETRIC_REPRESENTATION_CONTEXT(3) 
GLOBAL_UNCERTAINTY_ASSIGNED_CONTEXT((#3211)) 
GLOBAL_UNIT_ASSIGNED_CONTEXT((#3208,#3209,#3210)) REPRESENTATION_CONTEXT
('Context #1','3D Context with UNIT and UNCERTAINTY') );
#3208 = ( LENGTH_UNIT() NAMED_UNIT(*) SI_UNIT(.MILLI.,.METRE.) );
#3209 = ( NAMED_UNIT(*) PLANE_ANGLE_UNIT() SI_UNIT($,.RADIAN.) );
#3210 = ( NAMED_UNIT(*) SI_UNIT($,.STERADIAN.) SOLID_ANGLE_UNIT() );
#3211 = UNCERTAINTY_MEASURE_WITH_UNIT(LENGTH_MEASURE(1.E-07),#3208,
  'distance_accuracy_value','confusion accuracy');
#3212 = CONTEXT_DEPENDENT_SHAPE_REPRESENTATION(#3213,#3215);
#3213 = ( REPRESENTATION_RELATIONSHIP('','',#3194,#10) 
REPRESENTATION_RELATIONSHIP_WITH_TRANSFORMATION(#3214) 
SHAPE_REPRESENTATION_RELATIONSHIP() );
#3214 = ITEM_DEFINED_TRANSFORMATION('','',#11,#107);
#3215 = PRODUCT_DEFINITION_SHAPE('Placement','Placement of an item',
  #3216);
#3216 = NEXT_ASSEMBLY_USAGE_OCCURRENCE('24','','',#5,#3189,$);
#3217 = PRODUCT_RELATED_PRODUCT_CATEGORY('part',$,(#3191));
#3218 = SHAPE_DEFINITION_REPRESENTATION(#3219,#3225);
#3219 = PRODUCT_DEFINITION_SHAPE('','',#3220);
#3220 = PRODUCT_DEFINITION('design','',#3221,#3224);
#3221 = PRODUCT_DEFINITION_FORMATION('','',#3222);
#3222 = PRODUCT('bearing-6707zz 1.25','bearing-6707zz 1.25','',(#3223));
#3223 = PRODUCT_CONTEXT('',#2,'mechanical');
#3224 = PRODUCT_DEFINITION_CONTEXT('part definition',#2,'design');
#3225 = ADVANCED_BREP_SHAPE_REPRESENTATION('',(#11,#3226),#3238);
#3226 = MANIFOLD_SOLID_BREP('',#3227);
#3227 = CLOSED_SHELL('',(#3228));
#3228 = ADVANCED_FACE('',(#3229),#3233,.T.);
#3229 = FACE_BOUND('',#3230,.T.);
#3230 = VERTEX_LOOP('',#3231);
#3231 = VERTEX_POINT('',#3232);
#3232 = CARTESIAN_POINT('',(-18.46657079304,-7.00344651909,
    1.494847116342));
#3233 = SPHERICAL_SURFACE('',#3234,1.494847116342);
#3234 = AXIS2_PLACEMENT_3D('',#3235,#3236,#3237);
#3235 = CARTESIAN_POINT('',(-18.46657079304,-7.00344651909,0.));
#3236 = DIRECTION('',(0.,0.,-1.));
#3237 = DIRECTION('',(-0.935016242685,-0.354604887043,-0.));
#3238 = ( GEOMETRIC_REPRESENTATION_CONTEXT(3) 
GLOBAL_UNCERTAINTY_ASSIGNED_CONTEXT((#3242)) 
GLOBAL_UNIT_ASSIGNED_CONTEXT((#3239,#3240,#3241)) REPRESENTATION_CONTEXT
('Context #1','3D Context with UNIT and UNCERTAINTY') );
#3239 = ( LENGTH_UNIT() NAMED_UNIT(*) SI_UNIT(.MILLI.,.METRE.) );
#3240 = ( NAMED_UNIT(*) PLANE_ANGLE_UNIT() SI_UNIT($,.RADIAN.) );
#3241 = ( NAMED_UNIT(*) SI_UNIT($,.STERADIAN.) SOLID_ANGLE_UNIT() );
#3242 = UNCERTAINTY_MEASURE_WITH_UNIT(LENGTH_MEASURE(1.E-07),#3239,
  'distance_accuracy_value','confusion accuracy');
#3243 = CONTEXT_DEPENDENT_SHAPE_REPRESENTATION(#3244,#3246);
#3244 = ( REPRESENTATION_RELATIONSHIP('','',#3225,#10) 
REPRESENTATION_RELATIONSHIP_WITH_TRANSFORMATION(#3245) 
SHAPE_REPRESENTATION_RELATIONSHIP() );
#3245 = ITEM_DEFINED_TRANSFORMATION('','',#11,#111);
#3246 = PRODUCT_DEFINITION_SHAPE('Placement','Placement of an item',
  #3247);
#3247 = NEXT_ASSEMBLY_USAGE_OCCURRENCE('25','','',#5,#3220,$);
#3248 = PRODUCT_RELATED_PRODUCT_CATEGORY('part',$,(#3222));
#3249 = SHAPE_DEFINITION_REPRESENTATION(#3250,#3256);
#3250 = PRODUCT_DEFINITION_SHAPE('','',#3251);
#3251 = PRODUCT_DEFINITION('design','',#3252,#3255);
#3252 = PRODUCT_DEFINITION_FORMATION('','',#3253);
#3253 = PRODUCT('bearing-6707zz 1.26','bearing-6707zz 1.26','',(#3254));
#3254 = PRODUCT_CONTEXT('',#2,'mechanical');
#3255 = PRODUCT_DEFINITION_CONTEXT('part definition',#2,'design');
#3256 = ADVANCED_BREP_SHAPE_REPRESENTATION('',(#11,#3257),#5733);
#3257 = MANIFOLD_SOLID_BREP('',#3258);
#3258 = CLOSED_SHELL('',(#3259,#3381,#3480,#4117,#4237,#4310,#4384,#4434
    ,#4507,#4535,#4951,#4986,#5065,#5145,#5200,#5207,#5322,#5350,#5377,
    #5385,#5436,#5487,#5515,#5565,#5593,#5620,#5670,#5698,#5725));
#3259 = ADVANCED_FACE('',(#3260),#3275,.F.);
#3260 = FACE_BOUND('',#3261,.F.);
#3261 = EDGE_LOOP('',(#3262,#3297,#3326,#3354));
#3262 = ORIENTED_EDGE('',*,*,#3263,.F.);
#3263 = EDGE_CURVE('',#3264,#3266,#3268,.T.);
#3264 = VERTEX_POINT('',#3265);
#3265 = CARTESIAN_POINT('',(-8.713568992078,16.602295489224,
    -1.11111098688));
#3266 = VERTEX_POINT('',#3267);
#3267 = CARTESIAN_POINT('',(-8.713568957129,16.602295507037,
    1.111110986133));
#3268 = SURFACE_CURVE('',#3269,(#3274,#3286),.PCURVE_S1.);
#3269 = CIRCLE('',#3270,1.494847116342);
#3270 = AXIS2_PLACEMENT_3D('',#3271,#3272,#3273);
#3271 = CARTESIAN_POINT('',(-9.178292724676,17.48775121793,0.));
#3272 = DIRECTION('',(-0.88545575787,-0.464723682262,0.));
#3273 = DIRECTION('',(0.310887066064,-0.592344985204,-0.743287730733));
#3274 = PCURVE('',#3275,#3280);
#3275 = TOROIDAL_SURFACE('',#3276,19.75,1.494847116342);
#3276 = AXIS2_PLACEMENT_3D('',#3277,#3278,#3279);
#3277 = CARTESIAN_POINT('',(-6.474820679614E-14,5.861977570021E-13,
    -2.235901159266E-14));
#3278 = DIRECTION('',(0.,0.,1.));
#3279 = DIRECTION('',(5.717253758469E-09,1.,-0.));
#3280 = DEFINITIONAL_REPRESENTATION('',(#3281),#3285);
#3281 = LINE('',#3282,#3283);
#3282 = CARTESIAN_POINT('',(0.483322528644,10.262749595616));
#3283 = VECTOR('',#3284,1.);
#3284 = DIRECTION('',(-3.312195619432E-17,-1.));
#3285 = ( GEOMETRIC_REPRESENTATION_CONTEXT(2) 
PARAMETRIC_REPRESENTATION_CONTEXT() REPRESENTATION_CONTEXT('2D SPACE',''
  ) );
#3286 = PCURVE('',#3287,#3292);
#3287 = TOROIDAL_SURFACE('',#3288,19.74941923395,1.494846854874);
#3288 = AXIS2_PLACEMENT_3D('',#3289,#3290,#3291);
#3289 = CARTESIAN_POINT('',(-3.029766632831E-04,4.967599144871E-04,
    -7.961485903144E-13));
#3290 = DIRECTION('',(1.228162971657E-11,8.482685240815E-12,1.));
#3291 = DIRECTION('',(-0.464721077927,0.885457124727,-1.803521882717E-12
    ));
#3292 = DEFINITIONAL_REPRESENTATION('',(#3293),#3296);
#3293 = B_SPLINE_CURVE_WITH_KNOTS('',1,(#3294,#3295),.UNSPECIFIED.,.F.,
  .F.,(2,2),(6.283175771404,7.959138112081),.PIECEWISE_BEZIER_KNOTS.);
#3294 = CARTESIAN_POINT('',(9.456342085084E-07,3.979573877268));
#3295 = CARTESIAN_POINT('',(9.456359644869E-07,2.30361143045));
#3296 = ( GEOMETRIC_REPRESENTATION_CONTEXT(2) 
PARAMETRIC_REPRESENTATION_CONTEXT() REPRESENTATION_CONTEXT('2D SPACE',''
  ) );
#3297 = ORIENTED_EDGE('',*,*,#3298,.F.);
#3298 = EDGE_CURVE('',#3299,#3264,#3301,.T.);
#3299 = VERTEX_POINT('',#3300);
#3300 = CARTESIAN_POINT('',(-1.166806687145E-05,18.749999553175,
    -1.111114154339));
#3301 = SURFACE_CURVE('',#3302,(#3307,#3314),.PCURVE_S1.);
#3302 = CIRCLE('',#3303,18.75);
#3303 = AXIS2_PLACEMENT_3D('',#3304,#3305,#3306);
#3304 = CARTESIAN_POINT('',(-6.474820679614E-14,5.861977570021E-13,
    -1.111111111112));
#3305 = DIRECTION('',(0.,0.,1.));
#3306 = DIRECTION('',(1.,0.,-0.));
#3307 = PCURVE('',#3275,#3308);
#3308 = DEFINITIONAL_REPRESENTATION('',(#3309),#3313);
#3309 = LINE('',#3310,#3311);
#3310 = CARTESIAN_POINT('',(-1.570796321078,3.979573878598));
#3311 = VECTOR('',#3312,1.);
#3312 = DIRECTION('',(1.,-9.188270014648E-16));
#3313 = ( GEOMETRIC_REPRESENTATION_CONTEXT(2) 
PARAMETRIC_REPRESENTATION_CONTEXT() REPRESENTATION_CONTEXT('2D SPACE',''
  ) );
#3314 = PCURVE('',#3315,#3320);
#3315 = CYLINDRICAL_SURFACE('',#3316,18.75);
#3316 = AXIS2_PLACEMENT_3D('',#3317,#3318,#3319);
#3317 = CARTESIAN_POINT('',(0.,0.,-1.805555555556));
#3318 = DIRECTION('',(0.,0.,1.));
#3319 = DIRECTION('',(1.,0.,-0.));
#3320 = DEFINITIONAL_REPRESENTATION('',(#3321),#3325);
#3321 = LINE('',#3322,#3323);
#3322 = CARTESIAN_POINT('',(3.552713678801E-15,0.694444444444));
#3323 = VECTOR('',#3324,1.);
#3324 = DIRECTION('',(1.,0.));
#3325 = ( GEOMETRIC_REPRESENTATION_CONTEXT(2) 
PARAMETRIC_REPRESENTATION_CONTEXT() REPRESENTATION_CONTEXT('2D SPACE',''
  ) );
#3326 = ORIENTED_EDGE('',*,*,#3327,.F.);
#3327 = EDGE_CURVE('',#3328,#3299,#3330,.T.);
#3328 = VERTEX_POINT('',#3329);
#3329 = CARTESIAN_POINT('',(-1.456746129519E-05,18.749999862571,
    1.111114378959));
#3330 = SURFACE_CURVE('',#3331,(#3336,#3342),.PCURVE_S1.);
#3331 = CIRCLE('',#3332,1.494846854986);
#3332 = AXIS2_PLACEMENT_3D('',#3333,#3334,#3335);
#3333 = CARTESIAN_POINT('',(-2.219100882365E-05,19.749991974646,
    4.506894857315E-11));
#3334 = DIRECTION('',(0.999999999958,9.018152939719E-06,
    1.299560540072E-06));
#3335 = DIRECTION('',(6.998781425061E-06,-0.668964657932,-0.743294212536
    ));
#3336 = PCURVE('',#3275,#3337);
#3337 = DEFINITIONAL_REPRESENTATION('',(#3338),#3341);
#3338 = B_SPLINE_CURVE_WITH_KNOTS('',1,(#3339,#3340),.UNSPECIFIED.,.F.,
  .F.,(2,2),(4.607217373514,6.283190338306),.PIECEWISE_BEZIER_KNOTS.);
#3339 = CARTESIAN_POINT('',(7.852839581197E-07,2.303610034502));
#3340 = CARTESIAN_POINT('',(6.312611245097E-07,3.979575018313));
#3341 = ( GEOMETRIC_REPRESENTATION_CONTEXT(2) 
PARAMETRIC_REPRESENTATION_CONTEXT() REPRESENTATION_CONTEXT('2D SPACE',''
  ) );
#3342 = PCURVE('',#3343,#3348);
#3343 = TOROIDAL_SURFACE('',#3344,19.74941918103,1.494846854987);
#3344 = AXIS2_PLACEMENT_3D('',#3345,#3346,#3347);
#3345 = CARTESIAN_POINT('',(1.026450411835E-04,5.727940174215E-04,
    -1.729480996909E-12));
#3346 = DIRECTION('',(2.010260217981E-11,-2.528945242478E-12,1.));
#3347 = DIRECTION('',(0.2393366481,0.97093664514,-2.35584381432E-12));
#3348 = DEFINITIONAL_REPRESENTATION('',(#3349),#3353);
#3349 = LINE('',#3350,#3351);
#3350 = CARTESIAN_POINT('',(0.241689262809,-2.303611329486));
#3351 = VECTOR('',#3352,1.);
#3352 = DIRECTION('',(-9.190472781914E-08,1.));
#3353 = ( GEOMETRIC_REPRESENTATION_CONTEXT(2) 
PARAMETRIC_REPRESENTATION_CONTEXT() REPRESENTATION_CONTEXT('2D SPACE',''
  ) );
#3354 = ORIENTED_EDGE('',*,*,#3355,.F.);
#3355 = EDGE_CURVE('',#3266,#3328,#3356,.T.);
#3356 = SURFACE_CURVE('',#3357,(#3362,#3369),.PCURVE_S1.);
#3357 = CIRCLE('',#3358,18.75);
#3358 = AXIS2_PLACEMENT_3D('',#3359,#3360,#3361);
#3359 = CARTESIAN_POINT('',(-6.474820679614E-14,5.861977570021E-13,
    1.111111111112));
#3360 = DIRECTION('',(0.,0.,-1.));
#3361 = DIRECTION('',(1.,9.837542772256E-10,0.));
#3362 = PCURVE('',#3275,#3363);
#3363 = DEFINITIONAL_REPRESENTATION('',(#3364),#3368);
#3364 = LINE('',#3365,#3366);
#3365 = CARTESIAN_POINT('',(4.712388987086,2.303611428581));
#3366 = VECTOR('',#3367,1.);
#3367 = DIRECTION('',(-1.,-4.59413649706E-15));
#3368 = ( GEOMETRIC_REPRESENTATION_CONTEXT(2) 
PARAMETRIC_REPRESENTATION_CONTEXT() REPRESENTATION_CONTEXT('2D SPACE',''
  ) );
#3369 = PCURVE('',#3370,#3375);
#3370 = CYLINDRICAL_SURFACE('',#3371,18.75);
#3371 = AXIS2_PLACEMENT_3D('',#3372,#3373,#3374);
#3372 = CARTESIAN_POINT('',(0.,0.,1.805555555556));
#3373 = DIRECTION('',(0.,0.,1.));
#3374 = DIRECTION('',(1.,9.837542772256E-10,-0.));
#3375 = DEFINITIONAL_REPRESENTATION('',(#3376),#3380);
#3376 = LINE('',#3377,#3378);
#3377 = CARTESIAN_POINT('',(12.566370614359,-0.694444444444));
#3378 = VECTOR('',#3379,1.);
#3379 = DIRECTION('',(-1.,0.));
#3380 = ( GEOMETRIC_REPRESENTATION_CONTEXT(2) 
PARAMETRIC_REPRESENTATION_CONTEXT() REPRESENTATION_CONTEXT('2D SPACE',''
  ) );
#3381 = ADVANCED_FACE('',(#3382),#3287,.F.);
#3382 = FACE_BOUND('',#3383,.F.);
#3383 = EDGE_LOOP('',(#3384,#3414,#3437,#3458,#3459));
#3384 = ORIENTED_EDGE('',*,*,#3385,.F.);
#3385 = EDGE_CURVE('',#3386,#3388,#3390,.T.);
#3386 = VERTEX_POINT('',#3387);
#3387 = CARTESIAN_POINT('',(-12.10544151176,13.664135872058,
    3.197045293268E-11));
#3388 = VERTEX_POINT('',#3389);
#3389 = CARTESIAN_POINT('',(-12.43356065585,14.034566764381,
    1.111114379003));
#3390 = SURFACE_CURVE('',#3391,(#3396,#3403),.PCURVE_S1.);
#3391 = CIRCLE('',#3392,1.494846854874);
#3392 = AXIS2_PLACEMENT_3D('',#3393,#3394,#3395);
#3393 = CARTESIAN_POINT('',(-13.09668274423,14.7830674789,
    3.465284388314E-11));
#3394 = DIRECTION('',(-0.748506603859,-0.663127336173,1.481798141633E-11
    ));
#3395 = DIRECTION('',(0.663127336173,-0.748506603859,-1.794816011917E-12
    ));
#3396 = PCURVE('',#3287,#3397);
#3397 = DEFINITIONAL_REPRESENTATION('',(#3398),#3402);
#3398 = LINE('',#3399,#3400);
#3399 = CARTESIAN_POINT('',(0.241669588037,3.14159265359));
#3400 = VECTOR('',#3401,1.);
#3401 = DIRECTION('',(-1.102953981933E-14,-1.));
#3402 = ( GEOMETRIC_REPRESENTATION_CONTEXT(2) 
PARAMETRIC_REPRESENTATION_CONTEXT() REPRESENTATION_CONTEXT('2D SPACE',''
  ) );
#3403 = PCURVE('',#3404,#3409);
#3404 = TOROIDAL_SURFACE('',#3405,19.75,1.494847116342);
#3405 = AXIS2_PLACEMENT_3D('',#3406,#3407,#3408);
#3406 = CARTESIAN_POINT('',(-3.304023721284E-14,3.517186542012E-14,
    -2.681366209502E-14));
#3407 = DIRECTION('',(0.,0.,1.));
#3408 = DIRECTION('',(-0.663122658241,0.748510748171,0.));
#3409 = DEFINITIONAL_REPRESENTATION('',(#3410),#3413);
#3410 = B_SPLINE_CURVE_WITH_KNOTS('',1,(#3411,#3412),.UNSPECIFIED.,.F.,
  .F.,(2,2),(0.,0.837986609725),.PIECEWISE_BEZIER_KNOTS.);
#3411 = CARTESIAN_POINT('',(6.27416291127E-07,3.141592653568));
#3412 = CARTESIAN_POINT('',(7.757988246602E-07,2.303610034481));
#3413 = ( GEOMETRIC_REPRESENTATION_CONTEXT(2) 
PARAMETRIC_REPRESENTATION_CONTEXT() REPRESENTATION_CONTEXT('2D SPACE',''
  ) );
#3414 = ORIENTED_EDGE('',*,*,#3415,.F.);
#3415 = EDGE_CURVE('',#3416,#3386,#3418,.T.);
#3416 = VERTEX_POINT('',#3417);
#3417 = CARTESIAN_POINT('',(-12.4336273884,14.034507230782,
    -1.111114154649));
#3418 = SURFACE_CURVE('',#3419,(#3424,#3431),.PCURVE_S1.);
#3419 = CIRCLE('',#3420,1.494846854874);
#3420 = AXIS2_PLACEMENT_3D('',#3421,#3422,#3423);
#3421 = CARTESIAN_POINT('',(-13.09675324096,14.78300502316,
    3.465423949039E-11));
#3422 = DIRECTION('',(-0.74850344145,-0.663130905733,1.481795242064E-11)
  );
#3423 = DIRECTION('',(0.443613947953,-0.500725518685,-0.743290400933));
#3424 = PCURVE('',#3287,#3425);
#3425 = DEFINITIONAL_REPRESENTATION('',(#3426),#3430);
#3426 = LINE('',#3427,#3428);
#3427 = CARTESIAN_POINT('',(0.241674356955,10.262753587119));
#3428 = VECTOR('',#3429,1.);
#3429 = DIRECTION('',(-5.862549969042E-15,-1.));
#3430 = ( GEOMETRIC_REPRESENTATION_CONTEXT(2) 
PARAMETRIC_REPRESENTATION_CONTEXT() REPRESENTATION_CONTEXT('2D SPACE',''
  ) );
#3431 = PCURVE('',#3404,#3432);
#3432 = DEFINITIONAL_REPRESENTATION('',(#3433),#3436);
#3433 = B_SPLINE_CURVE_WITH_KNOTS('',1,(#3434,#3435),.UNSPECIFIED.,.F.,
  .F.,(2,2),(6.283174577778,7.121160933532),.PIECEWISE_BEZIER_KNOTS.);
#3434 = CARTESIAN_POINT('',(5.544573588391E-06,3.979575018457));
#3435 = CARTESIAN_POINT('',(5.396185417943E-06,3.141592653568));
#3436 = ( GEOMETRIC_REPRESENTATION_CONTEXT(2) 
PARAMETRIC_REPRESENTATION_CONTEXT() REPRESENTATION_CONTEXT('2D SPACE',''
  ) );
#3437 = ORIENTED_EDGE('',*,*,#3438,.F.);
#3438 = EDGE_CURVE('',#3264,#3416,#3439,.T.);
#3439 = SURFACE_CURVE('',#3440,(#3445,#3451),.PCURVE_S1.);
#3440 = CIRCLE('',#3441,18.749999992701);
#3441 = AXIS2_PLACEMENT_3D('',#3442,#3443,#3444);
#3442 = CARTESIAN_POINT('',(-7.614222585772E-09,1.247189018727E-08,
    -1.111633461375));
#3443 = DIRECTION('',(1.454324254815E-05,-2.384503951139E-05,
    0.99999999961));
#3444 = DIRECTION('',(-0.663126811512,0.748507068169,2.749219468576E-05)
  );
#3445 = PCURVE('',#3287,#3446);
#3446 = DEFINITIONAL_REPRESENTATION('',(#3447),#3450);
#3447 = B_SPLINE_CURVE_WITH_KNOTS('',1,(#3448,#3449),.UNSPECIFIED.,.F.,
  .F.,(2,2),(6.041519357929,6.28318530718),.PIECEWISE_BEZIER_KNOTS.);
#3448 = CARTESIAN_POINT('',(9.425342022593E-07,3.979573817236));
#3449 = CARTESIAN_POINT('',(0.241674361305,3.979580944621));
#3450 = ( GEOMETRIC_REPRESENTATION_CONTEXT(2) 
PARAMETRIC_REPRESENTATION_CONTEXT() REPRESENTATION_CONTEXT('2D SPACE',''
  ) );
#3451 = PCURVE('',#3315,#3452);
#3452 = DEFINITIONAL_REPRESENTATION('',(#3453),#3457);
#3453 = LINE('',#3454,#3455);
#3454 = CARTESIAN_POINT('',(-3.987400508679,0.694622878524));
#3455 = VECTOR('',#3456,1.);
#3456 = DIRECTION('',(0.999999999565,-2.949231707858E-05));
#3457 = ( GEOMETRIC_REPRESENTATION_CONTEXT(2) 
PARAMETRIC_REPRESENTATION_CONTEXT() REPRESENTATION_CONTEXT('2D SPACE',''
  ) );
#3458 = ORIENTED_EDGE('',*,*,#3263,.T.);
#3459 = ORIENTED_EDGE('',*,*,#3460,.F.);
#3460 = EDGE_CURVE('',#3388,#3266,#3461,.T.);
#3461 = SURFACE_CURVE('',#3462,(#3467,#3473),.PCURVE_S1.);
#3462 = CIRCLE('',#3463,18.749999996659);
#3463 = AXIS2_PLACEMENT_3D('',#3464,#3465,#3466);
#3464 = CARTESIAN_POINT('',(-5.350093701395E-09,9.191027938726E-09,
    1.11163346493));
#3465 = DIRECTION('',(1.454332522066E-05,-2.384521464911E-05,
    -0.99999999961));
#3466 = DIRECTION('',(-0.464723677462,0.88545575995,-2.787251024825E-05)
  );
#3467 = PCURVE('',#3287,#3468);
#3468 = DEFINITIONAL_REPRESENTATION('',(#3469),#3472);
#3469 = B_SPLINE_CURVE_WITH_KNOTS('',1,(#3470,#3471),.UNSPECIFIED.,.F.,
  .F.,(2,2),(6.041524127806,6.28318530718),.PIECEWISE_BEZIER_KNOTS.);
#3470 = CARTESIAN_POINT('',(0.241669589243,2.303604362996));
#3471 = CARTESIAN_POINT('',(9.404439530503E-07,2.303611489947));
#3472 = ( GEOMETRIC_REPRESENTATION_CONTEXT(2) 
PARAMETRIC_REPRESENTATION_CONTEXT() REPRESENTATION_CONTEXT('2D SPACE',''
  ) );
#3473 = PCURVE('',#3370,#3474);
#3474 = DEFINITIONAL_REPRESENTATION('',(#3475),#3479);
#3475 = LINE('',#3476,#3477);
#3476 = CARTESIAN_POINT('',(14.620489455235,-0.694259398608));
#3477 = VECTOR('',#3478,1.);
#3478 = DIRECTION('',(-0.999999999565,-2.949166317555E-05));
#3479 = ( GEOMETRIC_REPRESENTATION_CONTEXT(2) 
PARAMETRIC_REPRESENTATION_CONTEXT() REPRESENTATION_CONTEXT('2D SPACE',''
  ) );
#3480 = ADVANCED_FACE('',(#3481),#3370,.T.);
#3481 = FACE_BOUND('',#3482,.T.);
#3482 = EDGE_LOOP('',(#3483,#3512,#3535,#3564,#3592,#3621,#3649,#3678,
    #3706,#3735,#3763,#3792,#3820,#3848,#3877,#3905,#3934,#3962,#3991,
    #4012,#4013,#4014,#4038,#4066,#4094,#4116));
#3483 = ORIENTED_EDGE('',*,*,#3484,.F.);
#3484 = EDGE_CURVE('',#3485,#3485,#3487,.T.);
#3485 = VERTEX_POINT('',#3486);
#3486 = CARTESIAN_POINT('',(-18.75,-1.844539499419E-08,2.5));
#3487 = SURFACE_CURVE('',#3488,(#3493,#3500),.PCURVE_S1.);
#3488 = CIRCLE('',#3489,18.75);
#3489 = AXIS2_PLACEMENT_3D('',#3490,#3491,#3492);
#3490 = CARTESIAN_POINT('',(0.,0.,2.5));
#3491 = DIRECTION('',(0.,0.,1.));
#3492 = DIRECTION('',(1.6089877085E-12,1.,-0.));
#3493 = PCURVE('',#3370,#3494);
#3494 = DEFINITIONAL_REPRESENTATION('',(#3495),#3499);
#3495 = LINE('',#3496,#3497);
#3496 = CARTESIAN_POINT('',(1.57079632581,0.694444444444));
#3497 = VECTOR('',#3498,1.);
#3498 = DIRECTION('',(1.,0.));
#3499 = ( GEOMETRIC_REPRESENTATION_CONTEXT(2) 
PARAMETRIC_REPRESENTATION_CONTEXT() REPRESENTATION_CONTEXT('2D SPACE',''
  ) );
#3500 = PCURVE('',#3501,#3506);
#3501 = PLANE('',#3502);
#3502 = AXIS2_PLACEMENT_3D('',#3503,#3504,#3505);
#3503 = CARTESIAN_POINT('',(0.,0.,2.5));
#3504 = DIRECTION('',(0.,0.,1.));
#3505 = DIRECTION('',(0.,1.,0.));
#3506 = DEFINITIONAL_REPRESENTATION('',(#3507),#3511);
#3507 = CIRCLE('',#3508,18.75);
#3508 = AXIS2_PLACEMENT_2D('',#3509,#3510);
#3509 = CARTESIAN_POINT('',(0.,0.));
#3510 = DIRECTION('',(1.,-1.6089877085E-12));
#3511 = ( GEOMETRIC_REPRESENTATION_CONTEXT(2) 
PARAMETRIC_REPRESENTATION_CONTEXT() REPRESENTATION_CONTEXT('2D SPACE',''
  ) );
#3512 = ORIENTED_EDGE('',*,*,#3513,.T.);
#3513 = EDGE_CURVE('',#3485,#3514,#3516,.T.);
#3514 = VERTEX_POINT('',#3515);
#3515 = CARTESIAN_POINT('',(-18.75,-1.844539499419E-08,1.111109677577));
#3516 = SEAM_CURVE('',#3517,(#3521,#3528),.PCURVE_S1.);
#3517 = LINE('',#3518,#3519);
#3518 = CARTESIAN_POINT('',(-18.75,-1.844539499419E-08,1.805555555556));
#3519 = VECTOR('',#3520,1.);
#3520 = DIRECTION('',(0.,0.,-1.));
#3521 = PCURVE('',#3370,#3522);
#3522 = DEFINITIONAL_REPRESENTATION('',(#3523),#3527);
#3523 = LINE('',#3524,#3525);
#3524 = CARTESIAN_POINT('',(3.14159265359,0.));
#3525 = VECTOR('',#3526,1.);
#3526 = DIRECTION('',(0.,-1.));
#3527 = ( GEOMETRIC_REPRESENTATION_CONTEXT(2) 
PARAMETRIC_REPRESENTATION_CONTEXT() REPRESENTATION_CONTEXT('2D SPACE',''
  ) );
#3528 = PCURVE('',#3370,#3529);
#3529 = DEFINITIONAL_REPRESENTATION('',(#3530),#3534);
#3530 = LINE('',#3531,#3532);
#3531 = CARTESIAN_POINT('',(9.424777960769,0.));
#3532 = VECTOR('',#3533,1.);
#3533 = DIRECTION('',(0.,-1.));
#3534 = ( GEOMETRIC_REPRESENTATION_CONTEXT(2) 
PARAMETRIC_REPRESENTATION_CONTEXT() REPRESENTATION_CONTEXT('2D SPACE',''
  ) );
#3535 = ORIENTED_EDGE('',*,*,#3536,.F.);
#3536 = EDGE_CURVE('',#3537,#3514,#3539,.T.);
#3537 = VERTEX_POINT('',#3538);
#3538 = CARTESIAN_POINT('',(-18.61328997335,-2.260074433296,
    1.111110981508));
#3539 = SURFACE_CURVE('',#3540,(#3545,#3552),.PCURVE_S1.);
#3540 = CIRCLE('',#3541,18.75);
#3541 = AXIS2_PLACEMENT_3D('',#3542,#3543,#3544);
#3542 = CARTESIAN_POINT('',(-3.971933892899E-13,-1.390380865995E-14,
    1.111111111112));
#3543 = DIRECTION('',(0.,0.,-1.));
#3544 = DIRECTION('',(1.,9.837542772256E-10,0.));
#3545 = PCURVE('',#3370,#3546);
#3546 = DEFINITIONAL_REPRESENTATION('',(#3547),#3551);
#3547 = LINE('',#3548,#3549);
#3548 = CARTESIAN_POINT('',(6.28318530718,-0.694444444444));
#3549 = VECTOR('',#3550,1.);
#3550 = DIRECTION('',(-1.,0.));
#3551 = ( GEOMETRIC_REPRESENTATION_CONTEXT(2) 
PARAMETRIC_REPRESENTATION_CONTEXT() REPRESENTATION_CONTEXT('2D SPACE',''
  ) );
#3552 = PCURVE('',#3553,#3558);
#3553 = TOROIDAL_SURFACE('',#3554,19.75,1.494847116342);
#3554 = AXIS2_PLACEMENT_3D('',#3555,#3556,#3557);
#3555 = CARTESIAN_POINT('',(-3.971933892899E-13,-1.390380865995E-14,
    -1.417345785952E-14));
#3556 = DIRECTION('',(0.,0.,1.));
#3557 = DIRECTION('',(-0.992708874098,0.120536680255,0.));
#3558 = DEFINITIONAL_REPRESENTATION('',(#3559),#3563);
#3559 = LINE('',#3560,#3561);
#3560 = CARTESIAN_POINT('',(3.26242314125,2.303611428581));
#3561 = VECTOR('',#3562,1.);
#3562 = DIRECTION('',(-1.,7.35057715562E-15));
#3563 = ( GEOMETRIC_REPRESENTATION_CONTEXT(2) 
PARAMETRIC_REPRESENTATION_CONTEXT() REPRESENTATION_CONTEXT('2D SPACE',''
  ) );
#3564 = ORIENTED_EDGE('',*,*,#3565,.F.);
#3565 = EDGE_CURVE('',#3566,#3537,#3568,.T.);
#3566 = VERTEX_POINT('',#3567);
#3567 = CARTESIAN_POINT('',(-17.53154925661,-6.648855202814,
    1.111114379861));
#3568 = SURFACE_CURVE('',#3569,(#3574,#3581),.PCURVE_S1.);
#3569 = CIRCLE('',#3570,18.749999992812);
#3570 = AXIS2_PLACEMENT_3D('',#3571,#3572,#3573);
#3571 = CARTESIAN_POINT('',(-1.425132234445E-08,-2.668416598794E-09,
    1.111633380165));
#3572 = DIRECTION('',(2.744917261817E-05,5.139147849916E-06,
    -0.99999999961));
#3573 = DIRECTION('',(-0.992708798092,-0.120537303,-2.786849419081E-05)
  );
#3574 = PCURVE('',#3370,#3575);
#3575 = DEFINITIONAL_REPRESENTATION('',(#3576),#3580);
#3576 = LINE('',#3577,#3578);
#3577 = CARTESIAN_POINT('',(9.545609071148,-0.694259114216));
#3578 = VECTOR('',#3579,1.);
#3579 = DIRECTION('',(-0.999999999564,-2.953843170272E-05));
#3580 = ( GEOMETRIC_REPRESENTATION_CONTEXT(2) 
PARAMETRIC_REPRESENTATION_CONTEXT() REPRESENTATION_CONTEXT('2D SPACE',''
  ) );
#3581 = PCURVE('',#3582,#3587);
#3582 = TOROIDAL_SURFACE('',#3583,19.74941932886,1.494846854925);
#3583 = AXIS2_PLACEMENT_3D('',#3584,#3585,#3586);
#3584 = CARTESIAN_POINT('',(-5.718394549397E-04,-1.07062179794E-04,
    1.008677823155E-11));
#3585 = DIRECTION('',(-3.692733019462E-12,1.314633759976E-11,1.));
#3586 = DIRECTION('',(-0.992711856177,-0.120512118083,
    -2.081526860935E-12));
#3587 = DEFINITIONAL_REPRESENTATION('',(#3588),#3591);
#3588 = B_SPLINE_CURVE_WITH_KNOTS('',1,(#3589,#3590),.UNSPECIFIED.,.F.,
  .F.,(2,2),(6.041524184292,6.28318530718),.PIECEWISE_BEZIER_KNOTS.);
#3589 = CARTESIAN_POINT('',(0.241691968787,2.303604361197));
#3590 = CARTESIAN_POINT('',(2.337769961432E-05,2.303611499455));
#3591 = ( GEOMETRIC_REPRESENTATION_CONTEXT(2) 
PARAMETRIC_REPRESENTATION_CONTEXT() REPRESENTATION_CONTEXT('2D SPACE',''
  ) );
#3592 = ORIENTED_EDGE('',*,*,#3593,.F.);
#3593 = EDGE_CURVE('',#3594,#3566,#3596,.T.);
#3594 = VERTEX_POINT('',#3595);
#3595 = CARTESIAN_POINT('',(-12.43354103741,-14.03458433021,
    1.111111024516));
#3596 = SURFACE_CURVE('',#3597,(#3602,#3609),.PCURVE_S1.);
#3597 = CIRCLE('',#3598,18.75);
#3598 = AXIS2_PLACEMENT_3D('',#3599,#3600,#3601);
#3599 = CARTESIAN_POINT('',(2.99138491755E-13,1.666222715357E-13,
    1.111111111112));
#3600 = DIRECTION('',(0.,0.,-1.));
#3601 = DIRECTION('',(1.,9.837542772256E-10,0.));
#3602 = PCURVE('',#3370,#3603);
#3603 = DEFINITIONAL_REPRESENTATION('',(#3604),#3608);
#3604 = LINE('',#3605,#3606);
#3605 = CARTESIAN_POINT('',(6.28318530718,-0.694444444444));
#3606 = VECTOR('',#3607,1.);
#3607 = DIRECTION('',(-1.,0.));
#3608 = ( GEOMETRIC_REPRESENTATION_CONTEXT(2) 
PARAMETRIC_REPRESENTATION_CONTEXT() REPRESENTATION_CONTEXT('2D SPACE',''
  ) );
#3609 = PCURVE('',#3610,#3615);
#3610 = TOROIDAL_SURFACE('',#3611,19.75,1.494847116342);
#3611 = AXIS2_PLACEMENT_3D('',#3612,#3613,#3614);
#3612 = CARTESIAN_POINT('',(2.99138491755E-13,1.666222715357E-13,
    -1.112879629964E-14));
#3613 = DIRECTION('',(0.,0.,1.));
#3614 = DIRECTION('',(-0.935016242685,-0.354604887042,0.));
#3615 = DEFINITIONAL_REPRESENTATION('',(#3616),#3620);
#3616 = LINE('',#3617,#3618);
#3617 = CARTESIAN_POINT('',(2.779101194544,2.303611428581));
#3618 = VECTOR('',#3619,1.);
#3619 = DIRECTION('',(-1.,-3.675308768313E-15));
#3620 = ( GEOMETRIC_REPRESENTATION_CONTEXT(2) 
PARAMETRIC_REPRESENTATION_CONTEXT() REPRESENTATION_CONTEXT('2D SPACE',''
  ) );
#3621 = ORIENTED_EDGE('',*,*,#3622,.F.);
#3622 = EDGE_CURVE('',#3623,#3594,#3625,.T.);
#3623 = VERTEX_POINT('',#3624);
#3624 = CARTESIAN_POINT('',(-8.713543182577,-16.60230887771,
    1.111114368512));
#3625 = SURFACE_CURVE('',#3626,(#3631,#3638),.PCURVE_S1.);
#3626 = CIRCLE('',#3627,18.749999992806);
#3627 = AXIS2_PLACEMENT_3D('',#3628,#3629,#3630);
#3628 = CARTESIAN_POINT('',(-8.893172864788E-09,-1.146357231363E-08,
    1.111633569809));
#3629 = DIRECTION('',(1.712251523666E-05,2.206993795418E-05,
    -0.99999999961));
#3630 = DIRECTION('',(-0.663122188394,-0.7485111639,-2.787391473069E-05)
  );
#3631 = PCURVE('',#3370,#3632);
#3632 = DEFINITIONAL_REPRESENTATION('',(#3633),#3637);
#3633 = LINE('',#3634,#3635);
#3634 = CARTESIAN_POINT('',(10.270591991289,-0.69426194085));
#3635 = VECTOR('',#3636,1.);
#3636 = DIRECTION('',(-0.999999999577,-2.907455193202E-05));
#3637 = ( GEOMETRIC_REPRESENTATION_CONTEXT(2) 
PARAMETRIC_REPRESENTATION_CONTEXT() REPRESENTATION_CONTEXT('2D SPACE',''
  ) );
#3638 = PCURVE('',#3639,#3644);
#3639 = TOROIDAL_SURFACE('',#3640,19.74941911814,1.494846854933);
#3640 = AXIS2_PLACEMENT_3D('',#3641,#3642,#3643);
#3641 = CARTESIAN_POINT('',(-3.567078847414E-04,-4.597755221225E-04,
    -7.076161030349E-13));
#3642 = DIRECTION('',(1.760365087273E-14,3.060381082707E-14,1.));
#3643 = DIRECTION('',(-0.663126057022,-0.7485077371,3.458062878123E-14)
  );
#3644 = DEFINITIONAL_REPRESENTATION('',(#3645),#3648);
#3645 = B_SPLINE_CURVE_WITH_KNOTS('',1,(#3646,#3647),.UNSPECIFIED.,.F.,
  .F.,(2,2),(6.041523983597,6.28318530718),.PIECEWISE_BEZIER_KNOTS.);
#3646 = CARTESIAN_POINT('',(0.241671941478,2.303604385257));
#3647 = CARTESIAN_POINT('',(3.147418865209E-06,2.303611411481));
#3648 = ( GEOMETRIC_REPRESENTATION_CONTEXT(2) 
PARAMETRIC_REPRESENTATION_CONTEXT() REPRESENTATION_CONTEXT('2D SPACE',''
  ) );
#3649 = ORIENTED_EDGE('',*,*,#3650,.F.);
#3650 = EDGE_CURVE('',#3651,#3623,#3653,.T.);
#3651 = VERTEX_POINT('',#3652);
#3652 = CARTESIAN_POINT('',(-4.487157283523,-18.20516189337,
    1.111111024184));
#3653 = SURFACE_CURVE('',#3654,(#3659,#3666),.PCURVE_S1.);
#3654 = CIRCLE('',#3655,18.75);
#3655 = AXIS2_PLACEMENT_3D('',#3656,#3657,#3658);
#3656 = CARTESIAN_POINT('',(-1.833200258261E-13,-5.677236458723E-13,
    1.11111111111));
#3657 = DIRECTION('',(0.,0.,-1.));
#3658 = DIRECTION('',(1.,9.837542772256E-10,0.));
#3659 = PCURVE('',#3370,#3660);
#3660 = DEFINITIONAL_REPRESENTATION('',(#3661),#3665);
#3661 = LINE('',#3662,#3663);
#3662 = CARTESIAN_POINT('',(6.28318530718,-0.694444444446));
#3663 = VECTOR('',#3664,1.);
#3664 = DIRECTION('',(-1.,0.));
#3665 = ( GEOMETRIC_REPRESENTATION_CONTEXT(2) 
PARAMETRIC_REPRESENTATION_CONTEXT() REPRESENTATION_CONTEXT('2D SPACE',''
  ) );
#3666 = PCURVE('',#3667,#3672);
#3667 = TOROIDAL_SURFACE('',#3668,19.75,1.494847116341);
#3668 = AXIS2_PLACEMENT_3D('',#3669,#3670,#3671);
#3669 = CARTESIAN_POINT('',(-1.833200258261E-13,-5.677236458723E-13,
    -5.280414409445E-14));
#3670 = DIRECTION('',(0.,0.,1.));
#3671 = DIRECTION('',(-0.464723080807,-0.885456073538,0.));
#3672 = DEFINITIONAL_REPRESENTATION('',(#3673),#3677);
#3673 = LINE('',#3674,#3675);
#3674 = CARTESIAN_POINT('',(2.054118171446,2.303611428582));
#3675 = VECTOR('',#3676,1.);
#3676 = DIRECTION('',(-1.,0.));
#3677 = ( GEOMETRIC_REPRESENTATION_CONTEXT(2) 
PARAMETRIC_REPRESENTATION_CONTEXT() REPRESENTATION_CONTEXT('2D SPACE',''
  ) );
#3678 = ORIENTED_EDGE('',*,*,#3679,.F.);
#3679 = EDGE_CURVE('',#3680,#3651,#3682,.T.);
#3680 = VERTEX_POINT('',#3681);
#3681 = CARTESIAN_POINT('',(1.172654838126E-05,-18.7499996216,
    1.111114234822));
#3682 = SURFACE_CURVE('',#3683,(#3688,#3695),.PCURVE_S1.);
#3683 = CIRCLE('',#3684,18.749999992807);
#3684 = AXIS2_PLACEMENT_3D('',#3685,#3686,#3687);
#3685 = CARTESIAN_POINT('',(-2.547036324822E-09,-1.428171580997E-08,
    1.111633542701));
#3686 = DIRECTION('',(4.904726090398E-06,2.749776120363E-05,
    -0.99999999961));
#3687 = DIRECTION('',(-0.23931505506,-0.970941967187,-2.787250516154E-05
    ));
#3688 = PCURVE('',#3370,#3689);
#3689 = DEFINITIONAL_REPRESENTATION('',(#3690),#3694);
#3690 = LINE('',#3691,#3692);
#3691 = CARTESIAN_POINT('',(10.753913937995,-0.694261933151));
#3692 = VECTOR('',#3693,1.);
#3693 = DIRECTION('',(-0.999999999577,-2.907588547588E-05));
#3694 = ( GEOMETRIC_REPRESENTATION_CONTEXT(2) 
PARAMETRIC_REPRESENTATION_CONTEXT() REPRESENTATION_CONTEXT('2D SPACE',''
  ) );
#3695 = PCURVE('',#3696,#3701);
#3696 = TOROIDAL_SURFACE('',#3697,19.74941914834,1.494846854987);
#3697 = AXIS2_PLACEMENT_3D('',#3698,#3699,#3700);
#3698 = CARTESIAN_POINT('',(-1.021787939184E-04,-5.72851677644E-04,
    -7.033953102697E-13));
#3699 = DIRECTION('',(0.,-2.031866609978E-14,1.));
#3700 = DIRECTION('',(-0.239336672912,-0.970936639024,
    -1.972813737237E-14));
#3701 = DEFINITIONAL_REPRESENTATION('',(#3702),#3705);
#3702 = B_SPLINE_CURVE_WITH_KNOTS('',1,(#3703,#3704),.UNSPECIFIED.,.F.,
  .F.,(2,2),(6.041524335733,6.28318530718),.PIECEWISE_BEZIER_KNOTS.);
#3703 = CARTESIAN_POINT('',(0.241688685914,2.303604385664));
#3704 = CARTESIAN_POINT('',(2.024438529707E-05,2.303611412199));
#3705 = ( GEOMETRIC_REPRESENTATION_CONTEXT(2) 
PARAMETRIC_REPRESENTATION_CONTEXT() REPRESENTATION_CONTEXT('2D SPACE',''
  ) );
#3706 = ORIENTED_EDGE('',*,*,#3707,.F.);
#3707 = EDGE_CURVE('',#3708,#3680,#3710,.T.);
#3708 = VERTEX_POINT('',#3709);
#3709 = CARTESIAN_POINT('',(8.713568988533,-16.60229549011,
    1.111111025272));
#3710 = SURFACE_CURVE('',#3711,(#3716,#3723),.PCURVE_S1.);
#3711 = CIRCLE('',#3712,18.75);
#3712 = AXIS2_PLACEMENT_3D('',#3713,#3714,#3715);
#3713 = CARTESIAN_POINT('',(-6.306066779871E-14,5.783817869087E-13,
    1.111111111112));
#3714 = DIRECTION('',(0.,0.,-1.));
#3715 = DIRECTION('',(1.,9.837542772256E-10,0.));
#3716 = PCURVE('',#3370,#3717);
#3717 = DEFINITIONAL_REPRESENTATION('',(#3718),#3722);
#3718 = LINE('',#3719,#3720);
#3719 = CARTESIAN_POINT('',(6.28318530718,-0.694444444444));
#3720 = VECTOR('',#3721,1.);
#3721 = DIRECTION('',(-1.,0.));
#3722 = ( GEOMETRIC_REPRESENTATION_CONTEXT(2) 
PARAMETRIC_REPRESENTATION_CONTEXT() REPRESENTATION_CONTEXT('2D SPACE',''
  ) );
#3723 = PCURVE('',#3724,#3729);
#3724 = TOROIDAL_SURFACE('',#3725,19.75,1.494847116342);
#3725 = AXIS2_PLACEMENT_3D('',#3726,#3727,#3728);
#3726 = CARTESIAN_POINT('',(-6.306066779871E-14,5.783817869087E-13,
    -1.918934943331E-14));
#3727 = DIRECTION('',(0.,0.,1.));
#3728 = DIRECTION('',(-5.717250103785E-09,-1.,0.));
#3729 = DEFINITIONAL_REPRESENTATION('',(#3730),#3734);
#3730 = LINE('',#3731,#3732);
#3731 = CARTESIAN_POINT('',(1.570796333496,2.303611428581));
#3732 = VECTOR('',#3733,1.);
#3733 = DIRECTION('',(-1.,-9.188270077546E-16));
#3734 = ( GEOMETRIC_REPRESENTATION_CONTEXT(2) 
PARAMETRIC_REPRESENTATION_CONTEXT() REPRESENTATION_CONTEXT('2D SPACE',''
  ) );
#3735 = ORIENTED_EDGE('',*,*,#3736,.F.);
#3736 = EDGE_CURVE('',#3737,#3708,#3739,.T.);
#3737 = VERTEX_POINT('',#3738);
#3738 = CARTESIAN_POINT('',(12.433560642177,-14.03456677718,
    1.111114368409));
#3739 = SURFACE_CURVE('',#3740,(#3745,#3752),.PCURVE_S1.);
#3740 = CIRCLE('',#3741,18.749999992808);
#3741 = AXIS2_PLACEMENT_3D('',#3742,#3743,#3744);
#3742 = CARTESIAN_POINT('',(7.562837023301E-09,-1.237672631049E-08,
    1.111633494567));
#3743 = DIRECTION('',(-1.456190924099E-05,2.383246370562E-05,
    -0.99999999961));
#3744 = DIRECTION('',(0.464723632271,-0.885455783669,-2.786985619335E-05
    ));
#3745 = PCURVE('',#3370,#3746);
#3746 = DEFINITIONAL_REPRESENTATION('',(#3747),#3751);
#3747 = LINE('',#3748,#3749);
#3748 = CARTESIAN_POINT('',(11.478896750658,-0.694261967915));
#3749 = VECTOR('',#3750,1.);
#3750 = DIRECTION('',(-0.999999999577,-2.907010887849E-05));
#3751 = ( GEOMETRIC_REPRESENTATION_CONTEXT(2) 
PARAMETRIC_REPRESENTATION_CONTEXT() REPRESENTATION_CONTEXT('2D SPACE',''
  ) );
#3752 = PCURVE('',#3753,#3758);
#3753 = TOROIDAL_SURFACE('',#3754,19.74941920165,1.494846854874);
#3754 = AXIS2_PLACEMENT_3D('',#3755,#3756,#3757);
#3755 = CARTESIAN_POINT('',(3.033631901107E-04,-4.964939418558E-04,
    -2.10381836584E-13));
#3756 = DIRECTION('',(0.,0.,1.));
#3757 = DIRECTION('',(0.464721057089,-0.885457135664,0.));
#3758 = DEFINITIONAL_REPRESENTATION('',(#3759),#3762);
#3759 = B_SPLINE_CURVE_WITH_KNOTS('',1,(#3760,#3761),.UNSPECIFIED.,.F.,
  .F.,(2,2),(6.041524077743,6.283185254265),.PIECEWISE_BEZIER_KNOTS.);
#3760 = CARTESIAN_POINT('',(0.241669586939,2.303604385438));
#3761 = CARTESIAN_POINT('',(9.410324130237E-07,2.303611410584));
#3762 = ( GEOMETRIC_REPRESENTATION_CONTEXT(2) 
PARAMETRIC_REPRESENTATION_CONTEXT() REPRESENTATION_CONTEXT('2D SPACE',''
  ) );
#3763 = ORIENTED_EDGE('',*,*,#3764,.F.);
#3764 = EDGE_CURVE('',#3765,#3737,#3767,.T.);
#3765 = VERTEX_POINT('',#3766);
#3766 = CARTESIAN_POINT('',(15.43095372917,-10.65120496078,
    1.111110938724));
#3767 = SURFACE_CURVE('',#3768,(#3773,#3780),.PCURVE_S1.);
#3768 = CIRCLE('',#3769,18.75);
#3769 = AXIS2_PLACEMENT_3D('',#3770,#3771,#3772);
#3770 = CARTESIAN_POINT('',(2.447819724694E-13,-2.284394895469E-13,
    1.11111111111));
#3771 = DIRECTION('',(0.,0.,-1.));
#3772 = DIRECTION('',(1.,9.837542772256E-10,0.));
#3773 = PCURVE('',#3370,#3774);
#3774 = DEFINITIONAL_REPRESENTATION('',(#3775),#3779);
#3775 = LINE('',#3776,#3777);
#3776 = CARTESIAN_POINT('',(6.28318530718,-0.694444444446));
#3777 = VECTOR('',#3778,1.);
#3778 = DIRECTION('',(-1.,0.));
#3779 = ( GEOMETRIC_REPRESENTATION_CONTEXT(2) 
PARAMETRIC_REPRESENTATION_CONTEXT() REPRESENTATION_CONTEXT('2D SPACE',''
  ) );
#3780 = PCURVE('',#3781,#3786);
#3781 = TOROIDAL_SURFACE('',#3782,19.75,1.494847116341);
#3782 = AXIS2_PLACEMENT_3D('',#3783,#3784,#3785);
#3783 = CARTESIAN_POINT('',(2.447819724694E-13,-2.284394895469E-13,
    -2.059747672684E-14));
#3784 = DIRECTION('',(0.,0.,1.));
#3785 = DIRECTION('',(0.663122658241,-0.748510748171,0.));
#3786 = DEFINITIONAL_REPRESENTATION('',(#3787),#3791);
#3787 = LINE('',#3788,#3789);
#3788 = CARTESIAN_POINT('',(0.84581340772,2.303611428582));
#3789 = VECTOR('',#3790,1.);
#3790 = DIRECTION('',(-1.,-5.51296578319E-15));
#3791 = ( GEOMETRIC_REPRESENTATION_CONTEXT(2) 
PARAMETRIC_REPRESENTATION_CONTEXT() REPRESENTATION_CONTEXT('2D SPACE',''
  ) );
#3792 = ORIENTED_EDGE('',*,*,#3793,.F.);
#3793 = EDGE_CURVE('',#3794,#3765,#3796,.T.);
#3794 = VERTEX_POINT('',#3795);
#3795 = CARTESIAN_POINT('',(17.531559572045,-6.648828016536,
    1.111114226667));
#3796 = SURFACE_CURVE('',#3797,(#3802,#3809),.PCURVE_S1.);
#3797 = CIRCLE('',#3798,18.749999992809);
#3798 = AXIS2_PLACEMENT_3D('',#3799,#3800,#3801);
#3799 = CARTESIAN_POINT('',(1.243760872072E-08,-7.468548002265E-09,
    1.111633521184));
#3800 = DIRECTION('',(-2.395036941493E-05,1.438206561399E-05,
    -0.99999999961));
#3801 = DIRECTION('',(0.822984195326,-0.568064268781,-2.788071309816E-05
    ));
#3802 = PCURVE('',#3370,#3803);
#3803 = DEFINITIONAL_REPRESENTATION('',(#3804),#3808);
#3804 = LINE('',#3805,#3806);
#3805 = CARTESIAN_POINT('',(11.962218757712,-0.694256241777));
#3806 = VECTOR('',#3807,1.);
#3807 = DIRECTION('',(-0.99999999955,-3.00096139618E-05));
#3808 = ( GEOMETRIC_REPRESENTATION_CONTEXT(2) 
PARAMETRIC_REPRESENTATION_CONTEXT() REPRESENTATION_CONTEXT('2D SPACE',''
  ) );
#3809 = PCURVE('',#3810,#3815);
#3810 = TOROIDAL_SURFACE('',#3811,19.7494191722,1.494846854936);
#3811 = AXIS2_PLACEMENT_3D('',#3812,#3813,#3814);
#3812 = CARTESIAN_POINT('',(4.989499279483E-04,-2.996170181523E-04,
    -1.093868082342E-12));
#3813 = DIRECTION('',(-4.851703423022E-14,2.532451099142E-14,1.));
#3814 = DIRECTION('',(0.822982590002,-0.568066595174,5.431468322337E-14)
  );
#3815 = DEFINITIONAL_REPRESENTATION('',(#3816),#3819);
#3816 = B_SPLINE_CURVE_WITH_KNOTS('',1,(#3817,#3818),.UNSPECIFIED.,.F.,
  .F.,(2,2),(6.041524140324,6.283185301743),.PIECEWISE_BEZIER_KNOTS.);
#3817 = CARTESIAN_POINT('',(0.241669498406,2.30360433539));
#3818 = CARTESIAN_POINT('',(8.66307044986E-07,2.303611587578));
#3819 = ( GEOMETRIC_REPRESENTATION_CONTEXT(2) 
PARAMETRIC_REPRESENTATION_CONTEXT() REPRESENTATION_CONTEXT('2D SPACE',''
  ) );
#3820 = ORIENTED_EDGE('',*,*,#3821,.F.);
#3821 = EDGE_CURVE('',#3822,#3794,#3824,.T.);
#3822 = VERTEX_POINT('',#3823);
#3823 = CARTESIAN_POINT('',(18.613292993975,-2.260046363668,
    1.111114254781));
#3824 = SURFACE_CURVE('',#3825,(#3830,#3837),.PCURVE_S1.);
#3825 = CIRCLE('',#3826,18.74999999282);
#3826 = AXIS2_PLACEMENT_3D('',#3827,#3828,#3829);
#3827 = CARTESIAN_POINT('',(1.384116155023E-08,-4.268035092014E-09,
    1.111633091238));
#3828 = DIRECTION('',(-2.66740623092E-05,8.225739118599E-06,
    -0.99999999961));
#3829 = DIRECTION('',(0.935016515551,-0.35460416646,-2.785757017046E-05)
  );
#3830 = PCURVE('',#3370,#3831);
#3831 = DEFINITIONAL_REPRESENTATION('',(#3832),#3836);
#3832 = LINE('',#3833,#3834);
#3833 = CARTESIAN_POINT('',(12.203879921101,-0.694256378568));
#3834 = VECTOR('',#3835,1.);
#3835 = DIRECTION('',(-0.99999999955,-2.998720881746E-05));
#3836 = ( GEOMETRIC_REPRESENTATION_CONTEXT(2) 
PARAMETRIC_REPRESENTATION_CONTEXT() REPRESENTATION_CONTEXT('2D SPACE',''
  ) );
#3837 = PCURVE('',#3838,#3843);
#3838 = TOROIDAL_SURFACE('',#3839,19.74941964946,1.494846854651);
#3839 = AXIS2_PLACEMENT_3D('',#3840,#3841,#3842);
#3840 = CARTESIAN_POINT('',(5.55691789454E-04,-1.713643498026E-04,
    -1.655097488615E-12));
#3841 = DIRECTION('',(-3.105312215521E-14,0.,1.));
#3842 = DIRECTION('',(0.935014554985,-0.354609337112,2.903512119283E-14)
  );
#3843 = DEFINITIONAL_REPRESENTATION('',(#3844),#3847);
#3844 = B_SPLINE_CURVE_WITH_KNOTS('',1,(#3845,#3846),.UNSPECIFIED.,.F.,
  .F.,(2,2),(6.041524226164,6.28318530718),.PIECEWISE_BEZIER_KNOTS.);
#3845 = CARTESIAN_POINT('',(0.241672111498,2.30360433661));
#3846 = CARTESIAN_POINT('',(3.566011421004E-06,2.30361158338));
#3847 = ( GEOMETRIC_REPRESENTATION_CONTEXT(2) 
PARAMETRIC_REPRESENTATION_CONTEXT() REPRESENTATION_CONTEXT('2D SPACE',''
  ) );
#3848 = ORIENTED_EDGE('',*,*,#3849,.T.);
#3849 = EDGE_CURVE('',#3822,#3850,#3852,.T.);
#3850 = VERTEX_POINT('',#3851);
#3851 = CARTESIAN_POINT('',(18.613342675094,2.259640315258,
    1.111110930773));
#3852 = SURFACE_CURVE('',#3853,(#3858,#3865),.PCURVE_S1.);
#3853 = CIRCLE('',#3854,18.75);
#3854 = AXIS2_PLACEMENT_3D('',#3855,#3856,#3857);
#3855 = CARTESIAN_POINT('',(0.,0.,1.111111111111));
#3856 = DIRECTION('',(0.,0.,1.));
#3857 = DIRECTION('',(1.,9.942574385018E-10,-0.));
#3858 = PCURVE('',#3370,#3859);
#3859 = DEFINITIONAL_REPRESENTATION('',(#3860),#3864);
#3860 = LINE('',#3861,#3862);
#3861 = CARTESIAN_POINT('',(1.050359799137E-11,-0.694444444445));
#3862 = VECTOR('',#3863,1.);
#3863 = DIRECTION('',(1.,0.));
#3864 = ( GEOMETRIC_REPRESENTATION_CONTEXT(2) 
PARAMETRIC_REPRESENTATION_CONTEXT() REPRESENTATION_CONTEXT('2D SPACE',''
  ) );
#3865 = PCURVE('',#3866,#3871);
#3866 = TOROIDAL_SURFACE('',#3867,19.75,1.494847116342);
#3867 = AXIS2_PLACEMENT_3D('',#3868,#3869,#3870);
#3868 = CARTESIAN_POINT('',(2.721378677961E-13,-2.133397625226E-14,
    -1.532492429939E-14));
#3869 = DIRECTION('',(0.,0.,1.));
#3870 = DIRECTION('',(0.992708874098,-0.120536680255,0.));
#3871 = DEFINITIONAL_REPRESENTATION('',(#3872),#3876);
#3872 = LINE('',#3873,#3874);
#3873 = CARTESIAN_POINT('',(-6.162354819509,2.303611428582));
#3874 = VECTOR('',#3875,1.);
#3875 = DIRECTION('',(1.,-1.470266475082E-14));
#3876 = ( GEOMETRIC_REPRESENTATION_CONTEXT(2) 
PARAMETRIC_REPRESENTATION_CONTEXT() REPRESENTATION_CONTEXT('2D SPACE',''
  ) );
#3877 = ORIENTED_EDGE('',*,*,#3878,.F.);
#3878 = EDGE_CURVE('',#3879,#3850,#3881,.T.);
#3879 = VERTEX_POINT('',#3880);
#3880 = CARTESIAN_POINT('',(17.531549251717,6.648855214094,
    1.111114391636));
#3881 = SURFACE_CURVE('',#3882,(#3887,#3894),.PCURVE_S1.);
#3882 = CIRCLE('',#3883,18.749999992813);
#3883 = AXIS2_PLACEMENT_3D('',#3884,#3885,#3886);
#3884 = CARTESIAN_POINT('',(1.42540734771E-08,2.655887731962E-09,
    1.111633367327));
#3885 = DIRECTION('',(-2.745612574913E-05,-5.115124613907E-06,
    -0.99999999961));
#3886 = DIRECTION('',(0.992711609107,0.12051415007,-2.787245967848E-05)
  );
#3887 = PCURVE('',#3370,#3888);
#3888 = DEFINITIONAL_REPRESENTATION('',(#3889),#3893);
#3889 = LINE('',#3890,#3891);
#3890 = CARTESIAN_POINT('',(12.687178401705,-0.6942563029));
#3891 = VECTOR('',#3892,1.);
#3892 = DIRECTION('',(-0.99999999955,-2.999974344059E-05));
#3893 = ( GEOMETRIC_REPRESENTATION_CONTEXT(2) 
PARAMETRIC_REPRESENTATION_CONTEXT() REPRESENTATION_CONTEXT('2D SPACE',''
  ) );
#3894 = PCURVE('',#3895,#3900);
#3895 = TOROIDAL_SURFACE('',#3896,19.74941934227,1.494846854924);
#3896 = AXIS2_PLACEMENT_3D('',#3897,#3898,#3899);
#3897 = CARTESIAN_POINT('',(5.719852125562E-04,1.065616243931E-04,
    -2.788516403808E-13));
#3898 = DIRECTION('',(3.395507886452E-14,0.,1.));
#3899 = DIRECTION('',(0.992711852781,0.120512146061,-3.370760925092E-14)
  );
#3900 = DEFINITIONAL_REPRESENTATION('',(#3901),#3904);
#3901 = B_SPLINE_CURVE_WITH_KNOTS('',1,(#3902,#3903),.UNSPECIFIED.,.F.,
  .F.,(2,2),(6.041500860687,6.28318530718),.PIECEWISE_BEZIER_KNOTS.);
#3902 = CARTESIAN_POINT('',(0.241691968977,2.303604336173));
#3903 = CARTESIAN_POINT('',(5.328237936534E-08,2.303611586673));
#3904 = ( GEOMETRIC_REPRESENTATION_CONTEXT(2) 
PARAMETRIC_REPRESENTATION_CONTEXT() REPRESENTATION_CONTEXT('2D SPACE',''
  ) );
#3905 = ORIENTED_EDGE('',*,*,#3906,.F.);
#3906 = EDGE_CURVE('',#3907,#3879,#3909,.T.);
#3907 = VERTEX_POINT('',#3908);
#3908 = CARTESIAN_POINT('',(12.433541113817,14.034584263343,
    1.11111098574));
#3909 = SURFACE_CURVE('',#3910,(#3915,#3922),.PCURVE_S1.);
#3910 = CIRCLE('',#3911,18.75);
#3911 = AXIS2_PLACEMENT_3D('',#3912,#3913,#3914);
#3912 = CARTESIAN_POINT('',(-2.792432951537E-13,-1.342925770587E-13,
    1.111111111112));
#3913 = DIRECTION('',(0.,0.,-1.));
#3914 = DIRECTION('',(1.,9.837542772256E-10,0.));
#3915 = PCURVE('',#3370,#3916);
#3916 = DEFINITIONAL_REPRESENTATION('',(#3917),#3921);
#3917 = LINE('',#3918,#3919);
#3918 = CARTESIAN_POINT('',(12.566370614359,-0.694444444444));
#3919 = VECTOR('',#3920,1.);
#3920 = DIRECTION('',(-1.,0.));
#3921 = ( GEOMETRIC_REPRESENTATION_CONTEXT(2) 
PARAMETRIC_REPRESENTATION_CONTEXT() REPRESENTATION_CONTEXT('2D SPACE',''
  ) );
#3922 = PCURVE('',#3923,#3928);
#3923 = TOROIDAL_SURFACE('',#3924,19.75,1.494847116342);
#3924 = AXIS2_PLACEMENT_3D('',#3925,#3926,#3927);
#3925 = CARTESIAN_POINT('',(-2.792432951537E-13,-1.342925770587E-13,
    -1.131604970907E-14));
#3926 = DIRECTION('',(0.,0.,1.));
#3927 = DIRECTION('',(0.935016242685,0.354604887042,-0.));
#3928 = DEFINITIONAL_REPRESENTATION('',(#3929),#3933);
#3929 = LINE('',#3930,#3931);
#3930 = CARTESIAN_POINT('',(5.920693848134,2.303611428581));
#3931 = VECTOR('',#3932,1.);
#3932 = DIRECTION('',(-1.,0.));
#3933 = ( GEOMETRIC_REPRESENTATION_CONTEXT(2) 
PARAMETRIC_REPRESENTATION_CONTEXT() REPRESENTATION_CONTEXT('2D SPACE',''
  ) );
#3934 = ORIENTED_EDGE('',*,*,#3935,.F.);
#3935 = EDGE_CURVE('',#3936,#3907,#3938,.T.);
#3936 = VERTEX_POINT('',#3937);
#3937 = CARTESIAN_POINT('',(8.713543171805,16.602308882793,
    1.111114379096));
#3938 = SURFACE_CURVE('',#3939,(#3944,#3951),.PCURVE_S1.);
#3939 = CIRCLE('',#3940,18.749999992807);
#3940 = AXIS2_PLACEMENT_3D('',#3941,#3942,#3943);
#3941 = CARTESIAN_POINT('',(8.901952508467E-09,1.145573413908E-08,
    1.111633539953));
#3942 = DIRECTION('',(-1.714100710286E-05,-2.205708224249E-05,
    -0.99999999961));
#3943 = DIRECTION('',(0.663122192447,0.748511160309,-2.787655444403E-05)
  );
#3944 = PCURVE('',#3370,#3945);
#3945 = DEFINITIONAL_REPRESENTATION('',(#3946),#3950);
#3946 = LINE('',#3947,#3948);
#3947 = CARTESIAN_POINT('',(13.412184639389,-0.694259373422));
#3948 = VECTOR('',#3949,1.);
#3949 = DIRECTION('',(-0.999999999565,-2.949579984075E-05));
#3950 = ( GEOMETRIC_REPRESENTATION_CONTEXT(2) 
PARAMETRIC_REPRESENTATION_CONTEXT() REPRESENTATION_CONTEXT('2D SPACE',''
  ) );
#3951 = PCURVE('',#3952,#3957);
#3952 = TOROIDAL_SURFACE('',#3953,19.74941915043,1.494846854934);
#3953 = AXIS2_PLACEMENT_3D('',#3954,#3955,#3956);
#3954 = CARTESIAN_POINT('',(3.570937363223E-04,4.595083622604E-04,
    1.669598851642E-12));
#3955 = DIRECTION('',(-4.889846825257E-12,3.435503383308E-12,1.));
#3956 = DIRECTION('',(0.663126037916,0.748507754027,6.710838298547E-13)
  );
#3957 = DEFINITIONAL_REPRESENTATION('',(#3958),#3961);
#3958 = B_SPLINE_CURVE_WITH_KNOTS('',1,(#3959,#3960),.UNSPECIFIED.,.F.,
  .F.,(2,2),(6.041523977547,6.28318530718),.PIECEWISE_BEZIER_KNOTS.);
#3959 = CARTESIAN_POINT('',(0.241671941429,2.303604362796));
#3960 = CARTESIAN_POINT('',(3.141329406757E-06,2.303611490846));
#3961 = ( GEOMETRIC_REPRESENTATION_CONTEXT(2) 
PARAMETRIC_REPRESENTATION_CONTEXT() REPRESENTATION_CONTEXT('2D SPACE',''
  ) );
#3962 = ORIENTED_EDGE('',*,*,#3963,.F.);
#3963 = EDGE_CURVE('',#3964,#3936,#3966,.T.);
#3964 = VERTEX_POINT('',#3965);
#3965 = CARTESIAN_POINT('',(4.487157283667,18.205161893972,
    1.111110985332));
#3966 = SURFACE_CURVE('',#3967,(#3972,#3979),.PCURVE_S1.);
#3967 = CIRCLE('',#3968,18.75);
#3968 = AXIS2_PLACEMENT_3D('',#3969,#3970,#3971);
#3969 = CARTESIAN_POINT('',(3.646860591289E-13,8.981260180008E-13,
    1.111111111112));
#3970 = DIRECTION('',(0.,0.,-1.));
#3971 = DIRECTION('',(1.,9.837542772256E-10,0.));
#3972 = PCURVE('',#3370,#3973);
#3973 = DEFINITIONAL_REPRESENTATION('',(#3974),#3978);
#3974 = LINE('',#3975,#3976);
#3975 = CARTESIAN_POINT('',(12.566370614359,-0.694444444444));
#3976 = VECTOR('',#3977,1.);
#3977 = DIRECTION('',(-1.,0.));
#3978 = ( GEOMETRIC_REPRESENTATION_CONTEXT(2) 
PARAMETRIC_REPRESENTATION_CONTEXT() REPRESENTATION_CONTEXT('2D SPACE',''
  ) );
#3979 = PCURVE('',#3980,#3985);
#3980 = TOROIDAL_SURFACE('',#3981,19.75,1.494847116342);
#3981 = AXIS2_PLACEMENT_3D('',#3982,#3983,#3984);
#3982 = CARTESIAN_POINT('',(3.646860591289E-13,8.981260180008E-13,0.));
#3983 = DIRECTION('',(0.,0.,1.));
#3984 = DIRECTION('',(0.464723080807,0.885456073538,-0.));
#3985 = DEFINITIONAL_REPRESENTATION('',(#3986),#3990);
#3986 = LINE('',#3987,#3988);
#3987 = CARTESIAN_POINT('',(5.195710825036,2.303611428581));
#3988 = VECTOR('',#3989,1.);
#3989 = DIRECTION('',(-1.,1.10259388999E-14));
#3990 = ( GEOMETRIC_REPRESENTATION_CONTEXT(2) 
PARAMETRIC_REPRESENTATION_CONTEXT() REPRESENTATION_CONTEXT('2D SPACE',''
  ) );
#3991 = ORIENTED_EDGE('',*,*,#3992,.F.);
#3992 = EDGE_CURVE('',#3328,#3964,#3993,.T.);
#3993 = SURFACE_CURVE('',#3994,(#3999,#4006),.PCURVE_S1.);
#3994 = CIRCLE('',#3995,18.749999992808);
#3995 = AXIS2_PLACEMENT_3D('',#3996,#3997,#3998);
#3996 = CARTESIAN_POINT('',(2.558423769878E-09,1.427931550779E-08,
    1.111633512481));
#3997 = DIRECTION('',(-4.927122580628E-06,-2.749494816672E-05,
    -0.99999999961));
#3998 = DIRECTION('',(0.239315055059,0.970941967187,-2.787513368324E-05)
  );
#3999 = PCURVE('',#3370,#4000);
#4000 = DEFINITIONAL_REPRESENTATION('',(#4001),#4005);
#4001 = LINE('',#4002,#4003);
#4002 = CARTESIAN_POINT('',(13.895506591511,-0.694259359641));
#4003 = VECTOR('',#4004,1.);
#4004 = DIRECTION('',(-0.999999999565,-2.949812583181E-05));
#4005 = ( GEOMETRIC_REPRESENTATION_CONTEXT(2) 
PARAMETRIC_REPRESENTATION_CONTEXT() REPRESENTATION_CONTEXT('2D SPACE',''
  ) );
#4006 = PCURVE('',#3343,#4007);
#4007 = DEFINITIONAL_REPRESENTATION('',(#4008),#4011);
#4008 = B_SPLINE_CURVE_WITH_KNOTS('',1,(#4009,#4010),.UNSPECIFIED.,.F.,
  .F.,(2,2),(6.041524184218,6.28318530718),.PIECEWISE_BEZIER_KNOTS.);
#4009 = CARTESIAN_POINT('',(0.241688836747,2.303604363171));
#4010 = CARTESIAN_POINT('',(2.024371216125E-05,2.303611491659));
#4011 = ( GEOMETRIC_REPRESENTATION_CONTEXT(2) 
PARAMETRIC_REPRESENTATION_CONTEXT() REPRESENTATION_CONTEXT('2D SPACE',''
  ) );
#4012 = ORIENTED_EDGE('',*,*,#3355,.F.);
#4013 = ORIENTED_EDGE('',*,*,#3460,.F.);
#4014 = ORIENTED_EDGE('',*,*,#4015,.F.);
#4015 = EDGE_CURVE('',#4016,#3388,#4018,.T.);
#4016 = VERTEX_POINT('',#4017);
#4017 = CARTESIAN_POINT('',(-15.43095370531,10.651204993844,
    1.111110981489));
#4018 = SURFACE_CURVE('',#4019,(#4024,#4031),.PCURVE_S1.);
#4019 = CIRCLE('',#4020,18.75);
#4020 = AXIS2_PLACEMENT_3D('',#4021,#4022,#4023);
#4021 = CARTESIAN_POINT('',(-3.304023721284E-14,3.517186542012E-14,
    1.111111111112));
#4022 = DIRECTION('',(0.,0.,-1.));
#4023 = DIRECTION('',(1.,9.837542772256E-10,0.));
#4024 = PCURVE('',#3370,#4025);
#4025 = DEFINITIONAL_REPRESENTATION('',(#4026),#4030);
#4026 = LINE('',#4027,#4028);
#4027 = CARTESIAN_POINT('',(12.566370614359,-0.694444444444));
#4028 = VECTOR('',#4029,1.);
#4029 = DIRECTION('',(-1.,0.));
#4030 = ( GEOMETRIC_REPRESENTATION_CONTEXT(2) 
PARAMETRIC_REPRESENTATION_CONTEXT() REPRESENTATION_CONTEXT('2D SPACE',''
  ) );
#4031 = PCURVE('',#3404,#4032);
#4032 = DEFINITIONAL_REPRESENTATION('',(#4033),#4037);
#4033 = LINE('',#4034,#4035);
#4034 = CARTESIAN_POINT('',(3.987406061309,2.303611428581));
#4035 = VECTOR('',#4036,1.);
#4036 = DIRECTION('',(-1.,3.675310570384E-15));
#4037 = ( GEOMETRIC_REPRESENTATION_CONTEXT(2) 
PARAMETRIC_REPRESENTATION_CONTEXT() REPRESENTATION_CONTEXT('2D SPACE',''
  ) );
#4038 = ORIENTED_EDGE('',*,*,#4039,.F.);
#4039 = EDGE_CURVE('',#4040,#4016,#4042,.T.);
#4040 = VERTEX_POINT('',#4041);
#4041 = CARTESIAN_POINT('',(-17.53155803794,6.648832059311,
    1.111114258407));
#4042 = SURFACE_CURVE('',#4043,(#4048,#4055),.PCURVE_S1.);
#4043 = CIRCLE('',#4044,18.749999992808);
#4044 = AXIS2_PLACEMENT_3D('',#4045,#4046,#4047);
#4045 = CARTESIAN_POINT('',(-1.244396141686E-08,7.45696171478E-09,
    1.111633532527));
#4046 = DIRECTION('',(2.396103807767E-05,-1.435940800161E-05,
    -0.99999999961));
#4047 = DIRECTION('',(-0.822984197179,0.568064266097,-2.787662226483E-05
    ));
#4048 = PCURVE('',#3370,#4049);
#4049 = DEFINITIONAL_REPRESENTATION('',(#4050),#4054);
#4050 = LINE('',#4051,#4052);
#4051 = CARTESIAN_POINT('',(15.103811414649,-0.694259094578));
#4052 = VECTOR('',#4053,1.);
#4053 = DIRECTION('',(-0.999999999564,-2.954156356949E-05));
#4054 = ( GEOMETRIC_REPRESENTATION_CONTEXT(2) 
PARAMETRIC_REPRESENTATION_CONTEXT() REPRESENTATION_CONTEXT('2D SPACE',''
  ) );
#4055 = PCURVE('',#4056,#4061);
#4056 = TOROIDAL_SURFACE('',#4057,19.7494191587,1.494846854936);
#4057 = AXIS2_PLACEMENT_3D('',#4058,#4059,#4060);
#4058 = CARTESIAN_POINT('',(-4.991728428145E-04,2.991456888354E-04,
    1.09179276589E-11));
#4059 = DIRECTION('',(-6.928171676045E-12,-1.213722111281E-11,1.));
#4060 = DIRECTION('',(-0.822982573991,0.568066618371,1.192985594973E-12)
  );
#4061 = DEFINITIONAL_REPRESENTATION('',(#4062),#4065);
#4062 = B_SPLINE_CURVE_WITH_KNOTS('',1,(#4063,#4064),.UNSPECIFIED.,.F.,
  .F.,(2,2),(6.041524374203,6.28318530718),.PIECEWISE_BEZIER_KNOTS.);
#4063 = CARTESIAN_POINT('',(0.241669268247,2.303604360431));
#4064 = CARTESIAN_POINT('',(8.648759912065E-07,2.303611499565));
#4065 = ( GEOMETRIC_REPRESENTATION_CONTEXT(2) 
PARAMETRIC_REPRESENTATION_CONTEXT() REPRESENTATION_CONTEXT('2D SPACE',''
  ) );
#4066 = ORIENTED_EDGE('',*,*,#4067,.F.);
#4067 = EDGE_CURVE('',#4068,#4040,#4070,.T.);
#4068 = VERTEX_POINT('',#4069);
#4069 = CARTESIAN_POINT('',(-18.61342566291,2.258934313452,
    1.111110982675));
#4070 = SURFACE_CURVE('',#4071,(#4076,#4083),.PCURVE_S1.);
#4071 = CIRCLE('',#4072,18.749999992831);
#4072 = AXIS2_PLACEMENT_3D('',#4073,#4074,#4075);
#4073 = CARTESIAN_POINT('',(-1.38219014012E-08,4.248542351259E-09,
    1.111632682961));
#4074 = DIRECTION('',(2.665732180839E-05,-8.194633319628E-06,
    -0.999999999611));
#4075 = DIRECTION('',(-0.935016433805,0.354604382009,-2.7830886867E-05)
  );
#4076 = PCURVE('',#3370,#4077);
#4077 = DEFINITIONAL_REPRESENTATION('',(#4078),#4082);
#4078 = LINE('',#4079,#4080);
#4079 = CARTESIAN_POINT('',(15.345472344248,-0.694259268009));
#4080 = VECTOR('',#4081,1.);
#4081 = DIRECTION('',(-0.999999999565,-2.951269217241E-05));
#4082 = ( GEOMETRIC_REPRESENTATION_CONTEXT(2) 
PARAMETRIC_REPRESENTATION_CONTEXT() REPRESENTATION_CONTEXT('2D SPACE',''
  ) );
#4083 = PCURVE('',#4084,#4089);
#4084 = TOROIDAL_SURFACE('',#4085,19.74942010173,1.494846854365);
#4085 = AXIS2_PLACEMENT_3D('',#4086,#4087,#4088);
#4086 = CARTESIAN_POINT('',(-5.553439224462E-04,1.707166611705E-04,
    -1.684571294149E-12));
#4087 = DIRECTION('',(-1.098465003905E-12,-4.817922493214E-12,1.));
#4088 = DIRECTION('',(-0.935014545616,0.354609361813,6.813996640827E-13)
  );
#4089 = DEFINITIONAL_REPRESENTATION('',(#4090),#4093);
#4090 = B_SPLINE_CURVE_WITH_KNOTS('',1,(#4091,#4092),.UNSPECIFIED.,.F.,
  .F.,(2,2),(6.041464265836,6.28318530718),.PIECEWISE_BEZIER_KNOTS.);
#4091 = CARTESIAN_POINT('',(0.241731837481,2.303604357255));
#4092 = CARTESIAN_POINT('',(3.336173080128E-06,2.303611491145));
#4093 = ( GEOMETRIC_REPRESENTATION_CONTEXT(2) 
PARAMETRIC_REPRESENTATION_CONTEXT() REPRESENTATION_CONTEXT('2D SPACE',''
  ) );
#4094 = ORIENTED_EDGE('',*,*,#4095,.F.);
#4095 = EDGE_CURVE('',#3514,#4068,#4096,.T.);
#4096 = SURFACE_CURVE('',#4097,(#4102,#4109),.PCURVE_S1.);
#4097 = CIRCLE('',#4098,18.75);
#4098 = AXIS2_PLACEMENT_3D('',#4099,#4100,#4101);
#4099 = CARTESIAN_POINT('',(-3.971933892899E-13,-1.390380865995E-14,
    1.111111111112));
#4100 = DIRECTION('',(0.,0.,-1.));
#4101 = DIRECTION('',(1.,9.837542772256E-10,0.));
#4102 = PCURVE('',#3370,#4103);
#4103 = DEFINITIONAL_REPRESENTATION('',(#4104),#4108);
#4104 = LINE('',#4105,#4106);
#4105 = CARTESIAN_POINT('',(12.566370614359,-0.694444444444));
#4106 = VECTOR('',#4107,1.);
#4107 = DIRECTION('',(-1.,0.));
#4108 = ( GEOMETRIC_REPRESENTATION_CONTEXT(2) 
PARAMETRIC_REPRESENTATION_CONTEXT() REPRESENTATION_CONTEXT('2D SPACE',''
  ) );
#4109 = PCURVE('',#3553,#4110);
#4110 = DEFINITIONAL_REPRESENTATION('',(#4111),#4115);
#4111 = LINE('',#4112,#4113);
#4112 = CARTESIAN_POINT('',(3.26242314125,2.303611428581));
#4113 = VECTOR('',#4114,1.);
#4114 = DIRECTION('',(-1.,7.354304084105E-15));
#4115 = ( GEOMETRIC_REPRESENTATION_CONTEXT(2) 
PARAMETRIC_REPRESENTATION_CONTEXT() REPRESENTATION_CONTEXT('2D SPACE',''
  ) );
#4116 = ORIENTED_EDGE('',*,*,#3513,.F.);
#4117 = ADVANCED_FACE('',(#4118),#3866,.F.);
#4118 = FACE_BOUND('',#4119,.F.);
#4119 = EDGE_LOOP('',(#4120,#4144,#4168,#4192,#4215,#4236));
#4120 = ORIENTED_EDGE('',*,*,#4121,.T.);
#4121 = EDGE_CURVE('',#3850,#4122,#4124,.T.);
#4122 = VERTEX_POINT('',#4123);
#4123 = CARTESIAN_POINT('',(18.122077435189,2.200210395455,
    -9.110054767069E-13));
#4124 = SURFACE_CURVE('',#4125,(#4130,#4137),.PCURVE_S1.);
#4125 = CIRCLE('',#4126,1.494846854924);
#4126 = AXIS2_PLACEMENT_3D('',#4127,#4128,#4129);
#4127 = CARTESIAN_POINT('',(19.60605452501,2.380152514644,
    -9.629679575877E-13));
#4128 = DIRECTION('',(0.120512198955,-0.99271184636,-6.938893903907E-18)
  );
#4129 = DIRECTION('',(-0.664092596389,-8.061882145759E-02,0.743291079624
    ));
#4130 = PCURVE('',#3866,#4131);
#4131 = DEFINITIONAL_REPRESENTATION('',(#4132),#4136);
#4132 = LINE('',#4133,#4134);
#4133 = CARTESIAN_POINT('',(0.241637878323,-3.979569294862));
#4134 = VECTOR('',#4135,1.);
#4135 = DIRECTION('',(6.358168934632E-08,1.));
#4136 = ( GEOMETRIC_REPRESENTATION_CONTEXT(2) 
PARAMETRIC_REPRESENTATION_CONTEXT() REPRESENTATION_CONTEXT('2D SPACE',''
  ) );
#4137 = PCURVE('',#3895,#4138);
#4138 = DEFINITIONAL_REPRESENTATION('',(#4139),#4143);
#4139 = LINE('',#4140,#4141);
#4140 = CARTESIAN_POINT('',(5.328235097888E-08,-3.979569294476));
#4141 = VECTOR('',#4142,1.);
#4142 = DIRECTION('',(3.746873721641E-16,1.));
#4143 = ( GEOMETRIC_REPRESENTATION_CONTEXT(2) 
PARAMETRIC_REPRESENTATION_CONTEXT() REPRESENTATION_CONTEXT('2D SPACE',''
  ) );
#4144 = ORIENTED_EDGE('',*,*,#4145,.T.);
#4145 = EDGE_CURVE('',#4122,#4146,#4148,.T.);
#4146 = VERTEX_POINT('',#4147);
#4147 = CARTESIAN_POINT('',(18.613291507021,2.260061763091,
    -1.111110930537));
#4148 = SURFACE_CURVE('',#4149,(#4154,#4161),.PCURVE_S1.);
#4149 = CIRCLE('',#4150,1.494846854924);
#4150 = AXIS2_PLACEMENT_3D('',#4151,#4152,#4153);
#4151 = CARTESIAN_POINT('',(19.60600062867,2.380596440487,
    -9.629695614777E-13));
#4152 = DIRECTION('',(0.120534676874,-0.992709117351,0.));
#4153 = DIRECTION('',(-0.992709117351,-0.120534676874,3.47623651874E-14)
  );
#4154 = PCURVE('',#3866,#4155);
#4155 = DEFINITIONAL_REPRESENTATION('',(#4156),#4160);
#4156 = LINE('',#4157,#4158);
#4157 = CARTESIAN_POINT('',(0.241660973353,3.14159265359));
#4158 = VECTOR('',#4159,1.);
#4159 = DIRECTION('',(-6.355900567906E-08,1.));
#4160 = ( GEOMETRIC_REPRESENTATION_CONTEXT(2) 
PARAMETRIC_REPRESENTATION_CONTEXT() REPRESENTATION_CONTEXT('2D SPACE',''
  ) );
#4161 = PCURVE('',#3895,#4162);
#4162 = DEFINITIONAL_REPRESENTATION('',(#4163),#4167);
#4163 = LINE('',#4164,#4165);
#4164 = CARTESIAN_POINT('',(2.269625741891E-05,3.14159265359));
#4165 = VECTOR('',#4166,1.);
#4166 = DIRECTION('',(-5.673833336993E-16,1.));
#4167 = ( GEOMETRIC_REPRESENTATION_CONTEXT(2) 
PARAMETRIC_REPRESENTATION_CONTEXT() REPRESENTATION_CONTEXT('2D SPACE',''
  ) );
#4168 = ORIENTED_EDGE('',*,*,#4169,.F.);
#4169 = EDGE_CURVE('',#4170,#4146,#4172,.T.);
#4170 = VERTEX_POINT('',#4171);
#4171 = CARTESIAN_POINT('',(18.613343800346,-2.259626923247,
    -1.111114098093));
#4172 = SURFACE_CURVE('',#4173,(#4178,#4185),.PCURVE_S1.);
#4173 = CIRCLE('',#4174,18.75);
#4174 = AXIS2_PLACEMENT_3D('',#4175,#4176,#4177);
#4175 = CARTESIAN_POINT('',(2.721378677961E-13,-2.133397625226E-14,
    -1.111111111112));
#4176 = DIRECTION('',(0.,0.,1.));
#4177 = DIRECTION('',(1.,0.,-0.));
#4178 = PCURVE('',#3866,#4179);
#4179 = DEFINITIONAL_REPRESENTATION('',(#4180),#4184);
#4180 = LINE('',#4181,#4182);
#4181 = CARTESIAN_POINT('',(-6.162354820503,3.979573878598));
#4182 = VECTOR('',#4183,1.);
#4183 = DIRECTION('',(1.,1.837832267823E-15));
#4184 = ( GEOMETRIC_REPRESENTATION_CONTEXT(2) 
PARAMETRIC_REPRESENTATION_CONTEXT() REPRESENTATION_CONTEXT('2D SPACE',''
  ) );
#4185 = PCURVE('',#3315,#4186);
#4186 = DEFINITIONAL_REPRESENTATION('',(#4187),#4191);
#4187 = LINE('',#4188,#4189);
#4188 = CARTESIAN_POINT('',(-6.28318530718,0.694444444444));
#4189 = VECTOR('',#4190,1.);
#4190 = DIRECTION('',(1.,0.));
#4191 = ( GEOMETRIC_REPRESENTATION_CONTEXT(2) 
PARAMETRIC_REPRESENTATION_CONTEXT() REPRESENTATION_CONTEXT('2D SPACE',''
  ) );
#4192 = ORIENTED_EDGE('',*,*,#4193,.T.);
#4193 = EDGE_CURVE('',#4170,#4194,#4196,.T.);
#4194 = VERTEX_POINT('',#4195);
#4195 = CARTESIAN_POINT('',(18.122070802982,-2.200198171722,
    -1.082445285849E-12));
#4196 = SURFACE_CURVE('',#4197,(#4202,#4208),.PCURVE_S1.);
#4197 = CIRCLE('',#4198,1.494846854651);
#4198 = AXIS2_PLACEMENT_3D('',#4199,#4200,#4201);
#4199 = CARTESIAN_POINT('',(19.60604864231,-2.380134107263,
    -1.035761399143E-12));
#4200 = DIRECTION('',(0.120507983787,0.992712358059,-6.938893903907E-18)
  );
#4201 = DIRECTION('',(-0.664093674155,8.061609092312E-02,-0.743290412848
    ));
#4202 = PCURVE('',#3866,#4203);
#4203 = DEFINITIONAL_REPRESENTATION('',(#4204),#4207);
#4204 = B_SPLINE_CURVE_WITH_KNOTS('',1,(#4205,#4206),.UNSPECIFIED.,.F.,
  .F.,(2,2),(6.283174631639,7.121160951345),.PIECEWISE_BEZIER_KNOTS.);
#4205 = CARTESIAN_POINT('',(2.340583898225E-05,3.979574966861));
#4206 = CARTESIAN_POINT('',(2.325671085988E-05,3.141592653591));
#4207 = ( GEOMETRIC_REPRESENTATION_CONTEXT(2) 
PARAMETRIC_REPRESENTATION_CONTEXT() REPRESENTATION_CONTEXT('2D SPACE',''
  ) );
#4208 = PCURVE('',#3838,#4209);
#4209 = DEFINITIONAL_REPRESENTATION('',(#4210),#4214);
#4210 = LINE('',#4211,#4212);
#4211 = CARTESIAN_POINT('',(0.241694639892,10.262753604935));
#4212 = VECTOR('',#4213,1.);
#4213 = DIRECTION('',(-1.457357117137E-15,-1.));
#4214 = ( GEOMETRIC_REPRESENTATION_CONTEXT(2) 
PARAMETRIC_REPRESENTATION_CONTEXT() REPRESENTATION_CONTEXT('2D SPACE',''
  ) );
#4215 = ORIENTED_EDGE('',*,*,#4216,.T.);
#4216 = EDGE_CURVE('',#4194,#3822,#4217,.T.);
#4217 = SURFACE_CURVE('',#4218,(#4223,#4229),.PCURVE_S1.);
#4218 = CIRCLE('',#4219,1.494846854651);
#4219 = AXIS2_PLACEMENT_3D('',#4220,#4221,#4222);
#4220 = CARTESIAN_POINT('',(19.60599477872,-2.380577779043,
    -1.035761109835E-12));
#4221 = DIRECTION('',(0.120530448841,0.992709630709,0.));
#4222 = DIRECTION('',(-0.992709630709,0.120530448841,-3.123726080937E-14
    ));
#4223 = PCURVE('',#3866,#4224);
#4224 = DEFINITIONAL_REPRESENTATION('',(#4225),#4228);
#4225 = B_SPLINE_CURVE_WITH_KNOTS('',1,(#4226,#4227),.UNSPECIFIED.,.F.,
  .F.,(2,2),(0.,0.837986446794),.PIECEWISE_BEZIER_KNOTS.);
#4226 = CARTESIAN_POINT('',(6.274160074107E-07,3.141592653591));
#4227 = CARTESIAN_POINT('',(7.76525446477E-07,2.303610212072));
#4228 = ( GEOMETRIC_REPRESENTATION_CONTEXT(2) 
PARAMETRIC_REPRESENTATION_CONTEXT() REPRESENTATION_CONTEXT('2D SPACE',''
  ) );
#4229 = PCURVE('',#3838,#4230);
#4230 = DEFINITIONAL_REPRESENTATION('',(#4231),#4235);
#4231 = LINE('',#4232,#4233);
#4232 = CARTESIAN_POINT('',(0.241672009887,3.14159265359));
#4233 = VECTOR('',#4234,1.);
#4234 = DIRECTION('',(9.936524291709E-16,-1.));
#4235 = ( GEOMETRIC_REPRESENTATION_CONTEXT(2) 
PARAMETRIC_REPRESENTATION_CONTEXT() REPRESENTATION_CONTEXT('2D SPACE',''
  ) );
#4236 = ORIENTED_EDGE('',*,*,#3849,.T.);
#4237 = ADVANCED_FACE('',(#4238),#3895,.F.);
#4238 = FACE_BOUND('',#4239,.F.);
#4239 = EDGE_LOOP('',(#4240,#4263,#4286,#4307,#4308,#4309));
#4240 = ORIENTED_EDGE('',*,*,#4241,.F.);
#4241 = EDGE_CURVE('',#4242,#3879,#4244,.T.);
#4242 = VERTEX_POINT('',#4243);
#4243 = CARTESIAN_POINT('',(17.068835889044,6.473419778421,
    -9.082873752961E-13));
#4244 = SURFACE_CURVE('',#4245,(#4250,#4257),.PCURVE_S1.);
#4245 = CIRCLE('',#4246,1.494846854924);
#4246 = AXIS2_PLACEMENT_3D('',#4247,#4248,#4249);
#4247 = CARTESIAN_POINT('',(18.46655587054,7.003463149995,
    -9.600393556237E-13));
#4248 = DIRECTION('',(-0.354610759283,0.935014015617,0.));
#4249 = DIRECTION('',(-0.935014015617,-0.354610759283,3.461399597192E-14
    ));
#4250 = PCURVE('',#3895,#4251);
#4251 = DEFINITIONAL_REPRESENTATION('',(#4252),#4256);
#4252 = LINE('',#4253,#4254);
#4253 = CARTESIAN_POINT('',(0.241691968076,3.14159265359));
#4254 = VECTOR('',#4255,1.);
#4255 = DIRECTION('',(1.126139173677E-15,-1.));
#4256 = ( GEOMETRIC_REPRESENTATION_CONTEXT(2) 
PARAMETRIC_REPRESENTATION_CONTEXT() REPRESENTATION_CONTEXT('2D SPACE',''
  ) );
#4257 = PCURVE('',#3923,#4258);
#4258 = DEFINITIONAL_REPRESENTATION('',(#4259),#4262);
#4259 = B_SPLINE_CURVE_WITH_KNOTS('',1,(#4260,#4261),.UNSPECIFIED.,.F.,
  .F.,(2,2),(0.,0.837986629882),.PIECEWISE_BEZIER_KNOTS.);
#4260 = CARTESIAN_POINT('',(6.274158996373E-07,3.14159265359));
#4261 = CARTESIAN_POINT('',(7.766095957321E-07,2.303610029137));
#4262 = ( GEOMETRIC_REPRESENTATION_CONTEXT(2) 
PARAMETRIC_REPRESENTATION_CONTEXT() REPRESENTATION_CONTEXT('2D SPACE',''
  ) );
#4263 = ORIENTED_EDGE('',*,*,#4264,.F.);
#4264 = EDGE_CURVE('',#4265,#4242,#4267,.T.);
#4265 = VERTEX_POINT('',#4266);
#4266 = CARTESIAN_POINT('',(17.531513579016,6.648948402169,
    -1.111114168281));
#4267 = SURFACE_CURVE('',#4268,(#4273,#4280),.PCURVE_S1.);
#4268 = CIRCLE('',#4269,1.494846854924);
#4269 = AXIS2_PLACEMENT_3D('',#4270,#4271,#4272);
#4270 = CARTESIAN_POINT('',(18.46651860825,7.003561399924,
    -9.600388503825E-13));
#4271 = DIRECTION('',(-0.35461573411,0.935012128864,2.775557561563E-17)
  );
#4272 = DIRECTION('',(-0.625494018499,-0.237226891185,-0.74329041089));
#4273 = PCURVE('',#3895,#4274);
#4274 = DEFINITIONAL_REPRESENTATION('',(#4275),#4279);
#4275 = LINE('',#4276,#4277);
#4276 = CARTESIAN_POINT('',(0.241697288671,10.262753602009));
#4277 = VECTOR('',#4278,1.);
#4278 = DIRECTION('',(2.252279028589E-15,-1.));
#4279 = ( GEOMETRIC_REPRESENTATION_CONTEXT(2) 
PARAMETRIC_REPRESENTATION_CONTEXT() REPRESENTATION_CONTEXT('2D SPACE',''
  ) );
#4280 = PCURVE('',#3923,#4281);
#4281 = DEFINITIONAL_REPRESENTATION('',(#4282),#4285);
#4282 = B_SPLINE_CURVE_WITH_KNOTS('',1,(#4283,#4284),.UNSPECIFIED.,.F.,
  .F.,(2,2),(6.283174571995,7.121160948417),.PIECEWISE_BEZIER_KNOTS.);
#4283 = CARTESIAN_POINT('',(6.097042425507E-06,3.97957502431));
#4284 = CARTESIAN_POINT('',(5.947844408815E-06,3.14159265359));
#4285 = ( GEOMETRIC_REPRESENTATION_CONTEXT(2) 
PARAMETRIC_REPRESENTATION_CONTEXT() REPRESENTATION_CONTEXT('2D SPACE',''
  ) );
#4286 = ORIENTED_EDGE('',*,*,#4287,.F.);
#4287 = EDGE_CURVE('',#4146,#4265,#4288,.T.);
#4288 = SURFACE_CURVE('',#4289,(#4294,#4300),.PCURVE_S1.);
#4289 = CIRCLE('',#4290,18.749999992692);
#4290 = AXIS2_PLACEMENT_3D('',#4291,#4292,#4293);
#4291 = CARTESIAN_POINT('',(1.437217234113E-08,2.685000000113E-09,
    -1.111633363913));
#4292 = DIRECTION('',(-2.745594756674E-05,-5.115080720624E-06,
    0.99999999961));
#4293 = DIRECTION('',(0.935014078484,0.354610592454,2.748555932854E-05)
  );
#4294 = PCURVE('',#3895,#4295);
#4295 = DEFINITIONAL_REPRESENTATION('',(#4296),#4299);
#4296 = B_SPLINE_CURVE_WITH_KNOTS('',1,(#4297,#4298),.UNSPECIFIED.,.F.,
  .F.,(2,2),(6.04151817852,6.28318530718),.PIECEWISE_BEZIER_KNOTS.);
#4297 = CARTESIAN_POINT('',(2.269625736486E-05,3.979573719756));
#4298 = CARTESIAN_POINT('',(0.241697293579,3.979580971502));
#4299 = ( GEOMETRIC_REPRESENTATION_CONTEXT(2) 
PARAMETRIC_REPRESENTATION_CONTEXT() REPRESENTATION_CONTEXT('2D SPACE',''
  ) );
#4300 = PCURVE('',#3315,#4301);
#4301 = DEFINITIONAL_REPRESENTATION('',(#4302),#4306);
#4302 = LINE('',#4303,#4304);
#4303 = CARTESIAN_POINT('',(-5.920687742385,0.694626085711));
#4304 = VECTOR('',#4305,1.);
#4305 = DIRECTION('',(0.99999999955,-3.000704611546E-05));
#4306 = ( GEOMETRIC_REPRESENTATION_CONTEXT(2) 
PARAMETRIC_REPRESENTATION_CONTEXT() REPRESENTATION_CONTEXT('2D SPACE',''
  ) );
#4307 = ORIENTED_EDGE('',*,*,#4145,.F.);
#4308 = ORIENTED_EDGE('',*,*,#4121,.F.);
#4309 = ORIENTED_EDGE('',*,*,#3878,.F.);
#4310 = ADVANCED_FACE('',(#4311),#3923,.F.);
#4311 = FACE_BOUND('',#4312,.F.);
#4312 = EDGE_LOOP('',(#4313,#4336,#4359,#4381,#4382,#4383));
#4313 = ORIENTED_EDGE('',*,*,#4314,.F.);
#4314 = EDGE_CURVE('',#4315,#3907,#4317,.T.);
#4315 = VERTEX_POINT('',#4316);
#4316 = CARTESIAN_POINT('',(12.105405332302,13.664178297512,
    -1.779358439E-14));
#4317 = SURFACE_CURVE('',#4318,(#4323,#4330),.PCURVE_S1.);
#4318 = CIRCLE('',#4319,1.494847116342);
#4319 = AXIS2_PLACEMENT_3D('',#4320,#4321,#4322);
#4320 = CARTESIAN_POINT('',(13.09666322512,14.78309549342,
    -3.12566591912E-14));
#4321 = DIRECTION('',(-0.748511164224,0.663122188614,0.));
#4322 = DIRECTION('',(-0.663122188614,-0.748511164224,0.));
#4323 = PCURVE('',#3923,#4324);
#4324 = DEFINITIONAL_REPRESENTATION('',(#4325),#4329);
#4325 = LINE('',#4326,#4327);
#4326 = CARTESIAN_POINT('',(0.483322574121,3.14159265359));
#4327 = VECTOR('',#4328,1.);
#4328 = DIRECTION('',(-9.93658686371E-16,-1.));
#4329 = ( GEOMETRIC_REPRESENTATION_CONTEXT(2) 
PARAMETRIC_REPRESENTATION_CONTEXT() REPRESENTATION_CONTEXT('2D SPACE',''
  ) );
#4330 = PCURVE('',#3952,#4331);
#4331 = DEFINITIONAL_REPRESENTATION('',(#4332),#4335);
#4332 = B_SPLINE_CURVE_WITH_KNOTS('',1,(#4333,#4334),.UNSPECIFIED.,.F.,
  .F.,(2,2),(0.,0.837981169885),.PIECEWISE_BEZIER_KNOTS.);
#4333 = CARTESIAN_POINT('',(3.092640722643E-06,3.141592653599));
#4334 = CARTESIAN_POINT('',(3.146744846016E-06,2.303611431162));
#4335 = ( GEOMETRIC_REPRESENTATION_CONTEXT(2) 
PARAMETRIC_REPRESENTATION_CONTEXT() REPRESENTATION_CONTEXT('2D SPACE',''
  ) );
#4336 = ORIENTED_EDGE('',*,*,#4337,.F.);
#4337 = EDGE_CURVE('',#4338,#4315,#4340,.T.);
#4338 = VERTEX_POINT('',#4339);
#4339 = CARTESIAN_POINT('',(12.433558369346,14.034568976278,
    -1.111110985745));
#4340 = SURFACE_CURVE('',#4341,(#4346,#4353),.PCURVE_S1.);
#4341 = CIRCLE('',#4342,1.494847116342);
#4342 = AXIS2_PLACEMENT_3D('',#4343,#4344,#4345);
#4343 = CARTESIAN_POINT('',(13.09668139781,14.78307939383,
    -3.12566591912E-14));
#4344 = DIRECTION('',(-0.748510349055,0.66312310875,-5.551115123126E-17)
  );
#4345 = DIRECTION('',(-0.443610699479,-0.500732360448,-0.743287730632));
#4346 = PCURVE('',#3923,#4347);
#4347 = DEFINITIONAL_REPRESENTATION('',(#4348),#4352);
#4348 = LINE('',#4349,#4350);
#4349 = CARTESIAN_POINT('',(0.483321344832,10.262749595465));
#4350 = VECTOR('',#4351,1.);
#4351 = DIRECTION('',(-7.088098629426E-15,-1.));
#4352 = ( GEOMETRIC_REPRESENTATION_CONTEXT(2) 
PARAMETRIC_REPRESENTATION_CONTEXT() REPRESENTATION_CONTEXT('2D SPACE',''
  ) );
#4353 = PCURVE('',#3952,#4354);
#4354 = DEFINITIONAL_REPRESENTATION('',(#4355),#4358);
#4355 = B_SPLINE_CURVE_WITH_KNOTS('',1,(#4356,#4357),.UNSPECIFIED.,.F.,
  .F.,(2,2),(6.283175771991,7.121156941875),.PIECEWISE_BEZIER_KNOTS.);
#4356 = CARTESIAN_POINT('',(1.917418513831E-06,3.979573876055));
#4357 = CARTESIAN_POINT('',(1.863312647429E-06,3.141592653599));
#4358 = ( GEOMETRIC_REPRESENTATION_CONTEXT(2) 
PARAMETRIC_REPRESENTATION_CONTEXT() REPRESENTATION_CONTEXT('2D SPACE',''
  ) );
#4359 = ORIENTED_EDGE('',*,*,#4360,.F.);
#4360 = EDGE_CURVE('',#4265,#4338,#4361,.T.);
#4361 = SURFACE_CURVE('',#4362,(#4367,#4374),.PCURVE_S1.);
#4362 = CIRCLE('',#4363,18.75);
#4363 = AXIS2_PLACEMENT_3D('',#4364,#4365,#4366);
#4364 = CARTESIAN_POINT('',(-2.792432951537E-13,-1.342925770587E-13,
    -1.111111111112));
#4365 = DIRECTION('',(0.,0.,1.));
#4366 = DIRECTION('',(1.,0.,-0.));
#4367 = PCURVE('',#3923,#4368);
#4368 = DEFINITIONAL_REPRESENTATION('',(#4369),#4373);
#4369 = LINE('',#4370,#4371);
#4370 = CARTESIAN_POINT('',(-0.362491460029,3.979573878598));
#4371 = VECTOR('',#4372,1.);
#4372 = DIRECTION('',(1.,2.756518974245E-15));
#4373 = ( GEOMETRIC_REPRESENTATION_CONTEXT(2) 
PARAMETRIC_REPRESENTATION_CONTEXT() REPRESENTATION_CONTEXT('2D SPACE',''
  ) );
#4374 = PCURVE('',#3315,#4375);
#4375 = DEFINITIONAL_REPRESENTATION('',(#4376),#4380);
#4376 = LINE('',#4377,#4378);
#4377 = CARTESIAN_POINT('',(-1.387778780781E-15,0.694444444444));
#4378 = VECTOR('',#4379,1.);
#4379 = DIRECTION('',(1.,0.));
#4380 = ( GEOMETRIC_REPRESENTATION_CONTEXT(2) 
PARAMETRIC_REPRESENTATION_CONTEXT() REPRESENTATION_CONTEXT('2D SPACE',''
  ) );
#4381 = ORIENTED_EDGE('',*,*,#4264,.T.);
#4382 = ORIENTED_EDGE('',*,*,#4241,.T.);
#4383 = ORIENTED_EDGE('',*,*,#3906,.F.);
#4384 = ADVANCED_FACE('',(#4385),#3952,.F.);
#4385 = FACE_BOUND('',#4386,.F.);
#4386 = EDGE_LOOP('',(#4387,#4410,#4411,#4412,#4413));
#4387 = ORIENTED_EDGE('',*,*,#4388,.F.);
#4388 = EDGE_CURVE('',#4338,#4389,#4391,.T.);
#4389 = VERTEX_POINT('',#4390);
#4390 = CARTESIAN_POINT('',(8.713545416237,16.602307355418,
    -1.111114154566));
#4391 = SURFACE_CURVE('',#4392,(#4397,#4403),.PCURVE_S1.);
#4392 = CIRCLE('',#4393,18.749999992699);
#4393 = AXIS2_PLACEMENT_3D('',#4394,#4395,#4396);
#4394 = CARTESIAN_POINT('',(8.964224917918E-09,1.154543571857E-08,
    -1.111633536626));
#4395 = DIRECTION('',(-1.714091594965E-05,-2.205692803352E-05,
    0.99999999961));
#4396 = DIRECTION('',(0.464722430602,0.885456414364,2.749621654206E-05)
  );
#4397 = PCURVE('',#3952,#4398);
#4398 = DEFINITIONAL_REPRESENTATION('',(#4399),#4402);
#4399 = B_SPLINE_CURVE_WITH_KNOTS('',1,(#4400,#4401),.UNSPECIFIED.,.F.,
  .F.,(2,2),(6.04152288921,6.28318530718),.PIECEWISE_BEZIER_KNOTS.);
#4400 = CARTESIAN_POINT('',(1.911790761085E-06,3.979573816373));
#4401 = CARTESIAN_POINT('',(0.24167180026,3.979580944372));
#4402 = ( GEOMETRIC_REPRESENTATION_CONTEXT(2) 
PARAMETRIC_REPRESENTATION_CONTEXT() REPRESENTATION_CONTEXT('2D SPACE',''
  ) );
#4403 = PCURVE('',#3315,#4404);
#4404 = DEFINITIONAL_REPRESENTATION('',(#4405),#4409);
#4405 = LINE('',#4406,#4407);
#4406 = CARTESIAN_POINT('',(-5.195710087348,0.694622899795));
#4407 = VECTOR('',#4408,1.);
#4408 = DIRECTION('',(0.999999999565,-2.949567703891E-05));
#4409 = ( GEOMETRIC_REPRESENTATION_CONTEXT(2) 
PARAMETRIC_REPRESENTATION_CONTEXT() REPRESENTATION_CONTEXT('2D SPACE',''
  ) );
#4410 = ORIENTED_EDGE('',*,*,#4337,.T.);
#4411 = ORIENTED_EDGE('',*,*,#4314,.T.);
#4412 = ORIENTED_EDGE('',*,*,#3935,.F.);
#4413 = ORIENTED_EDGE('',*,*,#4414,.F.);
#4414 = EDGE_CURVE('',#4389,#3936,#4415,.T.);
#4415 = SURFACE_CURVE('',#4416,(#4421,#4428),.PCURVE_S1.);
#4416 = CIRCLE('',#4417,1.494846854933);
#4417 = AXIS2_PLACEMENT_3D('',#4418,#4419,#4420);
#4418 = CARTESIAN_POINT('',(9.178255795874,17.487761535626,
    -1.650790615315E-11));
#4419 = DIRECTION('',(-0.885460263164,0.46471509805,-1.252173375738E-06)
  );
#4420 = DIRECTION('',(-0.310880125238,-0.592343713237,0.743291647418));
#4421 = PCURVE('',#3952,#4422);
#4422 = DEFINITIONAL_REPRESENTATION('',(#4423),#4427);
#4423 = LINE('',#4424,#4425);
#4424 = CARTESIAN_POINT('',(0.241671387458,8.586800471127));
#4425 = VECTOR('',#4426,1.);
#4426 = DIRECTION('',(8.855172587449E-08,-1.));
#4427 = ( GEOMETRIC_REPRESENTATION_CONTEXT(2) 
PARAMETRIC_REPRESENTATION_CONTEXT() REPRESENTATION_CONTEXT('2D SPACE',''
  ) );
#4428 = PCURVE('',#3980,#4429);
#4429 = DEFINITIONAL_REPRESENTATION('',(#4430),#4433);
#4430 = B_SPLINE_CURVE_WITH_KNOTS('',1,(#4431,#4432),.UNSPECIFIED.,.F.,
  .F.,(2,2),(4.607221462001,6.283194427406),.PIECEWISE_BEZIER_KNOTS.);
#4431 = CARTESIAN_POINT('',(7.291555616447E-07,3.97957501842));
#4432 = CARTESIAN_POINT('',(8.775621111101E-07,2.303610034442));
#4433 = ( GEOMETRIC_REPRESENTATION_CONTEXT(2) 
PARAMETRIC_REPRESENTATION_CONTEXT() REPRESENTATION_CONTEXT('2D SPACE',''
  ) );
#4434 = ADVANCED_FACE('',(#4435),#3980,.F.);
#4435 = FACE_BOUND('',#4436,.F.);
#4436 = EDGE_LOOP('',(#4437,#4460,#4483,#4505,#4506));
#4437 = ORIENTED_EDGE('',*,*,#4438,.F.);
#4438 = EDGE_CURVE('',#4439,#3964,#4441,.T.);
#4439 = VERTEX_POINT('',#4440);
#4440 = CARTESIAN_POINT('',(4.368819368853,17.724672750721,
    -1.006148733019E-17));
#4441 = SURFACE_CURVE('',#4442,(#4447,#4454),.PCURVE_S1.);
#4442 = CIRCLE('',#4443,1.494847116342);
#4443 = AXIS2_PLACEMENT_3D('',#4444,#4445,#4446);
#4444 = CARTESIAN_POINT('',(4.726472338297,19.17610385963,0.));
#4445 = DIRECTION('',(-0.970941967576,0.239315055104,0.));
#4446 = DIRECTION('',(-0.239315055104,-0.970941967576,0.));
#4447 = PCURVE('',#3980,#4448);
#4448 = DEFINITIONAL_REPRESENTATION('',(#4449),#4453);
#4449 = LINE('',#4450,#4451);
#4450 = CARTESIAN_POINT('',(0.24166149773,3.14159265359));
#4451 = VECTOR('',#4452,1.);
#4452 = DIRECTION('',(1.192390423901E-15,-1.));
#4453 = ( GEOMETRIC_REPRESENTATION_CONTEXT(2) 
PARAMETRIC_REPRESENTATION_CONTEXT() REPRESENTATION_CONTEXT('2D SPACE',''
  ) );
#4454 = PCURVE('',#3343,#4455);
#4455 = DEFINITIONAL_REPRESENTATION('',(#4456),#4459);
#4456 = B_SPLINE_CURVE_WITH_KNOTS('',1,(#4457,#4458),.UNSPECIFIED.,.F.,
  .F.,(2,2),(0.,0.837981169703),.PIECEWISE_BEZIER_KNOTS.);
#4457 = CARTESIAN_POINT('',(2.01896147381E-05,3.14159265356));
#4458 = CARTESIAN_POINT('',(2.024371218297E-05,2.30361143178));
#4459 = ( GEOMETRIC_REPRESENTATION_CONTEXT(2) 
PARAMETRIC_REPRESENTATION_CONTEXT() REPRESENTATION_CONTEXT('2D SPACE',''
  ) );
#4460 = ORIENTED_EDGE('',*,*,#4461,.F.);
#4461 = EDGE_CURVE('',#4462,#4439,#4464,.T.);
#4462 = VERTEX_POINT('',#4463);
#4463 = CARTESIAN_POINT('',(4.48733487169,18.205118121652,-1.11111098554
    ));
#4464 = SURFACE_CURVE('',#4465,(#4470,#4477),.PCURVE_S1.);
#4465 = CIRCLE('',#4466,1.494847116342);
#4466 = AXIS2_PLACEMENT_3D('',#4467,#4468,#4469);
#4467 = CARTESIAN_POINT('',(4.726659397683,19.17605775279,0.));
#4468 = DIRECTION('',(-0.970939633053,0.239324526465,0.));
#4469 = DIRECTION('',(-0.160101373808,-0.649531293064,-0.74328772991));
#4470 = PCURVE('',#3980,#4471);
#4471 = DEFINITIONAL_REPRESENTATION('',(#4472),#4476);
#4472 = LINE('',#4473,#4474);
#4473 = CARTESIAN_POINT('',(0.241651742901,10.262749594387));
#4474 = VECTOR('',#4475,1.);
#4475 = DIRECTION('',(1.92107346052E-15,-1.));
#4476 = ( GEOMETRIC_REPRESENTATION_CONTEXT(2) 
PARAMETRIC_REPRESENTATION_CONTEXT() REPRESENTATION_CONTEXT('2D SPACE',''
  ) );
#4477 = PCURVE('',#3343,#4478);
#4478 = DEFINITIONAL_REPRESENTATION('',(#4479),#4482);
#4479 = B_SPLINE_CURVE_WITH_KNOTS('',1,(#4480,#4481),.UNSPECIFIED.,.F.,
  .F.,(2,2),(6.283175771003,7.121156940797),.PIECEWISE_BEZIER_KNOTS.);
#4480 = CARTESIAN_POINT('',(1.048857884974E-05,3.979573875634));
#4481 = CARTESIAN_POINT('',(1.043447560245E-05,3.14159265356));
#4482 = ( GEOMETRIC_REPRESENTATION_CONTEXT(2) 
PARAMETRIC_REPRESENTATION_CONTEXT() REPRESENTATION_CONTEXT('2D SPACE',''
  ) );
#4483 = ORIENTED_EDGE('',*,*,#4484,.F.);
#4484 = EDGE_CURVE('',#4389,#4462,#4485,.T.);
#4485 = SURFACE_CURVE('',#4486,(#4491,#4498),.PCURVE_S1.);
#4486 = CIRCLE('',#4487,18.75);
#4487 = AXIS2_PLACEMENT_3D('',#4488,#4489,#4490);
#4488 = CARTESIAN_POINT('',(3.646860591289E-13,8.981260180008E-13,
    -1.111111111112));
#4489 = DIRECTION('',(0.,0.,1.));
#4490 = DIRECTION('',(1.,0.,-0.));
#4491 = PCURVE('',#3980,#4492);
#4492 = DEFINITIONAL_REPRESENTATION('',(#4493),#4497);
#4493 = LINE('',#4494,#4495);
#4494 = CARTESIAN_POINT('',(-1.087474483128,3.979573878598));
#4495 = VECTOR('',#4496,1.);
#4496 = DIRECTION('',(1.,-5.513188712608E-15));
#4497 = ( GEOMETRIC_REPRESENTATION_CONTEXT(2) 
PARAMETRIC_REPRESENTATION_CONTEXT() REPRESENTATION_CONTEXT('2D SPACE',''
  ) );
#4498 = PCURVE('',#3315,#4499);
#4499 = DEFINITIONAL_REPRESENTATION('',(#4500),#4504);
#4500 = LINE('',#4501,#4502);
#4501 = CARTESIAN_POINT('',(5.107025913276E-15,0.694444444444));
#4502 = VECTOR('',#4503,1.);
#4503 = DIRECTION('',(1.,0.));
#4504 = ( GEOMETRIC_REPRESENTATION_CONTEXT(2) 
PARAMETRIC_REPRESENTATION_CONTEXT() REPRESENTATION_CONTEXT('2D SPACE',''
  ) );
#4505 = ORIENTED_EDGE('',*,*,#4414,.T.);
#4506 = ORIENTED_EDGE('',*,*,#3963,.F.);
#4507 = ADVANCED_FACE('',(#4508),#3343,.F.);
#4508 = FACE_BOUND('',#4509,.F.);
#4509 = EDGE_LOOP('',(#4510,#4511,#4532,#4533,#4534));
#4510 = ORIENTED_EDGE('',*,*,#3327,.T.);
#4511 = ORIENTED_EDGE('',*,*,#4512,.F.);
#4512 = EDGE_CURVE('',#4462,#3299,#4513,.T.);
#4513 = SURFACE_CURVE('',#4514,(#4519,#4525),.PCURVE_S1.);
#4514 = CIRCLE('',#4515,18.7499999927);
#4515 = AXIS2_PLACEMENT_3D('',#4516,#4517,#4518);
#4516 = CARTESIAN_POINT('',(2.571504120752E-09,1.438694940958E-08,
    -1.11163350916));
#4517 = DIRECTION('',(-4.927058712024E-06,-2.74947762107E-05,
    0.99999999961));
#4518 = DIRECTION('',(-6.208106106538E-07,0.999999999622,
    2.749477315226E-05));
#4519 = PCURVE('',#3343,#4520);
#4520 = DEFINITIONAL_REPRESENTATION('',(#4521),#4524);
#4521 = B_SPLINE_CURVE_WITH_KNOTS('',1,(#4522,#4523),.UNSPECIFIED.,.F.,
  .F.,(2,2),(6.041514585645,6.28318530718),.PIECEWISE_BEZIER_KNOTS.);
#4522 = CARTESIAN_POINT('',(1.04885788175E-05,3.979573815854));
#4523 = CARTESIAN_POINT('',(0.241688680483,3.979580943989));
#4524 = ( GEOMETRIC_REPRESENTATION_CONTEXT(2) 
PARAMETRIC_REPRESENTATION_CONTEXT() REPRESENTATION_CONTEXT('2D SPACE',''
  ) );
#4525 = PCURVE('',#3315,#4526);
#4526 = DEFINITIONAL_REPRESENTATION('',(#4527),#4531);
#4527 = LINE('',#4528,#4529);
#4528 = CARTESIAN_POINT('',(-4.712388356988,0.69462289429));
#4529 = VECTOR('',#4530,1.);
#4530 = DIRECTION('',(0.999999999565,-2.949473692355E-05));
#4531 = ( GEOMETRIC_REPRESENTATION_CONTEXT(2) 
PARAMETRIC_REPRESENTATION_CONTEXT() REPRESENTATION_CONTEXT('2D SPACE',''
  ) );
#4532 = ORIENTED_EDGE('',*,*,#4461,.T.);
#4533 = ORIENTED_EDGE('',*,*,#4438,.T.);
#4534 = ORIENTED_EDGE('',*,*,#3992,.F.);
#4535 = ADVANCED_FACE('',(#4536),#3315,.T.);
#4536 = FACE_BOUND('',#4537,.T.);
#4537 = EDGE_LOOP('',(#4538,#4564,#4587,#4610,#4632,#4633,#4634,#4635,
    #4636,#4637,#4638,#4639,#4640,#4663,#4686,#4710,#4733,#4757,#4780,
    #4804,#4827,#4851,#4874,#4896,#4919,#4950));
#4538 = ORIENTED_EDGE('',*,*,#4539,.F.);
#4539 = EDGE_CURVE('',#4540,#4542,#4544,.T.);
#4540 = VERTEX_POINT('',#4541);
#4541 = CARTESIAN_POINT('',(-18.61339462021,2.259208266805,
    -1.11111408586));
#4542 = VERTEX_POINT('',#4543);
#4543 = CARTESIAN_POINT('',(-18.75,-2.296212748401E-15,-1.111109677594)
  );
#4544 = SURFACE_CURVE('',#4545,(#4550,#4557),.PCURVE_S1.);
#4545 = CIRCLE('',#4546,18.75);
#4546 = AXIS2_PLACEMENT_3D('',#4547,#4548,#4549);
#4547 = CARTESIAN_POINT('',(-3.971933892899E-13,-1.390380865995E-14,
    -1.111111111112));
#4548 = DIRECTION('',(0.,0.,1.));
#4549 = DIRECTION('',(1.,0.,-0.));
#4550 = PCURVE('',#3315,#4551);
#4551 = DEFINITIONAL_REPRESENTATION('',(#4552),#4556);
#4552 = LINE('',#4553,#4554);
#4553 = CARTESIAN_POINT('',(3.10862446895E-15,0.694444444444));
#4554 = VECTOR('',#4555,1.);
#4555 = DIRECTION('',(1.,0.));
#4556 = ( GEOMETRIC_REPRESENTATION_CONTEXT(2) 
PARAMETRIC_REPRESENTATION_CONTEXT() REPRESENTATION_CONTEXT('2D SPACE',''
  ) );
#4557 = PCURVE('',#3553,#4558);
#4558 = DEFINITIONAL_REPRESENTATION('',(#4559),#4563);
#4559 = LINE('',#4560,#4561);
#4560 = CARTESIAN_POINT('',(-3.020762166913,3.979573878598));
#4561 = VECTOR('',#4562,1.);
#4562 = DIRECTION('',(1.,-3.676704428597E-15));
#4563 = ( GEOMETRIC_REPRESENTATION_CONTEXT(2) 
PARAMETRIC_REPRESENTATION_CONTEXT() REPRESENTATION_CONTEXT('2D SPACE',''
  ) );
#4564 = ORIENTED_EDGE('',*,*,#4565,.F.);
#4565 = EDGE_CURVE('',#4566,#4540,#4568,.T.);
#4566 = VERTEX_POINT('',#4567);
#4567 = CARTESIAN_POINT('',(-17.53155676773,6.648834561686,
    -1.111114052517));
#4568 = SURFACE_CURVE('',#4569,(#4574,#4581),.PCURVE_S1.);
#4569 = CIRCLE('',#4570,18.749999992831);
#4570 = AXIS2_PLACEMENT_3D('',#4571,#4572,#4573);
#4571 = CARTESIAN_POINT('',(-1.382162384544E-08,4.248329465995E-09,
    -1.111632679399));
#4572 = DIRECTION('',(2.665713349755E-05,-8.194597634518E-06,
    0.999999999611));
#4573 = DIRECTION('',(-0.992714406714,0.12049110319,2.745029658458E-05)
  );
#4574 = PCURVE('',#3315,#4575);
#4575 = DEFINITIONAL_REPRESENTATION('',(#4576),#4580);
#4576 = LINE('',#4577,#4578);
#4577 = CARTESIAN_POINT('',(-3.262377226039,0.694622979914));
#4578 = VECTOR('',#4579,1.);
#4579 = DIRECTION('',(0.999999999565,-2.950902881679E-05));
#4580 = ( GEOMETRIC_REPRESENTATION_CONTEXT(2) 
PARAMETRIC_REPRESENTATION_CONTEXT() REPRESENTATION_CONTEXT('2D SPACE',''
  ) );
#4581 = PCURVE('',#4084,#4582);
#4582 = DEFINITIONAL_REPRESENTATION('',(#4583),#4586);
#4583 = B_SPLINE_CURVE_WITH_KNOTS('',1,(#4584,#4585),.UNSPECIFIED.,.F.,
  .F.,(2,2),(6.041478816746,6.283185299724),.PIECEWISE_BEZIER_KNOTS.);
#4584 = CARTESIAN_POINT('',(3.190649847139E-06,3.979573816038));
#4585 = CARTESIAN_POINT('',(0.241717133148,3.979580948568));
#4586 = ( GEOMETRIC_REPRESENTATION_CONTEXT(2) 
PARAMETRIC_REPRESENTATION_CONTEXT() REPRESENTATION_CONTEXT('2D SPACE',''
  ) );
#4587 = ORIENTED_EDGE('',*,*,#4588,.F.);
#4588 = EDGE_CURVE('',#4589,#4566,#4591,.T.);
#4589 = VERTEX_POINT('',#4590);
#4590 = CARTESIAN_POINT('',(-15.4309537115,10.651204984868,
    -1.111110981455));
#4591 = SURFACE_CURVE('',#4592,(#4597,#4604),.PCURVE_S1.);
#4592 = CIRCLE('',#4593,18.749999992808);
#4593 = AXIS2_PLACEMENT_3D('',#4594,#4595,#4596);
#4594 = CARTESIAN_POINT('',(-1.244430114511E-08,7.457208184292E-09,
    -1.111633528936));
#4595 = DIRECTION('',(2.396085367037E-05,-1.4359344447E-05,0.99999999961
    ));
#4596 = DIRECTION('',(-0.935016381752,0.354604519287,2.74956791482E-05)
  );
#4597 = PCURVE('',#3315,#4598);
#4598 = DEFINITIONAL_REPRESENTATION('',(#4599),#4603);
#4599 = LINE('',#4600,#4601);
#4600 = CARTESIAN_POINT('',(-3.504083717855,0.694623188935));
#4601 = VECTOR('',#4602,1.);
#4602 = DIRECTION('',(0.999999999564,-2.954207495928E-05));
#4603 = ( GEOMETRIC_REPRESENTATION_CONTEXT(2) 
PARAMETRIC_REPRESENTATION_CONTEXT() REPRESENTATION_CONTEXT('2D SPACE',''
  ) );
#4604 = PCURVE('',#4056,#4605);
#4605 = DEFINITIONAL_REPRESENTATION('',(#4606),#4609);
#4606 = B_SPLINE_CURVE_WITH_KNOTS('',1,(#4607,#4608),.UNSPECIFIED.,.F.,
  .F.,(2,2),(6.041524525076,6.28318530718),.PIECEWISE_BEZIER_KNOTS.);
#4607 = CARTESIAN_POINT('',(8.654593836583E-07,3.979573807613));
#4608 = CARTESIAN_POINT('',(0.241669117952,3.979580946739));
#4609 = ( GEOMETRIC_REPRESENTATION_CONTEXT(2) 
PARAMETRIC_REPRESENTATION_CONTEXT() REPRESENTATION_CONTEXT('2D SPACE',''
  ) );
#4610 = ORIENTED_EDGE('',*,*,#4611,.F.);
#4611 = EDGE_CURVE('',#3416,#4589,#4612,.T.);
#4612 = SURFACE_CURVE('',#4613,(#4618,#4625),.PCURVE_S1.);
#4613 = CIRCLE('',#4614,18.75);
#4614 = AXIS2_PLACEMENT_3D('',#4615,#4616,#4617);
#4615 = CARTESIAN_POINT('',(-3.304023721284E-14,3.517186542012E-14,
    -1.111111111112));
#4616 = DIRECTION('',(0.,0.,1.));
#4617 = DIRECTION('',(1.,0.,-0.));
#4618 = PCURVE('',#3315,#4619);
#4619 = DEFINITIONAL_REPRESENTATION('',(#4620),#4624);
#4620 = LINE('',#4621,#4622);
#4621 = CARTESIAN_POINT('',(0.,0.694444444444));
#4622 = VECTOR('',#4623,1.);
#4623 = DIRECTION('',(1.,0.));
#4624 = ( GEOMETRIC_REPRESENTATION_CONTEXT(2) 
PARAMETRIC_REPRESENTATION_CONTEXT() REPRESENTATION_CONTEXT('2D SPACE',''
  ) );
#4625 = PCURVE('',#3404,#4626);
#4626 = DEFINITIONAL_REPRESENTATION('',(#4627),#4631);
#4627 = LINE('',#4628,#4629);
#4628 = CARTESIAN_POINT('',(-2.295779246855,3.979573878598));
#4629 = VECTOR('',#4630,1.);
#4630 = DIRECTION('',(1.,-3.675383100147E-15));
#4631 = ( GEOMETRIC_REPRESENTATION_CONTEXT(2) 
PARAMETRIC_REPRESENTATION_CONTEXT() REPRESENTATION_CONTEXT('2D SPACE',''
  ) );
#4632 = ORIENTED_EDGE('',*,*,#3438,.F.);
#4633 = ORIENTED_EDGE('',*,*,#3298,.F.);
#4634 = ORIENTED_EDGE('',*,*,#4512,.F.);
#4635 = ORIENTED_EDGE('',*,*,#4484,.F.);
#4636 = ORIENTED_EDGE('',*,*,#4388,.F.);
#4637 = ORIENTED_EDGE('',*,*,#4360,.F.);
#4638 = ORIENTED_EDGE('',*,*,#4287,.F.);
#4639 = ORIENTED_EDGE('',*,*,#4169,.F.);
#4640 = ORIENTED_EDGE('',*,*,#4641,.F.);
#4641 = EDGE_CURVE('',#4642,#4170,#4644,.T.);
#4642 = VERTEX_POINT('',#4643);
#4643 = CARTESIAN_POINT('',(17.531556771273,-6.648834563025,
    -1.111114027709));
#4644 = SURFACE_CURVE('',#4645,(#4650,#4657),.PCURVE_S1.);
#4645 = CIRCLE('',#4646,18.74999999282);
#4646 = AXIS2_PLACEMENT_3D('',#4647,#4648,#4649);
#4647 = CARTESIAN_POINT('',(1.384082182199E-08,-4.268009279329E-09,
    -1.111633088616));
#4648 = DIRECTION('',(-2.667392543011E-05,8.225705361128E-06,
    0.99999999961));
#4649 = DIRECTION('',(0.992711696347,-0.120513431535,2.747082575254E-05)
  );
#4650 = PCURVE('',#3315,#4651);
#4651 = DEFINITIONAL_REPRESENTATION('',(#4652),#4656);
#4652 = LINE('',#4653,#4654);
#4653 = CARTESIAN_POINT('',(-6.403992371787,0.694625996307));
#4654 = VECTOR('',#4655,1.);
#4655 = DIRECTION('',(0.99999999955,-2.99929693495E-05));
#4656 = ( GEOMETRIC_REPRESENTATION_CONTEXT(2) 
PARAMETRIC_REPRESENTATION_CONTEXT() REPRESENTATION_CONTEXT('2D SPACE',''
  ) );
#4657 = PCURVE('',#3838,#4658);
#4658 = DEFINITIONAL_REPRESENTATION('',(#4659),#4662);
#4659 = B_SPLINE_CURVE_WITH_KNOTS('',1,(#4660,#4661),.UNSPECIFIED.,.F.,
  .F.,(2,2),(6.041501308992,6.283185299723),.PIECEWISE_BEZIER_KNOTS.);
#4660 = CARTESIAN_POINT('',(3.189952222589E-06,3.979573723812));
#4661 = CARTESIAN_POINT('',(0.241694645854,3.979580972661));
#4662 = ( GEOMETRIC_REPRESENTATION_CONTEXT(2) 
PARAMETRIC_REPRESENTATION_CONTEXT() REPRESENTATION_CONTEXT('2D SPACE',''
  ) );
#4663 = ORIENTED_EDGE('',*,*,#4664,.F.);
#4664 = EDGE_CURVE('',#4665,#4642,#4667,.T.);
#4665 = VERTEX_POINT('',#4666);
#4666 = CARTESIAN_POINT('',(15.430953680415,-10.6512050311,
    -1.111110938462));
#4667 = SURFACE_CURVE('',#4668,(#4673,#4680),.PCURVE_S1.);
#4668 = CIRCLE('',#4669,18.749999992809);
#4669 = AXIS2_PLACEMENT_3D('',#4670,#4671,#4672);
#4670 = CARTESIAN_POINT('',(1.243802838502E-08,-7.468548002265E-09,
    -1.111633518561));
#4671 = DIRECTION('',(-2.395024464182E-05,1.438200012627E-05,
    0.99999999961));
#4672 = DIRECTION('',(0.935016381752,-0.354604519287,2.749379333897E-05)
  );
#4673 = PCURVE('',#3315,#4674);
#4674 = DEFINITIONAL_REPRESENTATION('',(#4675),#4679);
#4675 = LINE('',#4676,#4677);
#4676 = CARTESIAN_POINT('',(-6.645676371361,0.694626100955));
#4677 = VECTOR('',#4678,1.);
#4678 = DIRECTION('',(0.99999999955,-3.000951361338E-05));
#4679 = ( GEOMETRIC_REPRESENTATION_CONTEXT(2) 
PARAMETRIC_REPRESENTATION_CONTEXT() REPRESENTATION_CONTEXT('2D SPACE',''
  ) );
#4680 = PCURVE('',#3810,#4681);
#4681 = DEFINITIONAL_REPRESENTATION('',(#4682),#4685);
#4682 = B_SPLINE_CURVE_WITH_KNOTS('',1,(#4683,#4684),.UNSPECIFIED.,.F.,
  .F.,(2,2),(6.041524522105,6.28318530718),.PIECEWISE_BEZIER_KNOTS.);
#4683 = CARTESIAN_POINT('',(8.617432564056E-07,3.979573719602));
#4684 = CARTESIAN_POINT('',(0.241669117486,3.979580971754));
#4685 = ( GEOMETRIC_REPRESENTATION_CONTEXT(2) 
PARAMETRIC_REPRESENTATION_CONTEXT() REPRESENTATION_CONTEXT('2D SPACE',''
  ) );
#4686 = ORIENTED_EDGE('',*,*,#4687,.F.);
#4687 = EDGE_CURVE('',#4688,#4665,#4690,.T.);
#4688 = VERTEX_POINT('',#4689);
#4689 = CARTESIAN_POINT('',(12.433627388682,-14.03450723108,
    -1.111114143313));
#4690 = SURFACE_CURVE('',#4691,(#4696,#4703),.PCURVE_S1.);
#4691 = CIRCLE('',#4692,18.75);
#4692 = AXIS2_PLACEMENT_3D('',#4693,#4694,#4695);
#4693 = CARTESIAN_POINT('',(2.447819724694E-13,-2.284394895469E-13,
    -1.11111111111));
#4694 = DIRECTION('',(0.,0.,1.));
#4695 = DIRECTION('',(1.,0.,-0.));
#4696 = PCURVE('',#3315,#4697);
#4697 = DEFINITIONAL_REPRESENTATION('',(#4698),#4702);
#4698 = LINE('',#4699,#4700);
#4699 = CARTESIAN_POINT('',(-6.28318530718,0.694444444446));
#4700 = VECTOR('',#4701,1.);
#4701 = DIRECTION('',(1.,0.));
#4702 = ( GEOMETRIC_REPRESENTATION_CONTEXT(2) 
PARAMETRIC_REPRESENTATION_CONTEXT() REPRESENTATION_CONTEXT('2D SPACE',''
  ) );
#4703 = PCURVE('',#3781,#4704);
#4704 = DEFINITIONAL_REPRESENTATION('',(#4705),#4709);
#4705 = LINE('',#4706,#4707);
#4706 = CARTESIAN_POINT('',(-5.437371900444,3.979573878598));
#4707 = VECTOR('',#4708,1.);
#4708 = DIRECTION('',(1.,1.837691572671E-15));
#4709 = ( GEOMETRIC_REPRESENTATION_CONTEXT(2) 
PARAMETRIC_REPRESENTATION_CONTEXT() REPRESENTATION_CONTEXT('2D SPACE',''
  ) );
#4710 = ORIENTED_EDGE('',*,*,#4711,.F.);
#4711 = EDGE_CURVE('',#4712,#4688,#4714,.T.);
#4712 = VERTEX_POINT('',#4713);
#4713 = CARTESIAN_POINT('',(8.713569008884,-16.60229547955,
    -1.111111025424));
#4714 = SURFACE_CURVE('',#4715,(#4720,#4727),.PCURVE_S1.);
#4715 = CIRCLE('',#4716,18.749999992808);
#4716 = AXIS2_PLACEMENT_3D('',#4717,#4718,#4719);
#4717 = CARTESIAN_POINT('',(7.56271933966E-09,-1.237646429786E-08,
    -1.111633491869));
#4718 = DIRECTION('',(-1.456182688599E-05,2.38323443931E-05,
    0.99999999961));
#4719 = DIRECTION('',(0.663126811511,-0.748507068169,2.749501607268E-05)
  );
#4720 = PCURVE('',#3315,#4721);
#4721 = DEFINITIONAL_REPRESENTATION('',(#4722),#4726);
#4722 = LINE('',#4723,#4724);
#4723 = CARTESIAN_POINT('',(-7.128993162345,0.694620255925));
#4724 = VECTOR('',#4725,1.);
#4725 = DIRECTION('',(0.999999999577,-2.907135113377E-05));
#4726 = ( GEOMETRIC_REPRESENTATION_CONTEXT(2) 
PARAMETRIC_REPRESENTATION_CONTEXT() REPRESENTATION_CONTEXT('2D SPACE',''
  ) );
#4727 = PCURVE('',#3753,#4728);
#4728 = DEFINITIONAL_REPRESENTATION('',(#4729),#4732);
#4729 = B_SPLINE_CURVE_WITH_KNOTS('',1,(#4730,#4731),.UNSPECIFIED.,.F.,
  .F.,(2,2),(6.041519358963,6.28318530718),.PIECEWISE_BEZIER_KNOTS.);
#4730 = CARTESIAN_POINT('',(9.42255343447E-07,3.979573896596));
#4731 = CARTESIAN_POINT('',(0.241674360001,3.97958092218));
#4732 = ( GEOMETRIC_REPRESENTATION_CONTEXT(2) 
PARAMETRIC_REPRESENTATION_CONTEXT() REPRESENTATION_CONTEXT('2D SPACE',''
  ) );
#4733 = ORIENTED_EDGE('',*,*,#4734,.T.);
#4734 = EDGE_CURVE('',#4712,#4735,#4737,.T.);
#4735 = VERTEX_POINT('',#4736);
#4736 = CARTESIAN_POINT('',(1.172885285107E-05,-18.74999982073,
    -1.111114306849));
#4737 = SURFACE_CURVE('',#4738,(#4743,#4750),.PCURVE_S1.);
#4738 = CIRCLE('',#4739,18.75);
#4739 = AXIS2_PLACEMENT_3D('',#4740,#4741,#4742);
#4740 = CARTESIAN_POINT('',(0.,0.,-1.111111111112));
#4741 = DIRECTION('',(0.,0.,-1.));
#4742 = DIRECTION('',(0.23939144585,-0.970923135811,0.));
#4743 = PCURVE('',#3315,#4744);
#4744 = DEFINITIONAL_REPRESENTATION('',(#4745),#4749);
#4745 = LINE('',#4746,#4747);
#4746 = CARTESIAN_POINT('',(4.954128004029,0.694444444444));
#4747 = VECTOR('',#4748,1.);
#4748 = DIRECTION('',(-1.,0.));
#4749 = ( GEOMETRIC_REPRESENTATION_CONTEXT(2) 
PARAMETRIC_REPRESENTATION_CONTEXT() REPRESENTATION_CONTEXT('2D SPACE',''
  ) );
#4750 = PCURVE('',#3724,#4751);
#4751 = DEFINITIONAL_REPRESENTATION('',(#4752),#4756);
#4752 = LINE('',#4753,#4754);
#4753 = CARTESIAN_POINT('',(6.524924336541,3.979573878599));
#4754 = VECTOR('',#4755,1.);
#4755 = DIRECTION('',(-1.,4.410369627184E-14));
#4756 = ( GEOMETRIC_REPRESENTATION_CONTEXT(2) 
PARAMETRIC_REPRESENTATION_CONTEXT() REPRESENTATION_CONTEXT('2D SPACE',''
  ) );
#4757 = ORIENTED_EDGE('',*,*,#4758,.F.);
#4758 = EDGE_CURVE('',#4759,#4735,#4761,.T.);
#4759 = VERTEX_POINT('',#4760);
#4760 = CARTESIAN_POINT('',(-4.487334871546,-18.20511812105,
    -1.111111024347));
#4761 = SURFACE_CURVE('',#4762,(#4767,#4774),.PCURVE_S1.);
#4762 = CIRCLE('',#4763,18.749999992807);
#4763 = AXIS2_PLACEMENT_3D('',#4764,#4765,#4766);
#4764 = CARTESIAN_POINT('',(-2.547007604825E-09,-1.42815581583E-08,
    -1.111633540005));
#4765 = DIRECTION('',(4.904708621185E-06,2.749761730173E-05,
    0.99999999961));
#4766 = DIRECTION('',(6.256712512879E-07,-0.999999999622,
    2.749761423332E-05));
#4767 = PCURVE('',#3315,#4768);
#4768 = DEFINITIONAL_REPRESENTATION('',(#4769),#4773);
#4769 = LINE('',#4770,#4771);
#4770 = CARTESIAN_POINT('',(-7.853981005792,0.694620268973));
#4771 = VECTOR('',#4772,1.);
#4772 = DIRECTION('',(0.999999999577,-2.907333562645E-05));
#4773 = ( GEOMETRIC_REPRESENTATION_CONTEXT(2) 
PARAMETRIC_REPRESENTATION_CONTEXT() REPRESENTATION_CONTEXT('2D SPACE',''
  ) );
#4774 = PCURVE('',#3696,#4775);
#4775 = DEFINITIONAL_REPRESENTATION('',(#4776),#4779);
#4776 = B_SPLINE_CURVE_WITH_KNOTS('',1,(#4777,#4778),.UNSPECIFIED.,.F.,
  .F.,(2,2),(6.041514580784,6.28318530718),.PIECEWISE_BEZIER_KNOTS.);
#4777 = CARTESIAN_POINT('',(1.048925441724E-05,3.979573895313));
#4778 = CARTESIAN_POINT('',(0.241688686034,3.979580921516));
#4779 = ( GEOMETRIC_REPRESENTATION_CONTEXT(2) 
PARAMETRIC_REPRESENTATION_CONTEXT() REPRESENTATION_CONTEXT('2D SPACE',''
  ) );
#4780 = ORIENTED_EDGE('',*,*,#4781,.F.);
#4781 = EDGE_CURVE('',#4782,#4759,#4784,.T.);
#4782 = VERTEX_POINT('',#4783);
#4783 = CARTESIAN_POINT('',(-8.713545416432,-16.60230735578,
    -1.111114143197));
#4784 = SURFACE_CURVE('',#4785,(#4790,#4797),.PCURVE_S1.);
#4785 = CIRCLE('',#4786,18.75);
#4786 = AXIS2_PLACEMENT_3D('',#4787,#4788,#4789);
#4787 = CARTESIAN_POINT('',(-1.833200258261E-13,-5.677236458723E-13,
    -1.11111111111));
#4788 = DIRECTION('',(0.,0.,1.));
#4789 = DIRECTION('',(1.,0.,-0.));
#4790 = PCURVE('',#3315,#4791);
#4791 = DEFINITIONAL_REPRESENTATION('',(#4792),#4796);
#4792 = LINE('',#4793,#4794);
#4793 = CARTESIAN_POINT('',(-6.28318530718,0.694444444446));
#4794 = VECTOR('',#4795,1.);
#4795 = DIRECTION('',(1.,0.));
#4796 = ( GEOMETRIC_REPRESENTATION_CONTEXT(2) 
PARAMETRIC_REPRESENTATION_CONTEXT() REPRESENTATION_CONTEXT('2D SPACE',''
  ) );
#4797 = PCURVE('',#3667,#4798);
#4798 = DEFINITIONAL_REPRESENTATION('',(#4799),#4803);
#4799 = LINE('',#4800,#4801);
#4800 = CARTESIAN_POINT('',(-4.229067136718,3.979573878598));
#4801 = VECTOR('',#4802,1.);
#4802 = DIRECTION('',(1.,-1.837729570869E-15));
#4803 = ( GEOMETRIC_REPRESENTATION_CONTEXT(2) 
PARAMETRIC_REPRESENTATION_CONTEXT() REPRESENTATION_CONTEXT('2D SPACE',''
  ) );
#4804 = ORIENTED_EDGE('',*,*,#4805,.F.);
#4805 = EDGE_CURVE('',#4806,#4782,#4808,.T.);
#4806 = VERTEX_POINT('',#4807);
#4807 = CARTESIAN_POINT('',(-12.43355834261,-14.03456899914,
    -1.111111024537));
#4808 = SURFACE_CURVE('',#4809,(#4814,#4821),.PCURVE_S1.);
#4809 = CIRCLE('',#4810,18.749999992806);
#4810 = AXIS2_PLACEMENT_3D('',#4811,#4812,#4813);
#4811 = CARTESIAN_POINT('',(-8.893219494155E-09,-1.146349237757E-08,
    -1.111633567112));
#4812 = DIRECTION('',(1.712243292755E-05,2.206981872105E-05,
    0.99999999961));
#4813 = DIRECTION('',(-0.464722430604,-0.885456414364,2.749904120906E-05
    ));
#4814 = PCURVE('',#3315,#4815);
#4815 = DEFINITIONAL_REPRESENTATION('',(#4816),#4820);
#4816 = LINE('',#4817,#4818);
#4817 = CARTESIAN_POINT('',(-8.337302741014,0.694620274008));
#4818 = VECTOR('',#4819,1.);
#4819 = DIRECTION('',(0.999999999577,-2.907419289035E-05));
#4820 = ( GEOMETRIC_REPRESENTATION_CONTEXT(2) 
PARAMETRIC_REPRESENTATION_CONTEXT() REPRESENTATION_CONTEXT('2D SPACE',''
  ) );
#4821 = PCURVE('',#3639,#4822);
#4822 = DEFINITIONAL_REPRESENTATION('',(#4823),#4826);
#4823 = B_SPLINE_CURVE_WITH_KNOTS('',1,(#4824,#4825),.UNSPECIFIED.,.F.,
  .F.,(2,2),(6.041522891088,6.28318530718),.PIECEWISE_BEZIER_KNOTS.);
#4824 = CARTESIAN_POINT('',(1.914340001532E-06,3.979573895741));
#4825 = CARTESIAN_POINT('',(0.241671800942,3.979580921909));
#4826 = ( GEOMETRIC_REPRESENTATION_CONTEXT(2) 
PARAMETRIC_REPRESENTATION_CONTEXT() REPRESENTATION_CONTEXT('2D SPACE',''
  ) );
#4827 = ORIENTED_EDGE('',*,*,#4828,.F.);
#4828 = EDGE_CURVE('',#4829,#4806,#4831,.T.);
#4829 = VERTEX_POINT('',#4830);
#4830 = CARTESIAN_POINT('',(-17.53151357944,-6.648948402333,
    -1.111114155604));
#4831 = SURFACE_CURVE('',#4832,(#4837,#4844),.PCURVE_S1.);
#4832 = CIRCLE('',#4833,18.75);
#4833 = AXIS2_PLACEMENT_3D('',#4834,#4835,#4836);
#4834 = CARTESIAN_POINT('',(2.99138491755E-13,1.666222715357E-13,
    -1.111111111112));
#4835 = DIRECTION('',(0.,0.,1.));
#4836 = DIRECTION('',(1.,0.,-0.));
#4837 = PCURVE('',#3315,#4838);
#4838 = DEFINITIONAL_REPRESENTATION('',(#4839),#4843);
#4839 = LINE('',#4840,#4841);
#4840 = CARTESIAN_POINT('',(-6.28318530718,0.694444444444));
#4841 = VECTOR('',#4842,1.);
#4842 = DIRECTION('',(1.,0.));
#4843 = ( GEOMETRIC_REPRESENTATION_CONTEXT(2) 
PARAMETRIC_REPRESENTATION_CONTEXT() REPRESENTATION_CONTEXT('2D SPACE',''
  ) );
#4844 = PCURVE('',#3610,#4845);
#4845 = DEFINITIONAL_REPRESENTATION('',(#4846),#4850);
#4846 = LINE('',#4847,#4848);
#4847 = CARTESIAN_POINT('',(-3.504084113619,3.979573878598));
#4848 = VECTOR('',#4849,1.);
#4849 = DIRECTION('',(1.,-9.188396545156E-16));
#4850 = ( GEOMETRIC_REPRESENTATION_CONTEXT(2) 
PARAMETRIC_REPRESENTATION_CONTEXT() REPRESENTATION_CONTEXT('2D SPACE',''
  ) );
#4851 = ORIENTED_EDGE('',*,*,#4852,.F.);
#4852 = EDGE_CURVE('',#4853,#4829,#4855,.T.);
#4853 = VERTEX_POINT('',#4854);
#4854 = CARTESIAN_POINT('',(-18.61331555093,-2.259863774114,
    -1.111110981724));
#4855 = SURFACE_CURVE('',#4856,(#4861,#4868),.PCURVE_S1.);
#4856 = CIRCLE('',#4857,18.749999992812);
#4857 = AXIS2_PLACEMENT_3D('',#4858,#4859,#4860);
#4858 = CARTESIAN_POINT('',(-1.425123574705E-08,-2.668646137405E-09,
    -1.111633377482));
#4859 = DIRECTION('',(2.744902592769E-05,5.13914130625E-06,0.99999999961
    ));
#4860 = DIRECTION('',(-0.935014078485,-0.354610592452,2.748761963711E-05
    ));
#4861 = PCURVE('',#3315,#4862);
#4862 = DEFINITIONAL_REPRESENTATION('',(#4863),#4867);
#4863 = LINE('',#4864,#4865);
#4864 = CARTESIAN_POINT('',(-9.062280396061,0.694623153123));
#4865 = VECTOR('',#4866,1.);
#4866 = DIRECTION('',(0.999999999564,-2.953632143303E-05));
#4867 = ( GEOMETRIC_REPRESENTATION_CONTEXT(2) 
PARAMETRIC_REPRESENTATION_CONTEXT() REPRESENTATION_CONTEXT('2D SPACE',''
  ) );
#4868 = PCURVE('',#3582,#4869);
#4869 = DEFINITIONAL_REPRESENTATION('',(#4870),#4873);
#4870 = B_SPLINE_CURVE_WITH_KNOTS('',1,(#4871,#4872),.UNSPECIFIED.,.F.,
  .F.,(2,2),(6.04150754153,6.28318530718),.PIECEWISE_BEZIER_KNOTS.);
#4871 = CARTESIAN_POINT('',(1.205967955381E-05,3.979573808109));
#4872 = CARTESIAN_POINT('',(0.241697294043,3.979580946472));
#4873 = ( GEOMETRIC_REPRESENTATION_CONTEXT(2) 
PARAMETRIC_REPRESENTATION_CONTEXT() REPRESENTATION_CONTEXT('2D SPACE',''
  ) );
#4874 = ORIENTED_EDGE('',*,*,#4875,.F.);
#4875 = EDGE_CURVE('',#4542,#4853,#4876,.T.);
#4876 = SURFACE_CURVE('',#4877,(#4882,#4889),.PCURVE_S1.);
#4877 = CIRCLE('',#4878,18.75);
#4878 = AXIS2_PLACEMENT_3D('',#4879,#4880,#4881);
#4879 = CARTESIAN_POINT('',(-3.971933892899E-13,-1.390380865995E-14,
    -1.111111111112));
#4880 = DIRECTION('',(0.,0.,1.));
#4881 = DIRECTION('',(1.,0.,-0.));
#4882 = PCURVE('',#3315,#4883);
#4883 = DEFINITIONAL_REPRESENTATION('',(#4884),#4888);
#4884 = LINE('',#4885,#4886);
#4885 = CARTESIAN_POINT('',(-6.28318530718,0.694444444444));
#4886 = VECTOR('',#4887,1.);
#4887 = DIRECTION('',(1.,0.));
#4888 = ( GEOMETRIC_REPRESENTATION_CONTEXT(2) 
PARAMETRIC_REPRESENTATION_CONTEXT() REPRESENTATION_CONTEXT('2D SPACE',''
  ) );
#4889 = PCURVE('',#3553,#4890);
#4890 = DEFINITIONAL_REPRESENTATION('',(#4891),#4895);
#4891 = LINE('',#4892,#4893);
#4892 = CARTESIAN_POINT('',(-3.020762166913,3.979573878598));
#4893 = VECTOR('',#4894,1.);
#4894 = DIRECTION('',(1.,3.675632826696E-15));
#4895 = ( GEOMETRIC_REPRESENTATION_CONTEXT(2) 
PARAMETRIC_REPRESENTATION_CONTEXT() REPRESENTATION_CONTEXT('2D SPACE',''
  ) );
#4896 = ORIENTED_EDGE('',*,*,#4897,.T.);
#4897 = EDGE_CURVE('',#4542,#4898,#4900,.T.);
#4898 = VERTEX_POINT('',#4899);
#4899 = CARTESIAN_POINT('',(-18.75,-2.296212748401E-15,-2.5));
#4900 = SEAM_CURVE('',#4901,(#4905,#4912),.PCURVE_S1.);
#4901 = LINE('',#4902,#4903);
#4902 = CARTESIAN_POINT('',(-18.75,-2.296212748401E-15,-1.805555555556)
  );
#4903 = VECTOR('',#4904,1.);
#4904 = DIRECTION('',(0.,0.,-1.));
#4905 = PCURVE('',#3315,#4906);
#4906 = DEFINITIONAL_REPRESENTATION('',(#4907),#4911);
#4907 = LINE('',#4908,#4909);
#4908 = CARTESIAN_POINT('',(-3.14159265359,0.));
#4909 = VECTOR('',#4910,1.);
#4910 = DIRECTION('',(0.,-1.));
#4911 = ( GEOMETRIC_REPRESENTATION_CONTEXT(2) 
PARAMETRIC_REPRESENTATION_CONTEXT() REPRESENTATION_CONTEXT('2D SPACE',''
  ) );
#4912 = PCURVE('',#3315,#4913);
#4913 = DEFINITIONAL_REPRESENTATION('',(#4914),#4918);
#4914 = LINE('',#4915,#4916);
#4915 = CARTESIAN_POINT('',(3.14159265359,0.));
#4916 = VECTOR('',#4917,1.);
#4917 = DIRECTION('',(0.,-1.));
#4918 = ( GEOMETRIC_REPRESENTATION_CONTEXT(2) 
PARAMETRIC_REPRESENTATION_CONTEXT() REPRESENTATION_CONTEXT('2D SPACE',''
  ) );
#4919 = ORIENTED_EDGE('',*,*,#4920,.F.);
#4920 = EDGE_CURVE('',#4898,#4898,#4921,.T.);
#4921 = SURFACE_CURVE('',#4922,(#4927,#4934),.PCURVE_S1.);
#4922 = CIRCLE('',#4923,18.75);
#4923 = AXIS2_PLACEMENT_3D('',#4924,#4925,#4926);
#4924 = CARTESIAN_POINT('',(0.,0.,-2.5));
#4925 = DIRECTION('',(0.,0.,-1.));
#4926 = DIRECTION('',(0.,-1.,0.));
#4927 = PCURVE('',#3315,#4928);
#4928 = DEFINITIONAL_REPRESENTATION('',(#4929),#4933);
#4929 = LINE('',#4930,#4931);
#4930 = CARTESIAN_POINT('',(4.712388980385,-0.694444444444));
#4931 = VECTOR('',#4932,1.);
#4932 = DIRECTION('',(-1.,0.));
#4933 = ( GEOMETRIC_REPRESENTATION_CONTEXT(2) 
PARAMETRIC_REPRESENTATION_CONTEXT() REPRESENTATION_CONTEXT('2D SPACE',''
  ) );
#4934 = PCURVE('',#4935,#4940);
#4935 = PLANE('',#4936);
#4936 = AXIS2_PLACEMENT_3D('',#4937,#4938,#4939);
#4937 = CARTESIAN_POINT('',(0.,0.,-2.5));
#4938 = DIRECTION('',(0.,0.,1.));
#4939 = DIRECTION('',(-1.,0.,0.));
#4940 = DEFINITIONAL_REPRESENTATION('',(#4941),#4949);
#4941 = ( BOUNDED_CURVE() B_SPLINE_CURVE(2,(#4942,#4943,#4944,#4945,
#4946,#4947,#4948),.UNSPECIFIED.,.T.,.F.) B_SPLINE_CURVE_WITH_KNOTS((1,2
    ,2,2,2,1),(-2.094395102393,0.,2.094395102393,4.188790204786,
6.28318530718,8.377580409573),.UNSPECIFIED.) CURVE() 
GEOMETRIC_REPRESENTATION_ITEM() RATIONAL_B_SPLINE_CURVE((1.,0.5,1.,0.5,
1.,0.5,1.)) REPRESENTATION_ITEM('') );
#4942 = CARTESIAN_POINT('',(0.,18.75));
#4943 = CARTESIAN_POINT('',(32.475952641916,18.75));
#4944 = CARTESIAN_POINT('',(16.237976320958,-9.375));
#4945 = CARTESIAN_POINT('',(4.592425496803E-15,-37.5));
#4946 = CARTESIAN_POINT('',(-16.23797632095,-9.375));
#4947 = CARTESIAN_POINT('',(-32.47595264191,18.75));
#4948 = CARTESIAN_POINT('',(0.,18.75));
#4949 = ( GEOMETRIC_REPRESENTATION_CONTEXT(2) 
PARAMETRIC_REPRESENTATION_CONTEXT() REPRESENTATION_CONTEXT('2D SPACE',''
  ) );
#4950 = ORIENTED_EDGE('',*,*,#4897,.F.);
#4951 = ADVANCED_FACE('',(#4952,#4955),#4935,.F.);
#4952 = FACE_BOUND('',#4953,.T.);
#4953 = EDGE_LOOP('',(#4954));
#4954 = ORIENTED_EDGE('',*,*,#4920,.T.);
#4955 = FACE_BOUND('',#4956,.T.);
#4956 = EDGE_LOOP('',(#4957));
#4957 = ORIENTED_EDGE('',*,*,#4958,.T.);
#4958 = EDGE_CURVE('',#4959,#4959,#4961,.T.);
#4959 = VERTEX_POINT('',#4960);
#4960 = CARTESIAN_POINT('',(1.004092437788E-07,17.749999999993,-2.5));
#4961 = SURFACE_CURVE('',#4962,(#4967,#4974),.PCURVE_S1.);
#4962 = CIRCLE('',#4963,17.749999999993);
#4963 = AXIS2_PLACEMENT_3D('',#4964,#4965,#4966);
#4964 = CARTESIAN_POINT('',(0.,0.,-2.5));
#4965 = DIRECTION('',(0.,0.,1.));
#4966 = DIRECTION('',(-5.656858681976E-09,-1.,0.));
#4967 = PCURVE('',#4935,#4968);
#4968 = DEFINITIONAL_REPRESENTATION('',(#4969),#4973);
#4969 = CIRCLE('',#4970,17.749999999993);
#4970 = AXIS2_PLACEMENT_2D('',#4971,#4972);
#4971 = CARTESIAN_POINT('',(0.,0.));
#4972 = DIRECTION('',(5.656858681976E-09,1.));
#4973 = ( GEOMETRIC_REPRESENTATION_CONTEXT(2) 
PARAMETRIC_REPRESENTATION_CONTEXT() REPRESENTATION_CONTEXT('2D SPACE',''
  ) );
#4974 = PCURVE('',#4975,#4980);
#4975 = CONICAL_SURFACE('',#4976,17.62491001218,0.785398163397);
#4976 = AXIS2_PLACEMENT_3D('',#4977,#4978,#4979);
#4977 = CARTESIAN_POINT('',(0.,0.,-2.374910012187));
#4978 = DIRECTION('',(0.,0.,-1.));
#4979 = DIRECTION('',(-5.656858681976E-09,-1.,-0.));
#4980 = DEFINITIONAL_REPRESENTATION('',(#4981),#4985);
#4981 = LINE('',#4982,#4983);
#4982 = CARTESIAN_POINT('',(12.566370614359,0.125089987813));
#4983 = VECTOR('',#4984,1.);
#4984 = DIRECTION('',(-1.,0.));
#4985 = ( GEOMETRIC_REPRESENTATION_CONTEXT(2) 
PARAMETRIC_REPRESENTATION_CONTEXT() REPRESENTATION_CONTEXT('2D SPACE',''
  ) );
#4986 = ADVANCED_FACE('',(#4987),#4975,.F.);
#4987 = FACE_BOUND('',#4988,.F.);
#4988 = EDGE_LOOP('',(#4989,#5020,#5041,#5042,#5043));
#4989 = ORIENTED_EDGE('',*,*,#4990,.F.);
#4990 = EDGE_CURVE('',#4991,#4993,#4995,.T.);
#4991 = VERTEX_POINT('',#4992);
#4992 = CARTESIAN_POINT('',(9.899502907771E-08,17.5,-2.250000000007));
#4993 = VERTEX_POINT('',#4994);
#4994 = CARTESIAN_POINT('',(17.5,3.722343744371E-09,-2.250000000007));
#4995 = SURFACE_CURVE('',#4996,(#5001,#5008),.PCURVE_S1.);
#4996 = CIRCLE('',#4997,17.5);
#4997 = AXIS2_PLACEMENT_3D('',#4998,#4999,#5000);
#4998 = CARTESIAN_POINT('',(0.,0.,-2.250000000007));
#4999 = DIRECTION('',(0.,0.,1.));
#5000 = DIRECTION('',(-1.,-2.127052343565E-10,0.));
#5001 = PCURVE('',#4975,#5002);
#5002 = DEFINITIONAL_REPRESENTATION('',(#5003),#5007);
#5003 = LINE('',#5004,#5005);
#5004 = CARTESIAN_POINT('',(14.137166935285,-0.12491001218));
#5005 = VECTOR('',#5006,1.);
#5006 = DIRECTION('',(-1.,0.));
#5007 = ( GEOMETRIC_REPRESENTATION_CONTEXT(2) 
PARAMETRIC_REPRESENTATION_CONTEXT() REPRESENTATION_CONTEXT('2D SPACE',''
  ) );
#5008 = PCURVE('',#5009,#5014);
#5009 = CYLINDRICAL_SURFACE('',#5010,17.5);
#5010 = AXIS2_PLACEMENT_3D('',#5011,#5012,#5013);
#5011 = CARTESIAN_POINT('',(0.,0.,2.461292400069E-05));
#5012 = DIRECTION('',(0.,0.,1.));
#5013 = DIRECTION('',(-1.,-2.127052343565E-10,0.));
#5014 = DEFINITIONAL_REPRESENTATION('',(#5015),#5019);
#5015 = LINE('',#5016,#5017);
#5016 = CARTESIAN_POINT('',(0.,-2.250024612931));
#5017 = VECTOR('',#5018,1.);
#5018 = DIRECTION('',(1.,0.));
#5019 = ( GEOMETRIC_REPRESENTATION_CONTEXT(2) 
PARAMETRIC_REPRESENTATION_CONTEXT() REPRESENTATION_CONTEXT('2D SPACE',''
  ) );
#5020 = ORIENTED_EDGE('',*,*,#5021,.T.);
#5021 = EDGE_CURVE('',#4991,#4959,#5022,.T.);
#5022 = SEAM_CURVE('',#5023,(#5027,#5034),.PCURVE_S1.);
#5023 = LINE('',#5024,#5025);
#5024 = CARTESIAN_POINT('',(9.970162737988E-08,17.62491001218,
    -2.374910012187));
#5025 = VECTOR('',#5026,1.);
#5026 = DIRECTION('',(4.000003220835E-09,0.707106781187,-0.707106781187)
  );
#5027 = PCURVE('',#4975,#5028);
#5028 = DEFINITIONAL_REPRESENTATION('',(#5029),#5033);
#5029 = LINE('',#5030,#5031);
#5030 = CARTESIAN_POINT('',(9.424777960769,2.15887713069E-16));
#5031 = VECTOR('',#5032,1.);
#5032 = DIRECTION('',(0.,1.));
#5033 = ( GEOMETRIC_REPRESENTATION_CONTEXT(2) 
PARAMETRIC_REPRESENTATION_CONTEXT() REPRESENTATION_CONTEXT('2D SPACE',''
  ) );
#5034 = PCURVE('',#4975,#5035);
#5035 = DEFINITIONAL_REPRESENTATION('',(#5036),#5040);
#5036 = LINE('',#5037,#5038);
#5037 = CARTESIAN_POINT('',(3.14159265359,2.15887713069E-16));
#5038 = VECTOR('',#5039,1.);
#5039 = DIRECTION('',(0.,1.));
#5040 = ( GEOMETRIC_REPRESENTATION_CONTEXT(2) 
PARAMETRIC_REPRESENTATION_CONTEXT() REPRESENTATION_CONTEXT('2D SPACE',''
  ) );
#5041 = ORIENTED_EDGE('',*,*,#4958,.T.);
#5042 = ORIENTED_EDGE('',*,*,#5021,.F.);
#5043 = ORIENTED_EDGE('',*,*,#5044,.F.);
#5044 = EDGE_CURVE('',#4993,#4991,#5045,.T.);
#5045 = SURFACE_CURVE('',#5046,(#5051,#5058),.PCURVE_S1.);
#5046 = CIRCLE('',#5047,17.5);
#5047 = AXIS2_PLACEMENT_3D('',#5048,#5049,#5050);
#5048 = CARTESIAN_POINT('',(0.,0.,-2.250000000007));
#5049 = DIRECTION('',(0.,0.,1.));
#5050 = DIRECTION('',(-1.,-2.127052343565E-10,0.));
#5051 = PCURVE('',#4975,#5052);
#5052 = DEFINITIONAL_REPRESENTATION('',(#5053),#5057);
#5053 = LINE('',#5054,#5055);
#5054 = CARTESIAN_POINT('',(7.853981628105,-0.12491001218));
#5055 = VECTOR('',#5056,1.);
#5056 = DIRECTION('',(-1.,0.));
#5057 = ( GEOMETRIC_REPRESENTATION_CONTEXT(2) 
PARAMETRIC_REPRESENTATION_CONTEXT() REPRESENTATION_CONTEXT('2D SPACE',''
  ) );
#5058 = PCURVE('',#5009,#5059);
#5059 = DEFINITIONAL_REPRESENTATION('',(#5060),#5064);
#5060 = LINE('',#5061,#5062);
#5061 = CARTESIAN_POINT('',(0.,-2.250024612931));
#5062 = VECTOR('',#5063,1.);
#5063 = DIRECTION('',(1.,0.));
#5064 = ( GEOMETRIC_REPRESENTATION_CONTEXT(2) 
PARAMETRIC_REPRESENTATION_CONTEXT() REPRESENTATION_CONTEXT('2D SPACE',''
  ) );
#5065 = ADVANCED_FACE('',(#5066),#5009,.F.);
#5066 = FACE_BOUND('',#5067,.F.);
#5067 = EDGE_LOOP('',(#5068,#5069,#5092,#5121,#5143,#5144));
#5068 = ORIENTED_EDGE('',*,*,#4990,.T.);
#5069 = ORIENTED_EDGE('',*,*,#5070,.T.);
#5070 = EDGE_CURVE('',#4993,#5071,#5073,.T.);
#5071 = VERTEX_POINT('',#5072);
#5072 = CARTESIAN_POINT('',(17.5,3.722343744371E-09,2.250000000001));
#5073 = SEAM_CURVE('',#5074,(#5078,#5085),.PCURVE_S1.);
#5074 = LINE('',#5075,#5076);
#5075 = CARTESIAN_POINT('',(17.5,3.722343744371E-09,2.461292400069E-05)
  );
#5076 = VECTOR('',#5077,1.);
#5077 = DIRECTION('',(0.,0.,1.));
#5078 = PCURVE('',#5009,#5079);
#5079 = DEFINITIONAL_REPRESENTATION('',(#5080),#5084);
#5080 = LINE('',#5081,#5082);
#5081 = CARTESIAN_POINT('',(9.424777960769,0.));
#5082 = VECTOR('',#5083,1.);
#5083 = DIRECTION('',(0.,1.));
#5084 = ( GEOMETRIC_REPRESENTATION_CONTEXT(2) 
PARAMETRIC_REPRESENTATION_CONTEXT() REPRESENTATION_CONTEXT('2D SPACE',''
  ) );
#5085 = PCURVE('',#5009,#5086);
#5086 = DEFINITIONAL_REPRESENTATION('',(#5087),#5091);
#5087 = LINE('',#5088,#5089);
#5088 = CARTESIAN_POINT('',(3.14159265359,0.));
#5089 = VECTOR('',#5090,1.);
#5090 = DIRECTION('',(0.,1.));
#5091 = ( GEOMETRIC_REPRESENTATION_CONTEXT(2) 
PARAMETRIC_REPRESENTATION_CONTEXT() REPRESENTATION_CONTEXT('2D SPACE',''
  ) );
#5092 = ORIENTED_EDGE('',*,*,#5093,.F.);
#5093 = EDGE_CURVE('',#5094,#5071,#5096,.T.);
#5094 = VERTEX_POINT('',#5095);
#5095 = CARTESIAN_POINT('',(-17.49999999999,3.325822163981E-08,
    2.250000000002));
#5096 = SURFACE_CURVE('',#5097,(#5102,#5109),.PCURVE_S1.);
#5097 = CIRCLE('',#5098,17.5);
#5098 = AXIS2_PLACEMENT_3D('',#5099,#5100,#5101);
#5099 = CARTESIAN_POINT('',(0.,0.,2.250000000001));
#5100 = DIRECTION('',(0.,0.,1.));
#5101 = DIRECTION('',(1.,1.143450348349E-08,-0.));
#5102 = PCURVE('',#5009,#5103);
#5103 = DEFINITIONAL_REPRESENTATION('',(#5104),#5108);
#5104 = LINE('',#5105,#5106);
#5105 = CARTESIAN_POINT('',(3.141592664812,2.249975387077));
#5106 = VECTOR('',#5107,1.);
#5107 = DIRECTION('',(1.,0.));
#5108 = ( GEOMETRIC_REPRESENTATION_CONTEXT(2) 
PARAMETRIC_REPRESENTATION_CONTEXT() REPRESENTATION_CONTEXT('2D SPACE',''
  ) );
#5109 = PCURVE('',#5110,#5115);
#5110 = CONICAL_SURFACE('',#5111,17.62493379059,0.785398163397);
#5111 = AXIS2_PLACEMENT_3D('',#5112,#5113,#5114);
#5112 = CARTESIAN_POINT('',(0.,0.,2.374933790594));
#5113 = DIRECTION('',(0.,0.,1.));
#5114 = DIRECTION('',(1.,-1.900469930454E-09,0.));
#5115 = DEFINITIONAL_REPRESENTATION('',(#5116),#5120);
#5116 = LINE('',#5117,#5118);
#5117 = CARTESIAN_POINT('',(1.333497312572E-08,-0.124933790591));
#5118 = VECTOR('',#5119,1.);
#5119 = DIRECTION('',(1.,0.));
#5120 = ( GEOMETRIC_REPRESENTATION_CONTEXT(2) 
PARAMETRIC_REPRESENTATION_CONTEXT() REPRESENTATION_CONTEXT('2D SPACE',''
  ) );
#5121 = ORIENTED_EDGE('',*,*,#5122,.F.);
#5122 = EDGE_CURVE('',#5071,#5094,#5123,.T.);
#5123 = SURFACE_CURVE('',#5124,(#5129,#5136),.PCURVE_S1.);
#5124 = CIRCLE('',#5125,17.5);
#5125 = AXIS2_PLACEMENT_3D('',#5126,#5127,#5128);
#5126 = CARTESIAN_POINT('',(0.,0.,2.250000000001));
#5127 = DIRECTION('',(0.,0.,1.));
#5128 = DIRECTION('',(1.,1.143450348349E-08,-0.));
#5129 = PCURVE('',#5009,#5130);
#5130 = DEFINITIONAL_REPRESENTATION('',(#5131),#5135);
#5131 = LINE('',#5132,#5133);
#5132 = CARTESIAN_POINT('',(-3.141592642368,2.249975387077));
#5133 = VECTOR('',#5134,1.);
#5134 = DIRECTION('',(1.,0.));
#5135 = ( GEOMETRIC_REPRESENTATION_CONTEXT(2) 
PARAMETRIC_REPRESENTATION_CONTEXT() REPRESENTATION_CONTEXT('2D SPACE',''
  ) );
#5136 = PCURVE('',#5110,#5137);
#5137 = DEFINITIONAL_REPRESENTATION('',(#5138),#5142);
#5138 = LINE('',#5139,#5140);
#5139 = CARTESIAN_POINT('',(1.333497312572E-08,-0.124933790591));
#5140 = VECTOR('',#5141,1.);
#5141 = DIRECTION('',(1.,0.));
#5142 = ( GEOMETRIC_REPRESENTATION_CONTEXT(2) 
PARAMETRIC_REPRESENTATION_CONTEXT() REPRESENTATION_CONTEXT('2D SPACE',''
  ) );
#5143 = ORIENTED_EDGE('',*,*,#5070,.F.);
#5144 = ORIENTED_EDGE('',*,*,#5044,.T.);
#5145 = ADVANCED_FACE('',(#5146),#5110,.F.);
#5146 = FACE_BOUND('',#5147,.F.);
#5147 = EDGE_LOOP('',(#5148,#5149,#5172,#5198,#5199));
#5148 = ORIENTED_EDGE('',*,*,#5122,.T.);
#5149 = ORIENTED_EDGE('',*,*,#5150,.T.);
#5150 = EDGE_CURVE('',#5094,#5151,#5153,.T.);
#5151 = VERTEX_POINT('',#5152);
#5152 = CARTESIAN_POINT('',(-17.74999999999,3.37333390918E-08,2.5));
#5153 = SEAM_CURVE('',#5154,(#5158,#5165),.PCURVE_S1.);
#5154 = LINE('',#5155,#5156);
#5155 = CARTESIAN_POINT('',(-17.62493379059,3.349565453683E-08,
    2.374933790594));
#5156 = VECTOR('',#5157,1.);
#5157 = DIRECTION('',(-0.707106781187,1.34383508867E-09,0.707106781187)
  );
#5158 = PCURVE('',#5110,#5159);
#5159 = DEFINITIONAL_REPRESENTATION('',(#5160),#5164);
#5160 = LINE('',#5161,#5162);
#5161 = CARTESIAN_POINT('',(9.424777960769,4.514015818716E-16));
#5162 = VECTOR('',#5163,1.);
#5163 = DIRECTION('',(0.,1.));
#5164 = ( GEOMETRIC_REPRESENTATION_CONTEXT(2) 
PARAMETRIC_REPRESENTATION_CONTEXT() REPRESENTATION_CONTEXT('2D SPACE',''
  ) );
#5165 = PCURVE('',#5110,#5166);
#5166 = DEFINITIONAL_REPRESENTATION('',(#5167),#5171);
#5167 = LINE('',#5168,#5169);
#5168 = CARTESIAN_POINT('',(3.14159265359,4.514015818716E-16));
#5169 = VECTOR('',#5170,1.);
#5170 = DIRECTION('',(0.,1.));
#5171 = ( GEOMETRIC_REPRESENTATION_CONTEXT(2) 
PARAMETRIC_REPRESENTATION_CONTEXT() REPRESENTATION_CONTEXT('2D SPACE',''
  ) );
#5172 = ORIENTED_EDGE('',*,*,#5173,.T.);
#5173 = EDGE_CURVE('',#5151,#5151,#5174,.T.);
#5174 = SURFACE_CURVE('',#5175,(#5180,#5187),.PCURVE_S1.);
#5175 = CIRCLE('',#5176,17.749999999996);
#5176 = AXIS2_PLACEMENT_3D('',#5177,#5178,#5179);
#5177 = CARTESIAN_POINT('',(0.,0.,2.5));
#5178 = DIRECTION('',(0.,0.,-1.));
#5179 = DIRECTION('',(1.,-1.900469930454E-09,0.));
#5180 = PCURVE('',#5110,#5181);
#5181 = DEFINITIONAL_REPRESENTATION('',(#5182),#5186);
#5182 = LINE('',#5183,#5184);
#5183 = CARTESIAN_POINT('',(12.566370614359,0.125066209406));
#5184 = VECTOR('',#5185,1.);
#5185 = DIRECTION('',(-1.,0.));
#5186 = ( GEOMETRIC_REPRESENTATION_CONTEXT(2) 
PARAMETRIC_REPRESENTATION_CONTEXT() REPRESENTATION_CONTEXT('2D SPACE',''
  ) );
#5187 = PCURVE('',#3501,#5188);
#5188 = DEFINITIONAL_REPRESENTATION('',(#5189),#5197);
#5189 = ( BOUNDED_CURVE() B_SPLINE_CURVE(2,(#5190,#5191,#5192,#5193,
#5194,#5195,#5196),.UNSPECIFIED.,.T.,.F.) B_SPLINE_CURVE_WITH_KNOTS((1,2
    ,2,2,2,1),(-2.094395102393,0.,2.094395102393,4.188790204786,
6.28318530718,8.377580409573),.UNSPECIFIED.) CURVE() 
GEOMETRIC_REPRESENTATION_ITEM() RATIONAL_B_SPLINE_CURVE((1.,0.5,1.,0.5,
1.,0.5,1.)) REPRESENTATION_ITEM('') );
#5190 = CARTESIAN_POINT('',(-3.373334126555E-08,-17.74999999999));
#5191 = CARTESIAN_POINT('',(-30.74390186807,-17.74999994156));
#5192 = CARTESIAN_POINT('',(-15.3719509003,8.875000029212));
#5193 = CARTESIAN_POINT('',(6.746667818361E-08,35.499999999992));
#5194 = CARTESIAN_POINT('',(15.371950934037,8.874999970784));
#5195 = CARTESIAN_POINT('',(30.743901800607,-17.75000005842));
#5196 = CARTESIAN_POINT('',(-3.373334126555E-08,-17.74999999999));
#5197 = ( GEOMETRIC_REPRESENTATION_CONTEXT(2) 
PARAMETRIC_REPRESENTATION_CONTEXT() REPRESENTATION_CONTEXT('2D SPACE',''
  ) );
#5198 = ORIENTED_EDGE('',*,*,#5150,.F.);
#5199 = ORIENTED_EDGE('',*,*,#5093,.T.);
#5200 = ADVANCED_FACE('',(#5201,#5204),#3501,.T.);
#5201 = FACE_BOUND('',#5202,.T.);
#5202 = EDGE_LOOP('',(#5203));
#5203 = ORIENTED_EDGE('',*,*,#3484,.T.);
#5204 = FACE_BOUND('',#5205,.T.);
#5205 = EDGE_LOOP('',(#5206));
#5206 = ORIENTED_EDGE('',*,*,#5173,.T.);
#5207 = ADVANCED_FACE('',(#5208),#3553,.F.);
#5208 = FACE_BOUND('',#5209,.F.);
#5209 = EDGE_LOOP('',(#5210,#5233,#5274,#5275,#5276,#5299,#5320,#5321));
#5210 = ORIENTED_EDGE('',*,*,#5211,.T.);
#5211 = EDGE_CURVE('',#4540,#5212,#5214,.T.);
#5212 = VERTEX_POINT('',#5213);
#5213 = CARTESIAN_POINT('',(-18.12209907947,2.199997674224,
    4.760261416656E-09));
#5214 = SURFACE_CURVE('',#5215,(#5220,#5226),.PCURVE_S1.);
#5215 = CIRCLE('',#5216,1.494846854365);
#5216 = AXIS2_PLACEMENT_3D('',#5217,#5218,#5219);
#5217 = CARTESIAN_POINT('',(-19.60610219452,2.379693156889,
    -1.175622370407E-11));
#5218 = DIRECTION('',(-0.120485686565,-0.992715064524,-4.91517937462E-12
    ));
#5219 = DIRECTION('',(0.664095492346,-8.060117570102E-02,-0.743290405912
    ));
#5220 = PCURVE('',#3553,#5221);
#5221 = DEFINITIONAL_REPRESENTATION('',(#5222),#5225);
#5222 = B_SPLINE_CURVE_WITH_KNOTS('',1,(#5223,#5224),.UNSPECIFIED.,.F.,
  .F.,(2,2),(6.283174639721,7.121160944168),.PIECEWISE_BEZIER_KNOTS.);
#5223 = CARTESIAN_POINT('',(4.589808708149E-05,3.97957496163));
#5224 = CARTESIAN_POINT('',(4.574980964439E-05,3.141592650405));
#5225 = ( GEOMETRIC_REPRESENTATION_CONTEXT(2) 
PARAMETRIC_REPRESENTATION_CONTEXT() REPRESENTATION_CONTEXT('2D SPACE',''
  ) );
#5226 = PCURVE('',#4084,#5227);
#5227 = DEFINITIONAL_REPRESENTATION('',(#5228),#5232);
#5228 = LINE('',#5229,#5230);
#5229 = CARTESIAN_POINT('',(0.241717127187,10.262753594565));
#5230 = VECTOR('',#5231,1.);
#5231 = DIRECTION('',(-1.324870130615E-15,-1.));
#5232 = ( GEOMETRIC_REPRESENTATION_CONTEXT(2) 
PARAMETRIC_REPRESENTATION_CONTEXT() REPRESENTATION_CONTEXT('2D SPACE',''
  ) );
#5233 = ORIENTED_EDGE('',*,*,#5234,.T.);
#5234 = EDGE_CURVE('',#5212,#4068,#5235,.T.);
#5235 = SURFACE_CURVE('',#5236,(#5262,#5268),.PCURVE_S1.);
#5236 = B_SPLINE_CURVE_WITH_KNOTS('',3,(#5237,#5238,#5239,#5240,#5241,
    #5242,#5243,#5244,#5245,#5246,#5247,#5248,#5249,#5250,#5251,#5252,
    #5253,#5254,#5255,#5256,#5257,#5258,#5259,#5260,#5261),
  .UNSPECIFIED.,.F.,.F.,(4,3,3,3,3,3,3,3,4),(5.70343844524E-09,
    0.142265482244,0.25,0.396450674805,0.5,0.64159821924,0.75,
    0.893329365661,0.999996971576),.UNSPECIFIED.);
#5237 = CARTESIAN_POINT('',(-18.12205295591,2.200409841118,
    7.143134589975E-09));
#5238 = CARTESIAN_POINT('',(-18.12205299735,2.200409502125,
    5.943806771535E-02));
#5239 = CARTESIAN_POINT('',(-18.12557723209,2.200831488539,
    0.118870105778));
#5240 = CARTESIAN_POINT('',(-18.13259792031,2.201670835191,
    0.177870720915));
#5241 = CARTESIAN_POINT('',(-18.13791453316,2.202306453958,
    0.222550589663));
#5242 = CARTESIAN_POINT('',(-18.14523518793,2.203181285774,
    0.266983015441));
#5243 = CARTESIAN_POINT('',(-18.15452824346,2.204290774139,
    0.310985751254));
#5244 = CARTESIAN_POINT('',(-18.16716091014,2.205798975255,
    0.370801588251));
#5245 = CARTESIAN_POINT('',(-18.1834403617,2.207741067232,0.429824879032
    ));
#5246 = CARTESIAN_POINT('',(-18.2032433502,2.210110590921,0.487621293572
    ));
#5247 = CARTESIAN_POINT('',(-18.21724523922,2.211785984902,
    0.528486791339));
#5248 = CARTESIAN_POINT('',(-18.23300760186,2.213674937619,
    0.568739171703));
#5249 = CARTESIAN_POINT('',(-18.25047207729,2.215773401166,
    0.608229952299));
#5250 = CARTESIAN_POINT('',(-18.27435382269,2.218642938953,
    0.662231503717));
#5251 = CARTESIAN_POINT('',(-18.30142113747,2.22190444443,0.714809470636
    ));
#5252 = CARTESIAN_POINT('',(-18.33148552188,2.225506286077,
    0.765588865583));
#5253 = CARTESIAN_POINT('',(-18.35450157975,2.228263708102,
    0.804463484683));
#5254 = CARTESIAN_POINT('',(-18.37927316907,2.231220467536,
    0.842284372601));
#5255 = CARTESIAN_POINT('',(-18.40569804459,2.234350986738,0.8788937047)
  );
#5256 = CARTESIAN_POINT('',(-18.44063714449,2.238490174567,
    0.927298742976));
#5257 = CARTESIAN_POINT('',(-18.47846926076,2.242933889491,
    0.973586576256));
#5258 = CARTESIAN_POINT('',(-18.51891376638,2.247709608019,
    1.017424186954));
#5259 = CARTESIAN_POINT('',(-18.54901310133,2.251263760788,
    1.050048715504));
#5260 = CARTESIAN_POINT('',(-18.58055842605,2.255001708682,
    1.081316793594));
#5261 = CARTESIAN_POINT('',(-18.61342031695,2.258933714988,
    1.111103849242));
#5262 = PCURVE('',#3553,#5263);
#5263 = DEFINITIONAL_REPRESENTATION('',(#5264),#5267);
#5264 = B_SPLINE_CURVE_WITH_KNOTS('',1,(#5265,#5266),.UNSPECIFIED.,.F.,
  .F.,(2,2),(5.703438552162E-09,0.999996971576),
  .PIECEWISE_BEZIER_KNOTS.);
#5265 = CARTESIAN_POINT('',(3.137079120766E-07,3.141592648811));
#5266 = CARTESIAN_POINT('',(6.060527063152E-05,2.303618690422));
#5267 = ( GEOMETRIC_REPRESENTATION_CONTEXT(2) 
PARAMETRIC_REPRESENTATION_CONTEXT() REPRESENTATION_CONTEXT('2D SPACE',''
  ) );
#5268 = PCURVE('',#4084,#5269);
#5269 = DEFINITIONAL_REPRESENTATION('',(#5270),#5273);
#5270 = B_SPLINE_CURVE_WITH_KNOTS('',1,(#5271,#5272),.UNSPECIFIED.,.F.,
  .F.,(2,2),(5.703438552162E-09,0.999996971576),
  .PIECEWISE_BEZIER_KNOTS.);
#5271 = CARTESIAN_POINT('',(0.24167168966,3.141592648804));
#5272 = CARTESIAN_POINT('',(0.24173183482,2.303614696464));
#5273 = ( GEOMETRIC_REPRESENTATION_CONTEXT(2) 
PARAMETRIC_REPRESENTATION_CONTEXT() REPRESENTATION_CONTEXT('2D SPACE',''
  ) );
#5274 = ORIENTED_EDGE('',*,*,#4095,.F.);
#5275 = ORIENTED_EDGE('',*,*,#3536,.F.);
#5276 = ORIENTED_EDGE('',*,*,#5277,.F.);
#5277 = EDGE_CURVE('',#5278,#3537,#5280,.T.);
#5278 = VERTEX_POINT('',#5279);
#5279 = CARTESIAN_POINT('',(-18.12206333631,-2.200324346454,
    -1.436334724419E-14));
#5280 = SURFACE_CURVE('',#5281,(#5286,#5293),.PCURVE_S1.);
#5281 = CIRCLE('',#5282,1.494847116342);
#5282 = AXIS2_PLACEMENT_3D('',#5283,#5284,#5285);
#5283 = CARTESIAN_POINT('',(-19.60599876981,-2.380611736147,
    -1.417345785961E-14));
#5284 = DIRECTION('',(0.120537303096,-0.992708798471,0.));
#5285 = DIRECTION('',(0.992708798471,0.120537303096,0.));
#5286 = PCURVE('',#3553,#5287);
#5287 = DEFINITIONAL_REPRESENTATION('',(#5288),#5292);
#5288 = LINE('',#5289,#5290);
#5289 = CARTESIAN_POINT('',(0.241661600768,3.14159265359));
#5290 = VECTOR('',#5291,1.);
#5291 = DIRECTION('',(1.954195420869E-15,-1.));
#5292 = ( GEOMETRIC_REPRESENTATION_CONTEXT(2) 
PARAMETRIC_REPRESENTATION_CONTEXT() REPRESENTATION_CONTEXT('2D SPACE',''
  ) );
#5293 = PCURVE('',#3582,#5294);
#5294 = DEFINITIONAL_REPRESENTATION('',(#5295),#5298);
#5295 = B_SPLINE_CURVE_WITH_KNOTS('',1,(#5296,#5297),.UNSPECIFIED.,.F.,
  .F.,(2,2),(0.,0.837981168021),.PIECEWISE_BEZIER_KNOTS.);
#5296 = CARTESIAN_POINT('',(2.332369261822E-05,3.141592653571));
#5297 = CARTESIAN_POINT('',(2.337769963699E-05,2.303611437756));
#5298 = ( GEOMETRIC_REPRESENTATION_CONTEXT(2) 
PARAMETRIC_REPRESENTATION_CONTEXT() REPRESENTATION_CONTEXT('2D SPACE',''
  ) );
#5299 = ORIENTED_EDGE('',*,*,#5300,.F.);
#5300 = EDGE_CURVE('',#4853,#5278,#5301,.T.);
#5301 = SURFACE_CURVE('',#5302,(#5307,#5314),.PCURVE_S1.);
#5302 = CIRCLE('',#5303,1.494847116342);
#5303 = AXIS2_PLACEMENT_3D('',#5304,#5305,#5306);
#5304 = CARTESIAN_POINT('',(-19.60602571153,-2.38038984181,
    -1.417345785961E-14));
#5305 = DIRECTION('',(0.12052606794,-0.992710162609,6.938893903907E-18)
  );
#5306 = DIRECTION('',(0.664095164879,8.062854796445E-02,-0.743287729777)
  );
#5307 = PCURVE('',#3553,#5308);
#5308 = DEFINITIONAL_REPRESENTATION('',(#5309),#5313);
#5309 = LINE('',#5310,#5311);
#5310 = CARTESIAN_POINT('',(0.2416502831,10.262749594189));
#5311 = VECTOR('',#5312,1.);
#5312 = DIRECTION('',(-2.649756502573E-15,-1.));
#5313 = ( GEOMETRIC_REPRESENTATION_CONTEXT(2) 
PARAMETRIC_REPRESENTATION_CONTEXT() REPRESENTATION_CONTEXT('2D SPACE',''
  ) );
#5314 = PCURVE('',#3582,#5315);
#5315 = DEFINITIONAL_REPRESENTATION('',(#5316),#5319);
#5316 = B_SPLINE_CURVE_WITH_KNOTS('',1,(#5317,#5318),.UNSPECIFIED.,.F.,
  .F.,(2,2),(6.283175772483,7.121156940597),.PIECEWISE_BEZIER_KNOTS.);
#5317 = CARTESIAN_POINT('',(1.205967958831E-05,3.979573869706));
#5318 = CARTESIAN_POINT('',(1.200566466847E-05,3.141592653571));
#5319 = ( GEOMETRIC_REPRESENTATION_CONTEXT(2) 
PARAMETRIC_REPRESENTATION_CONTEXT() REPRESENTATION_CONTEXT('2D SPACE',''
  ) );
#5320 = ORIENTED_EDGE('',*,*,#4875,.F.);
#5321 = ORIENTED_EDGE('',*,*,#4539,.F.);
#5322 = ADVANCED_FACE('',(#5323),#4084,.F.);
#5323 = FACE_BOUND('',#5324,.F.);
#5324 = EDGE_LOOP('',(#5325,#5326,#5327,#5328,#5349));
#5325 = ORIENTED_EDGE('',*,*,#5234,.F.);
#5326 = ORIENTED_EDGE('',*,*,#5211,.F.);
#5327 = ORIENTED_EDGE('',*,*,#4565,.F.);
#5328 = ORIENTED_EDGE('',*,*,#5329,.F.);
#5329 = EDGE_CURVE('',#4040,#4566,#5330,.T.);
#5330 = SURFACE_CURVE('',#5331,(#5336,#5342),.PCURVE_S1.);
#5331 = CIRCLE('',#5332,1.494846854934);
#5332 = AXIS2_PLACEMENT_3D('',#5333,#5334,#5335);
#5333 = CARTESIAN_POINT('',(-18.46656950343,7.003427278976,
    -3.538169757178E-11));
#5334 = DIRECTION('',(0.354596763832,0.935019323372,1.252788831368E-06)
  );
#5335 = DIRECTION('',(0.625495141442,-0.237211805374,-0.7432942805));
#5336 = PCURVE('',#4084,#5337);
#5337 = DEFINITIONAL_REPRESENTATION('',(#5338),#5341);
#5338 = B_SPLINE_CURVE_WITH_KNOTS('',1,(#5339,#5340),.UNSPECIFIED.,.F.,
  .F.,(2,2),(4.607217322387,6.28319019907),.PIECEWISE_BEZIER_KNOTS.);
#5339 = CARTESIAN_POINT('',(3.342099981841E-06,2.303610033969));
#5340 = CARTESIAN_POINT('',(3.193616461136E-06,3.979575031757));
#5341 = ( GEOMETRIC_REPRESENTATION_CONTEXT(2) 
PARAMETRIC_REPRESENTATION_CONTEXT() REPRESENTATION_CONTEXT('2D SPACE',''
  ) );
#5342 = PCURVE('',#4056,#5343);
#5343 = DEFINITIONAL_REPRESENTATION('',(#5344),#5348);
#5344 = LINE('',#5345,#5346);
#5345 = CARTESIAN_POINT('',(0.241669679059,-2.303611227885));
#5346 = VECTOR('',#5347,1.);
#5347 = DIRECTION('',(-8.859469294763E-08,1.));
#5348 = ( GEOMETRIC_REPRESENTATION_CONTEXT(2) 
PARAMETRIC_REPRESENTATION_CONTEXT() REPRESENTATION_CONTEXT('2D SPACE',''
  ) );
#5349 = ORIENTED_EDGE('',*,*,#4067,.F.);
#5350 = ADVANCED_FACE('',(#5351),#4056,.F.);
#5351 = FACE_BOUND('',#5352,.F.);
#5352 = EDGE_LOOP('',(#5353,#5354,#5375,#5376));
#5353 = ORIENTED_EDGE('',*,*,#4588,.F.);
#5354 = ORIENTED_EDGE('',*,*,#5355,.T.);
#5355 = EDGE_CURVE('',#4589,#4016,#5356,.T.);
#5356 = SURFACE_CURVE('',#5357,(#5362,#5368),.PCURVE_S1.);
#5357 = CIRCLE('',#5358,1.494847116342);
#5358 = AXIS2_PLACEMENT_3D('',#5359,#5360,#5361);
#5359 = CARTESIAN_POINT('',(-16.25393797435,11.21926915293,
    -2.681366209502E-14));
#5360 = DIRECTION('',(-0.568064260908,-0.822984201233,8.27180612553E-25)
  );
#5361 = DIRECTION('',(0.822984201233,-0.568064260908,-1.143442217543E-08
    ));
#5362 = PCURVE('',#4056,#5363);
#5363 = DEFINITIONAL_REPRESENTATION('',(#5364),#5367);
#5364 = B_SPLINE_CURVE_WITH_KNOTS('',1,(#5365,#5366),.UNSPECIFIED.,.F.,
  .F.,(2,2),(5.445204150614,7.121166486628),.PIECEWISE_BEZIER_KNOTS.);
#5365 = CARTESIAN_POINT('',(8.714013755116E-07,3.979573869337));
#5366 = CARTESIAN_POINT('',(8.713997250675E-07,2.303611437856));
#5367 = ( GEOMETRIC_REPRESENTATION_CONTEXT(2) 
PARAMETRIC_REPRESENTATION_CONTEXT() REPRESENTATION_CONTEXT('2D SPACE',''
  ) );
#5368 = PCURVE('',#3404,#5369);
#5369 = DEFINITIONAL_REPRESENTATION('',(#5370),#5374);
#5370 = LINE('',#5371,#5372);
#5371 = CARTESIAN_POINT('',(0.241661563672,9.424777972203));
#5372 = VECTOR('',#5373,1.);
#5373 = DIRECTION('',(-1.656097814327E-17,-1.));
#5374 = ( GEOMETRIC_REPRESENTATION_CONTEXT(2) 
PARAMETRIC_REPRESENTATION_CONTEXT() REPRESENTATION_CONTEXT('2D SPACE',''
  ) );
#5375 = ORIENTED_EDGE('',*,*,#4039,.F.);
#5376 = ORIENTED_EDGE('',*,*,#5329,.T.);
#5377 = ADVANCED_FACE('',(#5378),#3404,.F.);
#5378 = FACE_BOUND('',#5379,.F.);
#5379 = EDGE_LOOP('',(#5380,#5381,#5382,#5383,#5384));
#5380 = ORIENTED_EDGE('',*,*,#4611,.F.);
#5381 = ORIENTED_EDGE('',*,*,#3415,.T.);
#5382 = ORIENTED_EDGE('',*,*,#3385,.T.);
#5383 = ORIENTED_EDGE('',*,*,#4015,.F.);
#5384 = ORIENTED_EDGE('',*,*,#5355,.F.);
#5385 = ADVANCED_FACE('',(#5386),#3582,.F.);
#5386 = FACE_BOUND('',#5387,.F.);
#5387 = EDGE_LOOP('',(#5388,#5411,#5432,#5433,#5434,#5435));
#5388 = ORIENTED_EDGE('',*,*,#5389,.F.);
#5389 = EDGE_CURVE('',#5390,#3566,#5392,.T.);
#5390 = VERTEX_POINT('',#5391);
#5391 = CARTESIAN_POINT('',(-17.0688359126,-6.473419794685,
    3.215831915069E-11));
#5392 = SURFACE_CURVE('',#5393,(#5398,#5405),.PCURVE_S1.);
#5393 = CIRCLE('',#5394,1.494846854925);
#5394 = AXIS2_PLACEMENT_3D('',#5395,#5396,#5397);
#5395 = CARTESIAN_POINT('',(-18.46655591162,-7.003463120061,
    3.396531217964E-11));
#5396 = DIRECTION('',(0.354610732663,-0.935014025713,1.36014928041E-11)
  );
#5397 = DIRECTION('',(0.935014025713,0.354610732663,-1.209197706361E-12)
  );
#5398 = PCURVE('',#3582,#5399);
#5399 = DEFINITIONAL_REPRESENTATION('',(#5400),#5404);
#5400 = LINE('',#5401,#5402);
#5401 = CARTESIAN_POINT('',(0.241691967789,3.14159265359));
#5402 = VECTOR('',#5403,1.);
#5403 = DIRECTION('',(-2.980956703169E-15,-1.));
#5404 = ( GEOMETRIC_REPRESENTATION_CONTEXT(2) 
PARAMETRIC_REPRESENTATION_CONTEXT() REPRESENTATION_CONTEXT('2D SPACE',''
  ) );
#5405 = PCURVE('',#3610,#5406);
#5406 = DEFINITIONAL_REPRESENTATION('',(#5407),#5410);
#5407 = B_SPLINE_CURVE_WITH_KNOTS('',1,(#5408,#5409),.UNSPECIFIED.,.F.,
  .F.,(2,2),(0.,0.837986611063),.PIECEWISE_BEZIER_KNOTS.);
#5408 = CARTESIAN_POINT('',(6.274160514588E-07,3.141592653568));
#5409 = CARTESIAN_POINT('',(7.758575388497E-07,2.30361003412));
#5410 = ( GEOMETRIC_REPRESENTATION_CONTEXT(2) 
PARAMETRIC_REPRESENTATION_CONTEXT() REPRESENTATION_CONTEXT('2D SPACE',''
  ) );
#5411 = ORIENTED_EDGE('',*,*,#5412,.F.);
#5412 = EDGE_CURVE('',#4829,#5390,#5413,.T.);
#5413 = SURFACE_CURVE('',#5414,(#5419,#5426),.PCURVE_S1.);
#5414 = CIRCLE('',#5415,1.494846854925);
#5415 = AXIS2_PLACEMENT_3D('',#5416,#5417,#5418);
#5416 = CARTESIAN_POINT('',(-18.46651864408,-7.003561383851,
    3.396674160767E-11));
#5417 = DIRECTION('',(0.354615708191,-0.935012138693,1.360148105256E-11)
  );
#5418 = DIRECTION('',(0.625494034676,0.237226877478,-0.743290401652));
#5419 = PCURVE('',#3582,#5420);
#5420 = DEFINITIONAL_REPRESENTATION('',(#5421),#5425);
#5421 = LINE('',#5422,#5423);
#5422 = CARTESIAN_POINT('',(0.241697289135,10.262753588194));
#5423 = VECTOR('',#5424,1.);
#5424 = DIRECTION('',(8.61165530721E-16,-1.));
#5425 = ( GEOMETRIC_REPRESENTATION_CONTEXT(2) 
PARAMETRIC_REPRESENTATION_CONTEXT() REPRESENTATION_CONTEXT('2D SPACE',''
  ) );
#5426 = PCURVE('',#3610,#5427);
#5427 = DEFINITIONAL_REPRESENTATION('',(#5428),#5431);
#5428 = B_SPLINE_CURVE_WITH_KNOTS('',1,(#5429,#5430),.UNSPECIFIED.,.F.,
  .F.,(2,2),(6.283174577438,7.121160934606),.PIECEWISE_BEZIER_KNOTS.);
#5429 = CARTESIAN_POINT('',(6.09704244389E-06,3.979575018867));
#5430 = CARTESIAN_POINT('',(5.948595019577E-06,3.141592653568));
#5431 = ( GEOMETRIC_REPRESENTATION_CONTEXT(2) 
PARAMETRIC_REPRESENTATION_CONTEXT() REPRESENTATION_CONTEXT('2D SPACE',''
  ) );
#5432 = ORIENTED_EDGE('',*,*,#4852,.F.);
#5433 = ORIENTED_EDGE('',*,*,#5300,.T.);
#5434 = ORIENTED_EDGE('',*,*,#5277,.T.);
#5435 = ORIENTED_EDGE('',*,*,#3565,.F.);
#5436 = ADVANCED_FACE('',(#5437),#3610,.F.);
#5437 = FACE_BOUND('',#5438,.F.);
#5438 = EDGE_LOOP('',(#5439,#5462,#5483,#5484,#5485,#5486));
#5439 = ORIENTED_EDGE('',*,*,#5440,.F.);
#5440 = EDGE_CURVE('',#5441,#3594,#5443,.T.);
#5441 = VERTEX_POINT('',#5442);
#5442 = CARTESIAN_POINT('',(-12.1054053323,-13.66417829751,
    -1.971591485113E-14));
#5443 = SURFACE_CURVE('',#5444,(#5449,#5456),.PCURVE_S1.);
#5444 = CIRCLE('',#5445,1.494847116342);
#5445 = AXIS2_PLACEMENT_3D('',#5446,#5447,#5448);
#5446 = CARTESIAN_POINT('',(-13.09666322512,-14.78309549342,
    -3.184819885106E-14));
#5447 = DIRECTION('',(0.748511164224,-0.663122188614,0.));
#5448 = DIRECTION('',(0.663122188614,0.748511164224,0.));
#5449 = PCURVE('',#3610,#5450);
#5450 = DEFINITIONAL_REPRESENTATION('',(#5451),#5455);
#5451 = LINE('',#5452,#5453);
#5452 = CARTESIAN_POINT('',(0.483322574121,3.14159265359));
#5453 = VECTOR('',#5454,1.);
#5454 = DIRECTION('',(-8.611708439994E-16,-1.));
#5455 = ( GEOMETRIC_REPRESENTATION_CONTEXT(2) 
PARAMETRIC_REPRESENTATION_CONTEXT() REPRESENTATION_CONTEXT('2D SPACE',''
  ) );
#5456 = PCURVE('',#3639,#5457);
#5457 = DEFINITIONAL_REPRESENTATION('',(#5458),#5461);
#5458 = B_SPLINE_CURVE_WITH_KNOTS('',1,(#5459,#5460),.UNSPECIFIED.,.F.,
  .F.,(2,2),(0.,0.837981186935),.PIECEWISE_BEZIER_KNOTS.);
#5459 = CARTESIAN_POINT('',(3.092640690012E-06,3.14159265359));
#5460 = CARTESIAN_POINT('',(3.147418877617E-06,2.303611370256));
#5461 = ( GEOMETRIC_REPRESENTATION_CONTEXT(2) 
PARAMETRIC_REPRESENTATION_CONTEXT() REPRESENTATION_CONTEXT('2D SPACE',''
  ) );
#5462 = ORIENTED_EDGE('',*,*,#5463,.F.);
#5463 = EDGE_CURVE('',#4806,#5441,#5464,.T.);
#5464 = SURFACE_CURVE('',#5465,(#5470,#5477),.PCURVE_S1.);
#5465 = CIRCLE('',#5466,1.494847116342);
#5466 = AXIS2_PLACEMENT_3D('',#5467,#5468,#5469);
#5467 = CARTESIAN_POINT('',(-13.09668139781,-14.78307939383,
    -3.184819885106E-14));
#5468 = DIRECTION('',(0.748510349055,-0.66312310875,2.775557561563E-17)
  );
#5469 = DIRECTION('',(0.44361069948,0.500732360448,-0.743287730632));
#5470 = PCURVE('',#3610,#5471);
#5471 = DEFINITIONAL_REPRESENTATION('',(#5472),#5476);
#5472 = LINE('',#5473,#5474);
#5473 = CARTESIAN_POINT('',(0.483321344832,10.262749595465));
#5474 = VECTOR('',#5475,1.);
#5475 = DIRECTION('',(-7.08809848515E-15,-1.));
#5476 = ( GEOMETRIC_REPRESENTATION_CONTEXT(2) 
PARAMETRIC_REPRESENTATION_CONTEXT() REPRESENTATION_CONTEXT('2D SPACE',''
  ) );
#5477 = PCURVE('',#3639,#5478);
#5478 = DEFINITIONAL_REPRESENTATION('',(#5479),#5482);
#5479 = B_SPLINE_CURVE_WITH_KNOTS('',1,(#5480,#5481),.UNSPECIFIED.,.F.,
  .F.,(2,2),(6.283175754934,7.121156941875),.PIECEWISE_BEZIER_KNOTS.);
#5480 = CARTESIAN_POINT('',(1.918091844447E-06,3.979573936956));
#5481 = CARTESIAN_POINT('',(1.863312618757E-06,3.14159265359));
#5482 = ( GEOMETRIC_REPRESENTATION_CONTEXT(2) 
PARAMETRIC_REPRESENTATION_CONTEXT() REPRESENTATION_CONTEXT('2D SPACE',''
  ) );
#5483 = ORIENTED_EDGE('',*,*,#4828,.F.);
#5484 = ORIENTED_EDGE('',*,*,#5412,.T.);
#5485 = ORIENTED_EDGE('',*,*,#5389,.T.);
#5486 = ORIENTED_EDGE('',*,*,#3593,.F.);
#5487 = ADVANCED_FACE('',(#5488),#3639,.F.);
#5488 = FACE_BOUND('',#5489,.F.);
#5489 = EDGE_LOOP('',(#5490,#5491,#5492,#5493,#5494));
#5490 = ORIENTED_EDGE('',*,*,#4805,.F.);
#5491 = ORIENTED_EDGE('',*,*,#5463,.T.);
#5492 = ORIENTED_EDGE('',*,*,#5440,.T.);
#5493 = ORIENTED_EDGE('',*,*,#3622,.F.);
#5494 = ORIENTED_EDGE('',*,*,#5495,.F.);
#5495 = EDGE_CURVE('',#4782,#3623,#5496,.T.);
#5496 = SURFACE_CURVE('',#5497,(#5502,#5509),.PCURVE_S1.);
#5497 = CIRCLE('',#5498,1.494846854935);
#5498 = AXIS2_PLACEMENT_3D('',#5499,#5500,#5501);
#5499 = CARTESIAN_POINT('',(-9.178255846355,-17.48776153731,
    -1.841304886341E-12));
#5500 = DIRECTION('',(0.885460245693,-0.46471513134,-1.246488057022E-06)
  );
#5501 = DIRECTION('',(0.31088013835,0.592343693192,0.743291657908));
#5502 = PCURVE('',#3639,#5503);
#5503 = DEFINITIONAL_REPRESENTATION('',(#5504),#5508);
#5504 = LINE('',#5505,#5506);
#5505 = CARTESIAN_POINT('',(0.24167138999,8.586800455441));
#5506 = VECTOR('',#5507,1.);
#5507 = DIRECTION('',(8.815008691898E-08,-1.));
#5508 = ( GEOMETRIC_REPRESENTATION_CONTEXT(2) 
PARAMETRIC_REPRESENTATION_CONTEXT() REPRESENTATION_CONTEXT('2D SPACE',''
  ) );
#5509 = PCURVE('',#3667,#5510);
#5510 = DEFINITIONAL_REPRESENTATION('',(#5511),#5514);
#5511 = B_SPLINE_CURVE_WITH_KNOTS('',1,(#5512,#5513),.UNSPECIFIED.,.F.,
  .F.,(2,2),(4.607221463601,6.28319439483),.PIECEWISE_BEZIER_KNOTS.);
#5512 = CARTESIAN_POINT('',(7.291554221106E-07,3.979575013538));
#5513 = CARTESIAN_POINT('',(8.768881502195E-07,2.303610038923));
#5514 = ( GEOMETRIC_REPRESENTATION_CONTEXT(2) 
PARAMETRIC_REPRESENTATION_CONTEXT() REPRESENTATION_CONTEXT('2D SPACE',''
  ) );
#5515 = ADVANCED_FACE('',(#5516),#3667,.F.);
#5516 = FACE_BOUND('',#5517,.F.);
#5517 = EDGE_LOOP('',(#5518,#5541,#5562,#5563,#5564));
#5518 = ORIENTED_EDGE('',*,*,#5519,.F.);
#5519 = EDGE_CURVE('',#5520,#3651,#5522,.T.);
#5520 = VERTEX_POINT('',#5521);
#5521 = CARTESIAN_POINT('',(-4.368819368855,-17.72467275072,
    -5.262117191004E-14));
#5522 = SURFACE_CURVE('',#5523,(#5528,#5535),.PCURVE_S1.);
#5523 = CIRCLE('',#5524,1.494847116341);
#5524 = AXIS2_PLACEMENT_3D('',#5525,#5526,#5527);
#5525 = CARTESIAN_POINT('',(-4.7264723383,-19.17610385963,
    -5.280414409446E-14));
#5526 = DIRECTION('',(0.970941967576,-0.239315055104,0.));
#5527 = DIRECTION('',(0.239315055104,0.970941967576,0.));
#5528 = PCURVE('',#3667,#5529);
#5529 = DEFINITIONAL_REPRESENTATION('',(#5530),#5534);
#5530 = LINE('',#5531,#5532);
#5531 = CARTESIAN_POINT('',(0.241661497729,3.14159265359));
#5532 = VECTOR('',#5533,1.);
#5533 = DIRECTION('',(-6.624391108848E-17,-1.));
#5534 = ( GEOMETRIC_REPRESENTATION_CONTEXT(2) 
PARAMETRIC_REPRESENTATION_CONTEXT() REPRESENTATION_CONTEXT('2D SPACE',''
  ) );
#5535 = PCURVE('',#3696,#5536);
#5536 = DEFINITIONAL_REPRESENTATION('',(#5537),#5540);
#5537 = B_SPLINE_CURVE_WITH_KNOTS('',1,(#5538,#5539),.UNSPECIFIED.,.F.,
  .F.,(2,2),(0.,0.837981186786),.PIECEWISE_BEZIER_KNOTS.);
#5538 = CARTESIAN_POINT('',(2.018961459286E-05,3.141592653589));
#5539 = CARTESIAN_POINT('',(2.024438531318E-05,2.303611370817));
#5540 = ( GEOMETRIC_REPRESENTATION_CONTEXT(2) 
PARAMETRIC_REPRESENTATION_CONTEXT() REPRESENTATION_CONTEXT('2D SPACE',''
  ) );
#5541 = ORIENTED_EDGE('',*,*,#5542,.F.);
#5542 = EDGE_CURVE('',#4759,#5520,#5543,.T.);
#5543 = SURFACE_CURVE('',#5544,(#5549,#5556),.PCURVE_S1.);
#5544 = CIRCLE('',#5545,1.494847116341);
#5545 = AXIS2_PLACEMENT_3D('',#5546,#5547,#5548);
#5546 = CARTESIAN_POINT('',(-4.726659397685,-19.17605775279,
    -5.280414409446E-14));
#5547 = DIRECTION('',(0.970939633053,-0.239324526465,-1.387778780781E-17
    ));
#5548 = DIRECTION('',(0.160101373808,0.649531293063,-0.743287729911));
#5549 = PCURVE('',#3667,#5550);
#5550 = DEFINITIONAL_REPRESENTATION('',(#5551),#5555);
#5551 = LINE('',#5552,#5553);
#5552 = CARTESIAN_POINT('',(0.241651742901,10.262749594387));
#5553 = VECTOR('',#5554,1.);
#5554 = DIRECTION('',(1.689219732611E-15,-1.));
#5555 = ( GEOMETRIC_REPRESENTATION_CONTEXT(2) 
PARAMETRIC_REPRESENTATION_CONTEXT() REPRESENTATION_CONTEXT('2D SPACE',''
  ) );
#5556 = PCURVE('',#3696,#5557);
#5557 = DEFINITIONAL_REPRESENTATION('',(#5558),#5561);
#5558 = B_SPLINE_CURVE_WITH_KNOTS('',1,(#5559,#5560),.UNSPECIFIED.,.F.,
  .F.,(2,2),(6.28317575394,7.121156940797),.PIECEWISE_BEZIER_KNOTS.);
#5559 = CARTESIAN_POINT('',(1.048925444105E-05,3.979573936618));
#5560 = CARTESIAN_POINT('',(1.043447553212E-05,3.141592653589));
#5561 = ( GEOMETRIC_REPRESENTATION_CONTEXT(2) 
PARAMETRIC_REPRESENTATION_CONTEXT() REPRESENTATION_CONTEXT('2D SPACE',''
  ) );
#5562 = ORIENTED_EDGE('',*,*,#4781,.F.);
#5563 = ORIENTED_EDGE('',*,*,#5495,.T.);
#5564 = ORIENTED_EDGE('',*,*,#3650,.F.);
#5565 = ADVANCED_FACE('',(#5566),#3696,.F.);
#5566 = FACE_BOUND('',#5567,.F.);
#5567 = EDGE_LOOP('',(#5568,#5589,#5590,#5591,#5592));
#5568 = ORIENTED_EDGE('',*,*,#5569,.F.);
#5569 = EDGE_CURVE('',#4735,#3680,#5570,.T.);
#5570 = SURFACE_CURVE('',#5571,(#5576,#5583),.PCURVE_S1.);
#5571 = CIRCLE('',#5572,1.494846854983);
#5572 = AXIS2_PLACEMENT_3D('',#5573,#5574,#5575);
#5573 = CARTESIAN_POINT('',(1.65220433551E-05,-19.74999199965,
    3.202577092409E-12));
#5574 = DIRECTION('',(0.999999999993,3.390636905007E-06,
    -1.262276350152E-06));
#5575 = DIRECTION('',(-1.329960500421E-06,0.668961774762,0.743296807409)
  );
#5576 = PCURVE('',#3696,#5577);
#5577 = DEFINITIONAL_REPRESENTATION('',(#5578),#5582);
#5578 = LINE('',#5579,#5580);
#5579 = CARTESIAN_POINT('',(0.24168827477,8.586792757716));
#5580 = VECTOR('',#5581,1.);
#5581 = DIRECTION('',(8.926660282919E-08,-1.));
#5582 = ( GEOMETRIC_REPRESENTATION_CONTEXT(2) 
PARAMETRIC_REPRESENTATION_CONTEXT() REPRESENTATION_CONTEXT('2D SPACE',''
  ) );
#5583 = PCURVE('',#3724,#5584);
#5584 = DEFINITIONAL_REPRESENTATION('',(#5585),#5588);
#5585 = B_SPLINE_CURVE_WITH_KNOTS('',1,(#5586,#5587),.UNSPECIFIED.,.F.,
  .F.,(2,2),(4.607213560047,6.283186516966),.PIECEWISE_BEZIER_KNOTS.);
#5586 = CARTESIAN_POINT('',(6.312581885718E-07,3.979575219602));
#5587 = CARTESIAN_POINT('',(7.80861987673E-07,2.303610218827));
#5588 = ( GEOMETRIC_REPRESENTATION_CONTEXT(2) 
PARAMETRIC_REPRESENTATION_CONTEXT() REPRESENTATION_CONTEXT('2D SPACE',''
  ) );
#5589 = ORIENTED_EDGE('',*,*,#4758,.F.);
#5590 = ORIENTED_EDGE('',*,*,#5542,.T.);
#5591 = ORIENTED_EDGE('',*,*,#5519,.T.);
#5592 = ORIENTED_EDGE('',*,*,#3679,.F.);
#5593 = ADVANCED_FACE('',(#5594),#3724,.F.);
#5594 = FACE_BOUND('',#5595,.F.);
#5595 = EDGE_LOOP('',(#5596,#5617,#5618,#5619));
#5596 = ORIENTED_EDGE('',*,*,#5597,.F.);
#5597 = EDGE_CURVE('',#4712,#3708,#5598,.T.);
#5598 = SURFACE_CURVE('',#5599,(#5604,#5611),.PCURVE_S1.);
#5599 = CIRCLE('',#5600,1.494847116342);
#5600 = AXIS2_PLACEMENT_3D('',#5601,#5602,#5603);
#5601 = CARTESIAN_POINT('',(9.178292724678,-17.48775121793,
    -4.212866782093E-14));
#5602 = DIRECTION('',(0.88545575787,0.464723682262,2.775557561563E-17));
#5603 = DIRECTION('',(-0.310887066065,0.592344985206,-0.743287730731));
#5604 = PCURVE('',#3724,#5605);
#5605 = DEFINITIONAL_REPRESENTATION('',(#5606),#5610);
#5606 = LINE('',#5607,#5608);
#5607 = CARTESIAN_POINT('',(0.483322528644,10.262749595614));
#5608 = VECTOR('',#5609,1.);
#5609 = DIRECTION('',(0.,-1.));
#5610 = ( GEOMETRIC_REPRESENTATION_CONTEXT(2) 
PARAMETRIC_REPRESENTATION_CONTEXT() REPRESENTATION_CONTEXT('2D SPACE',''
  ) );
#5611 = PCURVE('',#3753,#5612);
#5612 = DEFINITIONAL_REPRESENTATION('',(#5613),#5616);
#5613 = B_SPLINE_CURVE_WITH_KNOTS('',1,(#5614,#5615),.UNSPECIFIED.,.F.,
  .F.,(2,2),(6.283175754527,7.959138129399),.PIECEWISE_BEZIER_KNOTS.);
#5614 = CARTESIAN_POINT('',(9.443220146095E-07,3.979573938003));
#5615 = CARTESIAN_POINT('',(9.443220146635E-07,2.303611369296));
#5616 = ( GEOMETRIC_REPRESENTATION_CONTEXT(2) 
PARAMETRIC_REPRESENTATION_CONTEXT() REPRESENTATION_CONTEXT('2D SPACE',''
  ) );
#5617 = ORIENTED_EDGE('',*,*,#4734,.T.);
#5618 = ORIENTED_EDGE('',*,*,#5569,.T.);
#5619 = ORIENTED_EDGE('',*,*,#3707,.F.);
#5620 = ADVANCED_FACE('',(#5621),#3753,.F.);
#5621 = FACE_BOUND('',#5622,.F.);
#5622 = EDGE_LOOP('',(#5623,#5624,#5625,#5626,#5649));
#5623 = ORIENTED_EDGE('',*,*,#4711,.F.);
#5624 = ORIENTED_EDGE('',*,*,#5597,.T.);
#5625 = ORIENTED_EDGE('',*,*,#3736,.F.);
#5626 = ORIENTED_EDGE('',*,*,#5627,.F.);
#5627 = EDGE_CURVE('',#5628,#3737,#5630,.T.);
#5628 = VERTEX_POINT('',#5629);
#5629 = CARTESIAN_POINT('',(12.105441532906,-13.66413588665,
    -2.175457440679E-14));
#5630 = SURFACE_CURVE('',#5631,(#5636,#5643),.PCURVE_S1.);
#5631 = CIRCLE('',#5632,1.494846854874);
#5632 = AXIS2_PLACEMENT_3D('',#5633,#5634,#5635);
#5633 = CARTESIAN_POINT('',(13.09668273221,-14.78306752287,0.));
#5634 = DIRECTION('',(0.748506620777,0.663127317077,-7.88860905221E-31)
  );
#5635 = DIRECTION('',(-0.663127317077,0.748506620777,-1.212237764087E-14
    ));
#5636 = PCURVE('',#3753,#5637);
#5637 = DEFINITIONAL_REPRESENTATION('',(#5638),#5642);
#5638 = LINE('',#5639,#5640);
#5639 = CARTESIAN_POINT('',(0.241669586058,3.14159265359));
#5640 = VECTOR('',#5641,1.);
#5641 = DIRECTION('',(-2.782226316739E-15,-1.));
#5642 = ( GEOMETRIC_REPRESENTATION_CONTEXT(2) 
PARAMETRIC_REPRESENTATION_CONTEXT() REPRESENTATION_CONTEXT('2D SPACE',''
  ) );
#5643 = PCURVE('',#3781,#5644);
#5644 = DEFINITIONAL_REPRESENTATION('',(#5645),#5648);
#5645 = B_SPLINE_CURVE_WITH_KNOTS('',1,(#5646,#5647),.UNSPECIFIED.,.F.,
  .F.,(2,2),(0.,0.837986592853),.PIECEWISE_BEZIER_KNOTS.);
#5646 = CARTESIAN_POINT('',(6.27416055363E-07,3.14159265359));
#5647 = CARTESIAN_POINT('',(7.751261788174E-07,2.303610038966));
#5648 = ( GEOMETRIC_REPRESENTATION_CONTEXT(2) 
PARAMETRIC_REPRESENTATION_CONTEXT() REPRESENTATION_CONTEXT('2D SPACE',''
  ) );
#5649 = ORIENTED_EDGE('',*,*,#5650,.F.);
#5650 = EDGE_CURVE('',#4688,#5628,#5651,.T.);
#5651 = SURFACE_CURVE('',#5652,(#5657,#5664),.PCURVE_S1.);
#5652 = CIRCLE('',#5653,1.494846854874);
#5653 = AXIS2_PLACEMENT_3D('',#5654,#5655,#5656);
#5654 = CARTESIAN_POINT('',(13.09675323893,-14.78300505829,0.));
#5655 = DIRECTION('',(0.74850345792,0.663130887142,0.));
#5656 = DIRECTION('',(-0.443613941646,0.500725536604,-0.743290392626));
#5657 = PCURVE('',#3753,#5658);
#5658 = DEFINITIONAL_REPRESENTATION('',(#5659),#5663);
#5659 = LINE('',#5660,#5661);
#5660 = CARTESIAN_POINT('',(0.241674355652,10.262753574709));
#5661 = VECTOR('',#5662,1.);
#5662 = DIRECTION('',(4.438314757355E-15,-1.));
#5663 = ( GEOMETRIC_REPRESENTATION_CONTEXT(2) 
PARAMETRIC_REPRESENTATION_CONTEXT() REPRESENTATION_CONTEXT('2D SPACE',''
  ) );
#5664 = PCURVE('',#3781,#5665);
#5665 = DEFINITIONAL_REPRESENTATION('',(#5666),#5669);
#5666 = B_SPLINE_CURVE_WITH_KNOTS('',1,(#5667,#5668),.UNSPECIFIED.,.F.,
  .F.,(2,2),(6.283174582649,7.121160921115),.PIECEWISE_BEZIER_KNOTS.);
#5667 = CARTESIAN_POINT('',(5.544574632511E-06,3.979575013589));
#5668 = CARTESIAN_POINT('',(5.396860642751E-06,3.14159265359));
#5669 = ( GEOMETRIC_REPRESENTATION_CONTEXT(2) 
PARAMETRIC_REPRESENTATION_CONTEXT() REPRESENTATION_CONTEXT('2D SPACE',''
  ) );
#5670 = ADVANCED_FACE('',(#5671),#3781,.F.);
#5671 = FACE_BOUND('',#5672,.F.);
#5672 = EDGE_LOOP('',(#5673,#5674,#5675,#5676,#5677));
#5673 = ORIENTED_EDGE('',*,*,#4687,.F.);
#5674 = ORIENTED_EDGE('',*,*,#5650,.T.);
#5675 = ORIENTED_EDGE('',*,*,#5627,.T.);
#5676 = ORIENTED_EDGE('',*,*,#3764,.F.);
#5677 = ORIENTED_EDGE('',*,*,#5678,.F.);
#5678 = EDGE_CURVE('',#4665,#3765,#5679,.T.);
#5679 = SURFACE_CURVE('',#5680,(#5685,#5692),.PCURVE_S1.);
#5680 = CIRCLE('',#5681,1.494847116341);
#5681 = AXIS2_PLACEMENT_3D('',#5682,#5683,#5684);
#5682 = CARTESIAN_POINT('',(16.25393797435,-11.21926915294,
    -2.059747672687E-14));
#5683 = DIRECTION('',(0.568064260908,0.822984201233,2.775557561563E-17)
  );
#5684 = DIRECTION('',(-0.550553271768,0.380019005163,-0.743287730735));
#5685 = PCURVE('',#3781,#5686);
#5686 = DEFINITIONAL_REPRESENTATION('',(#5687),#5691);
#5687 = LINE('',#5688,#5689);
#5688 = CARTESIAN_POINT('',(0.241661563672,10.26274959562));
#5689 = VECTOR('',#5690,1.);
#5690 = DIRECTION('',(3.312195702998E-17,-1.));
#5691 = ( GEOMETRIC_REPRESENTATION_CONTEXT(2) 
PARAMETRIC_REPRESENTATION_CONTEXT() REPRESENTATION_CONTEXT('2D SPACE',''
  ) );
#5692 = PCURVE('',#3810,#5693);
#5693 = DEFINITIONAL_REPRESENTATION('',(#5694),#5697);
#5694 = B_SPLINE_CURVE_WITH_KNOTS('',1,(#5695,#5696),.UNSPECIFIED.,.F.,
  .F.,(2,2),(6.283175792937,7.959138091327),.PIECEWISE_BEZIER_KNOTS.);
#5695 = CARTESIAN_POINT('',(8.706562353889E-07,3.979573801793));
#5696 = CARTESIAN_POINT('',(8.706562361746E-07,2.303611505181));
#5697 = ( GEOMETRIC_REPRESENTATION_CONTEXT(2) 
PARAMETRIC_REPRESENTATION_CONTEXT() REPRESENTATION_CONTEXT('2D SPACE',''
  ) );
#5698 = ADVANCED_FACE('',(#5699),#3810,.F.);
#5699 = FACE_BOUND('',#5700,.F.);
#5700 = EDGE_LOOP('',(#5701,#5722,#5723,#5724));
#5701 = ORIENTED_EDGE('',*,*,#5702,.F.);
#5702 = EDGE_CURVE('',#4642,#3794,#5703,.T.);
#5703 = SURFACE_CURVE('',#5704,(#5709,#5716),.PCURVE_S1.);
#5704 = CIRCLE('',#5705,1.494846854918);
#5705 = AXIS2_PLACEMENT_3D('',#5706,#5707,#5708);
#5706 = CARTESIAN_POINT('',(18.466571803858,-7.003421134617,
    -2.532904441743E-11));
#5707 = DIRECTION('',(0.354592651483,0.935020882924,-3.199200666937E-06)
  );
#5708 = DIRECTION('',(-0.625497760433,0.237213191019,0.743291634354));
#5709 = PCURVE('',#3810,#5710);
#5710 = DEFINITIONAL_REPRESENTATION('',(#5711),#5715);
#5711 = LINE('',#5712,#5713);
#5712 = CARTESIAN_POINT('',(0.241668079583,8.586800490647));
#5713 = VECTOR('',#5714,1.);
#5714 = DIRECTION('',(2.262434934932E-07,-1.));
#5715 = ( GEOMETRIC_REPRESENTATION_CONTEXT(2) 
PARAMETRIC_REPRESENTATION_CONTEXT() REPRESENTATION_CONTEXT('2D SPACE',''
  ) );
#5716 = PCURVE('',#3838,#5717);
#5717 = DEFINITIONAL_REPRESENTATION('',(#5718),#5721);
#5718 = B_SPLINE_CURVE_WITH_KNOTS('',1,(#5719,#5720),.UNSPECIFIED.,.F.,
  .F.,(2,2),(4.607221514854,6.283194396214),.PIECEWISE_BEZIER_KNOTS.);
#5719 = CARTESIAN_POINT('',(3.192919429415E-06,3.979574971483));
#5720 = CARTESIAN_POINT('',(3.572097649209E-06,2.303610098811));
#5721 = ( GEOMETRIC_REPRESENTATION_CONTEXT(2) 
PARAMETRIC_REPRESENTATION_CONTEXT() REPRESENTATION_CONTEXT('2D SPACE',''
  ) );
#5722 = ORIENTED_EDGE('',*,*,#4664,.F.);
#5723 = ORIENTED_EDGE('',*,*,#5678,.T.);
#5724 = ORIENTED_EDGE('',*,*,#3793,.F.);
#5725 = ADVANCED_FACE('',(#5726),#3838,.F.);
#5726 = FACE_BOUND('',#5727,.F.);
#5727 = EDGE_LOOP('',(#5728,#5729,#5730,#5731,#5732));
#5728 = ORIENTED_EDGE('',*,*,#4216,.F.);
#5729 = ORIENTED_EDGE('',*,*,#4193,.F.);
#5730 = ORIENTED_EDGE('',*,*,#4641,.F.);
#5731 = ORIENTED_EDGE('',*,*,#5702,.T.);
#5732 = ORIENTED_EDGE('',*,*,#3821,.F.);
#5733 = ( GEOMETRIC_REPRESENTATION_CONTEXT(3) 
GLOBAL_UNCERTAINTY_ASSIGNED_CONTEXT((#5737)) 
GLOBAL_UNIT_ASSIGNED_CONTEXT((#5734,#5735,#5736)) REPRESENTATION_CONTEXT
('Context #1','3D Context with UNIT and UNCERTAINTY') );
#5734 = ( LENGTH_UNIT() NAMED_UNIT(*) SI_UNIT(.MILLI.,.METRE.) );
#5735 = ( NAMED_UNIT(*) PLANE_ANGLE_UNIT() SI_UNIT($,.RADIAN.) );
#5736 = ( NAMED_UNIT(*) SI_UNIT($,.STERADIAN.) SOLID_ANGLE_UNIT() );
#5737 = UNCERTAINTY_MEASURE_WITH_UNIT(LENGTH_MEASURE(2.E-05),#5734,
  'distance_accuracy_value','confusion accuracy');
#5738 = CONTEXT_DEPENDENT_SHAPE_REPRESENTATION(#5739,#5741);
#5739 = ( REPRESENTATION_RELATIONSHIP('','',#3256,#10) 
REPRESENTATION_RELATIONSHIP_WITH_TRANSFORMATION(#5740) 
SHAPE_REPRESENTATION_RELATIONSHIP() );
#5740 = ITEM_DEFINED_TRANSFORMATION('','',#11,#115);
#5741 = PRODUCT_DEFINITION_SHAPE('Placement','Placement of an item',
  #5742);
#5742 = NEXT_ASSEMBLY_USAGE_OCCURRENCE('26','','',#5,#3251,$);
#5743 = PRODUCT_RELATED_PRODUCT_CATEGORY('part',$,(#3253));
#5744 = SHAPE_DEFINITION_REPRESENTATION(#5745,#5751);
#5745 = PRODUCT_DEFINITION_SHAPE('','',#5746);
#5746 = PRODUCT_DEFINITION('design','',#5747,#5750);
#5747 = PRODUCT_DEFINITION_FORMATION('','',#5748);
#5748 = PRODUCT('bearing-6707zz 1.27','bearing-6707zz 1.27','',(#5749));
#5749 = PRODUCT_CONTEXT('',#2,'mechanical');
#5750 = PRODUCT_DEFINITION_CONTEXT('part definition',#2,'design');
#5751 = ADVANCED_BREP_SHAPE_REPRESENTATION('',(#11,#5752),#5764);
#5752 = MANIFOLD_SOLID_BREP('',#5753);
#5753 = CLOSED_SHELL('',(#5754));
#5754 = ADVANCED_FACE('',(#5755),#5759,.T.);
#5755 = FACE_BOUND('',#5756,.T.);
#5756 = VERTEX_LOOP('',#5757);
#5757 = VERTEX_POINT('',#5758);
#5758 = CARTESIAN_POINT('',(-16.2539313514,-11.21927874794,
    1.494847116342));
#5759 = SPHERICAL_SURFACE('',#5760,1.494847116342);
#5760 = AXIS2_PLACEMENT_3D('',#5761,#5762,#5763);
#5761 = CARTESIAN_POINT('',(-16.2539313514,-11.21927874794,0.));
#5762 = DIRECTION('',(0.,0.,-1.));
#5763 = DIRECTION('',(-0.822983865894,-0.568064746731,-0.));
#5764 = ( GEOMETRIC_REPRESENTATION_CONTEXT(3) 
GLOBAL_UNCERTAINTY_ASSIGNED_CONTEXT((#5768)) 
GLOBAL_UNIT_ASSIGNED_CONTEXT((#5765,#5766,#5767)) REPRESENTATION_CONTEXT
('Context #1','3D Context with UNIT and UNCERTAINTY') );
#5765 = ( LENGTH_UNIT() NAMED_UNIT(*) SI_UNIT(.MILLI.,.METRE.) );
#5766 = ( NAMED_UNIT(*) PLANE_ANGLE_UNIT() SI_UNIT($,.RADIAN.) );
#5767 = ( NAMED_UNIT(*) SI_UNIT($,.STERADIAN.) SOLID_ANGLE_UNIT() );
#5768 = UNCERTAINTY_MEASURE_WITH_UNIT(LENGTH_MEASURE(1.E-07),#5765,
  'distance_accuracy_value','confusion accuracy');
#5769 = CONTEXT_DEPENDENT_SHAPE_REPRESENTATION(#5770,#5772);
#5770 = ( REPRESENTATION_RELATIONSHIP('','',#5751,#10) 
REPRESENTATION_RELATIONSHIP_WITH_TRANSFORMATION(#5771) 
SHAPE_REPRESENTATION_RELATIONSHIP() );
#5771 = ITEM_DEFINED_TRANSFORMATION('','',#11,#119);
#5772 = PRODUCT_DEFINITION_SHAPE('Placement','Placement of an item',
  #5773);
#5773 = NEXT_ASSEMBLY_USAGE_OCCURRENCE('27','','',#5,#5746,$);
#5774 = PRODUCT_RELATED_PRODUCT_CATEGORY('part',$,(#5748));
#5775 = SHAPE_DEFINITION_REPRESENTATION(#5776,#5782);
#5776 = PRODUCT_DEFINITION_SHAPE('','',#5777);
#5777 = PRODUCT_DEFINITION('design','',#5778,#5781);
#5778 = PRODUCT_DEFINITION_FORMATION('','',#5779);
#5779 = PRODUCT('bearing-6707zz 1.28','bearing-6707zz 1.28','',(#5780));
#5780 = PRODUCT_CONTEXT('',#2,'mechanical');
#5781 = PRODUCT_DEFINITION_CONTEXT('part definition',#2,'design');
#5782 = ADVANCED_BREP_SHAPE_REPRESENTATION('',(#11,#5783),#5795);
#5783 = MANIFOLD_SOLID_BREP('',#5784);
#5784 = CLOSED_SHELL('',(#5785));
#5785 = ADVANCED_FACE('',(#5786),#5790,.T.);
#5786 = FACE_BOUND('',#5787,.T.);
#5787 = VERTEX_LOOP('',#5788);
#5788 = VERTEX_POINT('',#5789);
#5789 = CARTESIAN_POINT('',(16.2539313514,11.21927874794,1.494847116342)
  );
#5790 = SPHERICAL_SURFACE('',#5791,1.494847116342);
#5791 = AXIS2_PLACEMENT_3D('',#5792,#5793,#5794);
#5792 = CARTESIAN_POINT('',(16.2539313514,11.21927874794,0.));
#5793 = DIRECTION('',(0.,0.,-1.));
#5794 = DIRECTION('',(0.822983865894,0.568064746731,0.));
#5795 = ( GEOMETRIC_REPRESENTATION_CONTEXT(3) 
GLOBAL_UNCERTAINTY_ASSIGNED_CONTEXT((#5799)) 
GLOBAL_UNIT_ASSIGNED_CONTEXT((#5796,#5797,#5798)) REPRESENTATION_CONTEXT
('Context #1','3D Context with UNIT and UNCERTAINTY') );
#5796 = ( LENGTH_UNIT() NAMED_UNIT(*) SI_UNIT(.MILLI.,.METRE.) );
#5797 = ( NAMED_UNIT(*) PLANE_ANGLE_UNIT() SI_UNIT($,.RADIAN.) );
#5798 = ( NAMED_UNIT(*) SI_UNIT($,.STERADIAN.) SOLID_ANGLE_UNIT() );
#5799 = UNCERTAINTY_MEASURE_WITH_UNIT(LENGTH_MEASURE(1.E-07),#5796,
  'distance_accuracy_value','confusion accuracy');
#5800 = CONTEXT_DEPENDENT_SHAPE_REPRESENTATION(#5801,#5803);
#5801 = ( REPRESENTATION_RELATIONSHIP('','',#5782,#10) 
REPRESENTATION_RELATIONSHIP_WITH_TRANSFORMATION(#5802) 
SHAPE_REPRESENTATION_RELATIONSHIP() );
#5802 = ITEM_DEFINED_TRANSFORMATION('','',#11,#123);
#5803 = PRODUCT_DEFINITION_SHAPE('Placement','Placement of an item',
  #5804);
#5804 = NEXT_ASSEMBLY_USAGE_OCCURRENCE('28','','',#5,#5777,$);
#5805 = PRODUCT_RELATED_PRODUCT_CATEGORY('part',$,(#5779));
ENDSEC;
END-ISO-10303-21;
