ISO-10303-21;
HEADER;
FILE_DESCRIPTION(('Open CASCADE Model'),'2;1');
FILE_NAME('Open CASCADE Shape Model','2026-09-25T02:24:32',('Author'),(
    'Open CASCADE'),'Open CASCADE STEP processor 7.9','Open CASCADE 7.9'
  ,'Unknown');
FILE_SCHEMA(('AUTOMOTIVE_DESIGN { 1 0 10303 214 1 1 1 1 }'));
ENDSEC;
DATA;
#1 = APPLICATION_PROTOCOL_DEFINITION('international standard',
  'automotive_design',2000,#2);
#2 = APPLICATION_CONTEXT(
  'core data for automotive mechanical design processes');
#3 = SHAPE_DEFINITION_REPRESENTATION(#4,#10);
#4 = PRODUCT_DEFINITION_SHAPE('','',#5);
#5 = PRODUCT_DEFINITION('design','',#6,#9);
#6 = PRODUCT_DEFINITION_FORMATION('','',#7);
#7 = PRODUCT('bearing-6803zz 2','bearing-6803zz 2','',(#8));
#8 = PRODUCT_CONTEXT('',#2,'mechanical');
#9 = PRODUCT_DEFINITION_CONTEXT('part definition',#2,'design');
#10 = ADVANCED_BREP_SHAPE_REPRESENTATION('',(#11,#15),#4903);
#11 = AXIS2_PLACEMENT_3D('',#12,#13,#14);
#12 = CARTESIAN_POINT('',(0.,0.,0.));
#13 = DIRECTION('',(0.,0.,1.));
#14 = DIRECTION('',(1.,0.,-0.));
#15 = BREP_WITH_VOIDS('',#16,(#559));
#16 = CLOSED_SHELL('',(#17,#153,#210,#249,#308,#347,#406,#441,#496,#530)
  );
#17 = ADVANCED_FACE('',(#18),#33,.F.);
#18 = FACE_BOUND('',#19,.F.);
#19 = EDGE_LOOP('',(#20,#56,#79,#108,#130,#131));
#20 = ORIENTED_EDGE('',*,*,#21,.F.);
#21 = EDGE_CURVE('',#22,#24,#26,.T.);
#22 = VERTEX_POINT('',#23);
#23 = CARTESIAN_POINT('',(0.3,-1.040949779275E-15,8.5));
#24 = VERTEX_POINT('',#25);
#25 = CARTESIAN_POINT('',(0.3,1.040949779275E-15,-8.5));
#26 = SURFACE_CURVE('',#27,(#32,#44),.PCURVE_S1.);
#27 = CIRCLE('',#28,8.5);
#28 = AXIS2_PLACEMENT_3D('',#29,#30,#31);
#29 = CARTESIAN_POINT('',(0.3,0.,0.));
#30 = DIRECTION('',(-1.,0.,0.));
#31 = DIRECTION('',(0.,0.,-1.));
#32 = PCURVE('',#33,#38);
#33 = CYLINDRICAL_SURFACE('',#34,8.5);
#34 = AXIS2_PLACEMENT_3D('',#35,#36,#37);
#35 = CARTESIAN_POINT('',(2.5,0.,0.));
#36 = DIRECTION('',(1.,0.,0.));
#37 = DIRECTION('',(0.,0.,-1.));
#38 = DEFINITIONAL_REPRESENTATION('',(#39),#43);
#39 = LINE('',#40,#41);
#40 = CARTESIAN_POINT('',(6.28318530718,-2.2));
#41 = VECTOR('',#42,1.);
#42 = DIRECTION('',(-1.,0.));
#43 = ( GEOMETRIC_REPRESENTATION_CONTEXT(2) 
PARAMETRIC_REPRESENTATION_CONTEXT() REPRESENTATION_CONTEXT('2D SPACE',''
  ) );
#44 = PCURVE('',#45,#50);
#45 = TOROIDAL_SURFACE('',#46,8.8,0.3);
#46 = AXIS2_PLACEMENT_3D('',#47,#48,#49);
#47 = CARTESIAN_POINT('',(0.3,0.,0.));
#48 = DIRECTION('',(1.,0.,0.));
#49 = DIRECTION('',(0.,0.,1.));
#50 = DEFINITIONAL_REPRESENTATION('',(#51),#55);
#51 = LINE('',#52,#53);
#52 = CARTESIAN_POINT('',(3.14159265359,3.14159265359));
#53 = VECTOR('',#54,1.);
#54 = DIRECTION('',(-1.,-3.251233674385E-15));
#55 = ( GEOMETRIC_REPRESENTATION_CONTEXT(2) 
PARAMETRIC_REPRESENTATION_CONTEXT() REPRESENTATION_CONTEXT('2D SPACE',''
  ) );
#56 = ORIENTED_EDGE('',*,*,#57,.T.);
#57 = EDGE_CURVE('',#22,#58,#60,.T.);
#58 = VERTEX_POINT('',#59);
#59 = CARTESIAN_POINT('',(4.7,-1.040949779275E-15,8.5));
#60 = SEAM_CURVE('',#61,(#65,#72),.PCURVE_S1.);
#61 = LINE('',#62,#63);
#62 = CARTESIAN_POINT('',(2.5,-1.040949779275E-15,8.5));
#63 = VECTOR('',#64,1.);
#64 = DIRECTION('',(1.,0.,0.));
#65 = PCURVE('',#33,#66);
#66 = DEFINITIONAL_REPRESENTATION('',(#67),#71);
#67 = LINE('',#68,#69);
#68 = CARTESIAN_POINT('',(3.14159265359,0.));
#69 = VECTOR('',#70,1.);
#70 = DIRECTION('',(0.,1.));
#71 = ( GEOMETRIC_REPRESENTATION_CONTEXT(2) 
PARAMETRIC_REPRESENTATION_CONTEXT() REPRESENTATION_CONTEXT('2D SPACE',''
  ) );
#72 = PCURVE('',#33,#73);
#73 = DEFINITIONAL_REPRESENTATION('',(#74),#78);
#74 = LINE('',#75,#76);
#75 = CARTESIAN_POINT('',(-3.14159265359,0.));
#76 = VECTOR('',#77,1.);
#77 = DIRECTION('',(0.,1.));
#78 = ( GEOMETRIC_REPRESENTATION_CONTEXT(2) 
PARAMETRIC_REPRESENTATION_CONTEXT() REPRESENTATION_CONTEXT('2D SPACE',''
  ) );
#79 = ORIENTED_EDGE('',*,*,#80,.F.);
#80 = EDGE_CURVE('',#81,#58,#83,.T.);
#81 = VERTEX_POINT('',#82);
#82 = CARTESIAN_POINT('',(4.7,1.040949779275E-15,-8.5));
#83 = SURFACE_CURVE('',#84,(#89,#96),.PCURVE_S1.);
#84 = CIRCLE('',#85,8.5);
#85 = AXIS2_PLACEMENT_3D('',#86,#87,#88);
#86 = CARTESIAN_POINT('',(4.7,0.,0.));
#87 = DIRECTION('',(1.,0.,0.));
#88 = DIRECTION('',(0.,0.,-1.));
#89 = PCURVE('',#33,#90);
#90 = DEFINITIONAL_REPRESENTATION('',(#91),#95);
#91 = LINE('',#92,#93);
#92 = CARTESIAN_POINT('',(0.,2.2));
#93 = VECTOR('',#94,1.);
#94 = DIRECTION('',(1.,0.));
#95 = ( GEOMETRIC_REPRESENTATION_CONTEXT(2) 
PARAMETRIC_REPRESENTATION_CONTEXT() REPRESENTATION_CONTEXT('2D SPACE',''
  ) );
#96 = PCURVE('',#97,#102);
#97 = TOROIDAL_SURFACE('',#98,8.8,0.3);
#98 = AXIS2_PLACEMENT_3D('',#99,#100,#101);
#99 = CARTESIAN_POINT('',(4.7,0.,0.));
#100 = DIRECTION('',(1.,0.,0.));
#101 = DIRECTION('',(0.,0.,1.));
#102 = DEFINITIONAL_REPRESENTATION('',(#103),#107);
#103 = LINE('',#104,#105);
#104 = CARTESIAN_POINT('',(3.14159265359,3.14159265359));
#105 = VECTOR('',#106,1.);
#106 = DIRECTION('',(1.,0.));
#107 = ( GEOMETRIC_REPRESENTATION_CONTEXT(2) 
PARAMETRIC_REPRESENTATION_CONTEXT() REPRESENTATION_CONTEXT('2D SPACE',''
  ) );
#108 = ORIENTED_EDGE('',*,*,#109,.F.);
#109 = EDGE_CURVE('',#58,#81,#110,.T.);
#110 = SURFACE_CURVE('',#111,(#116,#123),.PCURVE_S1.);
#111 = CIRCLE('',#112,8.5);
#112 = AXIS2_PLACEMENT_3D('',#113,#114,#115);
#113 = CARTESIAN_POINT('',(4.7,0.,0.));
#114 = DIRECTION('',(1.,0.,0.));
#115 = DIRECTION('',(0.,0.,-1.));
#116 = PCURVE('',#33,#117);
#117 = DEFINITIONAL_REPRESENTATION('',(#118),#122);
#118 = LINE('',#119,#120);
#119 = CARTESIAN_POINT('',(-6.28318530718,2.2));
#120 = VECTOR('',#121,1.);
#121 = DIRECTION('',(1.,0.));
#122 = ( GEOMETRIC_REPRESENTATION_CONTEXT(2) 
PARAMETRIC_REPRESENTATION_CONTEXT() REPRESENTATION_CONTEXT('2D SPACE',''
  ) );
#123 = PCURVE('',#97,#124);
#124 = DEFINITIONAL_REPRESENTATION('',(#125),#129);
#125 = LINE('',#126,#127);
#126 = CARTESIAN_POINT('',(3.14159265359,3.14159265359));
#127 = VECTOR('',#128,1.);
#128 = DIRECTION('',(1.,0.));
#129 = ( GEOMETRIC_REPRESENTATION_CONTEXT(2) 
PARAMETRIC_REPRESENTATION_CONTEXT() REPRESENTATION_CONTEXT('2D SPACE',''
  ) );
#130 = ORIENTED_EDGE('',*,*,#57,.F.);
#131 = ORIENTED_EDGE('',*,*,#132,.F.);
#132 = EDGE_CURVE('',#24,#22,#133,.T.);
#133 = SURFACE_CURVE('',#134,(#139,#146),.PCURVE_S1.);
#134 = CIRCLE('',#135,8.5);
#135 = AXIS2_PLACEMENT_3D('',#136,#137,#138);
#136 = CARTESIAN_POINT('',(0.3,0.,0.));
#137 = DIRECTION('',(-1.,0.,0.));
#138 = DIRECTION('',(0.,0.,-1.));
#139 = PCURVE('',#33,#140);
#140 = DEFINITIONAL_REPRESENTATION('',(#141),#145);
#141 = LINE('',#142,#143);
#142 = CARTESIAN_POINT('',(0.,-2.2));
#143 = VECTOR('',#144,1.);
#144 = DIRECTION('',(-1.,0.));
#145 = ( GEOMETRIC_REPRESENTATION_CONTEXT(2) 
PARAMETRIC_REPRESENTATION_CONTEXT() REPRESENTATION_CONTEXT('2D SPACE',''
  ) );
#146 = PCURVE('',#45,#147);
#147 = DEFINITIONAL_REPRESENTATION('',(#148),#152);
#148 = LINE('',#149,#150);
#149 = CARTESIAN_POINT('',(3.14159265359,3.14159265359));
#150 = VECTOR('',#151,1.);
#151 = DIRECTION('',(-1.,1.130863886743E-15));
#152 = ( GEOMETRIC_REPRESENTATION_CONTEXT(2) 
PARAMETRIC_REPRESENTATION_CONTEXT() REPRESENTATION_CONTEXT('2D SPACE',''
  ) );
#153 = ADVANCED_FACE('',(#154),#97,.T.);
#154 = FACE_BOUND('',#155,.T.);
#155 = EDGE_LOOP('',(#156,#157,#181,#208,#209));
#156 = ORIENTED_EDGE('',*,*,#80,.F.);
#157 = ORIENTED_EDGE('',*,*,#158,.T.);
#158 = EDGE_CURVE('',#81,#159,#161,.T.);
#159 = VERTEX_POINT('',#160);
#160 = CARTESIAN_POINT('',(4.999999997328,0.,-8.799959960381));
#161 = SEAM_CURVE('',#162,(#167,#174),.PCURVE_S1.);
#162 = CIRCLE('',#163,0.3);
#163 = AXIS2_PLACEMENT_3D('',#164,#165,#166);
#164 = CARTESIAN_POINT('',(4.7,1.07768918325E-15,-8.8));
#165 = DIRECTION('',(0.,1.,1.224646799147E-16));
#166 = DIRECTION('',(0.,1.224646799147E-16,-1.));
#167 = PCURVE('',#97,#168);
#168 = DEFINITIONAL_REPRESENTATION('',(#169),#173);
#169 = LINE('',#170,#171);
#170 = CARTESIAN_POINT('',(3.14159265359,6.28318530718));
#171 = VECTOR('',#172,1.);
#172 = DIRECTION('',(0.,-1.));
#173 = ( GEOMETRIC_REPRESENTATION_CONTEXT(2) 
PARAMETRIC_REPRESENTATION_CONTEXT() REPRESENTATION_CONTEXT('2D SPACE',''
  ) );
#174 = PCURVE('',#97,#175);
#175 = DEFINITIONAL_REPRESENTATION('',(#176),#180);
#176 = LINE('',#177,#178);
#177 = CARTESIAN_POINT('',(9.424777960769,6.28318530718));
#178 = VECTOR('',#179,1.);
#179 = DIRECTION('',(0.,-1.));
#180 = ( GEOMETRIC_REPRESENTATION_CONTEXT(2) 
PARAMETRIC_REPRESENTATION_CONTEXT() REPRESENTATION_CONTEXT('2D SPACE',''
  ) );
#181 = ORIENTED_EDGE('',*,*,#182,.T.);
#182 = EDGE_CURVE('',#159,#159,#183,.T.);
#183 = SURFACE_CURVE('',#184,(#189,#196),.PCURVE_S1.);
#184 = CIRCLE('',#185,8.799959960381);
#185 = AXIS2_PLACEMENT_3D('',#186,#187,#188);
#186 = CARTESIAN_POINT('',(4.999999997328,0.,0.));
#187 = DIRECTION('',(1.,0.,-0.));
#188 = DIRECTION('',(0.,0.,1.));
#189 = PCURVE('',#97,#190);
#190 = DEFINITIONAL_REPRESENTATION('',(#191),#195);
#191 = LINE('',#192,#193);
#192 = CARTESIAN_POINT('',(0.,1.570929792192));
#193 = VECTOR('',#194,1.);
#194 = DIRECTION('',(1.,0.));
#195 = ( GEOMETRIC_REPRESENTATION_CONTEXT(2) 
PARAMETRIC_REPRESENTATION_CONTEXT() REPRESENTATION_CONTEXT('2D SPACE',''
  ) );
#196 = PCURVE('',#197,#202);
#197 = PLANE('',#198);
#198 = AXIS2_PLACEMENT_3D('',#199,#200,#201);
#199 = CARTESIAN_POINT('',(5.,0.,0.));
#200 = DIRECTION('',(1.,0.,0.));
#201 = DIRECTION('',(0.,0.,-1.));
#202 = DEFINITIONAL_REPRESENTATION('',(#203),#207);
#203 = CIRCLE('',#204,8.799959960381);
#204 = AXIS2_PLACEMENT_2D('',#205,#206);
#205 = CARTESIAN_POINT('',(0.,0.));
#206 = DIRECTION('',(-1.,0.));
#207 = ( GEOMETRIC_REPRESENTATION_CONTEXT(2) 
PARAMETRIC_REPRESENTATION_CONTEXT() REPRESENTATION_CONTEXT('2D SPACE',''
  ) );
#208 = ORIENTED_EDGE('',*,*,#158,.F.);
#209 = ORIENTED_EDGE('',*,*,#109,.F.);
#210 = ADVANCED_FACE('',(#211,#246),#197,.T.);
#211 = FACE_BOUND('',#212,.T.);
#212 = EDGE_LOOP('',(#213));
#213 = ORIENTED_EDGE('',*,*,#214,.F.);
#214 = EDGE_CURVE('',#215,#215,#217,.T.);
#215 = VERTEX_POINT('',#216);
#216 = CARTESIAN_POINT('',(5.,1.217298918352E-15,-9.94));
#217 = SURFACE_CURVE('',#218,(#223,#234),.PCURVE_S1.);
#218 = CIRCLE('',#219,9.94);
#219 = AXIS2_PLACEMENT_3D('',#220,#221,#222);
#220 = CARTESIAN_POINT('',(5.,0.,0.));
#221 = DIRECTION('',(-1.,0.,0.));
#222 = DIRECTION('',(-0.,-5.817719494879E-12,-1.));
#223 = PCURVE('',#197,#224);
#224 = DEFINITIONAL_REPRESENTATION('',(#225),#233);
#225 = ( BOUNDED_CURVE() B_SPLINE_CURVE(2,(#226,#227,#228,#229,#230,#231
,#232),.UNSPECIFIED.,.T.,.F.) B_SPLINE_CURVE_WITH_KNOTS((1,2,2,2,2,1),(
    -2.094395102393,0.,2.094395102393,4.188790204786,6.28318530718,
8.377580409573),.UNSPECIFIED.) CURVE() GEOMETRIC_REPRESENTATION_ITEM() 
RATIONAL_B_SPLINE_CURVE((1.,0.5,1.,0.5,1.,0.5,1.)) REPRESENTATION_ITEM(
  '') );
#226 = CARTESIAN_POINT('',(9.94,-5.78281317791E-11));
#227 = CARTESIAN_POINT('',(9.9399999999,-17.21658502729));
#228 = CARTESIAN_POINT('',(-4.97000000005,-8.608292513588));
#229 = CARTESIAN_POINT('',(-19.88,1.156538289604E-10));
#230 = CARTESIAN_POINT('',(-4.96999999995,8.608292513646));
#231 = CARTESIAN_POINT('',(9.9400000001,17.216585027177));
#232 = CARTESIAN_POINT('',(9.94,-5.78281317791E-11));
#233 = ( GEOMETRIC_REPRESENTATION_CONTEXT(2) 
PARAMETRIC_REPRESENTATION_CONTEXT() REPRESENTATION_CONTEXT('2D SPACE',''
  ) );
#234 = PCURVE('',#235,#240);
#235 = CYLINDRICAL_SURFACE('',#236,9.94);
#236 = AXIS2_PLACEMENT_3D('',#237,#238,#239);
#237 = CARTESIAN_POINT('',(4.29,0.,0.));
#238 = DIRECTION('',(1.,0.,0.));
#239 = DIRECTION('',(0.,0.,1.));
#240 = DEFINITIONAL_REPRESENTATION('',(#241),#245);
#241 = LINE('',#242,#243);
#242 = CARTESIAN_POINT('',(9.424777960764,0.71));
#243 = VECTOR('',#244,1.);
#244 = DIRECTION('',(-1.,0.));
#245 = ( GEOMETRIC_REPRESENTATION_CONTEXT(2) 
PARAMETRIC_REPRESENTATION_CONTEXT() REPRESENTATION_CONTEXT('2D SPACE',''
  ) );
#246 = FACE_BOUND('',#247,.T.);
#247 = EDGE_LOOP('',(#248));
#248 = ORIENTED_EDGE('',*,*,#182,.F.);
#249 = ADVANCED_FACE('',(#250),#235,.T.);
#250 = FACE_BOUND('',#251,.T.);
#251 = EDGE_LOOP('',(#252,#253,#276,#307));
#252 = ORIENTED_EDGE('',*,*,#214,.T.);
#253 = ORIENTED_EDGE('',*,*,#254,.T.);
#254 = EDGE_CURVE('',#215,#255,#257,.T.);
#255 = VERTEX_POINT('',#256);
#256 = CARTESIAN_POINT('',(4.94,1.217298918352E-15,-9.94));
#257 = SEAM_CURVE('',#258,(#262,#269),.PCURVE_S1.);
#258 = LINE('',#259,#260);
#259 = CARTESIAN_POINT('',(4.29,1.217298918352E-15,-9.94));
#260 = VECTOR('',#261,1.);
#261 = DIRECTION('',(-1.,0.,0.));
#262 = PCURVE('',#235,#263);
#263 = DEFINITIONAL_REPRESENTATION('',(#264),#268);
#264 = LINE('',#265,#266);
#265 = CARTESIAN_POINT('',(3.14159265359,0.));
#266 = VECTOR('',#267,1.);
#267 = DIRECTION('',(0.,-1.));
#268 = ( GEOMETRIC_REPRESENTATION_CONTEXT(2) 
PARAMETRIC_REPRESENTATION_CONTEXT() REPRESENTATION_CONTEXT('2D SPACE',''
  ) );
#269 = PCURVE('',#235,#270);
#270 = DEFINITIONAL_REPRESENTATION('',(#271),#275);
#271 = LINE('',#272,#273);
#272 = CARTESIAN_POINT('',(9.424777960769,0.));
#273 = VECTOR('',#274,1.);
#274 = DIRECTION('',(0.,-1.));
#275 = ( GEOMETRIC_REPRESENTATION_CONTEXT(2) 
PARAMETRIC_REPRESENTATION_CONTEXT() REPRESENTATION_CONTEXT('2D SPACE',''
  ) );
#276 = ORIENTED_EDGE('',*,*,#277,.T.);
#277 = EDGE_CURVE('',#255,#255,#278,.T.);
#278 = SURFACE_CURVE('',#279,(#284,#291),.PCURVE_S1.);
#279 = CIRCLE('',#280,9.94);
#280 = AXIS2_PLACEMENT_3D('',#281,#282,#283);
#281 = CARTESIAN_POINT('',(4.94,0.,0.));
#282 = DIRECTION('',(1.,0.,0.));
#283 = DIRECTION('',(-0.,6.26004970122E-13,1.));
#284 = PCURVE('',#235,#285);
#285 = DEFINITIONAL_REPRESENTATION('',(#286),#290);
#286 = LINE('',#287,#288);
#287 = CARTESIAN_POINT('',(-6.252776074689E-13,0.65));
#288 = VECTOR('',#289,1.);
#289 = DIRECTION('',(1.,0.));
#290 = ( GEOMETRIC_REPRESENTATION_CONTEXT(2) 
PARAMETRIC_REPRESENTATION_CONTEXT() REPRESENTATION_CONTEXT('2D SPACE',''
  ) );
#291 = PCURVE('',#292,#297);
#292 = PLANE('',#293);
#293 = AXIS2_PLACEMENT_3D('',#294,#295,#296);
#294 = CARTESIAN_POINT('',(4.94,-6.516778228161E-10,0.));
#295 = DIRECTION('',(-1.,0.,0.));
#296 = DIRECTION('',(0.,0.,1.));
#297 = DEFINITIONAL_REPRESENTATION('',(#298),#306);
#298 = ( BOUNDED_CURVE() B_SPLINE_CURVE(2,(#299,#300,#301,#302,#303,#304
,#305),.UNSPECIFIED.,.T.,.F.) B_SPLINE_CURVE_WITH_KNOTS((1,2,2,2,2,1),(
    -2.094395102393,0.,2.094395102393,4.188790204786,6.28318530718,
8.377580409573),.UNSPECIFIED.) CURVE() GEOMETRIC_REPRESENTATION_ITEM() 
RATIONAL_B_SPLINE_CURVE((1.,0.5,1.,0.5,1.,0.5,1.)) REPRESENTATION_ITEM(
  '') );
#299 = CARTESIAN_POINT('',(9.94,6.579003122191E-10));
#300 = CARTESIAN_POINT('',(9.940000000011,-17.21658502657));
#301 = CARTESIAN_POINT('',(-4.969999999995,-8.608292512969));
#302 = CARTESIAN_POINT('',(-19.88,6.392304094122E-10));
#303 = CARTESIAN_POINT('',(-4.970000000005,8.608292514266));
#304 = CARTESIAN_POINT('',(9.939999999989,17.216585027893));
#305 = CARTESIAN_POINT('',(9.94,6.579003122191E-10));
#306 = ( GEOMETRIC_REPRESENTATION_CONTEXT(2) 
PARAMETRIC_REPRESENTATION_CONTEXT() REPRESENTATION_CONTEXT('2D SPACE',''
  ) );
#307 = ORIENTED_EDGE('',*,*,#254,.F.);
#308 = ADVANCED_FACE('',(#309,#344),#292,.F.);
#309 = FACE_BOUND('',#310,.T.);
#310 = EDGE_LOOP('',(#311));
#311 = ORIENTED_EDGE('',*,*,#312,.T.);
#312 = EDGE_CURVE('',#313,#313,#315,.T.);
#313 = VERTEX_POINT('',#314);
#314 = CARTESIAN_POINT('',(4.94,13.,-1.592040838892E-15));
#315 = SURFACE_CURVE('',#316,(#321,#332),.PCURVE_S1.);
#316 = CIRCLE('',#317,13.);
#317 = AXIS2_PLACEMENT_3D('',#318,#319,#320);
#318 = CARTESIAN_POINT('',(4.94,0.,0.));
#319 = DIRECTION('',(1.,0.,0.));
#320 = DIRECTION('',(-0.,1.,0.));
#321 = PCURVE('',#292,#322);
#322 = DEFINITIONAL_REPRESENTATION('',(#323),#331);
#323 = ( BOUNDED_CURVE() B_SPLINE_CURVE(2,(#324,#325,#326,#327,#328,#329
,#330),.UNSPECIFIED.,.T.,.F.) B_SPLINE_CURVE_WITH_KNOTS((1,2,2,2,2,1),(
    -2.094395102393,0.,2.094395102393,4.188790204786,6.28318530718,
8.377580409573),.UNSPECIFIED.) CURVE() GEOMETRIC_REPRESENTATION_ITEM() 
RATIONAL_B_SPLINE_CURVE((1.,0.5,1.,0.5,1.,0.5,1.)) REPRESENTATION_ITEM(
  '') );
#324 = CARTESIAN_POINT('',(0.,13.000000000652));
#325 = CARTESIAN_POINT('',(22.516660498395,13.000000000652));
#326 = CARTESIAN_POINT('',(11.258330249198,-6.499999999348));
#327 = CARTESIAN_POINT('',(3.184081677783E-15,-25.99999999934));
#328 = CARTESIAN_POINT('',(-11.25833024919,-6.499999999348));
#329 = CARTESIAN_POINT('',(-22.51666049839,13.000000000652));
#330 = CARTESIAN_POINT('',(0.,13.000000000652));
#331 = ( GEOMETRIC_REPRESENTATION_CONTEXT(2) 
PARAMETRIC_REPRESENTATION_CONTEXT() REPRESENTATION_CONTEXT('2D SPACE',''
  ) );
#332 = PCURVE('',#333,#338);
#333 = CYLINDRICAL_SURFACE('',#334,13.);
#334 = AXIS2_PLACEMENT_3D('',#335,#336,#337);
#335 = CARTESIAN_POINT('',(6.E-02,0.,0.));
#336 = DIRECTION('',(-1.,0.,0.));
#337 = DIRECTION('',(0.,-1.,0.));
#338 = DEFINITIONAL_REPRESENTATION('',(#339),#343);
#339 = LINE('',#340,#341);
#340 = CARTESIAN_POINT('',(3.14159265359,-4.88));
#341 = VECTOR('',#342,1.);
#342 = DIRECTION('',(-1.,0.));
#343 = ( GEOMETRIC_REPRESENTATION_CONTEXT(2) 
PARAMETRIC_REPRESENTATION_CONTEXT() REPRESENTATION_CONTEXT('2D SPACE',''
  ) );
#344 = FACE_BOUND('',#345,.T.);
#345 = EDGE_LOOP('',(#346));
#346 = ORIENTED_EDGE('',*,*,#277,.F.);
#347 = ADVANCED_FACE('',(#348),#333,.T.);
#348 = FACE_BOUND('',#349,.T.);
#349 = EDGE_LOOP('',(#350,#383,#404,#405));
#350 = ORIENTED_EDGE('',*,*,#351,.F.);
#351 = EDGE_CURVE('',#352,#352,#354,.T.);
#352 = VERTEX_POINT('',#353);
#353 = CARTESIAN_POINT('',(6.E-02,13.,-1.592040838892E-15));
#354 = SURFACE_CURVE('',#355,(#360,#367),.PCURVE_S1.);
#355 = CIRCLE('',#356,13.);
#356 = AXIS2_PLACEMENT_3D('',#357,#358,#359);
#357 = CARTESIAN_POINT('',(6.E-02,0.,0.));
#358 = DIRECTION('',(-1.,0.,0.));
#359 = DIRECTION('',(0.,-1.,0.));
#360 = PCURVE('',#333,#361);
#361 = DEFINITIONAL_REPRESENTATION('',(#362),#366);
#362 = LINE('',#363,#364);
#363 = CARTESIAN_POINT('',(-6.28318530718,0.));
#364 = VECTOR('',#365,1.);
#365 = DIRECTION('',(1.,0.));
#366 = ( GEOMETRIC_REPRESENTATION_CONTEXT(2) 
PARAMETRIC_REPRESENTATION_CONTEXT() REPRESENTATION_CONTEXT('2D SPACE',''
  ) );
#367 = PCURVE('',#368,#373);
#368 = PLANE('',#369);
#369 = AXIS2_PLACEMENT_3D('',#370,#371,#372);
#370 = CARTESIAN_POINT('',(6.E-02,6.516778228161E-10,0.));
#371 = DIRECTION('',(1.,0.,0.));
#372 = DIRECTION('',(0.,0.,1.));
#373 = DEFINITIONAL_REPRESENTATION('',(#374),#382);
#374 = ( BOUNDED_CURVE() B_SPLINE_CURVE(2,(#375,#376,#377,#378,#379,#380
,#381),.UNSPECIFIED.,.T.,.F.) B_SPLINE_CURVE_WITH_KNOTS((1,2,2,2,2,1),(
    -2.094395102393,0.,2.094395102393,4.188790204786,6.28318530718,
8.377580409573),.UNSPECIFIED.) CURVE() GEOMETRIC_REPRESENTATION_ITEM() 
RATIONAL_B_SPLINE_CURVE((1.,0.5,1.,0.5,1.,0.5,1.)) REPRESENTATION_ITEM(
  '') );
#375 = CARTESIAN_POINT('',(0.,13.000000000652));
#376 = CARTESIAN_POINT('',(22.516660498395,13.000000000652));
#377 = CARTESIAN_POINT('',(11.258330249198,-6.499999999348));
#378 = CARTESIAN_POINT('',(3.184081677783E-15,-25.99999999934));
#379 = CARTESIAN_POINT('',(-11.25833024919,-6.499999999348));
#380 = CARTESIAN_POINT('',(-22.51666049839,13.000000000652));
#381 = CARTESIAN_POINT('',(0.,13.000000000652));
#382 = ( GEOMETRIC_REPRESENTATION_CONTEXT(2) 
PARAMETRIC_REPRESENTATION_CONTEXT() REPRESENTATION_CONTEXT('2D SPACE',''
  ) );
#383 = ORIENTED_EDGE('',*,*,#384,.T.);
#384 = EDGE_CURVE('',#352,#313,#385,.T.);
#385 = SEAM_CURVE('',#386,(#390,#397),.PCURVE_S1.);
#386 = LINE('',#387,#388);
#387 = CARTESIAN_POINT('',(6.E-02,13.,-1.592040838892E-15));
#388 = VECTOR('',#389,1.);
#389 = DIRECTION('',(1.,0.,0.));
#390 = PCURVE('',#333,#391);
#391 = DEFINITIONAL_REPRESENTATION('',(#392),#396);
#392 = LINE('',#393,#394);
#393 = CARTESIAN_POINT('',(-3.14159265359,0.));
#394 = VECTOR('',#395,1.);
#395 = DIRECTION('',(0.,-1.));
#396 = ( GEOMETRIC_REPRESENTATION_CONTEXT(2) 
PARAMETRIC_REPRESENTATION_CONTEXT() REPRESENTATION_CONTEXT('2D SPACE',''
  ) );
#397 = PCURVE('',#333,#398);
#398 = DEFINITIONAL_REPRESENTATION('',(#399),#403);
#399 = LINE('',#400,#401);
#400 = CARTESIAN_POINT('',(3.14159265359,0.));
#401 = VECTOR('',#402,1.);
#402 = DIRECTION('',(0.,-1.));
#403 = ( GEOMETRIC_REPRESENTATION_CONTEXT(2) 
PARAMETRIC_REPRESENTATION_CONTEXT() REPRESENTATION_CONTEXT('2D SPACE',''
  ) );
#404 = ORIENTED_EDGE('',*,*,#312,.F.);
#405 = ORIENTED_EDGE('',*,*,#384,.F.);
#406 = ADVANCED_FACE('',(#407,#410),#368,.F.);
#407 = FACE_BOUND('',#408,.T.);
#408 = EDGE_LOOP('',(#409));
#409 = ORIENTED_EDGE('',*,*,#351,.T.);
#410 = FACE_BOUND('',#411,.T.);
#411 = EDGE_LOOP('',(#412));
#412 = ORIENTED_EDGE('',*,*,#413,.T.);
#413 = EDGE_CURVE('',#414,#414,#416,.T.);
#414 = VERTEX_POINT('',#415);
#415 = CARTESIAN_POINT('',(6.E-02,-3.028632735224E-09,9.94));
#416 = SURFACE_CURVE('',#417,(#422,#429),.PCURVE_S1.);
#417 = CIRCLE('',#418,9.94);
#418 = AXIS2_PLACEMENT_3D('',#419,#420,#421);
#419 = CARTESIAN_POINT('',(6.E-02,0.,0.));
#420 = DIRECTION('',(1.,0.,0.));
#421 = DIRECTION('',(0.,3.449753208341E-10,-1.));
#422 = PCURVE('',#368,#423);
#423 = DEFINITIONAL_REPRESENTATION('',(#424),#428);
#424 = CIRCLE('',#425,9.94);
#425 = AXIS2_PLACEMENT_2D('',#426,#427);
#426 = CARTESIAN_POINT('',(0.,6.516778228161E-10));
#427 = DIRECTION('',(-1.,-3.449753208341E-10));
#428 = ( GEOMETRIC_REPRESENTATION_CONTEXT(2) 
PARAMETRIC_REPRESENTATION_CONTEXT() REPRESENTATION_CONTEXT('2D SPACE',''
  ) );
#429 = PCURVE('',#430,#435);
#430 = CYLINDRICAL_SURFACE('',#431,9.94);
#431 = AXIS2_PLACEMENT_3D('',#432,#433,#434);
#432 = CARTESIAN_POINT('',(0.71,0.,0.));
#433 = DIRECTION('',(1.,0.,0.));
#434 = DIRECTION('',(0.,0.,-1.));
#435 = DEFINITIONAL_REPRESENTATION('',(#436),#440);
#436 = LINE('',#437,#438);
#437 = CARTESIAN_POINT('',(-6.283185306835,-0.65));
#438 = VECTOR('',#439,1.);
#439 = DIRECTION('',(1.,0.));
#440 = ( GEOMETRIC_REPRESENTATION_CONTEXT(2) 
PARAMETRIC_REPRESENTATION_CONTEXT() REPRESENTATION_CONTEXT('2D SPACE',''
  ) );
#441 = ADVANCED_FACE('',(#442),#430,.T.);
#442 = FACE_BOUND('',#443,.T.);
#443 = EDGE_LOOP('',(#444,#445,#468,#495));
#444 = ORIENTED_EDGE('',*,*,#413,.F.);
#445 = ORIENTED_EDGE('',*,*,#446,.T.);
#446 = EDGE_CURVE('',#414,#447,#449,.T.);
#447 = VERTEX_POINT('',#448);
#448 = CARTESIAN_POINT('',(0.,-2.814348426232E-08,9.94));
#449 = SEAM_CURVE('',#450,(#454,#461),.PCURVE_S1.);
#450 = LINE('',#451,#452);
#451 = CARTESIAN_POINT('',(0.71,-1.217298918352E-15,9.94));
#452 = VECTOR('',#453,1.);
#453 = DIRECTION('',(-1.,0.,0.));
#454 = PCURVE('',#430,#455);
#455 = DEFINITIONAL_REPRESENTATION('',(#456),#460);
#456 = LINE('',#457,#458);
#457 = CARTESIAN_POINT('',(-3.14159265359,0.));
#458 = VECTOR('',#459,1.);
#459 = DIRECTION('',(0.,-1.));
#460 = ( GEOMETRIC_REPRESENTATION_CONTEXT(2) 
PARAMETRIC_REPRESENTATION_CONTEXT() REPRESENTATION_CONTEXT('2D SPACE',''
  ) );
#461 = PCURVE('',#430,#462);
#462 = DEFINITIONAL_REPRESENTATION('',(#463),#467);
#463 = LINE('',#464,#465);
#464 = CARTESIAN_POINT('',(3.14159265359,0.));
#465 = VECTOR('',#466,1.);
#466 = DIRECTION('',(0.,-1.));
#467 = ( GEOMETRIC_REPRESENTATION_CONTEXT(2) 
PARAMETRIC_REPRESENTATION_CONTEXT() REPRESENTATION_CONTEXT('2D SPACE',''
  ) );
#468 = ORIENTED_EDGE('',*,*,#469,.T.);
#469 = EDGE_CURVE('',#447,#447,#470,.T.);
#470 = SURFACE_CURVE('',#471,(#476,#483),.PCURVE_S1.);
#471 = CIRCLE('',#472,9.94);
#472 = AXIS2_PLACEMENT_3D('',#473,#474,#475);
#473 = CARTESIAN_POINT('',(0.,0.,0.));
#474 = DIRECTION('',(1.,0.,0.));
#475 = DIRECTION('',(0.,2.831336567366E-09,-1.));
#476 = PCURVE('',#430,#477);
#477 = DEFINITIONAL_REPRESENTATION('',(#478),#482);
#478 = LINE('',#479,#480);
#479 = CARTESIAN_POINT('',(-6.283185304348,-0.71));
#480 = VECTOR('',#481,1.);
#481 = DIRECTION('',(1.,0.));
#482 = ( GEOMETRIC_REPRESENTATION_CONTEXT(2) 
PARAMETRIC_REPRESENTATION_CONTEXT() REPRESENTATION_CONTEXT('2D SPACE',''
  ) );
#483 = PCURVE('',#484,#489);
#484 = PLANE('',#485);
#485 = AXIS2_PLACEMENT_3D('',#486,#487,#488);
#486 = CARTESIAN_POINT('',(0.,0.,0.));
#487 = DIRECTION('',(1.,0.,0.));
#488 = DIRECTION('',(0.,0.,1.));
#489 = DEFINITIONAL_REPRESENTATION('',(#490),#494);
#490 = CIRCLE('',#491,9.94);
#491 = AXIS2_PLACEMENT_2D('',#492,#493);
#492 = CARTESIAN_POINT('',(0.,0.));
#493 = DIRECTION('',(-1.,-2.831336567366E-09));
#494 = ( GEOMETRIC_REPRESENTATION_CONTEXT(2) 
PARAMETRIC_REPRESENTATION_CONTEXT() REPRESENTATION_CONTEXT('2D SPACE',''
  ) );
#495 = ORIENTED_EDGE('',*,*,#446,.F.);
#496 = ADVANCED_FACE('',(#497,#500),#484,.F.);
#497 = FACE_BOUND('',#498,.T.);
#498 = EDGE_LOOP('',(#499));
#499 = ORIENTED_EDGE('',*,*,#469,.F.);
#500 = FACE_BOUND('',#501,.T.);
#501 = EDGE_LOOP('',(#502));
#502 = ORIENTED_EDGE('',*,*,#503,.F.);
#503 = EDGE_CURVE('',#504,#504,#506,.T.);
#504 = VERTEX_POINT('',#505);
#505 = CARTESIAN_POINT('',(2.671951826461E-09,1.077684279811E-15,
    -8.799959960381));
#506 = SURFACE_CURVE('',#507,(#512,#523),.PCURVE_S1.);
#507 = CIRCLE('',#508,8.799959960381);
#508 = AXIS2_PLACEMENT_3D('',#509,#510,#511);
#509 = CARTESIAN_POINT('',(2.671951826461E-09,0.,0.));
#510 = DIRECTION('',(-1.,0.,0.));
#511 = DIRECTION('',(0.,0.,-1.));
#512 = PCURVE('',#484,#513);
#513 = DEFINITIONAL_REPRESENTATION('',(#514),#522);
#514 = ( BOUNDED_CURVE() B_SPLINE_CURVE(2,(#515,#516,#517,#518,#519,#520
,#521),.UNSPECIFIED.,.T.,.F.) B_SPLINE_CURVE_WITH_KNOTS((1,2,2,2,2,1),(
    -2.094395102393,0.,2.094395102393,4.188790204786,6.28318530718,
8.377580409573),.UNSPECIFIED.) CURVE() GEOMETRIC_REPRESENTATION_ITEM() 
RATIONAL_B_SPLINE_CURVE((1.,0.5,1.,0.5,1.,0.5,1.)) REPRESENTATION_ITEM(
  '') );
#515 = CARTESIAN_POINT('',(-8.799959960381,0.));
#516 = CARTESIAN_POINT('',(-8.799959960381,15.241977755952));
#517 = CARTESIAN_POINT('',(4.39997998019,7.620988877976));
#518 = CARTESIAN_POINT('',(17.599919920762,2.155368559621E-15));
#519 = CARTESIAN_POINT('',(4.399979980191,-7.620988877976));
#520 = CARTESIAN_POINT('',(-8.799959960381,-15.24197775595));
#521 = CARTESIAN_POINT('',(-8.799959960381,0.));
#522 = ( GEOMETRIC_REPRESENTATION_CONTEXT(2) 
PARAMETRIC_REPRESENTATION_CONTEXT() REPRESENTATION_CONTEXT('2D SPACE',''
  ) );
#523 = PCURVE('',#45,#524);
#524 = DEFINITIONAL_REPRESENTATION('',(#525),#529);
#525 = LINE('',#526,#527);
#526 = CARTESIAN_POINT('',(3.14159265359,4.712255514988));
#527 = VECTOR('',#528,1.);
#528 = DIRECTION('',(-1.,0.));
#529 = ( GEOMETRIC_REPRESENTATION_CONTEXT(2) 
PARAMETRIC_REPRESENTATION_CONTEXT() REPRESENTATION_CONTEXT('2D SPACE',''
  ) );
#530 = ADVANCED_FACE('',(#531),#45,.T.);
#531 = FACE_BOUND('',#532,.T.);
#532 = EDGE_LOOP('',(#533,#534,#556,#557,#558));
#533 = ORIENTED_EDGE('',*,*,#503,.T.);
#534 = ORIENTED_EDGE('',*,*,#535,.T.);
#535 = EDGE_CURVE('',#504,#24,#536,.T.);
#536 = SEAM_CURVE('',#537,(#542,#549),.PCURVE_S1.);
#537 = CIRCLE('',#538,0.3);
#538 = AXIS2_PLACEMENT_3D('',#539,#540,#541);
#539 = CARTESIAN_POINT('',(0.3,1.07768918325E-15,-8.8));
#540 = DIRECTION('',(0.,1.,1.224646799147E-16));
#541 = DIRECTION('',(0.,1.224646799147E-16,-1.));
#542 = PCURVE('',#45,#543);
#543 = DEFINITIONAL_REPRESENTATION('',(#544),#548);
#544 = LINE('',#545,#546);
#545 = CARTESIAN_POINT('',(-3.14159265359,6.28318530718));
#546 = VECTOR('',#547,1.);
#547 = DIRECTION('',(0.,-1.));
#548 = ( GEOMETRIC_REPRESENTATION_CONTEXT(2) 
PARAMETRIC_REPRESENTATION_CONTEXT() REPRESENTATION_CONTEXT('2D SPACE',''
  ) );
#549 = PCURVE('',#45,#550);
#550 = DEFINITIONAL_REPRESENTATION('',(#551),#555);
#551 = LINE('',#552,#553);
#552 = CARTESIAN_POINT('',(3.14159265359,6.28318530718));
#553 = VECTOR('',#554,1.);
#554 = DIRECTION('',(0.,-1.));
#555 = ( GEOMETRIC_REPRESENTATION_CONTEXT(2) 
PARAMETRIC_REPRESENTATION_CONTEXT() REPRESENTATION_CONTEXT('2D SPACE',''
  ) );
#556 = ORIENTED_EDGE('',*,*,#21,.F.);
#557 = ORIENTED_EDGE('',*,*,#132,.F.);
#558 = ORIENTED_EDGE('',*,*,#535,.F.);
#559 = ORIENTED_CLOSED_SHELL('',*,#560,.F.);
#560 = CLOSED_SHELL('',(#561,#964,#3827,#3970,#3978,#3986,#4060,#4134,
    #4277,#4420,#4455,#4534,#4615,#4670,#4677,#4686,#4829,#4858,#4887,
    #4895));
#561 = ADVANCED_FACE('',(#562),#591,.F.);
#562 = FACE_BOUND('',#563,.F.);
#563 = EDGE_LOOP('',(#564,#702,#770,#771,#895,#963));
#564 = ORIENTED_EDGE('',*,*,#565,.T.);
#565 = EDGE_CURVE('',#566,#568,#570,.T.);
#566 = VERTEX_POINT('',#567);
#567 = CARTESIAN_POINT('',(2.5,-10.51328124416,-5.701985363125));
#568 = VERTEX_POINT('',#569);
#569 = CARTESIAN_POINT('',(2.5,-11.01291530926,-4.664484536466));
#570 = SURFACE_CURVE('',#571,(#590,#646),.PCURVE_S1.);
#571 = B_SPLINE_CURVE_WITH_KNOTS('',3,(#572,#573,#574,#575,#576,#577,
    #578,#579,#580,#581,#582,#583,#584,#585,#586,#587,#588,#589),
  .UNSPECIFIED.,.F.,.F.,(4,2,2,2,2,2,2,2,4),(0.167444789911,
    0.186250753661,0.205056717412,0.222334693571,0.251167184866,
    0.279999676162,0.297277652321,0.316083616071,0.334889579822),
  .UNSPECIFIED.);
#572 = CARTESIAN_POINT('',(2.5,-10.51328124415,-5.701985363125));
#573 = CARTESIAN_POINT('',(2.437313454165,-10.51328124415,
    -5.701985363125));
#574 = CARTESIAN_POINT('',(2.370317296885,-10.51907652826,
    -5.691340225527));
#575 = CARTESIAN_POINT('',(2.246040722638,-10.54239900319,
    -5.648021610037));
#576 = CARTESIAN_POINT('',(2.188750509414,-10.55988998736,
    -5.615356751681));
#577 = CARTESIAN_POINT('',(2.099963810897,-10.59773364094,
    -5.543579246392));
#578 = CARTESIAN_POINT('',(2.057277144555,-10.62285527278,
    -5.495379583601));
#579 = CARTESIAN_POINT('',(1.982472881951,-10.68404694478,
    -5.375863599056));
#580 = CARTESIAN_POINT('',(1.953974222243,-10.73389233452,
    -5.275842279402));
#581 = CARTESIAN_POINT('',(1.953974222243,-10.81729199539,
    -5.102661099128));
#582 = CARTESIAN_POINT('',(1.982472881951,-10.86441371984,
    -5.001328131402));
#583 = CARTESIAN_POINT('',(2.057277144555,-10.91970269577,
    -4.878969558246));
#584 = CARTESIAN_POINT('',(2.099963810897,-10.94172362833,
    -4.829276677383));
#585 = CARTESIAN_POINT('',(2.188750509414,-10.97424640962,
    -4.754936775048));
#586 = CARTESIAN_POINT('',(2.246040722638,-10.988879374,-4.720895566905)
  );
#587 = CARTESIAN_POINT('',(2.370317296885,-11.00820590609,
    -4.675652606761));
#588 = CARTESIAN_POINT('',(2.437313454165,-11.01291530926,
    -4.664484536466));
#589 = CARTESIAN_POINT('',(2.5,-11.01291530926,-4.664484536466));
#590 = PCURVE('',#591,#596);
#591 = SPHERICAL_SURFACE('',#592,1.3275);
#592 = AXIS2_PLACEMENT_3D('',#593,#594,#595);
#593 = CARTESIAN_POINT('',(2.5,-9.685415329951,-4.664250195514));
#594 = DIRECTION('',(0.,0.,-1.));
#595 = DIRECTION('',(0.,1.,0.));
#596 = DEFINITIONAL_REPRESENTATION('',(#597),#645);
#597 = B_SPLINE_CURVE_WITH_KNOTS('',3,(#598,#599,#600,#601,#602,#603,
    #604,#605,#606,#607,#608,#609,#610,#611,#612,#613,#614,#615,#616,
    #617,#618,#619,#620,#621,#622,#623,#624,#625,#626,#627,#628,#629,
    #630,#631,#632,#633,#634,#635,#636,#637,#638,#639,#640,#641,#642,
    #643,#644),.UNSPECIFIED.,.F.,.F.,(4,1,1,1,1,1,1,1,1,1,1,1,1,1,1,1,1,
    1,1,1,1,1,1,1,1,1,1,1,1,1,1,1,1,1,1,1,1,1,1,1,1,1,1,1,4),(
    0.167444789911,0.171250353318,0.175055916725,0.178861480132,
    0.182667043539,0.186472606946,0.190278170353,0.19408373376,
    0.197889297167,0.201694860575,0.205500423982,0.209305987389,
    0.213111550796,0.216917114203,0.22072267761,0.224528241017,
    0.228333804424,0.232139367831,0.235944931238,0.239750494645,
    0.243556058052,0.247361621459,0.251167184866,0.254972748273,
    0.25877831168,0.262583875088,0.266389438495,0.270195001902,
    0.274000565309,0.277806128716,0.281611692123,0.28541725553,
    0.289222818937,0.293028382344,0.296833945751,0.300639509158,
    0.304445072565,0.308250635972,0.312056199379,0.315861762786,
    0.319667326194,0.323472889601,0.327278453008,0.331084016415,
    0.334889579822),.QUASI_UNIFORM_KNOTS.);
#598 = CARTESIAN_POINT('',(3.14159265359,0.897421373));
#599 = CARTESIAN_POINT('',(3.156916816736,0.897427024017));
#600 = CARTESIAN_POINT('',(3.18798767403,0.896384487767));
#601 = CARTESIAN_POINT('',(3.234879921878,0.891669602237));
#602 = CARTESIAN_POINT('',(3.281057694362,0.883787336501));
#603 = CARTESIAN_POINT('',(3.325586375792,0.872814956123));
#604 = CARTESIAN_POINT('',(3.367628031533,0.858875060359));
#605 = CARTESIAN_POINT('',(3.406487854998,0.842159087936));
#606 = CARTESIAN_POINT('',(3.441839560069,0.823107703924));
#607 = CARTESIAN_POINT('',(3.473438969785,0.802208975658));
#608 = CARTESIAN_POINT('',(3.501301131519,0.779747796293));
#609 = CARTESIAN_POINT('',(3.524964643738,0.756760776267));
#610 = CARTESIAN_POINT('',(3.546176432859,0.731305632997));
#611 = CARTESIAN_POINT('',(3.565090692563,0.70340725818));
#612 = CARTESIAN_POINT('',(3.581021145147,0.674504468992));
#613 = CARTESIAN_POINT('',(3.5936899094,0.645599183057));
#614 = CARTESIAN_POINT('',(3.60269142638,0.618066241664));
#615 = CARTESIAN_POINT('',(3.609426513999,0.58862802126));
#616 = CARTESIAN_POINT('',(3.613861887377,0.558257057619));
#617 = CARTESIAN_POINT('',(3.616174926127,0.527267630942));
#618 = CARTESIAN_POINT('',(3.616470528441,0.496138875471));
#619 = CARTESIAN_POINT('',(3.614861236049,0.465335175224));
#620 = CARTESIAN_POINT('',(3.611406563284,0.435186425394));
#621 = CARTESIAN_POINT('',(3.606258443633,0.406529425672));
#622 = CARTESIAN_POINT('',(3.59912697352,0.378247086499));
#623 = CARTESIAN_POINT('',(3.589934302085,0.349181564831));
#624 = CARTESIAN_POINT('',(3.578997867059,0.320127038731));
#625 = CARTESIAN_POINT('',(3.5665034127,0.291368636009));
#626 = CARTESIAN_POINT('',(3.552639168995,0.263326057827));
#627 = CARTESIAN_POINT('',(3.537593949429,0.2364248772));
#628 = CARTESIAN_POINT('',(3.521437803359,0.210948364836));
#629 = CARTESIAN_POINT('',(3.504607669025,0.187740114843));
#630 = CARTESIAN_POINT('',(3.484981930631,0.164025564869));
#631 = CARTESIAN_POINT('',(3.463554115658,0.140831693803));
#632 = CARTESIAN_POINT('',(3.440992354907,0.118905466083));
#633 = CARTESIAN_POINT('',(3.418299877831,9.9354335973E-02));
#634 = CARTESIAN_POINT('',(3.395334399883,8.218630235737E-02));
#635 = CARTESIAN_POINT('',(3.370397594193,6.575977258706E-02));
#636 = CARTESIAN_POINT('',(3.344190651482,5.079540468892E-02));
#637 = CARTESIAN_POINT('',(3.316792805817,3.741169208908E-02));
#638 = CARTESIAN_POINT('',(3.288448117175,2.588787361336E-02));
#639 = CARTESIAN_POINT('',(3.259346203373,1.647519787159E-02));
#640 = CARTESIAN_POINT('',(3.229784512136,9.176916767958E-03));
#641 = CARTESIAN_POINT('',(3.200073007303,3.976814952981E-03));
#642 = CARTESIAN_POINT('',(3.170525720088,8.655419533758E-04));
#643 = CARTESIAN_POINT('',(3.151148396461,1.765170651233E-04));
#644 = CARTESIAN_POINT('',(3.14159265359,1.765280253614E-04));
#645 = ( GEOMETRIC_REPRESENTATION_CONTEXT(2) 
PARAMETRIC_REPRESENTATION_CONTEXT() REPRESENTATION_CONTEXT('2D SPACE',''
  ) );
#646 = PCURVE('',#647,#652);
#647 = CYLINDRICAL_SURFACE('',#648,11.960005);
#648 = AXIS2_PLACEMENT_3D('',#649,#650,#651);
#649 = CARTESIAN_POINT('',(6.E-02,0.,0.));
#650 = DIRECTION('',(-1.,0.,0.));
#651 = DIRECTION('',(0.,-1.,0.));
#652 = DEFINITIONAL_REPRESENTATION('',(#653),#701);
#653 = B_SPLINE_CURVE_WITH_KNOTS('',3,(#654,#655,#656,#657,#658,#659,
    #660,#661,#662,#663,#664,#665,#666,#667,#668,#669,#670,#671,#672,
    #673,#674,#675,#676,#677,#678,#679,#680,#681,#682,#683,#684,#685,
    #686,#687,#688,#689,#690,#691,#692,#693,#694,#695,#696,#697,#698,
    #699,#700),.UNSPECIFIED.,.F.,.F.,(4,1,1,1,1,1,1,1,1,1,1,1,1,1,1,1,1,
    1,1,1,1,1,1,1,1,1,1,1,1,1,1,1,1,1,1,1,1,1,1,1,1,1,1,1,4),(
    0.167444789911,0.171250353318,0.175055916725,0.178861480132,
    0.182667043539,0.186472606946,0.190278170353,0.19408373376,
    0.197889297167,0.201694860575,0.205500423982,0.209305987389,
    0.213111550796,0.216917114203,0.22072267761,0.224528241017,
    0.228333804424,0.232139367831,0.235944931238,0.239750494645,
    0.243556058052,0.247361621459,0.251167184866,0.254972748273,
    0.25877831168,0.262583875088,0.266389438495,0.270195001902,
    0.274000565309,0.277806128716,0.281611692123,0.28541725553,
    0.289222818937,0.293028382344,0.296833945751,0.300639509158,
    0.304445072565,0.308250635972,0.312056199379,0.315861762786,
    0.319667326194,0.323472889601,0.327278453008,0.331084016415,
    0.334889579822),.QUASI_UNIFORM_KNOTS.);
#654 = CARTESIAN_POINT('',(5.786226497899,-2.44));
#655 = CARTESIAN_POINT('',(5.786226497936,-2.427314788643));
#656 = CARTESIAN_POINT('',(5.786309496236,-2.401591418039));
#657 = CARTESIAN_POINT('',(5.786684464559,-2.362403284261));
#658 = CARTESIAN_POINT('',(5.787311430521,-2.32306796296));
#659 = CARTESIAN_POINT('',(5.788191743862,-2.284040908547));
#660 = CARTESIAN_POINT('',(5.789327416368,-2.245779194645));
#661 = CARTESIAN_POINT('',(5.790717981649,-2.208733799884));
#662 = CARTESIAN_POINT('',(5.792333228787,-2.173193885486));
#663 = CARTESIAN_POINT('',(5.794139379781,-2.139510201832));
#664 = CARTESIAN_POINT('',(5.796121731076,-2.107830862231));
#665 = CARTESIAN_POINT('',(5.798192865483,-2.079052939115));
#666 = CARTESIAN_POINT('',(5.800548046455,-2.051168878869));
#667 = CARTESIAN_POINT('',(5.803185484485,-2.024069957274));
#668 = CARTESIAN_POINT('',(5.80597139998,-1.999003886321));
#669 = CARTESIAN_POINT('',(5.808814221601,-1.976793120787));
#670 = CARTESIAN_POINT('',(5.811585558167,-1.958604708102));
#671 = CARTESIAN_POINT('',(5.814612693068,-1.942149281063));
#672 = CARTESIAN_POINT('',(5.817792577466,-1.92789578066));
#673 = CARTESIAN_POINT('',(5.821089079013,-1.915897382243));
#674 = CARTESIAN_POINT('',(5.824449179718,-1.906318665428));
#675 = CARTESIAN_POINT('',(5.82782046319,-1.89929435841));
#676 = CARTESIAN_POINT('',(5.831165000383,-1.894967190796));
#677 = CARTESIAN_POINT('',(5.834386356667,-1.893477737966));
#678 = CARTESIAN_POINT('',(5.83760771295,-1.894967190796));
#679 = CARTESIAN_POINT('',(5.840952250144,-1.89929435841));
#680 = CARTESIAN_POINT('',(5.844323533616,-1.906318665428));
#681 = CARTESIAN_POINT('',(5.847683634321,-1.915897382243));
#682 = CARTESIAN_POINT('',(5.850980135867,-1.92789578066));
#683 = CARTESIAN_POINT('',(5.854160020265,-1.942149281063));
#684 = CARTESIAN_POINT('',(5.857187155166,-1.958604708102));
#685 = CARTESIAN_POINT('',(5.859958491732,-1.976793120787));
#686 = CARTESIAN_POINT('',(5.862801313353,-1.999003886321));
#687 = CARTESIAN_POINT('',(5.865587228849,-2.024069957274));
#688 = CARTESIAN_POINT('',(5.868224666879,-2.051168878869));
#689 = CARTESIAN_POINT('',(5.870579847851,-2.079052939115));
#690 = CARTESIAN_POINT('',(5.872650982258,-2.107830862231));
#691 = CARTESIAN_POINT('',(5.874633333552,-2.139510201832));
#692 = CARTESIAN_POINT('',(5.876439484547,-2.173193885486));
#693 = CARTESIAN_POINT('',(5.878054731685,-2.208733799884));
#694 = CARTESIAN_POINT('',(5.879445296965,-2.245779194645));
#695 = CARTESIAN_POINT('',(5.880580969471,-2.284040908547));
#696 = CARTESIAN_POINT('',(5.881461282812,-2.32306796296));
#697 = CARTESIAN_POINT('',(5.882088248775,-2.362403284261));
#698 = CARTESIAN_POINT('',(5.882463217097,-2.401591418039));
#699 = CARTESIAN_POINT('',(5.882546215398,-2.427314788643));
#700 = CARTESIAN_POINT('',(5.882546215434,-2.44));
#701 = ( GEOMETRIC_REPRESENTATION_CONTEXT(2) 
PARAMETRIC_REPRESENTATION_CONTEXT() REPRESENTATION_CONTEXT('2D SPACE',''
  ) );
#702 = ORIENTED_EDGE('',*,*,#703,.T.);
#703 = EDGE_CURVE('',#568,#704,#706,.T.);
#704 = VERTEX_POINT('',#705);
#705 = CARTESIAN_POINT('',(2.5,-9.685415329951,-3.336750195514));
#706 = SEAM_CURVE('',#707,(#712,#741),.PCURVE_S1.);
#707 = CIRCLE('',#708,1.3275);
#708 = AXIS2_PLACEMENT_3D('',#709,#710,#711);
#709 = CARTESIAN_POINT('',(2.5,-9.685415329951,-4.664250195514));
#710 = DIRECTION('',(-1.,2.090815488936E-16,0.));
#711 = DIRECTION('',(-2.090815488936E-16,-1.,0.));
#712 = PCURVE('',#591,#713);
#713 = DEFINITIONAL_REPRESENTATION('',(#714),#740);
#714 = B_SPLINE_CURVE_WITH_KNOTS('',3,(#715,#716,#717,#718,#719,#720,
    #721,#722,#723,#724,#725,#726,#727,#728,#729,#730,#731,#732,#733,
    #734,#735,#736,#737,#738,#739),.UNSPECIFIED.,.F.,.F.,(4,1,1,1,1,1,1,
    1,1,1,1,1,1,1,1,1,1,1,1,1,1,1,4),(6.283008779154,6.354416636192,
    6.425824493229,6.497232350266,6.568640207303,6.640048064341,
    6.711455921378,6.782863778415,6.854271635453,6.92567949249,
    6.997087349527,7.068495206564,7.139903063602,7.211310920639,
    7.282718777676,7.354126634713,7.425534491751,7.496942348788,
    7.568350205825,7.639758062863,7.7111659199,7.782573776937,
    7.853981633974),.QUASI_UNIFORM_KNOTS.);
#715 = CARTESIAN_POINT('',(3.14159265359,1.765280253614E-04));
#716 = CARTESIAN_POINT('',(3.14159265359,-2.362609098707E-02));
#717 = CARTESIAN_POINT('',(3.14159265359,-7.123132901192E-02));
#718 = CARTESIAN_POINT('',(3.14159265359,-0.142639186049));
#719 = CARTESIAN_POINT('',(3.14159265359,-0.214047043086));
#720 = CARTESIAN_POINT('',(3.14159265359,-0.285454900124));
#721 = CARTESIAN_POINT('',(3.14159265359,-0.356862757161));
#722 = CARTESIAN_POINT('',(3.14159265359,-0.428270614198));
#723 = CARTESIAN_POINT('',(3.14159265359,-0.499678471236));
#724 = CARTESIAN_POINT('',(3.14159265359,-0.571086328273));
#725 = CARTESIAN_POINT('',(3.14159265359,-0.64249418531));
#726 = CARTESIAN_POINT('',(3.14159265359,-0.713902042347));
#727 = CARTESIAN_POINT('',(3.14159265359,-0.785309899385));
#728 = CARTESIAN_POINT('',(3.14159265359,-0.856717756422));
#729 = CARTESIAN_POINT('',(3.14159265359,-0.928125613459));
#730 = CARTESIAN_POINT('',(3.14159265359,-0.999533470497));
#731 = CARTESIAN_POINT('',(3.14159265359,-1.070941327534));
#732 = CARTESIAN_POINT('',(3.14159265359,-1.142349184571));
#733 = CARTESIAN_POINT('',(3.14159265359,-1.213757041608));
#734 = CARTESIAN_POINT('',(3.14159265359,-1.285164898646));
#735 = CARTESIAN_POINT('',(3.14159265359,-1.356572755683));
#736 = CARTESIAN_POINT('',(3.14159265359,-1.42798061272));
#737 = CARTESIAN_POINT('',(3.14159265359,-1.499388469758));
#738 = CARTESIAN_POINT('',(3.14159265359,-1.546993707782));
#739 = CARTESIAN_POINT('',(3.14159265359,-1.570796326795));
#740 = ( GEOMETRIC_REPRESENTATION_CONTEXT(2) 
PARAMETRIC_REPRESENTATION_CONTEXT() REPRESENTATION_CONTEXT('2D SPACE',''
  ) );
#741 = PCURVE('',#591,#742);
#742 = DEFINITIONAL_REPRESENTATION('',(#743),#769);
#743 = B_SPLINE_CURVE_WITH_KNOTS('',3,(#744,#745,#746,#747,#748,#749,
    #750,#751,#752,#753,#754,#755,#756,#757,#758,#759,#760,#761,#762,
    #763,#764,#765,#766,#767,#768),.UNSPECIFIED.,.F.,.F.,(4,1,1,1,1,1,1,
    1,1,1,1,1,1,1,1,1,1,1,1,1,1,1,4),(6.283008779154,6.354416636192,
    6.425824493229,6.497232350266,6.568640207303,6.640048064341,
    6.711455921378,6.782863778415,6.854271635453,6.92567949249,
    6.997087349527,7.068495206564,7.139903063602,7.211310920639,
    7.282718777676,7.354126634713,7.425534491751,7.496942348788,
    7.568350205825,7.639758062863,7.7111659199,7.782573776937,
    7.853981633974),.QUASI_UNIFORM_KNOTS.);
#744 = CARTESIAN_POINT('',(9.424777960769,1.765280253614E-04));
#745 = CARTESIAN_POINT('',(9.424777960769,-2.362609098707E-02));
#746 = CARTESIAN_POINT('',(9.424777960769,-7.123132901192E-02));
#747 = CARTESIAN_POINT('',(9.424777960769,-0.142639186049));
#748 = CARTESIAN_POINT('',(9.424777960769,-0.214047043086));
#749 = CARTESIAN_POINT('',(9.424777960769,-0.285454900124));
#750 = CARTESIAN_POINT('',(9.424777960769,-0.356862757161));
#751 = CARTESIAN_POINT('',(9.424777960769,-0.428270614198));
#752 = CARTESIAN_POINT('',(9.424777960769,-0.499678471236));
#753 = CARTESIAN_POINT('',(9.424777960769,-0.571086328273));
#754 = CARTESIAN_POINT('',(9.424777960769,-0.64249418531));
#755 = CARTESIAN_POINT('',(9.424777960769,-0.713902042347));
#756 = CARTESIAN_POINT('',(9.424777960769,-0.785309899385));
#757 = CARTESIAN_POINT('',(9.424777960769,-0.856717756422));
#758 = CARTESIAN_POINT('',(9.424777960769,-0.928125613459));
#759 = CARTESIAN_POINT('',(9.424777960769,-0.999533470497));
#760 = CARTESIAN_POINT('',(9.424777960769,-1.070941327534));
#761 = CARTESIAN_POINT('',(9.424777960769,-1.142349184571));
#762 = CARTESIAN_POINT('',(9.424777960769,-1.213757041608));
#763 = CARTESIAN_POINT('',(9.424777960769,-1.285164898646));
#764 = CARTESIAN_POINT('',(9.424777960769,-1.356572755683));
#765 = CARTESIAN_POINT('',(9.424777960769,-1.42798061272));
#766 = CARTESIAN_POINT('',(9.424777960769,-1.499388469758));
#767 = CARTESIAN_POINT('',(9.424777960769,-1.546993707782));
#768 = CARTESIAN_POINT('',(9.424777960769,-1.570796326795));
#769 = ( GEOMETRIC_REPRESENTATION_CONTEXT(2) 
PARAMETRIC_REPRESENTATION_CONTEXT() REPRESENTATION_CONTEXT('2D SPACE',''
  ) );
#770 = ORIENTED_EDGE('',*,*,#703,.F.);
#771 = ORIENTED_EDGE('',*,*,#772,.T.);
#772 = EDGE_CURVE('',#568,#566,#773,.T.);
#773 = SURFACE_CURVE('',#774,(#793,#844),.PCURVE_S1.);
#774 = B_SPLINE_CURVE_WITH_KNOTS('',3,(#775,#776,#777,#778,#779,#780,
    #781,#782,#783,#784,#785,#786,#787,#788,#789,#790,#791,#792),
  .UNSPECIFIED.,.F.,.F.,(4,2,2,2,2,2,2,2,4),(0.334889579822,
    0.353695543572,0.372501507323,0.389779483482,0.418611974777,
    0.447444466073,0.464722442232,0.483528405982,0.502334369733),
  .UNSPECIFIED.);
#775 = CARTESIAN_POINT('',(2.5,-11.01291530926,-4.664484536466));
#776 = CARTESIAN_POINT('',(2.562686545835,-11.01291530926,
    -4.664484536466));
#777 = CARTESIAN_POINT('',(2.629682703115,-11.00820590609,
    -4.675652606761));
#778 = CARTESIAN_POINT('',(2.753959277362,-10.988879374,-4.720895566905)
  );
#779 = CARTESIAN_POINT('',(2.811249490586,-10.97424640962,
    -4.754936775048));
#780 = CARTESIAN_POINT('',(2.900036189103,-10.94172362833,
    -4.829276677383));
#781 = CARTESIAN_POINT('',(2.942722855445,-10.91970269577,
    -4.878969558246));
#782 = CARTESIAN_POINT('',(3.017527118049,-10.86441371984,
    -5.001328131402));
#783 = CARTESIAN_POINT('',(3.046025777757,-10.81729199539,
    -5.102661099128));
#784 = CARTESIAN_POINT('',(3.046025777757,-10.73389233452,
    -5.275842279402));
#785 = CARTESIAN_POINT('',(3.017527118049,-10.68404694478,
    -5.375863599056));
#786 = CARTESIAN_POINT('',(2.942722855445,-10.62285527278,
    -5.495379583601));
#787 = CARTESIAN_POINT('',(2.900036189103,-10.59773364094,
    -5.543579246392));
#788 = CARTESIAN_POINT('',(2.811249490586,-10.55988998736,
    -5.615356751681));
#789 = CARTESIAN_POINT('',(2.753959277362,-10.54239900319,
    -5.648021610037));
#790 = CARTESIAN_POINT('',(2.629682703115,-10.51907652826,
    -5.691340225527));
#791 = CARTESIAN_POINT('',(2.562686545835,-10.51328124415,
    -5.701985363125));
#792 = CARTESIAN_POINT('',(2.5,-10.51328124415,-5.701985363125));
#793 = PCURVE('',#591,#794);
#794 = DEFINITIONAL_REPRESENTATION('',(#795),#843);
#795 = B_SPLINE_CURVE_WITH_KNOTS('',3,(#796,#797,#798,#799,#800,#801,
    #802,#803,#804,#805,#806,#807,#808,#809,#810,#811,#812,#813,#814,
    #815,#816,#817,#818,#819,#820,#821,#822,#823,#824,#825,#826,#827,
    #828,#829,#830,#831,#832,#833,#834,#835,#836,#837,#838,#839,#840,
    #841,#842),.UNSPECIFIED.,.F.,.F.,(4,1,1,1,1,1,1,1,1,1,1,1,1,1,1,1,1,
    1,1,1,1,1,1,1,1,1,1,1,1,1,1,1,1,1,1,1,1,1,1,1,1,1,1,1,4),(
    0.334889579822,0.338695143229,0.342500706636,0.346306270043,
    0.35011183345,0.353917396857,0.357722960264,0.361528523671,
    0.365334087078,0.369139650485,0.372945213892,0.3767507773,
    0.380556340707,0.384361904114,0.388167467521,0.391973030928,
    0.395778594335,0.399584157742,0.403389721149,0.407195284556,
    0.411000847963,0.41480641137,0.418611974777,0.422417538184,
    0.426223101591,0.430028664998,0.433834228406,0.437639791813,
    0.44144535522,0.445250918627,0.449056482034,0.452862045441,
    0.456667608848,0.460473172255,0.464278735662,0.468084299069,
    0.471889862476,0.475695425883,0.47950098929,0.483306552697,
    0.487112116104,0.490917679512,0.494723242919,0.498528806326,
    0.502334369733),.QUASI_UNIFORM_KNOTS.);
#796 = CARTESIAN_POINT('',(9.424777960769,1.765280253614E-04));
#797 = CARTESIAN_POINT('',(9.415222217899,1.76517065124E-04));
#798 = CARTESIAN_POINT('',(9.395844894271,8.655419533768E-04));
#799 = CARTESIAN_POINT('',(9.366297607056,3.976814952981E-03));
#800 = CARTESIAN_POINT('',(9.336586102223,9.176916767958E-03));
#801 = CARTESIAN_POINT('',(9.307024410986,1.647519787159E-02));
#802 = CARTESIAN_POINT('',(9.277922497184,2.588787361336E-02));
#803 = CARTESIAN_POINT('',(9.249577808542,3.741169208908E-02));
#804 = CARTESIAN_POINT('',(9.222179962877,5.079540468891E-02));
#805 = CARTESIAN_POINT('',(9.195973020166,6.575977258705E-02));
#806 = CARTESIAN_POINT('',(9.171036214476,8.218630235737E-02));
#807 = CARTESIAN_POINT('',(9.148070736528,9.9354335973E-02));
#808 = CARTESIAN_POINT('',(9.125378259452,0.118905466083));
#809 = CARTESIAN_POINT('',(9.102816498701,0.140831693803));
#810 = CARTESIAN_POINT('',(9.081388683728,0.164025564869));
#811 = CARTESIAN_POINT('',(9.061762945334,0.187740114843));
#812 = CARTESIAN_POINT('',(9.044932811,0.210948364836));
#813 = CARTESIAN_POINT('',(9.02877666493,0.2364248772));
#814 = CARTESIAN_POINT('',(9.013731445364,0.263326057827));
#815 = CARTESIAN_POINT('',(8.99986720166,0.291368636009));
#816 = CARTESIAN_POINT('',(8.9873727473,0.320127038731));
#817 = CARTESIAN_POINT('',(8.976436312275,0.349181564831));
#818 = CARTESIAN_POINT('',(8.967243640839,0.378247086499));
#819 = CARTESIAN_POINT('',(8.960112170726,0.406529425672));
#820 = CARTESIAN_POINT('',(8.954964051075,0.435186425394));
#821 = CARTESIAN_POINT('',(8.95150937831,0.465335175224));
#822 = CARTESIAN_POINT('',(8.949900085919,0.496138875471));
#823 = CARTESIAN_POINT('',(8.950195688232,0.527267630942));
#824 = CARTESIAN_POINT('',(8.952508726982,0.558257057619));
#825 = CARTESIAN_POINT('',(8.95694410036,0.58862802126));
#826 = CARTESIAN_POINT('',(8.963679187979,0.618066241664));
#827 = CARTESIAN_POINT('',(8.972680704959,0.645599183057));
#828 = CARTESIAN_POINT('',(8.985349469212,0.674504468992));
#829 = CARTESIAN_POINT('',(9.001279921796,0.70340725818));
#830 = CARTESIAN_POINT('',(9.0201941815,0.731305632997));
#831 = CARTESIAN_POINT('',(9.041405970621,0.756760776267));
#832 = CARTESIAN_POINT('',(9.06506948284,0.779747796293));
#833 = CARTESIAN_POINT('',(9.092931644574,0.802208975658));
#834 = CARTESIAN_POINT('',(9.12453105429,0.823107703924));
#835 = CARTESIAN_POINT('',(9.159882759361,0.842159087936));
#836 = CARTESIAN_POINT('',(9.198742582826,0.858875060359));
#837 = CARTESIAN_POINT('',(9.240784238567,0.872814956123));
#838 = CARTESIAN_POINT('',(9.285312919997,0.883787336501));
#839 = CARTESIAN_POINT('',(9.331490692481,0.891669602237));
#840 = CARTESIAN_POINT('',(9.378382940329,0.896384487767));
#841 = CARTESIAN_POINT('',(9.409453797624,0.897427024017));
#842 = CARTESIAN_POINT('',(9.424777960769,0.897421373));
#843 = ( GEOMETRIC_REPRESENTATION_CONTEXT(2) 
PARAMETRIC_REPRESENTATION_CONTEXT() REPRESENTATION_CONTEXT('2D SPACE',''
  ) );
#844 = PCURVE('',#647,#845);
#845 = DEFINITIONAL_REPRESENTATION('',(#846),#894);
#846 = B_SPLINE_CURVE_WITH_KNOTS('',3,(#847,#848,#849,#850,#851,#852,
    #853,#854,#855,#856,#857,#858,#859,#860,#861,#862,#863,#864,#865,
    #866,#867,#868,#869,#870,#871,#872,#873,#874,#875,#876,#877,#878,
    #879,#880,#881,#882,#883,#884,#885,#886,#887,#888,#889,#890,#891,
    #892,#893),.UNSPECIFIED.,.F.,.F.,(4,1,1,1,1,1,1,1,1,1,1,1,1,1,1,1,1,
    1,1,1,1,1,1,1,1,1,1,1,1,1,1,1,1,1,1,1,1,1,1,1,1,1,1,1,4),(
    0.334889579822,0.338695143229,0.342500706636,0.346306270043,
    0.35011183345,0.353917396857,0.357722960264,0.361528523671,
    0.365334087078,0.369139650485,0.372945213892,0.3767507773,
    0.380556340707,0.384361904114,0.388167467521,0.391973030928,
    0.395778594335,0.399584157742,0.403389721149,0.407195284556,
    0.411000847963,0.41480641137,0.418611974777,0.422417538184,
    0.426223101591,0.430028664998,0.433834228406,0.437639791813,
    0.44144535522,0.445250918627,0.449056482034,0.452862045441,
    0.456667608848,0.460473172255,0.464278735662,0.468084299069,
    0.471889862476,0.475695425883,0.47950098929,0.483306552697,
    0.487112116104,0.490917679512,0.494723242919,0.498528806326,
    0.502334369733),.QUASI_UNIFORM_KNOTS.);
#847 = CARTESIAN_POINT('',(5.882546215434,-2.44));
#848 = CARTESIAN_POINT('',(5.882546215398,-2.452685211357));
#849 = CARTESIAN_POINT('',(5.882463217097,-2.478408581961));
#850 = CARTESIAN_POINT('',(5.882088248775,-2.517596715739));
#851 = CARTESIAN_POINT('',(5.881461282812,-2.55693203704));
#852 = CARTESIAN_POINT('',(5.880580969471,-2.595959091453));
#853 = CARTESIAN_POINT('',(5.879445296965,-2.634220805355));
#854 = CARTESIAN_POINT('',(5.878054731685,-2.671266200116));
#855 = CARTESIAN_POINT('',(5.876439484547,-2.706806114514));
#856 = CARTESIAN_POINT('',(5.874633333552,-2.740489798168));
#857 = CARTESIAN_POINT('',(5.872650982258,-2.772169137769));
#858 = CARTESIAN_POINT('',(5.870579847851,-2.800947060885));
#859 = CARTESIAN_POINT('',(5.868224666879,-2.828831121131));
#860 = CARTESIAN_POINT('',(5.865587228849,-2.855930042726));
#861 = CARTESIAN_POINT('',(5.862801313353,-2.880996113679));
#862 = CARTESIAN_POINT('',(5.859958491732,-2.903206879213));
#863 = CARTESIAN_POINT('',(5.857187155166,-2.921395291898));
#864 = CARTESIAN_POINT('',(5.854160020265,-2.937850718937));
#865 = CARTESIAN_POINT('',(5.850980135867,-2.95210421934));
#866 = CARTESIAN_POINT('',(5.847683634321,-2.964102617757));
#867 = CARTESIAN_POINT('',(5.844323533616,-2.973681334572));
#868 = CARTESIAN_POINT('',(5.840952250144,-2.98070564159));
#869 = CARTESIAN_POINT('',(5.83760771295,-2.985032809204));
#870 = CARTESIAN_POINT('',(5.834386356667,-2.986522262034));
#871 = CARTESIAN_POINT('',(5.831165000383,-2.985032809204));
#872 = CARTESIAN_POINT('',(5.82782046319,-2.98070564159));
#873 = CARTESIAN_POINT('',(5.824449179718,-2.973681334572));
#874 = CARTESIAN_POINT('',(5.821089079013,-2.964102617757));
#875 = CARTESIAN_POINT('',(5.817792577466,-2.95210421934));
#876 = CARTESIAN_POINT('',(5.814612693068,-2.937850718937));
#877 = CARTESIAN_POINT('',(5.811585558167,-2.921395291898));
#878 = CARTESIAN_POINT('',(5.808814221601,-2.903206879213));
#879 = CARTESIAN_POINT('',(5.80597139998,-2.880996113679));
#880 = CARTESIAN_POINT('',(5.803185484485,-2.855930042726));
#881 = CARTESIAN_POINT('',(5.800548046455,-2.828831121131));
#882 = CARTESIAN_POINT('',(5.798192865483,-2.800947060885));
#883 = CARTESIAN_POINT('',(5.796121731076,-2.772169137769));
#884 = CARTESIAN_POINT('',(5.794139379781,-2.740489798168));
#885 = CARTESIAN_POINT('',(5.792333228787,-2.706806114514));
#886 = CARTESIAN_POINT('',(5.790717981649,-2.671266200116));
#887 = CARTESIAN_POINT('',(5.789327416368,-2.634220805355));
#888 = CARTESIAN_POINT('',(5.788191743862,-2.595959091453));
#889 = CARTESIAN_POINT('',(5.787311430521,-2.55693203704));
#890 = CARTESIAN_POINT('',(5.786684464559,-2.517596715739));
#891 = CARTESIAN_POINT('',(5.786309496236,-2.478408581961));
#892 = CARTESIAN_POINT('',(5.786226497936,-2.452685211357));
#893 = CARTESIAN_POINT('',(5.786226497899,-2.44));
#894 = ( GEOMETRIC_REPRESENTATION_CONTEXT(2) 
PARAMETRIC_REPRESENTATION_CONTEXT() REPRESENTATION_CONTEXT('2D SPACE',''
  ) );
#895 = ORIENTED_EDGE('',*,*,#896,.F.);
#896 = EDGE_CURVE('',#897,#566,#899,.T.);
#897 = VERTEX_POINT('',#898);
#898 = CARTESIAN_POINT('',(2.5,-9.685415329951,-5.991750195514));
#899 = SEAM_CURVE('',#900,(#905,#934),.PCURVE_S1.);
#900 = CIRCLE('',#901,1.3275);
#901 = AXIS2_PLACEMENT_3D('',#902,#903,#904);
#902 = CARTESIAN_POINT('',(2.5,-9.685415329951,-4.664250195514));
#903 = DIRECTION('',(-1.,2.090815488936E-16,0.));
#904 = DIRECTION('',(-2.090815488936E-16,-1.,0.));
#905 = PCURVE('',#591,#906);
#906 = DEFINITIONAL_REPRESENTATION('',(#907),#933);
#907 = B_SPLINE_CURVE_WITH_KNOTS('',3,(#908,#909,#910,#911,#912,#913,
    #914,#915,#916,#917,#918,#919,#920,#921,#922,#923,#924,#925,#926,
    #927,#928,#929,#930,#931,#932),.UNSPECIFIED.,.F.,.F.,(4,1,1,1,1,1,1,
    1,1,1,1,1,1,1,1,1,1,1,1,1,1,1,4),(4.712388980385,4.74299693283,
    4.773604885275,4.804212837721,4.834820790166,4.865428742611,
    4.896036695056,4.926644647502,4.957252599947,4.987860552392,
    5.018468504838,5.049076457283,5.079684409728,5.110292362174,
    5.140900314619,5.171508267064,5.20211621951,5.232724171955,
    5.2633321244,5.293940076845,5.324548029291,5.355155981736,
    5.385763934181),.QUASI_UNIFORM_KNOTS.);
#908 = CARTESIAN_POINT('',(9.424777960769,1.570796326795));
#909 = CARTESIAN_POINT('',(9.424777960769,1.56059367598));
#910 = CARTESIAN_POINT('',(9.424777960769,1.54018837435));
#911 = CARTESIAN_POINT('',(9.424777960769,1.509580421904));
#912 = CARTESIAN_POINT('',(9.424777960769,1.478972469459));
#913 = CARTESIAN_POINT('',(9.424777960769,1.448364517014));
#914 = CARTESIAN_POINT('',(9.424777960769,1.417756564568));
#915 = CARTESIAN_POINT('',(9.424777960769,1.387148612123));
#916 = CARTESIAN_POINT('',(9.424777960769,1.356540659678));
#917 = CARTESIAN_POINT('',(9.424777960769,1.325932707232));
#918 = CARTESIAN_POINT('',(9.424777960769,1.295324754787));
#919 = CARTESIAN_POINT('',(9.424777960769,1.264716802342));
#920 = CARTESIAN_POINT('',(9.424777960769,1.234108849897));
#921 = CARTESIAN_POINT('',(9.424777960769,1.203500897451));
#922 = CARTESIAN_POINT('',(9.424777960769,1.172892945006));
#923 = CARTESIAN_POINT('',(9.424777960769,1.142284992561));
#924 = CARTESIAN_POINT('',(9.424777960769,1.111677040115));
#925 = CARTESIAN_POINT('',(9.424777960769,1.08106908767));
#926 = CARTESIAN_POINT('',(9.424777960769,1.050461135225));
#927 = CARTESIAN_POINT('',(9.424777960769,1.019853182779));
#928 = CARTESIAN_POINT('',(9.424777960769,0.989245230334));
#929 = CARTESIAN_POINT('',(9.424777960769,0.958637277889));
#930 = CARTESIAN_POINT('',(9.424777960769,0.928029325444));
#931 = CARTESIAN_POINT('',(9.424777960769,0.907624023813));
#932 = CARTESIAN_POINT('',(9.424777960769,0.897421372998));
#933 = ( GEOMETRIC_REPRESENTATION_CONTEXT(2) 
PARAMETRIC_REPRESENTATION_CONTEXT() REPRESENTATION_CONTEXT('2D SPACE',''
  ) );
#934 = PCURVE('',#591,#935);
#935 = DEFINITIONAL_REPRESENTATION('',(#936),#962);
#936 = B_SPLINE_CURVE_WITH_KNOTS('',3,(#937,#938,#939,#940,#941,#942,
    #943,#944,#945,#946,#947,#948,#949,#950,#951,#952,#953,#954,#955,
    #956,#957,#958,#959,#960,#961),.UNSPECIFIED.,.F.,.F.,(4,1,1,1,1,1,1,
    1,1,1,1,1,1,1,1,1,1,1,1,1,1,1,4),(4.712388980385,4.74299693283,
    4.773604885275,4.804212837721,4.834820790166,4.865428742611,
    4.896036695056,4.926644647502,4.957252599947,4.987860552392,
    5.018468504838,5.049076457283,5.079684409728,5.110292362174,
    5.140900314619,5.171508267064,5.20211621951,5.232724171955,
    5.2633321244,5.293940076845,5.324548029291,5.355155981736,
    5.385763934181),.QUASI_UNIFORM_KNOTS.);
#937 = CARTESIAN_POINT('',(3.14159265359,1.570796326795));
#938 = CARTESIAN_POINT('',(3.14159265359,1.56059367598));
#939 = CARTESIAN_POINT('',(3.14159265359,1.54018837435));
#940 = CARTESIAN_POINT('',(3.14159265359,1.509580421904));
#941 = CARTESIAN_POINT('',(3.14159265359,1.478972469459));
#942 = CARTESIAN_POINT('',(3.14159265359,1.448364517014));
#943 = CARTESIAN_POINT('',(3.14159265359,1.417756564568));
#944 = CARTESIAN_POINT('',(3.14159265359,1.387148612123));
#945 = CARTESIAN_POINT('',(3.14159265359,1.356540659678));
#946 = CARTESIAN_POINT('',(3.14159265359,1.325932707232));
#947 = CARTESIAN_POINT('',(3.14159265359,1.295324754787));
#948 = CARTESIAN_POINT('',(3.14159265359,1.264716802342));
#949 = CARTESIAN_POINT('',(3.14159265359,1.234108849897));
#950 = CARTESIAN_POINT('',(3.14159265359,1.203500897451));
#951 = CARTESIAN_POINT('',(3.14159265359,1.172892945006));
#952 = CARTESIAN_POINT('',(3.14159265359,1.142284992561));
#953 = CARTESIAN_POINT('',(3.14159265359,1.111677040115));
#954 = CARTESIAN_POINT('',(3.14159265359,1.08106908767));
#955 = CARTESIAN_POINT('',(3.14159265359,1.050461135225));
#956 = CARTESIAN_POINT('',(3.14159265359,1.019853182779));
#957 = CARTESIAN_POINT('',(3.14159265359,0.989245230334));
#958 = CARTESIAN_POINT('',(3.14159265359,0.958637277889));
#959 = CARTESIAN_POINT('',(3.14159265359,0.928029325444));
#960 = CARTESIAN_POINT('',(3.14159265359,0.907624023813));
#961 = CARTESIAN_POINT('',(3.14159265359,0.897421372998));
#962 = ( GEOMETRIC_REPRESENTATION_CONTEXT(2) 
PARAMETRIC_REPRESENTATION_CONTEXT() REPRESENTATION_CONTEXT('2D SPACE',''
  ) );
#963 = ORIENTED_EDGE('',*,*,#896,.T.);
#964 = ADVANCED_FACE('',(#965,#1331,#1590,#1739,#1998,#2257,#2516,#2775,
    #2924,#2928,#3187,#3336,#3485,#3634),#647,.T.);
#965 = FACE_BOUND('',#966,.T.);
#966 = EDGE_LOOP('',(#967,#992,#1124,#1147,#1178,#1179,#1303,#1304));
#967 = ORIENTED_EDGE('',*,*,#968,.T.);
#968 = EDGE_CURVE('',#969,#971,#973,.T.);
#969 = VERTEX_POINT('',#970);
#970 = CARTESIAN_POINT('',(4.77,11.960005,0.));
#971 = VERTEX_POINT('',#972);
#972 = CARTESIAN_POINT('',(3.046025777757,11.960005,1.047686576855E-14)
  );
#973 = SEAM_CURVE('',#974,(#978,#985),.PCURVE_S1.);
#974 = LINE('',#975,#976);
#975 = CARTESIAN_POINT('',(6.E-02,11.960005,-1.464678184104E-15));
#976 = VECTOR('',#977,1.);
#977 = DIRECTION('',(-1.,0.,0.));
#978 = PCURVE('',#647,#979);
#979 = DEFINITIONAL_REPRESENTATION('',(#980),#984);
#980 = LINE('',#981,#982);
#981 = CARTESIAN_POINT('',(9.424777960769,0.));
#982 = VECTOR('',#983,1.);
#983 = DIRECTION('',(0.,1.));
#984 = ( GEOMETRIC_REPRESENTATION_CONTEXT(2) 
PARAMETRIC_REPRESENTATION_CONTEXT() REPRESENTATION_CONTEXT('2D SPACE',''
  ) );
#985 = PCURVE('',#647,#986);
#986 = DEFINITIONAL_REPRESENTATION('',(#987),#991);
#987 = LINE('',#988,#989);
#988 = CARTESIAN_POINT('',(3.14159265359,0.));
#989 = VECTOR('',#990,1.);
#990 = DIRECTION('',(0.,1.));
#991 = ( GEOMETRIC_REPRESENTATION_CONTEXT(2) 
PARAMETRIC_REPRESENTATION_CONTEXT() REPRESENTATION_CONTEXT('2D SPACE',''
  ) );
#992 = ORIENTED_EDGE('',*,*,#993,.T.);
#993 = EDGE_CURVE('',#971,#994,#996,.T.);
#994 = VERTEX_POINT('',#995);
#995 = CARTESIAN_POINT('',(1.953974222243,11.960005,1.093656748969E-14)
  );
#996 = SURFACE_CURVE('',#997,(#1017,#1068),.PCURVE_S1.);
#997 = B_SPLINE_CURVE_WITH_KNOTS('',3,(#998,#999,#1000,#1001,#1002,#1003
    ,#1004,#1005,#1006,#1007,#1008,#1009,#1010,#1011,#1012,#1013,#1014,
    #1015,#1016),.UNSPECIFIED.,.F.,.F.,(4,2,2,2,3,2,2,2,4),(
    -8.372239495542E-02,-5.488990366019E-02,-3.761192750086E-02,
    -1.880596375043E-02,-5.551115123126E-17,1.880596375043E-02,
    3.761192750086E-02,5.488990366019E-02,8.372239495542E-02),
  .UNSPECIFIED.);
#998 = CARTESIAN_POINT('',(3.046025777757,11.960005,2.270753030054E-14)
  );
#999 = CARTESIAN_POINT('',(3.046025777757,11.960005,9.610830431745E-02)
  );
#1000 = CARTESIAN_POINT('',(3.017527118049,11.958493479802,0.20785150353
    ));
#1001 = CARTESIAN_POINT('',(2.942722855445,11.955217730613,
    0.342081756271));
#1002 = CARTESIAN_POINT('',(2.900036189103,11.953496972336,
    0.396408019442));
#1003 = CARTESIAN_POINT('',(2.811249490586,11.950544110986,
    0.477497063043));
#1004 = CARTESIAN_POINT('',(2.753959277362,11.948958029668,
    0.514516137106));
#1005 = CARTESIAN_POINT('',(2.629682703114,11.946740448688,
    0.563664103694));
#1006 = CARTESIAN_POINT('',(2.562686545835,11.946137830234,
    0.575769520801));
#1007 = CARTESIAN_POINT('',(2.5,11.946137830234,0.575769520801));
#1008 = CARTESIAN_POINT('',(2.437313454165,11.946137830234,
    0.575769520801));
#1009 = CARTESIAN_POINT('',(2.370317296886,11.946740448688,
    0.563664103694));
#1010 = CARTESIAN_POINT('',(2.246040722638,11.948958029668,
    0.514516137106));
#1011 = CARTESIAN_POINT('',(2.188750509414,11.950544110986,
    0.477497063043));
#1012 = CARTESIAN_POINT('',(2.099963810897,11.953496972336,
    0.396408019442));
#1013 = CARTESIAN_POINT('',(2.057277144555,11.955217730613,
    0.342081756271));
#1014 = CARTESIAN_POINT('',(1.982472881951,11.958493479802,0.20785150353
    ));
#1015 = CARTESIAN_POINT('',(1.953974222243,11.960005,9.610830431745E-02)
  );
#1016 = CARTESIAN_POINT('',(1.953974222243,11.960005,2.275957200482E-14)
  );
#1017 = PCURVE('',#647,#1018);
#1018 = DEFINITIONAL_REPRESENTATION('',(#1019),#1067);
#1019 = B_SPLINE_CURVE_WITH_KNOTS('',3,(#1020,#1021,#1022,#1023,#1024,
    #1025,#1026,#1027,#1028,#1029,#1030,#1031,#1032,#1033,#1034,#1035,
    #1036,#1037,#1038,#1039,#1040,#1041,#1042,#1043,#1044,#1045,#1046,
    #1047,#1048,#1049,#1050,#1051,#1052,#1053,#1054,#1055,#1056,#1057,
    #1058,#1059,#1060,#1061,#1062,#1063,#1064,#1065,#1066),
  .UNSPECIFIED.,.F.,.F.,(4,1,1,1,1,1,1,1,1,1,1,1,1,1,1,1,1,1,1,1,1,1,1,1
    ,1,1,1,1,1,1,1,1,1,1,1,1,1,1,1,1,1,1,1,1,4),(-8.372239495542E-02,
    -7.991683154835E-02,-7.611126814129E-02,-7.230570473423E-02,
    -6.850014132716E-02,-6.46945779201E-02,-6.088901451303E-02,
    -5.708345110597E-02,-5.32778876989E-02,-4.947232429184E-02,
    -4.566676088477E-02,-4.186119747771E-02,-3.805563407064E-02,
    -3.425007066358E-02,-3.044450725652E-02,-2.663894384945E-02,
    -2.283338044239E-02,-1.902781703532E-02,-1.522225362826E-02,
    -1.141669022119E-02,-7.611126814129E-03,-3.805563407065E-03,
    -5.551115123126E-17,3.805563407064E-03,7.611126814129E-03,
    1.141669022119E-02,1.522225362826E-02,1.902781703532E-02,
    2.283338044239E-02,2.663894384945E-02,3.044450725652E-02,
    3.425007066358E-02,3.805563407064E-02,4.186119747771E-02,
    4.566676088477E-02,4.947232429184E-02,5.32778876989E-02,
    5.708345110597E-02,6.088901451303E-02,6.46945779201E-02,
    6.850014132716E-02,7.230570473423E-02,7.611126814129E-02,
    7.991683154835E-02,8.372239495542E-02),.UNSPECIFIED.);
#1020 = CARTESIAN_POINT('',(9.424777960769,-2.986025777757));
#1021 = CARTESIAN_POINT('',(9.423717326245,-2.986025777757));
#1022 = CARTESIAN_POINT('',(9.42155050113,-2.985032809204));
#1023 = CARTESIAN_POINT('',(9.418213702682,-2.98070564159));
#1024 = CARTESIAN_POINT('',(9.414840345619,-2.973681334571));
#1025 = CARTESIAN_POINT('',(9.411480800531,-2.964102617756));
#1026 = CARTESIAN_POINT('',(9.408184150107,-2.95210421934));
#1027 = CARTESIAN_POINT('',(9.405004305601,-2.937850718937));
#1028 = CARTESIAN_POINT('',(9.401977160011,-2.921395291897));
#1029 = CARTESIAN_POINT('',(9.399205826309,-2.903206879214));
#1030 = CARTESIAN_POINT('',(9.396363003921,-2.880996113672));
#1031 = CARTESIAN_POINT('',(9.393577088631,-2.85593004275));
#1032 = CARTESIAN_POINT('',(9.390939650546,-2.828831121041));
#1033 = CARTESIAN_POINT('',(9.388584469589,-2.800947061221));
#1034 = CARTESIAN_POINT('',(9.386513335178,-2.772169136512));
#1035 = CARTESIAN_POINT('',(9.384530983884,-2.740489802857));
#1036 = CARTESIAN_POINT('',(9.38272483289,-2.706806097013));
#1037 = CARTESIAN_POINT('',(9.381109585752,-2.671266265428));
#1038 = CARTESIAN_POINT('',(9.379719020471,-2.634220561606));
#1039 = CARTESIAN_POINT('',(9.378583347964,-2.595960001137));
#1040 = CARTESIAN_POINT('',(9.377703034625,-2.556928642054));
#1041 = CARTESIAN_POINT('',(9.377076068657,-2.517609385998));
#1042 = CARTESIAN_POINT('',(9.376701100356,-2.47836129591));
#1043 = CARTESIAN_POINT('',(9.376576602825,-2.44));
#1044 = CARTESIAN_POINT('',(9.376701100356,-2.40163870409));
#1045 = CARTESIAN_POINT('',(9.377076068657,-2.362390614002));
#1046 = CARTESIAN_POINT('',(9.377703034625,-2.323071357946));
#1047 = CARTESIAN_POINT('',(9.378583347964,-2.284039998863));
#1048 = CARTESIAN_POINT('',(9.379719020471,-2.245779438394));
#1049 = CARTESIAN_POINT('',(9.381109585752,-2.208733734572));
#1050 = CARTESIAN_POINT('',(9.38272483289,-2.173193902987));
#1051 = CARTESIAN_POINT('',(9.384530983884,-2.139510197143));
#1052 = CARTESIAN_POINT('',(9.386513335178,-2.107830863488));
#1053 = CARTESIAN_POINT('',(9.388584469589,-2.079052938779));
#1054 = CARTESIAN_POINT('',(9.390939650546,-2.051168878959));
#1055 = CARTESIAN_POINT('',(9.393577088631,-2.02406995725));
#1056 = CARTESIAN_POINT('',(9.396363003921,-1.999003886328));
#1057 = CARTESIAN_POINT('',(9.399205826309,-1.976793120786));
#1058 = CARTESIAN_POINT('',(9.401977160011,-1.958604708103));
#1059 = CARTESIAN_POINT('',(9.405004305601,-1.942149281063));
#1060 = CARTESIAN_POINT('',(9.408184150107,-1.92789578066));
#1061 = CARTESIAN_POINT('',(9.411480800531,-1.915897382244));
#1062 = CARTESIAN_POINT('',(9.414840345619,-1.906318665429));
#1063 = CARTESIAN_POINT('',(9.418213702682,-1.89929435841));
#1064 = CARTESIAN_POINT('',(9.42155050113,-1.894967190796));
#1065 = CARTESIAN_POINT('',(9.423717326245,-1.893974222243));
#1066 = CARTESIAN_POINT('',(9.424777960769,-1.893974222243));
#1067 = ( GEOMETRIC_REPRESENTATION_CONTEXT(2) 
PARAMETRIC_REPRESENTATION_CONTEXT() REPRESENTATION_CONTEXT('2D SPACE',''
  ) );
#1068 = PCURVE('',#1069,#1074);
#1069 = SPHERICAL_SURFACE('',#1070,1.3275);
#1070 = AXIS2_PLACEMENT_3D('',#1071,#1072,#1073);
#1071 = CARTESIAN_POINT('',(2.5,10.75,1.7763568394E-14));
#1072 = DIRECTION('',(0.,0.,-1.));
#1073 = DIRECTION('',(0.,1.,0.));
#1074 = DEFINITIONAL_REPRESENTATION('',(#1075),#1123);
#1075 = B_SPLINE_CURVE_WITH_KNOTS('',3,(#1076,#1077,#1078,#1079,#1080,
    #1081,#1082,#1083,#1084,#1085,#1086,#1087,#1088,#1089,#1090,#1091,
    #1092,#1093,#1094,#1095,#1096,#1097,#1098,#1099,#1100,#1101,#1102,
    #1103,#1104,#1105,#1106,#1107,#1108,#1109,#1110,#1111,#1112,#1113,
    #1114,#1115,#1116,#1117,#1118,#1119,#1120,#1121,#1122),
  .UNSPECIFIED.,.F.,.F.,(4,1,1,1,1,1,1,1,1,1,1,1,1,1,1,1,1,1,1,1,1,1,1,1
    ,1,1,1,1,1,1,1,1,1,1,1,1,1,1,1,1,1,1,1,1,4),(-8.372239495542E-02,
    -7.991683154835E-02,-7.611126814129E-02,-7.230570473423E-02,
    -6.850014132716E-02,-6.46945779201E-02,-6.088901451303E-02,
    -5.708345110597E-02,-5.32778876989E-02,-4.947232429184E-02,
    -4.566676088477E-02,-4.186119747771E-02,-3.805563407064E-02,
    -3.425007066358E-02,-3.044450725652E-02,-2.663894384945E-02,
    -2.283338044239E-02,-1.902781703532E-02,-1.522225362826E-02,
    -1.141669022119E-02,-7.611126814129E-03,-3.805563407065E-03,
    -5.551115123126E-17,3.805563407064E-03,7.611126814129E-03,
    1.141669022119E-02,1.522225362826E-02,1.902781703532E-02,
    2.283338044239E-02,2.663894384945E-02,3.044450725652E-02,
    3.425007066358E-02,3.805563407064E-02,4.186119747771E-02,
    4.566676088477E-02,4.947232429184E-02,5.32778876989E-02,
    5.708345110597E-02,6.088901451303E-02,6.46945779201E-02,
    6.850014132716E-02,7.230570473423E-02,7.611126814129E-02,
    7.991683154835E-02,8.372239495542E-02),.UNSPECIFIED.);
#1076 = CARTESIAN_POINT('',(6.707085815594,-3.72426508967E-15));
#1077 = CARTESIAN_POINT('',(6.707084983543,-9.554875501634E-03));
#1078 = CARTESIAN_POINT('',(6.706421054455,-2.907822053533E-02));
#1079 = CARTESIAN_POINT('',(6.70351422536,-5.917741339736E-02));
#1080 = CARTESIAN_POINT('',(6.698775343863,-8.966862536765E-02));
#1081 = CARTESIAN_POINT('',(6.692272710557,-0.120114123225));
#1082 = CARTESIAN_POINT('',(6.68406325847,-0.150083561923));
#1083 = CARTESIAN_POINT('',(6.674220597635,-0.179100278629));
#1084 = CARTESIAN_POINT('',(6.662734665938,-0.206854514043));
#1085 = CARTESIAN_POINT('',(6.649895914051,-0.232424417704));
#1086 = CARTESIAN_POINT('',(6.634009680624,-0.258849151239));
#1087 = CARTESIAN_POINT('',(6.615808020231,-0.284910841047));
#1088 = CARTESIAN_POINT('',(6.595816155251,-0.309731961696));
#1089 = CARTESIAN_POINT('',(6.574915378371,-0.332048810782));
#1090 = CARTESIAN_POINT('',(6.55301736269,-0.351857571929));
#1091 = CARTESIAN_POINT('',(6.528545445014,-0.37094656182));
#1092 = CARTESIAN_POINT('',(6.50212693765,-0.388457671257));
#1093 = CARTESIAN_POINT('',(6.473849973582,-0.404212579002));
#1094 = CARTESIAN_POINT('',(6.443981412923,-0.417858353907));
#1095 = CARTESIAN_POINT('',(6.412769948131,-0.429083485132));
#1096 = CARTESIAN_POINT('',(6.380618665864,-0.437828262153));
#1097 = CARTESIAN_POINT('',(6.347989250969,-0.44407047765));
#1098 = CARTESIAN_POINT('',(6.31525648825,-0.447800951957));
#1099 = CARTESIAN_POINT('',(6.28318530718,-0.449033157752));
#1100 = CARTESIAN_POINT('',(6.251114126109,-0.447800951957));
#1101 = CARTESIAN_POINT('',(6.218381363391,-0.44407047765));
#1102 = CARTESIAN_POINT('',(6.185751948495,-0.437828262153));
#1103 = CARTESIAN_POINT('',(6.153600666228,-0.429083485132));
#1104 = CARTESIAN_POINT('',(6.122389201436,-0.417858353907));
#1105 = CARTESIAN_POINT('',(6.092520640777,-0.404212579002));
#1106 = CARTESIAN_POINT('',(6.064243676709,-0.388457671257));
#1107 = CARTESIAN_POINT('',(6.037825169345,-0.37094656182));
#1108 = CARTESIAN_POINT('',(6.013353251669,-0.351857571929));
#1109 = CARTESIAN_POINT('',(5.991455235988,-0.332048810782));
#1110 = CARTESIAN_POINT('',(5.970554459108,-0.309731961696));
#1111 = CARTESIAN_POINT('',(5.950562594128,-0.284910841047));
#1112 = CARTESIAN_POINT('',(5.932360933735,-0.258849151239));
#1113 = CARTESIAN_POINT('',(5.916474700308,-0.232424417704));
#1114 = CARTESIAN_POINT('',(5.903635948422,-0.206854514043));
#1115 = CARTESIAN_POINT('',(5.892150016724,-0.179100278629));
#1116 = CARTESIAN_POINT('',(5.882307355889,-0.150083561923));
#1117 = CARTESIAN_POINT('',(5.874097903802,-0.120114123225));
#1118 = CARTESIAN_POINT('',(5.867595270496,-8.966862536765E-02));
#1119 = CARTESIAN_POINT('',(5.862856388999,-5.917741339736E-02));
#1120 = CARTESIAN_POINT('',(5.859949559904,-2.907822053533E-02));
#1121 = CARTESIAN_POINT('',(5.859285630816,-9.554875501634E-03));
#1122 = CARTESIAN_POINT('',(5.859284798765,-3.763467880087E-15));
#1123 = ( GEOMETRIC_REPRESENTATION_CONTEXT(2) 
PARAMETRIC_REPRESENTATION_CONTEXT() REPRESENTATION_CONTEXT('2D SPACE',''
  ) );
#1124 = ORIENTED_EDGE('',*,*,#1125,.T.);
#1125 = EDGE_CURVE('',#994,#1126,#1128,.T.);
#1126 = VERTEX_POINT('',#1127);
#1127 = CARTESIAN_POINT('',(0.23,11.960005,-1.464678184104E-15));
#1128 = SEAM_CURVE('',#1129,(#1133,#1140),.PCURVE_S1.);
#1129 = LINE('',#1130,#1131);
#1130 = CARTESIAN_POINT('',(6.E-02,11.960005,-1.464678184104E-15));
#1131 = VECTOR('',#1132,1.);
#1132 = DIRECTION('',(-1.,0.,0.));
#1133 = PCURVE('',#647,#1134);
#1134 = DEFINITIONAL_REPRESENTATION('',(#1135),#1139);
#1135 = LINE('',#1136,#1137);
#1136 = CARTESIAN_POINT('',(9.424777960769,0.));
#1137 = VECTOR('',#1138,1.);
#1138 = DIRECTION('',(0.,1.));
#1139 = ( GEOMETRIC_REPRESENTATION_CONTEXT(2) 
PARAMETRIC_REPRESENTATION_CONTEXT() REPRESENTATION_CONTEXT('2D SPACE',''
  ) );
#1140 = PCURVE('',#647,#1141);
#1141 = DEFINITIONAL_REPRESENTATION('',(#1142),#1146);
#1142 = LINE('',#1143,#1144);
#1143 = CARTESIAN_POINT('',(3.14159265359,0.));
#1144 = VECTOR('',#1145,1.);
#1145 = DIRECTION('',(0.,1.));
#1146 = ( GEOMETRIC_REPRESENTATION_CONTEXT(2) 
PARAMETRIC_REPRESENTATION_CONTEXT() REPRESENTATION_CONTEXT('2D SPACE',''
  ) );
#1147 = ORIENTED_EDGE('',*,*,#1148,.F.);
#1148 = EDGE_CURVE('',#1126,#1126,#1149,.T.);
#1149 = SURFACE_CURVE('',#1150,(#1155,#1162),.PCURVE_S1.);
#1150 = CIRCLE('',#1151,11.960005);
#1151 = AXIS2_PLACEMENT_3D('',#1152,#1153,#1154);
#1152 = CARTESIAN_POINT('',(0.23,0.,0.));
#1153 = DIRECTION('',(-1.,0.,0.));
#1154 = DIRECTION('',(0.,1.,0.));
#1155 = PCURVE('',#647,#1156);
#1156 = DEFINITIONAL_REPRESENTATION('',(#1157),#1161);
#1157 = LINE('',#1158,#1159);
#1158 = CARTESIAN_POINT('',(3.14159265359,-0.17));
#1159 = VECTOR('',#1160,1.);
#1160 = DIRECTION('',(1.,0.));
#1161 = ( GEOMETRIC_REPRESENTATION_CONTEXT(2) 
PARAMETRIC_REPRESENTATION_CONTEXT() REPRESENTATION_CONTEXT('2D SPACE',''
  ) );
#1162 = PCURVE('',#1163,#1168);
#1163 = PLANE('',#1164);
#1164 = AXIS2_PLACEMENT_3D('',#1165,#1166,#1167);
#1165 = CARTESIAN_POINT('',(0.23,-2.043515578976E-09,0.));
#1166 = DIRECTION('',(1.,0.,0.));
#1167 = DIRECTION('',(0.,0.,-1.));
#1168 = DEFINITIONAL_REPRESENTATION('',(#1169),#1177);
#1169 = ( BOUNDED_CURVE() B_SPLINE_CURVE(2,(#1170,#1171,#1172,#1173,
#1174,#1175,#1176),.UNSPECIFIED.,.T.,.F.) B_SPLINE_CURVE_WITH_KNOTS((1,2
    ,2,2,2,1),(-2.094395102393,0.,2.094395102393,4.188790204786,
6.28318530718,8.377580409573),.UNSPECIFIED.) CURVE() 
GEOMETRIC_REPRESENTATION_ITEM() RATIONAL_B_SPLINE_CURVE((1.,0.5,1.,0.5,
1.,0.5,1.)) REPRESENTATION_ITEM('') );
#1170 = CARTESIAN_POINT('',(0.,11.960005002044));
#1171 = CARTESIAN_POINT('',(20.715336318778,11.960005002044));
#1172 = CARTESIAN_POINT('',(10.357668159389,-5.980002497956));
#1173 = CARTESIAN_POINT('',(2.929356368207E-15,-23.92000999795));
#1174 = CARTESIAN_POINT('',(-10.35766815938,-5.980002497956));
#1175 = CARTESIAN_POINT('',(-20.71533631877,11.960005002043));
#1176 = CARTESIAN_POINT('',(0.,11.960005002044));
#1177 = ( GEOMETRIC_REPRESENTATION_CONTEXT(2) 
PARAMETRIC_REPRESENTATION_CONTEXT() REPRESENTATION_CONTEXT('2D SPACE',''
  ) );
#1178 = ORIENTED_EDGE('',*,*,#1125,.F.);
#1179 = ORIENTED_EDGE('',*,*,#1180,.T.);
#1180 = EDGE_CURVE('',#994,#971,#1181,.T.);
#1181 = SURFACE_CURVE('',#1182,(#1201,#1252),.PCURVE_S1.);
#1182 = B_SPLINE_CURVE_WITH_KNOTS('',3,(#1183,#1184,#1185,#1186,#1187,
    #1188,#1189,#1190,#1191,#1192,#1193,#1194,#1195,#1196,#1197,#1198,
    #1199,#1200),.UNSPECIFIED.,.F.,.F.,(4,2,2,2,2,2,2,2,4),(
    8.372239495542E-02,0.112554886251,0.12983286241,0.14863882616,
    0.167444789911,0.186250753661,0.205056717412,0.222334693571,
    0.251167184866),.UNSPECIFIED.);
#1183 = CARTESIAN_POINT('',(1.953974222243,11.960005,2.275957200482E-14)
  );
#1184 = CARTESIAN_POINT('',(1.953974222243,11.960005,-9.610830431741E-02
    ));
#1185 = CARTESIAN_POINT('',(1.982472881951,11.958493479802,
    -0.20785150353));
#1186 = CARTESIAN_POINT('',(2.057277144555,11.955217730613,
    -0.342081756271));
#1187 = CARTESIAN_POINT('',(2.099963810897,11.953496972336,
    -0.396408019442));
#1188 = CARTESIAN_POINT('',(2.188750509414,11.950544110986,
    -0.477497063043));
#1189 = CARTESIAN_POINT('',(2.246040722638,11.948958029668,
    -0.514516137106));
#1190 = CARTESIAN_POINT('',(2.370317296886,11.946740448688,
    -0.563664103694));
#1191 = CARTESIAN_POINT('',(2.437313454165,11.946137830234,
    -0.575769520801));
#1192 = CARTESIAN_POINT('',(2.562686545835,11.946137830234,
    -0.575769520801));
#1193 = CARTESIAN_POINT('',(2.629682703114,11.946740448688,
    -0.563664103694));
#1194 = CARTESIAN_POINT('',(2.753959277362,11.948958029668,
    -0.514516137106));
#1195 = CARTESIAN_POINT('',(2.811249490586,11.950544110986,
    -0.477497063043));
#1196 = CARTESIAN_POINT('',(2.900036189103,11.953496972336,
    -0.396408019442));
#1197 = CARTESIAN_POINT('',(2.942722855445,11.955217730613,
    -0.342081756271));
#1198 = CARTESIAN_POINT('',(3.017527118049,11.958493479802,
    -0.20785150353));
#1199 = CARTESIAN_POINT('',(3.046025777757,11.960005,-9.610830431741E-02
    ));
#1200 = CARTESIAN_POINT('',(3.046025777757,11.960005,2.270753030054E-14)
  );
#1201 = PCURVE('',#647,#1202);
#1202 = DEFINITIONAL_REPRESENTATION('',(#1203),#1251);
#1203 = B_SPLINE_CURVE_WITH_KNOTS('',3,(#1204,#1205,#1206,#1207,#1208,
    #1209,#1210,#1211,#1212,#1213,#1214,#1215,#1216,#1217,#1218,#1219,
    #1220,#1221,#1222,#1223,#1224,#1225,#1226,#1227,#1228,#1229,#1230,
    #1231,#1232,#1233,#1234,#1235,#1236,#1237,#1238,#1239,#1240,#1241,
    #1242,#1243,#1244,#1245,#1246,#1247,#1248,#1249,#1250),
  .UNSPECIFIED.,.F.,.F.,(4,1,1,1,1,1,1,1,1,1,1,1,1,1,1,1,1,1,1,1,1,1,1,1
    ,1,1,1,1,1,1,1,1,1,1,1,1,1,1,1,1,1,1,1,1,4),(8.372239495542E-02,
    8.752795836248E-02,9.133352176955E-02,9.513908517661E-02,
    9.894464858368E-02,0.102750211991,0.106555775398,0.110361338805,
    0.114166902212,0.117972465619,0.121778029026,0.125583592433,
    0.12938915584,0.133194719247,0.137000282654,0.140805846061,
    0.144611409468,0.148416972876,0.152222536283,0.15602809969,
    0.159833663097,0.163639226504,0.167444789911,0.171250353318,
    0.175055916725,0.178861480132,0.182667043539,0.186472606946,
    0.190278170353,0.19408373376,0.197889297167,0.201694860574,
    0.205500423981,0.209305987389,0.213111550796,0.216917114203,
    0.22072267761,0.224528241017,0.228333804424,0.232139367831,
    0.235944931238,0.239750494645,0.243556058052,0.247361621459,
    0.251167184866),.QUASI_UNIFORM_KNOTS.);
#1204 = CARTESIAN_POINT('',(3.14159265359,-1.893974222243));
#1205 = CARTESIAN_POINT('',(3.142653288114,-1.893974222243));
#1206 = CARTESIAN_POINT('',(3.144820113229,-1.894967190796));
#1207 = CARTESIAN_POINT('',(3.148156911678,-1.89929435841));
#1208 = CARTESIAN_POINT('',(3.15153026874,-1.906318665429));
#1209 = CARTESIAN_POINT('',(3.154889813828,-1.915897382244));
#1210 = CARTESIAN_POINT('',(3.158186464252,-1.92789578066));
#1211 = CARTESIAN_POINT('',(3.161366308758,-1.942149281063));
#1212 = CARTESIAN_POINT('',(3.164393454348,-1.958604708103));
#1213 = CARTESIAN_POINT('',(3.16716478805,-1.976793120786));
#1214 = CARTESIAN_POINT('',(3.170007610438,-1.999003886328));
#1215 = CARTESIAN_POINT('',(3.172793525728,-2.02406995725));
#1216 = CARTESIAN_POINT('',(3.175430963813,-2.051168878959));
#1217 = CARTESIAN_POINT('',(3.17778614477,-2.079052938779));
#1218 = CARTESIAN_POINT('',(3.179857279182,-2.107830863488));
#1219 = CARTESIAN_POINT('',(3.181839630475,-2.139510197143));
#1220 = CARTESIAN_POINT('',(3.18364578147,-2.173193902987));
#1221 = CARTESIAN_POINT('',(3.185261028608,-2.208733734572));
#1222 = CARTESIAN_POINT('',(3.186651593888,-2.245779438394));
#1223 = CARTESIAN_POINT('',(3.187787266395,-2.284039998863));
#1224 = CARTESIAN_POINT('',(3.188667579734,-2.323071357946));
#1225 = CARTESIAN_POINT('',(3.189294545702,-2.362390614002));
#1226 = CARTESIAN_POINT('',(3.189669514004,-2.40163870409));
#1227 = CARTESIAN_POINT('',(3.189794011534,-2.44));
#1228 = CARTESIAN_POINT('',(3.189669514004,-2.47836129591));
#1229 = CARTESIAN_POINT('',(3.189294545702,-2.517609385998));
#1230 = CARTESIAN_POINT('',(3.188667579734,-2.556928642054));
#1231 = CARTESIAN_POINT('',(3.187787266395,-2.595960001137));
#1232 = CARTESIAN_POINT('',(3.186651593888,-2.634220561606));
#1233 = CARTESIAN_POINT('',(3.185261028608,-2.671266265428));
#1234 = CARTESIAN_POINT('',(3.18364578147,-2.706806097013));
#1235 = CARTESIAN_POINT('',(3.181839630475,-2.740489802857));
#1236 = CARTESIAN_POINT('',(3.179857279182,-2.772169136512));
#1237 = CARTESIAN_POINT('',(3.17778614477,-2.800947061221));
#1238 = CARTESIAN_POINT('',(3.175430963813,-2.828831121041));
#1239 = CARTESIAN_POINT('',(3.172793525728,-2.85593004275));
#1240 = CARTESIAN_POINT('',(3.170007610438,-2.880996113672));
#1241 = CARTESIAN_POINT('',(3.16716478805,-2.903206879214));
#1242 = CARTESIAN_POINT('',(3.164393454348,-2.921395291897));
#1243 = CARTESIAN_POINT('',(3.161366308758,-2.937850718937));
#1244 = CARTESIAN_POINT('',(3.158186464252,-2.95210421934));
#1245 = CARTESIAN_POINT('',(3.154889813828,-2.964102617756));
#1246 = CARTESIAN_POINT('',(3.15153026874,-2.973681334571));
#1247 = CARTESIAN_POINT('',(3.148156911678,-2.98070564159));
#1248 = CARTESIAN_POINT('',(3.144820113229,-2.985032809204));
#1249 = CARTESIAN_POINT('',(3.142653288114,-2.986025777757));
#1250 = CARTESIAN_POINT('',(3.14159265359,-2.986025777757));
#1251 = ( GEOMETRIC_REPRESENTATION_CONTEXT(2) 
PARAMETRIC_REPRESENTATION_CONTEXT() REPRESENTATION_CONTEXT('2D SPACE',''
  ) );
#1252 = PCURVE('',#1069,#1253);
#1253 = DEFINITIONAL_REPRESENTATION('',(#1254),#1302);
#1254 = B_SPLINE_CURVE_WITH_KNOTS('',3,(#1255,#1256,#1257,#1258,#1259,
    #1260,#1261,#1262,#1263,#1264,#1265,#1266,#1267,#1268,#1269,#1270,
    #1271,#1272,#1273,#1274,#1275,#1276,#1277,#1278,#1279,#1280,#1281,
    #1282,#1283,#1284,#1285,#1286,#1287,#1288,#1289,#1290,#1291,#1292,
    #1293,#1294,#1295,#1296,#1297,#1298,#1299,#1300,#1301),
  .UNSPECIFIED.,.F.,.F.,(4,1,1,1,1,1,1,1,1,1,1,1,1,1,1,1,1,1,1,1,1,1,1,1
    ,1,1,1,1,1,1,1,1,1,1,1,1,1,1,1,1,1,1,1,1,4),(8.372239495542E-02,
    8.752795836248E-02,9.133352176955E-02,9.513908517661E-02,
    9.894464858368E-02,0.102750211991,0.106555775398,0.110361338805,
    0.114166902212,0.117972465619,0.121778029026,0.125583592433,
    0.12938915584,0.133194719247,0.137000282654,0.140805846061,
    0.144611409468,0.148416972876,0.152222536283,0.15602809969,
    0.159833663097,0.163639226504,0.167444789911,0.171250353318,
    0.175055916725,0.178861480132,0.182667043539,0.186472606946,
    0.190278170353,0.19408373376,0.197889297167,0.201694860574,
    0.205500423981,0.209305987389,0.213111550796,0.216917114203,
    0.22072267761,0.224528241017,0.228333804424,0.232139367831,
    0.235944931238,0.239750494645,0.243556058052,0.247361621459,
    0.251167184866),.QUASI_UNIFORM_KNOTS.);
#1255 = CARTESIAN_POINT('',(5.859284798765,-3.763467880087E-15));
#1256 = CARTESIAN_POINT('',(5.859285630816,9.554875501627E-03));
#1257 = CARTESIAN_POINT('',(5.859949559904,2.907822053532E-02));
#1258 = CARTESIAN_POINT('',(5.862856388999,5.917741339736E-02));
#1259 = CARTESIAN_POINT('',(5.867595270496,8.966862536765E-02));
#1260 = CARTESIAN_POINT('',(5.874097903802,0.120114123225));
#1261 = CARTESIAN_POINT('',(5.882307355889,0.150083561923));
#1262 = CARTESIAN_POINT('',(5.892150016724,0.179100278629));
#1263 = CARTESIAN_POINT('',(5.903635948422,0.206854514043));
#1264 = CARTESIAN_POINT('',(5.916474700308,0.232424417704));
#1265 = CARTESIAN_POINT('',(5.932360933735,0.258849151239));
#1266 = CARTESIAN_POINT('',(5.950562594128,0.284910841047));
#1267 = CARTESIAN_POINT('',(5.970554459108,0.309731961696));
#1268 = CARTESIAN_POINT('',(5.991455235988,0.332048810782));
#1269 = CARTESIAN_POINT('',(6.013353251669,0.351857571929));
#1270 = CARTESIAN_POINT('',(6.037825169345,0.37094656182));
#1271 = CARTESIAN_POINT('',(6.064243676709,0.388457671257));
#1272 = CARTESIAN_POINT('',(6.092520640777,0.404212579002));
#1273 = CARTESIAN_POINT('',(6.122389201436,0.417858353907));
#1274 = CARTESIAN_POINT('',(6.153600666228,0.429083485132));
#1275 = CARTESIAN_POINT('',(6.185751948495,0.437828262153));
#1276 = CARTESIAN_POINT('',(6.218381363391,0.44407047765));
#1277 = CARTESIAN_POINT('',(6.251114126109,0.447800951957));
#1278 = CARTESIAN_POINT('',(6.28318530718,0.449033157752));
#1279 = CARTESIAN_POINT('',(6.31525648825,0.447800951957));
#1280 = CARTESIAN_POINT('',(6.347989250969,0.44407047765));
#1281 = CARTESIAN_POINT('',(6.380618665864,0.437828262153));
#1282 = CARTESIAN_POINT('',(6.412769948131,0.429083485132));
#1283 = CARTESIAN_POINT('',(6.443981412923,0.417858353907));
#1284 = CARTESIAN_POINT('',(6.473849973582,0.404212579002));
#1285 = CARTESIAN_POINT('',(6.50212693765,0.388457671257));
#1286 = CARTESIAN_POINT('',(6.528545445014,0.37094656182));
#1287 = CARTESIAN_POINT('',(6.55301736269,0.351857571929));
#1288 = CARTESIAN_POINT('',(6.574915378371,0.332048810782));
#1289 = CARTESIAN_POINT('',(6.595816155251,0.309731961696));
#1290 = CARTESIAN_POINT('',(6.615808020231,0.284910841047));
#1291 = CARTESIAN_POINT('',(6.634009680624,0.258849151239));
#1292 = CARTESIAN_POINT('',(6.649895914051,0.232424417704));
#1293 = CARTESIAN_POINT('',(6.662734665938,0.206854514043));
#1294 = CARTESIAN_POINT('',(6.674220597635,0.179100278629));
#1295 = CARTESIAN_POINT('',(6.68406325847,0.150083561923));
#1296 = CARTESIAN_POINT('',(6.692272710557,0.120114123225));
#1297 = CARTESIAN_POINT('',(6.698775343863,8.966862536764E-02));
#1298 = CARTESIAN_POINT('',(6.70351422536,5.917741339735E-02));
#1299 = CARTESIAN_POINT('',(6.706421054455,2.907822053532E-02));
#1300 = CARTESIAN_POINT('',(6.707084983543,9.554875501627E-03));
#1301 = CARTESIAN_POINT('',(6.707085815594,-3.72426508967E-15));
#1302 = ( GEOMETRIC_REPRESENTATION_CONTEXT(2) 
PARAMETRIC_REPRESENTATION_CONTEXT() REPRESENTATION_CONTEXT('2D SPACE',''
  ) );
#1303 = ORIENTED_EDGE('',*,*,#968,.F.);
#1304 = ORIENTED_EDGE('',*,*,#1305,.T.);
#1305 = EDGE_CURVE('',#969,#969,#1306,.T.);
#1306 = SURFACE_CURVE('',#1307,(#1312,#1319),.PCURVE_S1.);
#1307 = CIRCLE('',#1308,11.960005);
#1308 = AXIS2_PLACEMENT_3D('',#1309,#1310,#1311);
#1309 = CARTESIAN_POINT('',(4.77,0.,0.));
#1310 = DIRECTION('',(-1.,0.,0.));
#1311 = DIRECTION('',(0.,1.,0.));
#1312 = PCURVE('',#647,#1313);
#1313 = DEFINITIONAL_REPRESENTATION('',(#1314),#1318);
#1314 = LINE('',#1315,#1316);
#1315 = CARTESIAN_POINT('',(3.14159265359,-4.71));
#1316 = VECTOR('',#1317,1.);
#1317 = DIRECTION('',(1.,0.));
#1318 = ( GEOMETRIC_REPRESENTATION_CONTEXT(2) 
PARAMETRIC_REPRESENTATION_CONTEXT() REPRESENTATION_CONTEXT('2D SPACE',''
  ) );
#1319 = PCURVE('',#1320,#1325);
#1320 = PLANE('',#1321);
#1321 = AXIS2_PLACEMENT_3D('',#1322,#1323,#1324);
#1322 = CARTESIAN_POINT('',(4.77,2.043515578976E-09,0.));
#1323 = DIRECTION('',(-1.,0.,0.));
#1324 = DIRECTION('',(0.,0.,-1.));
#1325 = DEFINITIONAL_REPRESENTATION('',(#1326),#1330);
#1326 = CIRCLE('',#1327,11.960005);
#1327 = AXIS2_PLACEMENT_2D('',#1328,#1329);
#1328 = CARTESIAN_POINT('',(0.,2.043515578976E-09));
#1329 = DIRECTION('',(0.,-1.));
#1330 = ( GEOMETRIC_REPRESENTATION_CONTEXT(2) 
PARAMETRIC_REPRESENTATION_CONTEXT() REPRESENTATION_CONTEXT('2D SPACE',''
  ) );
#1331 = FACE_BOUND('',#1332,.T.);
#1332 = EDGE_LOOP('',(#1333,#1466));
#1333 = ORIENTED_EDGE('',*,*,#1334,.F.);
#1334 = EDGE_CURVE('',#1335,#1337,#1339,.T.);
#1335 = VERTEX_POINT('',#1336);
#1336 = CARTESIAN_POINT('',(2.5,-11.94613783023,-0.575769520801));
#1337 = VERTEX_POINT('',#1338);
#1338 = CARTESIAN_POINT('',(2.5,-11.94613783023,0.575769520801));
#1339 = SURFACE_CURVE('',#1340,(#1359,#1410),.PCURVE_S1.);
#1340 = B_SPLINE_CURVE_WITH_KNOTS('',3,(#1341,#1342,#1343,#1344,#1345,
    #1346,#1347,#1348,#1349,#1350,#1351,#1352,#1353,#1354,#1355,#1356,
    #1357,#1358),.UNSPECIFIED.,.F.,.F.,(4,2,2,2,2,2,2,2,4),(0.,
    1.880596375043E-02,3.761192750086E-02,5.488990366019E-02,
    8.372239495542E-02,0.112554886251,0.12983286241,0.14863882616,
    0.167444789911),.UNSPECIFIED.);
#1341 = CARTESIAN_POINT('',(2.5,-11.94613783023,-0.575769520801));
#1342 = CARTESIAN_POINT('',(2.562686545835,-11.94613783023,
    -0.575769520801));
#1343 = CARTESIAN_POINT('',(2.629682703114,-11.94674044868,
    -0.563664103694));
#1344 = CARTESIAN_POINT('',(2.753959277362,-11.94895802966,
    -0.514516137106));
#1345 = CARTESIAN_POINT('',(2.811249490586,-11.95054411098,
    -0.477497063043));
#1346 = CARTESIAN_POINT('',(2.900036189103,-11.95349697233,
    -0.396408019442));
#1347 = CARTESIAN_POINT('',(2.942722855445,-11.95521773061,
    -0.342081756271));
#1348 = CARTESIAN_POINT('',(3.017527118049,-11.9584934798,-0.20785150353
    ));
#1349 = CARTESIAN_POINT('',(3.046025777757,-11.960005,
    -9.610830431743E-02));
#1350 = CARTESIAN_POINT('',(3.046025777757,-11.960005,9.610830431743E-02
    ));
#1351 = CARTESIAN_POINT('',(3.017527118049,-11.9584934798,0.20785150353)
  );
#1352 = CARTESIAN_POINT('',(2.942722855445,-11.95521773061,
    0.342081756271));
#1353 = CARTESIAN_POINT('',(2.900036189103,-11.95349697233,
    0.396408019442));
#1354 = CARTESIAN_POINT('',(2.811249490586,-11.95054411098,
    0.477497063043));
#1355 = CARTESIAN_POINT('',(2.753959277362,-11.94895802966,
    0.514516137106));
#1356 = CARTESIAN_POINT('',(2.629682703114,-11.94674044868,
    0.563664103694));
#1357 = CARTESIAN_POINT('',(2.562686545835,-11.94613783023,
    0.575769520801));
#1358 = CARTESIAN_POINT('',(2.5,-11.94613783023,0.575769520801));
#1359 = PCURVE('',#647,#1360);
#1360 = DEFINITIONAL_REPRESENTATION('',(#1361),#1409);
#1361 = B_SPLINE_CURVE_WITH_KNOTS('',3,(#1362,#1363,#1364,#1365,#1366,
    #1367,#1368,#1369,#1370,#1371,#1372,#1373,#1374,#1375,#1376,#1377,
    #1378,#1379,#1380,#1381,#1382,#1383,#1384,#1385,#1386,#1387,#1388,
    #1389,#1390,#1391,#1392,#1393,#1394,#1395,#1396,#1397,#1398,#1399,
    #1400,#1401,#1402,#1403,#1404,#1405,#1406,#1407,#1408),
  .UNSPECIFIED.,.F.,.F.,(4,1,1,1,1,1,1,1,1,1,1,1,1,1,1,1,1,1,1,1,1,1,1,1
    ,1,1,1,1,1,1,1,1,1,1,1,1,1,1,1,1,1,1,1,1,4),(0.,3.805563407064E-03,
    7.611126814129E-03,1.141669022119E-02,1.522225362826E-02,
    1.902781703532E-02,2.283338044239E-02,2.663894384945E-02,
    3.044450725652E-02,3.425007066358E-02,3.805563407064E-02,
    4.186119747771E-02,4.566676088477E-02,4.947232429184E-02,
    5.32778876989E-02,5.708345110597E-02,6.088901451303E-02,
    6.46945779201E-02,6.850014132716E-02,7.230570473423E-02,
    7.611126814129E-02,7.991683154835E-02,8.372239495542E-02,
    8.752795836248E-02,9.133352176955E-02,9.513908517661E-02,
    9.894464858368E-02,0.102750211991,0.106555775398,0.110361338805,
    0.114166902212,0.117972465619,0.121778029026,0.125583592433,
    0.12938915584,0.133194719247,0.137000282654,0.140805846061,
    0.144611409468,0.148416972876,0.152222536283,0.15602809969,
    0.159833663097,0.163639226504,0.167444789911),
  .QUASI_UNIFORM_KNOTS.);
#1362 = CARTESIAN_POINT('',(6.235025448412,-2.44));
#1363 = CARTESIAN_POINT('',(6.235025448448,-2.452685211357));
#1364 = CARTESIAN_POINT('',(6.235108446749,-2.478408581961));
#1365 = CARTESIAN_POINT('',(6.235483415071,-2.517596715739));
#1366 = CARTESIAN_POINT('',(6.236110381034,-2.55693203704));
#1367 = CARTESIAN_POINT('',(6.236990694375,-2.595959091453));
#1368 = CARTESIAN_POINT('',(6.238126366881,-2.634220805355));
#1369 = CARTESIAN_POINT('',(6.239516932162,-2.671266200116));
#1370 = CARTESIAN_POINT('',(6.2411321793,-2.706806114514));
#1371 = CARTESIAN_POINT('',(6.242938330294,-2.740489798168));
#1372 = CARTESIAN_POINT('',(6.244920681589,-2.772169137768));
#1373 = CARTESIAN_POINT('',(6.246991815996,-2.800947060885));
#1374 = CARTESIAN_POINT('',(6.249346996968,-2.828831121131));
#1375 = CARTESIAN_POINT('',(6.251984434998,-2.855930042726));
#1376 = CARTESIAN_POINT('',(6.254770350493,-2.880996113678));
#1377 = CARTESIAN_POINT('',(6.257613172114,-2.903206879213));
#1378 = CARTESIAN_POINT('',(6.26038450868,-2.921395291898));
#1379 = CARTESIAN_POINT('',(6.263411643581,-2.937850718937));
#1380 = CARTESIAN_POINT('',(6.266591527979,-2.95210421934));
#1381 = CARTESIAN_POINT('',(6.269888029526,-2.964102617756));
#1382 = CARTESIAN_POINT('',(6.273248130231,-2.973681334571));
#1383 = CARTESIAN_POINT('',(6.276619413703,-2.98070564159));
#1384 = CARTESIAN_POINT('',(6.279963950896,-2.985032809204));
#1385 = CARTESIAN_POINT('',(6.28318530718,-2.986522262033));
#1386 = CARTESIAN_POINT('',(6.286406663463,-2.985032809204));
#1387 = CARTESIAN_POINT('',(6.289751200657,-2.98070564159));
#1388 = CARTESIAN_POINT('',(6.293122484129,-2.973681334571));
#1389 = CARTESIAN_POINT('',(6.296482584833,-2.964102617756));
#1390 = CARTESIAN_POINT('',(6.29977908638,-2.95210421934));
#1391 = CARTESIAN_POINT('',(6.302958970778,-2.937850718937));
#1392 = CARTESIAN_POINT('',(6.305986105679,-2.921395291898));
#1393 = CARTESIAN_POINT('',(6.308757442245,-2.903206879213));
#1394 = CARTESIAN_POINT('',(6.311600263866,-2.880996113678));
#1395 = CARTESIAN_POINT('',(6.314386179362,-2.855930042726));
#1396 = CARTESIAN_POINT('',(6.317023617391,-2.828831121131));
#1397 = CARTESIAN_POINT('',(6.319378798363,-2.800947060885));
#1398 = CARTESIAN_POINT('',(6.321449932771,-2.772169137768));
#1399 = CARTESIAN_POINT('',(6.323432284065,-2.740489798168));
#1400 = CARTESIAN_POINT('',(6.325238435059,-2.706806114514));
#1401 = CARTESIAN_POINT('',(6.326853682197,-2.671266200116));
#1402 = CARTESIAN_POINT('',(6.328244247478,-2.634220805355));
#1403 = CARTESIAN_POINT('',(6.329379919984,-2.595959091453));
#1404 = CARTESIAN_POINT('',(6.330260233325,-2.55693203704));
#1405 = CARTESIAN_POINT('',(6.330887199288,-2.517596715739));
#1406 = CARTESIAN_POINT('',(6.33126216761,-2.478408581961));
#1407 = CARTESIAN_POINT('',(6.331345165911,-2.452685211357));
#1408 = CARTESIAN_POINT('',(6.331345165947,-2.44));
#1409 = ( GEOMETRIC_REPRESENTATION_CONTEXT(2) 
PARAMETRIC_REPRESENTATION_CONTEXT() REPRESENTATION_CONTEXT('2D SPACE',''
  ) );
#1410 = PCURVE('',#1411,#1416);
#1411 = SPHERICAL_SURFACE('',#1412,1.3275);
#1412 = AXIS2_PLACEMENT_3D('',#1413,#1414,#1415);
#1413 = CARTESIAN_POINT('',(2.5,-10.75,0.));
#1414 = DIRECTION('',(0.,0.,-1.));
#1415 = DIRECTION('',(0.,1.,0.));
#1416 = DEFINITIONAL_REPRESENTATION('',(#1417),#1465);
#1417 = B_SPLINE_CURVE_WITH_KNOTS('',3,(#1418,#1419,#1420,#1421,#1422,
    #1423,#1424,#1425,#1426,#1427,#1428,#1429,#1430,#1431,#1432,#1433,
    #1434,#1435,#1436,#1437,#1438,#1439,#1440,#1441,#1442,#1443,#1444,
    #1445,#1446,#1447,#1448,#1449,#1450,#1451,#1452,#1453,#1454,#1455,
    #1456,#1457,#1458,#1459,#1460,#1461,#1462,#1463,#1464),
  .UNSPECIFIED.,.F.,.F.,(4,1,1,1,1,1,1,1,1,1,1,1,1,1,1,1,1,1,1,1,1,1,1,1
    ,1,1,1,1,1,1,1,1,1,1,1,1,1,1,1,1,1,1,1,1,4),(0.,3.805563407064E-03,
    7.611126814129E-03,1.141669022119E-02,1.522225362826E-02,
    1.902781703532E-02,2.283338044239E-02,2.663894384945E-02,
    3.044450725652E-02,3.425007066358E-02,3.805563407064E-02,
    4.186119747771E-02,4.566676088477E-02,4.947232429184E-02,
    5.32778876989E-02,5.708345110597E-02,6.088901451303E-02,
    6.46945779201E-02,6.850014132716E-02,7.230570473423E-02,
    7.611126814129E-02,7.991683154835E-02,8.372239495542E-02,
    8.752795836248E-02,9.133352176955E-02,9.513908517661E-02,
    9.894464858368E-02,0.102750211991,0.106555775398,0.110361338805,
    0.114166902212,0.117972465619,0.121778029026,0.125583592433,
    0.12938915584,0.133194719247,0.137000282654,0.140805846061,
    0.144611409468,0.148416972876,0.152222536283,0.15602809969,
    0.159833663097,0.163639226504,0.167444789911),
  .QUASI_UNIFORM_KNOTS.);
#1418 = CARTESIAN_POINT('',(9.424777960769,0.448622422487));
#1419 = CARTESIAN_POINT('',(9.414172801232,0.448624163176));
#1420 = CARTESIAN_POINT('',(9.392667222391,0.447800144101));
#1421 = CARTESIAN_POINT('',(9.359984616329,0.444070694114));
#1422 = CARTESIAN_POINT('',(9.327341761998,0.437828204151));
#1423 = CARTESIAN_POINT('',(9.295194080817,0.429083500674));
#1424 = CARTESIAN_POINT('',(9.263981651117,0.417858349743));
#1425 = CARTESIAN_POINT('',(9.234113349004,0.404212580118));
#1426 = CARTESIAN_POINT('',(9.205836315659,0.388457670957));
#1427 = CARTESIAN_POINT('',(9.179417826858,0.370946561902));
#1428 = CARTESIAN_POINT('',(9.154945904208,0.3518575719));
#1429 = CARTESIAN_POINT('',(9.133047889859,0.332048810816));
#1430 = CARTESIAN_POINT('',(9.112147112623,0.309731961589));
#1431 = CARTESIAN_POINT('',(9.092155247736,0.284910841442));
#1432 = CARTESIAN_POINT('',(9.07395358733,0.258849149766));
#1433 = CARTESIAN_POINT('',(9.058067353861,0.232424423199));
#1434 = CARTESIAN_POINT('',(9.045228602154,0.206854493535));
#1435 = CARTESIAN_POINT('',(9.033742669781,0.179100355164));
#1436 = CARTESIAN_POINT('',(9.023900011469,0.150083276291));
#1437 = CARTESIAN_POINT('',(9.015690549963,0.120115189217));
#1438 = CARTESIAN_POINT('',(9.00918795181,8.966464703015E-02));
#1439 = CARTESIAN_POINT('',(9.004448939119,5.919226075504E-02));
#1440 = CARTESIAN_POINT('',(9.00154259965,2.90228094421E-02));
#1441 = CARTESIAN_POINT('',(9.000544878707,-6.62365300133E-16));
#1442 = CARTESIAN_POINT('',(9.00154259965,-2.90228094421E-02));
#1443 = CARTESIAN_POINT('',(9.004448939119,-5.919226075504E-02));
#1444 = CARTESIAN_POINT('',(9.00918795181,-8.966464703015E-02));
#1445 = CARTESIAN_POINT('',(9.015690549963,-0.120115189217));
#1446 = CARTESIAN_POINT('',(9.023900011469,-0.150083276291));
#1447 = CARTESIAN_POINT('',(9.033742669781,-0.179100355164));
#1448 = CARTESIAN_POINT('',(9.045228602154,-0.206854493535));
#1449 = CARTESIAN_POINT('',(9.058067353861,-0.232424423199));
#1450 = CARTESIAN_POINT('',(9.07395358733,-0.258849149766));
#1451 = CARTESIAN_POINT('',(9.092155247736,-0.284910841442));
#1452 = CARTESIAN_POINT('',(9.112147112623,-0.309731961589));
#1453 = CARTESIAN_POINT('',(9.133047889859,-0.332048810816));
#1454 = CARTESIAN_POINT('',(9.154945904208,-0.3518575719));
#1455 = CARTESIAN_POINT('',(9.179417826858,-0.370946561902));
#1456 = CARTESIAN_POINT('',(9.205836315659,-0.388457670957));
#1457 = CARTESIAN_POINT('',(9.234113349004,-0.404212580118));
#1458 = CARTESIAN_POINT('',(9.263981651117,-0.417858349743));
#1459 = CARTESIAN_POINT('',(9.295194080817,-0.429083500674));
#1460 = CARTESIAN_POINT('',(9.327341761998,-0.437828204151));
#1461 = CARTESIAN_POINT('',(9.359984616329,-0.444070694114));
#1462 = CARTESIAN_POINT('',(9.392667222391,-0.447800144101));
#1463 = CARTESIAN_POINT('',(9.414172801232,-0.448624163176));
#1464 = CARTESIAN_POINT('',(9.424777960769,-0.448622422487));
#1465 = ( GEOMETRIC_REPRESENTATION_CONTEXT(2) 
PARAMETRIC_REPRESENTATION_CONTEXT() REPRESENTATION_CONTEXT('2D SPACE',''
  ) );
#1466 = ORIENTED_EDGE('',*,*,#1467,.F.);
#1467 = EDGE_CURVE('',#1337,#1335,#1468,.T.);
#1468 = SURFACE_CURVE('',#1469,(#1488,#1539),.PCURVE_S1.);
#1469 = B_SPLINE_CURVE_WITH_KNOTS('',3,(#1470,#1471,#1472,#1473,#1474,
    #1475,#1476,#1477,#1478,#1479,#1480,#1481,#1482,#1483,#1484,#1485,
    #1486,#1487),.UNSPECIFIED.,.F.,.F.,(4,2,2,2,2,2,2,2,4),(
    0.167444789911,0.186250753661,0.205056717412,0.222334693571,
    0.251167184866,0.279999676161,0.297277652321,0.316083616071,
    0.334889579822),.UNSPECIFIED.);
#1470 = CARTESIAN_POINT('',(2.5,-11.94613783023,0.575769520801));
#1471 = CARTESIAN_POINT('',(2.437313454165,-11.94613783023,
    0.575769520801));
#1472 = CARTESIAN_POINT('',(2.370317296886,-11.94674044868,
    0.563664103694));
#1473 = CARTESIAN_POINT('',(2.246040722638,-11.94895802966,
    0.514516137106));
#1474 = CARTESIAN_POINT('',(2.188750509414,-11.95054411098,
    0.477497063043));
#1475 = CARTESIAN_POINT('',(2.099963810897,-11.95349697233,
    0.396408019442));
#1476 = CARTESIAN_POINT('',(2.057277144555,-11.95521773061,
    0.342081756271));
#1477 = CARTESIAN_POINT('',(1.982472881951,-11.9584934798,0.20785150353)
  );
#1478 = CARTESIAN_POINT('',(1.953974222243,-11.960005,9.610830431743E-02
    ));
#1479 = CARTESIAN_POINT('',(1.953974222243,-11.960005,
    -9.610830431743E-02));
#1480 = CARTESIAN_POINT('',(1.982472881951,-11.9584934798,-0.20785150353
    ));
#1481 = CARTESIAN_POINT('',(2.057277144555,-11.95521773061,
    -0.342081756271));
#1482 = CARTESIAN_POINT('',(2.099963810897,-11.95349697233,
    -0.396408019442));
#1483 = CARTESIAN_POINT('',(2.188750509414,-11.95054411098,
    -0.477497063043));
#1484 = CARTESIAN_POINT('',(2.246040722638,-11.94895802966,
    -0.514516137106));
#1485 = CARTESIAN_POINT('',(2.370317296886,-11.94674044868,
    -0.563664103694));
#1486 = CARTESIAN_POINT('',(2.437313454165,-11.94613783023,
    -0.575769520801));
#1487 = CARTESIAN_POINT('',(2.5,-11.94613783023,-0.575769520801));
#1488 = PCURVE('',#647,#1489);
#1489 = DEFINITIONAL_REPRESENTATION('',(#1490),#1538);
#1490 = B_SPLINE_CURVE_WITH_KNOTS('',3,(#1491,#1492,#1493,#1494,#1495,
    #1496,#1497,#1498,#1499,#1500,#1501,#1502,#1503,#1504,#1505,#1506,
    #1507,#1508,#1509,#1510,#1511,#1512,#1513,#1514,#1515,#1516,#1517,
    #1518,#1519,#1520,#1521,#1522,#1523,#1524,#1525,#1526,#1527,#1528,
    #1529,#1530,#1531,#1532,#1533,#1534,#1535,#1536,#1537),
  .UNSPECIFIED.,.F.,.F.,(4,1,1,1,1,1,1,1,1,1,1,1,1,1,1,1,1,1,1,1,1,1,1,1
    ,1,1,1,1,1,1,1,1,1,1,1,1,1,1,1,1,1,1,1,1,4),(0.167444789911,
    0.171250353318,0.175055916725,0.178861480132,0.182667043539,
    0.186472606946,0.190278170353,0.19408373376,0.197889297167,
    0.201694860574,0.205500423981,0.209305987389,0.213111550796,
    0.216917114203,0.22072267761,0.224528241017,0.228333804424,
    0.232139367831,0.235944931238,0.239750494645,0.243556058052,
    0.247361621459,0.251167184866,0.254972748273,0.25877831168,
    0.262583875087,0.266389438495,0.270195001902,0.274000565309,
    0.277806128716,0.281611692123,0.28541725553,0.289222818937,
    0.293028382344,0.296833945751,0.300639509158,0.304445072565,
    0.308250635972,0.312056199379,0.315861762786,0.319667326193,
    0.3234728896,0.327278453008,0.331084016415,0.334889579822),
  .QUASI_UNIFORM_KNOTS.);
#1491 = CARTESIAN_POINT('',(6.331345165947,-2.44));
#1492 = CARTESIAN_POINT('',(6.331345165911,-2.427314788643));
#1493 = CARTESIAN_POINT('',(6.33126216761,-2.401591418039));
#1494 = CARTESIAN_POINT('',(6.330887199288,-2.362403284261));
#1495 = CARTESIAN_POINT('',(6.330260233325,-2.32306796296));
#1496 = CARTESIAN_POINT('',(6.329379919984,-2.284040908547));
#1497 = CARTESIAN_POINT('',(6.328244247478,-2.245779194645));
#1498 = CARTESIAN_POINT('',(6.326853682197,-2.208733799884));
#1499 = CARTESIAN_POINT('',(6.325238435059,-2.173193885486));
#1500 = CARTESIAN_POINT('',(6.323432284065,-2.139510201832));
#1501 = CARTESIAN_POINT('',(6.321449932771,-2.107830862232));
#1502 = CARTESIAN_POINT('',(6.319378798363,-2.079052939115));
#1503 = CARTESIAN_POINT('',(6.317023617391,-2.051168878869));
#1504 = CARTESIAN_POINT('',(6.314386179362,-2.024069957274));
#1505 = CARTESIAN_POINT('',(6.311600263866,-1.999003886322));
#1506 = CARTESIAN_POINT('',(6.308757442245,-1.976793120787));
#1507 = CARTESIAN_POINT('',(6.305986105679,-1.958604708102));
#1508 = CARTESIAN_POINT('',(6.302958970778,-1.942149281063));
#1509 = CARTESIAN_POINT('',(6.29977908638,-1.92789578066));
#1510 = CARTESIAN_POINT('',(6.296482584833,-1.915897382244));
#1511 = CARTESIAN_POINT('',(6.293122484129,-1.906318665429));
#1512 = CARTESIAN_POINT('',(6.289751200657,-1.89929435841));
#1513 = CARTESIAN_POINT('',(6.286406663463,-1.894967190796));
#1514 = CARTESIAN_POINT('',(6.28318530718,-1.893477737967));
#1515 = CARTESIAN_POINT('',(6.279963950896,-1.894967190796));
#1516 = CARTESIAN_POINT('',(6.276619413703,-1.89929435841));
#1517 = CARTESIAN_POINT('',(6.273248130231,-1.906318665429));
#1518 = CARTESIAN_POINT('',(6.269888029526,-1.915897382244));
#1519 = CARTESIAN_POINT('',(6.266591527979,-1.92789578066));
#1520 = CARTESIAN_POINT('',(6.263411643581,-1.942149281063));
#1521 = CARTESIAN_POINT('',(6.26038450868,-1.958604708102));
#1522 = CARTESIAN_POINT('',(6.257613172114,-1.976793120787));
#1523 = CARTESIAN_POINT('',(6.254770350493,-1.999003886322));
#1524 = CARTESIAN_POINT('',(6.251984434998,-2.024069957274));
#1525 = CARTESIAN_POINT('',(6.249346996968,-2.051168878869));
#1526 = CARTESIAN_POINT('',(6.246991815996,-2.079052939115));
#1527 = CARTESIAN_POINT('',(6.244920681589,-2.107830862232));
#1528 = CARTESIAN_POINT('',(6.242938330294,-2.139510201832));
#1529 = CARTESIAN_POINT('',(6.2411321793,-2.173193885486));
#1530 = CARTESIAN_POINT('',(6.239516932162,-2.208733799884));
#1531 = CARTESIAN_POINT('',(6.238126366881,-2.245779194645));
#1532 = CARTESIAN_POINT('',(6.236990694375,-2.284040908547));
#1533 = CARTESIAN_POINT('',(6.236110381034,-2.32306796296));
#1534 = CARTESIAN_POINT('',(6.235483415071,-2.362403284261));
#1535 = CARTESIAN_POINT('',(6.235108446749,-2.401591418039));
#1536 = CARTESIAN_POINT('',(6.235025448448,-2.427314788643));
#1537 = CARTESIAN_POINT('',(6.235025448412,-2.44));
#1538 = ( GEOMETRIC_REPRESENTATION_CONTEXT(2) 
PARAMETRIC_REPRESENTATION_CONTEXT() REPRESENTATION_CONTEXT('2D SPACE',''
  ) );
#1539 = PCURVE('',#1411,#1540);
#1540 = DEFINITIONAL_REPRESENTATION('',(#1541),#1589);
#1541 = B_SPLINE_CURVE_WITH_KNOTS('',3,(#1542,#1543,#1544,#1545,#1546,
    #1547,#1548,#1549,#1550,#1551,#1552,#1553,#1554,#1555,#1556,#1557,
    #1558,#1559,#1560,#1561,#1562,#1563,#1564,#1565,#1566,#1567,#1568,
    #1569,#1570,#1571,#1572,#1573,#1574,#1575,#1576,#1577,#1578,#1579,
    #1580,#1581,#1582,#1583,#1584,#1585,#1586,#1587,#1588),
  .UNSPECIFIED.,.F.,.F.,(4,1,1,1,1,1,1,1,1,1,1,1,1,1,1,1,1,1,1,1,1,1,1,1
    ,1,1,1,1,1,1,1,1,1,1,1,1,1,1,1,1,1,1,1,1,4),(0.167444789911,
    0.171250353318,0.175055916725,0.178861480132,0.182667043539,
    0.186472606946,0.190278170353,0.19408373376,0.197889297167,
    0.201694860574,0.205500423981,0.209305987389,0.213111550796,
    0.216917114203,0.22072267761,0.224528241017,0.228333804424,
    0.232139367831,0.235944931238,0.239750494645,0.243556058052,
    0.247361621459,0.251167184866,0.254972748273,0.25877831168,
    0.262583875087,0.266389438495,0.270195001902,0.274000565309,
    0.277806128716,0.281611692123,0.28541725553,0.289222818937,
    0.293028382344,0.296833945751,0.300639509158,0.304445072565,
    0.308250635972,0.312056199379,0.315861762786,0.319667326193,
    0.3234728896,0.327278453008,0.331084016415,0.334889579822),
  .QUASI_UNIFORM_KNOTS.);
#1542 = CARTESIAN_POINT('',(3.14159265359,-0.448622422487));
#1543 = CARTESIAN_POINT('',(3.152197813127,-0.448624163176));
#1544 = CARTESIAN_POINT('',(3.173703391969,-0.447800144101));
#1545 = CARTESIAN_POINT('',(3.20638599803,-0.444070694114));
#1546 = CARTESIAN_POINT('',(3.239028852361,-0.437828204151));
#1547 = CARTESIAN_POINT('',(3.271176533542,-0.429083500674));
#1548 = CARTESIAN_POINT('',(3.302388963242,-0.417858349743));
#1549 = CARTESIAN_POINT('',(3.332257265355,-0.404212580118));
#1550 = CARTESIAN_POINT('',(3.360534298701,-0.388457670957));
#1551 = CARTESIAN_POINT('',(3.386952787501,-0.370946561902));
#1552 = CARTESIAN_POINT('',(3.411424710151,-0.3518575719));
#1553 = CARTESIAN_POINT('',(3.4333227245,-0.332048810816));
#1554 = CARTESIAN_POINT('',(3.454223501736,-0.309731961589));
#1555 = CARTESIAN_POINT('',(3.474215366624,-0.284910841442));
#1556 = CARTESIAN_POINT('',(3.49241702703,-0.258849149766));
#1557 = CARTESIAN_POINT('',(3.508303260498,-0.232424423199));
#1558 = CARTESIAN_POINT('',(3.521142012205,-0.206854493535));
#1559 = CARTESIAN_POINT('',(3.532627944579,-0.179100355164));
#1560 = CARTESIAN_POINT('',(3.54247060289,-0.150083276291));
#1561 = CARTESIAN_POINT('',(3.550680064396,-0.120115189217));
#1562 = CARTESIAN_POINT('',(3.557182662549,-8.966464703015E-02));
#1563 = CARTESIAN_POINT('',(3.561921675241,-5.919226075504E-02));
#1564 = CARTESIAN_POINT('',(3.564828014709,-2.90228094421E-02));
#1565 = CARTESIAN_POINT('',(3.565825735652,-2.53929939272E-15));
#1566 = CARTESIAN_POINT('',(3.564828014709,2.902280944209E-02));
#1567 = CARTESIAN_POINT('',(3.561921675241,5.919226075504E-02));
#1568 = CARTESIAN_POINT('',(3.557182662549,8.966464703015E-02));
#1569 = CARTESIAN_POINT('',(3.550680064396,0.120115189217));
#1570 = CARTESIAN_POINT('',(3.54247060289,0.150083276291));
#1571 = CARTESIAN_POINT('',(3.532627944579,0.179100355164));
#1572 = CARTESIAN_POINT('',(3.521142012205,0.206854493535));
#1573 = CARTESIAN_POINT('',(3.508303260498,0.232424423199));
#1574 = CARTESIAN_POINT('',(3.49241702703,0.258849149766));
#1575 = CARTESIAN_POINT('',(3.474215366624,0.284910841442));
#1576 = CARTESIAN_POINT('',(3.454223501736,0.309731961589));
#1577 = CARTESIAN_POINT('',(3.4333227245,0.332048810816));
#1578 = CARTESIAN_POINT('',(3.411424710151,0.3518575719));
#1579 = CARTESIAN_POINT('',(3.386952787501,0.370946561902));
#1580 = CARTESIAN_POINT('',(3.360534298701,0.388457670957));
#1581 = CARTESIAN_POINT('',(3.332257265355,0.404212580118));
#1582 = CARTESIAN_POINT('',(3.302388963242,0.417858349743));
#1583 = CARTESIAN_POINT('',(3.271176533542,0.429083500674));
#1584 = CARTESIAN_POINT('',(3.239028852361,0.437828204151));
#1585 = CARTESIAN_POINT('',(3.20638599803,0.444070694114));
#1586 = CARTESIAN_POINT('',(3.173703391969,0.447800144101));
#1587 = CARTESIAN_POINT('',(3.152197813127,0.448624163176));
#1588 = CARTESIAN_POINT('',(3.14159265359,0.448622422487));
#1589 = ( GEOMETRIC_REPRESENTATION_CONTEXT(2) 
PARAMETRIC_REPRESENTATION_CONTEXT() REPRESENTATION_CONTEXT('2D SPACE',''
  ) );
#1590 = FACE_BOUND('',#1591,.T.);
#1591 = EDGE_LOOP('',(#1592));
#1592 = ORIENTED_EDGE('',*,*,#1593,.T.);
#1593 = EDGE_CURVE('',#1594,#1594,#1596,.T.);
#1594 = VERTEX_POINT('',#1595);
#1595 = CARTESIAN_POINT('',(2.500000028399,11.012915309267,
    4.664484536466));
#1596 = SURFACE_CURVE('',#1597,(#1632,#1683),.PCURVE_S1.);
#1597 = B_SPLINE_CURVE_WITH_KNOTS('',3,(#1598,#1599,#1600,#1601,#1602,
    #1603,#1604,#1605,#1606,#1607,#1608,#1609,#1610,#1611,#1612,#1613,
    #1614,#1615,#1616,#1617,#1618,#1619,#1620,#1621,#1622,#1623,#1624,
    #1625,#1626,#1627,#1628,#1629,#1630,#1631),.UNSPECIFIED.,.T.,.F.,(1,
    3,2,2,2,2,2,2,2,2,2,2,2,2,2,2,2,3,1),(-0.353695543572,
    -0.334889579822,-0.316083616071,-0.297277652321,-0.279999676162,
    -0.251167184866,-0.222334693571,-0.205056717412,-0.186250753661,
    -0.167444789911,-0.14863882616,-0.12983286241,-0.112554886251,
    -8.372239495545E-02,-5.488990366021E-02,-3.761192750088E-02,
    -1.880596375044E-02,0.,1.880596375044E-02),.UNSPECIFIED.);
#1598 = CARTESIAN_POINT('',(2.5,10.513281244157,5.701985363125));
#1599 = CARTESIAN_POINT('',(2.437313454165,10.513281244157,
    5.701985363125));
#1600 = CARTESIAN_POINT('',(2.370317296885,10.519076528261,
    5.691340225527));
#1601 = CARTESIAN_POINT('',(2.246040722638,10.542399003199,
    5.648021610037));
#1602 = CARTESIAN_POINT('',(2.188750509414,10.559889987363,
    5.615356751681));
#1603 = CARTESIAN_POINT('',(2.099963810897,10.597733640948,
    5.543579246392));
#1604 = CARTESIAN_POINT('',(2.057277144555,10.622855272783,
    5.495379583601));
#1605 = CARTESIAN_POINT('',(1.982472881951,10.684046944782,
    5.375863599056));
#1606 = CARTESIAN_POINT('',(1.953974222243,10.73389233452,5.275842279402
    ));
#1607 = CARTESIAN_POINT('',(1.953974222243,10.817291995395,
    5.102661099128));
#1608 = CARTESIAN_POINT('',(1.982472881951,10.864413719848,
    5.001328131402));
#1609 = CARTESIAN_POINT('',(2.057277144555,10.919702695772,
    4.878969558246));
#1610 = CARTESIAN_POINT('',(2.099963810897,10.941723628332,
    4.829276677383));
#1611 = CARTESIAN_POINT('',(2.188750509414,10.974246409624,
    4.754936775048));
#1612 = CARTESIAN_POINT('',(2.246040722638,10.988879374007,
    4.720895566905));
#1613 = CARTESIAN_POINT('',(2.370317296885,11.008205906095,
    4.675652606761));
#1614 = CARTESIAN_POINT('',(2.437313454165,11.012915309267,
    4.664484536466));
#1615 = CARTESIAN_POINT('',(2.562686545835,11.012915309267,
    4.664484536466));
#1616 = CARTESIAN_POINT('',(2.629682703115,11.008205906095,
    4.675652606761));
#1617 = CARTESIAN_POINT('',(2.753959277362,10.988879374007,
    4.720895566905));
#1618 = CARTESIAN_POINT('',(2.811249490586,10.974246409624,
    4.754936775048));
#1619 = CARTESIAN_POINT('',(2.900036189103,10.941723628332,
    4.829276677383));
#1620 = CARTESIAN_POINT('',(2.942722855445,10.919702695772,
    4.878969558246));
#1621 = CARTESIAN_POINT('',(3.017527118049,10.864413719848,
    5.001328131402));
#1622 = CARTESIAN_POINT('',(3.046025777757,10.817291995395,
    5.102661099128));
#1623 = CARTESIAN_POINT('',(3.046025777757,10.73389233452,5.275842279402
    ));
#1624 = CARTESIAN_POINT('',(3.017527118049,10.684046944782,
    5.375863599056));
#1625 = CARTESIAN_POINT('',(2.942722855445,10.622855272783,
    5.495379583601));
#1626 = CARTESIAN_POINT('',(2.900036189103,10.597733640948,
    5.543579246392));
#1627 = CARTESIAN_POINT('',(2.811249490586,10.559889987363,
    5.615356751681));
#1628 = CARTESIAN_POINT('',(2.753959277362,10.542399003199,
    5.648021610037));
#1629 = CARTESIAN_POINT('',(2.629682703115,10.519076528261,
    5.691340225527));
#1630 = CARTESIAN_POINT('',(2.562686545835,10.513281244157,
    5.701985363125));
#1631 = CARTESIAN_POINT('',(2.5,10.513281244157,5.701985363125));
#1632 = PCURVE('',#647,#1633);
#1633 = DEFINITIONAL_REPRESENTATION('',(#1634),#1682);
#1634 = B_SPLINE_CURVE_WITH_KNOTS('',3,(#1635,#1636,#1637,#1638,#1639,
    #1640,#1641,#1642,#1643,#1644,#1645,#1646,#1647,#1648,#1649,#1650,
    #1651,#1652,#1653,#1654,#1655,#1656,#1657,#1658,#1659,#1660,#1661,
    #1662,#1663,#1664,#1665,#1666,#1667,#1668,#1669,#1670,#1671,#1672,
    #1673,#1674,#1675,#1676,#1677,#1678,#1679,#1680,#1681),
  .UNSPECIFIED.,.T.,.F.,(4,1,1,1,1,1,1,1,1,1,1,1,1,1,1,1,1,1,1,1,1,1,1,1
    ,1,1,1,1,1,1,1,1,1,1,1,1,1,1,1,1,1,1,1,1,4),(-0.167444789911,
    -0.159833663097,-0.152222536283,-0.144611409469,-0.137000282654,
    -0.12938915584,-0.121778029026,-0.114166902212,-0.106555775398,
    -9.894464858372E-02,-9.133352176959E-02,-8.372239495545E-02,
    -7.611126814132E-02,-6.850014132719E-02,-6.088901451306E-02,
    -5.327788769892E-02,-4.566676088479E-02,-3.805563407066E-02,
    -3.044450725653E-02,-2.28333804424E-02,-1.522225362826E-02,
    -7.611126814132E-03,4.996003610813E-16,7.611126814133E-03,
    1.522225362826E-02,2.28333804424E-02,3.044450725653E-02,
    3.805563407066E-02,4.566676088479E-02,5.327788769893E-02,
    6.088901451306E-02,6.850014132719E-02,7.611126814132E-02,
    8.372239495545E-02,9.133352176959E-02,9.894464858372E-02,
    0.106555775398,0.114166902212,0.121778029026,0.12938915584,
    0.137000282654,0.144611409469,0.152222536283,0.159833663097,
    0.167444789911),.UNSPECIFIED.);
#1635 = CARTESIAN_POINT('',(9.024138869024,-2.44));
#1636 = CARTESIAN_POINT('',(9.024139591145,-2.465373844834));
#1637 = CARTESIAN_POINT('',(9.023806134626,-2.517510897523));
#1638 = CARTESIAN_POINT('',(9.022302558639,-2.596378573377));
#1639 = CARTESIAN_POINT('',(9.019770010018,-2.671964017177));
#1640 = CARTESIAN_POINT('',(9.016277031076,-2.74185707825));
#1641 = CARTESIAN_POINT('',(9.012301588229,-2.801542114778));
#1642 = CARTESIAN_POINT('',(9.007267578085,-2.856762965077));
#1643 = CARTESIAN_POINT('',(9.001558916597,-2.904953430631));
#1644 = CARTESIAN_POINT('',(8.995875112513,-2.938642234828));
#1645 = CARTESIAN_POINT('',(8.989303926983,-2.965380017044));
#1646 = CARTESIAN_POINT('',(8.98250330786,-2.982033721932));
#1647 = CARTESIAN_POINT('',(8.975979010256,-2.988021805362));
#1648 = CARTESIAN_POINT('',(8.969454712655,-2.982033723162));
#1649 = CARTESIAN_POINT('',(8.962654093522,-2.965380012124));
#1650 = CARTESIAN_POINT('',(8.956082908033,-2.93864225328));
#1651 = CARTESIAN_POINT('',(8.950399103792,-2.904953361743));
#1652 = CARTESIAN_POINT('',(8.944690442891,-2.856763222175));
#1653 = CARTESIAN_POINT('',(8.939656430556,-2.801541155271));
#1654 = CARTESIAN_POINT('',(8.935680995884,-2.741860659178));
#1655 = CARTESIAN_POINT('',(8.932187986433,-2.671950652973));
#1656 = CARTESIAN_POINT('',(8.929655551674,-2.596428449265));
#1657 = CARTESIAN_POINT('',(8.928151550749,-2.517324758173));
#1658 = CARTESIAN_POINT('',(8.927652951859,-2.44));
#1659 = CARTESIAN_POINT('',(8.928151550749,-2.362675241827));
#1660 = CARTESIAN_POINT('',(8.929655551674,-2.283571550735));
#1661 = CARTESIAN_POINT('',(8.932187986433,-2.208049347027));
#1662 = CARTESIAN_POINT('',(8.935680995884,-2.138139340822));
#1663 = CARTESIAN_POINT('',(8.939656430556,-2.078458844729));
#1664 = CARTESIAN_POINT('',(8.944690442891,-2.023236777825));
#1665 = CARTESIAN_POINT('',(8.950399103792,-1.975046638257));
#1666 = CARTESIAN_POINT('',(8.956082908033,-1.94135774672));
#1667 = CARTESIAN_POINT('',(8.962654093522,-1.914619987876));
#1668 = CARTESIAN_POINT('',(8.969454712655,-1.897966276838));
#1669 = CARTESIAN_POINT('',(8.975979010256,-1.891978194638));
#1670 = CARTESIAN_POINT('',(8.98250330786,-1.897966278068));
#1671 = CARTESIAN_POINT('',(8.989303926983,-1.914619982956));
#1672 = CARTESIAN_POINT('',(8.995875112513,-1.941357765172));
#1673 = CARTESIAN_POINT('',(9.001558916597,-1.975046569369));
#1674 = CARTESIAN_POINT('',(9.007267578085,-2.023237034923));
#1675 = CARTESIAN_POINT('',(9.012301588229,-2.078457885222));
#1676 = CARTESIAN_POINT('',(9.016277031076,-2.13814292175));
#1677 = CARTESIAN_POINT('',(9.019770010018,-2.208035982823));
#1678 = CARTESIAN_POINT('',(9.022302558639,-2.283621426623));
#1679 = CARTESIAN_POINT('',(9.023806134626,-2.362489102477));
#1680 = CARTESIAN_POINT('',(9.024139591145,-2.414626155166));
#1681 = CARTESIAN_POINT('',(9.024138869024,-2.44));
#1682 = ( GEOMETRIC_REPRESENTATION_CONTEXT(2) 
PARAMETRIC_REPRESENTATION_CONTEXT() REPRESENTATION_CONTEXT('2D SPACE',''
  ) );
#1683 = PCURVE('',#1684,#1689);
#1684 = SPHERICAL_SURFACE('',#1685,1.3275);
#1685 = AXIS2_PLACEMENT_3D('',#1686,#1687,#1688);
#1686 = CARTESIAN_POINT('',(2.5,9.685415329951,4.664250195514));
#1687 = DIRECTION('',(0.,0.,-1.));
#1688 = DIRECTION('',(0.,1.,0.));
#1689 = DEFINITIONAL_REPRESENTATION('',(#1690),#1738);
#1690 = B_SPLINE_CURVE_WITH_KNOTS('',3,(#1691,#1692,#1693,#1694,#1695,
    #1696,#1697,#1698,#1699,#1700,#1701,#1702,#1703,#1704,#1705,#1706,
    #1707,#1708,#1709,#1710,#1711,#1712,#1713,#1714,#1715,#1716,#1717,
    #1718,#1719,#1720,#1721,#1722,#1723,#1724,#1725,#1726,#1727,#1728,
    #1729,#1730,#1731,#1732,#1733,#1734,#1735,#1736,#1737),
  .UNSPECIFIED.,.T.,.F.,(4,1,1,1,1,1,1,1,1,1,1,1,1,1,1,1,1,1,1,1,1,1,1,1
    ,1,1,1,1,1,1,1,1,1,1,1,1,1,1,1,1,1,1,1,1,4),(-0.167444789911,
    -0.159833663097,-0.152222536283,-0.144611409469,-0.137000282654,
    -0.12938915584,-0.121778029026,-0.114166902212,-0.106555775398,
    -9.894464858372E-02,-9.133352176959E-02,-8.372239495545E-02,
    -7.611126814132E-02,-6.850014132719E-02,-6.088901451306E-02,
    -5.327788769892E-02,-4.566676088479E-02,-3.805563407066E-02,
    -3.044450725653E-02,-2.28333804424E-02,-1.522225362826E-02,
    -7.611126814132E-03,4.996003610813E-16,7.611126814133E-03,
    1.522225362826E-02,2.28333804424E-02,3.044450725653E-02,
    3.805563407066E-02,4.566676088479E-02,5.327788769893E-02,
    6.088901451306E-02,6.850014132719E-02,7.611126814132E-02,
    8.372239495545E-02,9.133352176959E-02,9.894464858372E-02,
    0.106555775398,0.114166902212,0.121778029026,0.12938915584,
    0.137000282654,0.144611409469,0.152222536283,0.159833663097,
    0.167444789911),.UNSPECIFIED.);
#1691 = CARTESIAN_POINT('',(6.28318530718,-1.765280253694E-04));
#1692 = CARTESIAN_POINT('',(6.302303719842,-1.711015478966E-04));
#1693 = CARTESIAN_POINT('',(6.341572846672,-2.93866096376E-03));
#1694 = CARTESIAN_POINT('',(6.401197639858,-1.540775283828E-02));
#1695 = CARTESIAN_POINT('',(6.458809958239,-3.639590955077E-02));
#1696 = CARTESIAN_POINT('',(6.512928440652,-6.533865561719E-02));
#1697 = CARTESIAN_POINT('',(6.56014762883,-9.827026537496E-02));
#1698 = CARTESIAN_POINT('',(6.605563231684,-0.140089395215));
#1699 = CARTESIAN_POINT('',(6.647346114142,-0.18762995993));
#1700 = CARTESIAN_POINT('',(6.679458643378,-0.235325154145));
#1701 = CARTESIAN_POINT('',(6.708828003955,-0.291043354951));
#1702 = CARTESIAN_POINT('',(6.732435949191,-0.349429066645));
#1703 = CARTESIAN_POINT('',(6.748846169735,-0.406340763025));
#1704 = CARTESIAN_POINT('',(6.757302604744,-0.464759095838));
#1705 = CARTESIAN_POINT('',(6.758821368749,-0.527288855386));
#1706 = CARTESIAN_POINT('',(6.751999962125,-0.589551939479));
#1707 = CARTESIAN_POINT('',(6.736994074043,-0.645338771024));
#1708 = CARTESIAN_POINT('',(6.70805187237,-0.70406041931));
#1709 = CARTESIAN_POINT('',(6.667914706275,-0.757858686444));
#1710 = CARTESIAN_POINT('',(6.617181363401,-0.802601369272));
#1711 = CARTESIAN_POINT('',(6.54981233239,-0.843427239316));
#1712 = CARTESIAN_POINT('',(6.468544240172,-0.874308789493));
#1713 = CARTESIAN_POINT('',(6.376597857523,-0.893259824064));
#1714 = CARTESIAN_POINT('',(6.28318530718,-0.899502147469));
#1715 = CARTESIAN_POINT('',(6.189772756836,-0.893259824064));
#1716 = CARTESIAN_POINT('',(6.097826374187,-0.874308789493));
#1717 = CARTESIAN_POINT('',(6.016558281969,-0.843427239316));
#1718 = CARTESIAN_POINT('',(5.949189250959,-0.802601369272));
#1719 = CARTESIAN_POINT('',(5.898455908085,-0.757858686444));
#1720 = CARTESIAN_POINT('',(5.858318741989,-0.70406041931));
#1721 = CARTESIAN_POINT('',(5.829376540316,-0.645338771024));
#1722 = CARTESIAN_POINT('',(5.814370652234,-0.589551939479));
#1723 = CARTESIAN_POINT('',(5.80754924561,-0.527288855386));
#1724 = CARTESIAN_POINT('',(5.809068009616,-0.464759095838));
#1725 = CARTESIAN_POINT('',(5.817524444624,-0.406340763025));
#1726 = CARTESIAN_POINT('',(5.833934665168,-0.349429066645));
#1727 = CARTESIAN_POINT('',(5.857542610404,-0.291043354951));
#1728 = CARTESIAN_POINT('',(5.886911970981,-0.235325154145));
#1729 = CARTESIAN_POINT('',(5.919024500217,-0.18762995993));
#1730 = CARTESIAN_POINT('',(5.960807382675,-0.140089395215));
#1731 = CARTESIAN_POINT('',(6.00622298553,-9.827026537495E-02));
#1732 = CARTESIAN_POINT('',(6.053442173707,-6.533865561719E-02));
#1733 = CARTESIAN_POINT('',(6.10756065612,-3.639590955077E-02));
#1734 = CARTESIAN_POINT('',(6.165172974501,-1.540775283828E-02));
#1735 = CARTESIAN_POINT('',(6.224797767687,-2.93866096376E-03));
#1736 = CARTESIAN_POINT('',(6.264066894517,-1.711015478966E-04));
#1737 = CARTESIAN_POINT('',(6.28318530718,-1.765280253694E-04));
#1738 = ( GEOMETRIC_REPRESENTATION_CONTEXT(2) 
PARAMETRIC_REPRESENTATION_CONTEXT() REPRESENTATION_CONTEXT('2D SPACE',''
  ) );
#1739 = FACE_BOUND('',#1740,.T.);
#1740 = EDGE_LOOP('',(#1741,#1874));
#1741 = ORIENTED_EDGE('',*,*,#1742,.T.);
#1742 = EDGE_CURVE('',#1743,#1745,#1747,.T.);
#1743 = VERTEX_POINT('',#1744);
#1744 = CARTESIAN_POINT('',(2.5,-11.01291530926,4.664484536466));
#1745 = VERTEX_POINT('',#1746);
#1746 = CARTESIAN_POINT('',(2.5,-10.51328124416,5.701985363125));
#1747 = SURFACE_CURVE('',#1748,(#1767,#1818),.PCURVE_S1.);
#1748 = B_SPLINE_CURVE_WITH_KNOTS('',3,(#1749,#1750,#1751,#1752,#1753,
    #1754,#1755,#1756,#1757,#1758,#1759,#1760,#1761,#1762,#1763,#1764,
    #1765,#1766),.UNSPECIFIED.,.F.,.F.,(4,2,2,2,2,2,2,2,4),(0.,
    1.880596375044E-02,3.761192750088E-02,5.488990366021E-02,
    8.372239495545E-02,0.112554886251,0.12983286241,0.14863882616,
    0.167444789911),.UNSPECIFIED.);
#1749 = CARTESIAN_POINT('',(2.5,-11.01291530926,4.664484536466));
#1750 = CARTESIAN_POINT('',(2.437313454165,-11.01291530926,
    4.664484536466));
#1751 = CARTESIAN_POINT('',(2.370317296885,-11.00820590609,
    4.675652606761));
#1752 = CARTESIAN_POINT('',(2.246040722638,-10.988879374,4.720895566905)
  );
#1753 = CARTESIAN_POINT('',(2.188750509414,-10.97424640962,
    4.754936775048));
#1754 = CARTESIAN_POINT('',(2.099963810897,-10.94172362833,
    4.829276677383));
#1755 = CARTESIAN_POINT('',(2.057277144555,-10.91970269577,
    4.878969558246));
#1756 = CARTESIAN_POINT('',(1.982472881951,-10.86441371984,
    5.001328131402));
#1757 = CARTESIAN_POINT('',(1.953974222243,-10.81729199539,
    5.102661099128));
#1758 = CARTESIAN_POINT('',(1.953974222243,-10.73389233452,
    5.275842279402));
#1759 = CARTESIAN_POINT('',(1.982472881951,-10.68404694478,
    5.375863599056));
#1760 = CARTESIAN_POINT('',(2.057277144555,-10.62285527278,
    5.495379583601));
#1761 = CARTESIAN_POINT('',(2.099963810897,-10.59773364094,
    5.543579246392));
#1762 = CARTESIAN_POINT('',(2.188750509414,-10.55988998736,
    5.615356751681));
#1763 = CARTESIAN_POINT('',(2.246040722638,-10.54239900319,
    5.648021610037));
#1764 = CARTESIAN_POINT('',(2.370317296885,-10.51907652826,
    5.691340225527));
#1765 = CARTESIAN_POINT('',(2.437313454165,-10.51328124415,
    5.701985363125));
#1766 = CARTESIAN_POINT('',(2.5,-10.51328124415,5.701985363125));
#1767 = PCURVE('',#647,#1768);
#1768 = DEFINITIONAL_REPRESENTATION('',(#1769),#1817);
#1769 = B_SPLINE_CURVE_WITH_KNOTS('',3,(#1770,#1771,#1772,#1773,#1774,
    #1775,#1776,#1777,#1778,#1779,#1780,#1781,#1782,#1783,#1784,#1785,
    #1786,#1787,#1788,#1789,#1790,#1791,#1792,#1793,#1794,#1795,#1796,
    #1797,#1798,#1799,#1800,#1801,#1802,#1803,#1804,#1805,#1806,#1807,
    #1808,#1809,#1810,#1811,#1812,#1813,#1814,#1815,#1816),
  .UNSPECIFIED.,.F.,.F.,(4,1,1,1,1,1,1,1,1,1,1,1,1,1,1,1,1,1,1,1,1,1,1,1
    ,1,1,1,1,1,1,1,1,1,1,1,1,1,1,1,1,1,1,1,1,4),(0.,3.805563407066E-03,
    7.611126814132E-03,1.14166902212E-02,1.522225362826E-02,
    1.902781703533E-02,2.28333804424E-02,2.663894384946E-02,
    3.044450725653E-02,3.42500706636E-02,3.805563407066E-02,
    4.186119747773E-02,4.566676088479E-02,4.947232429186E-02,
    5.327788769893E-02,5.708345110599E-02,6.088901451306E-02,
    6.469457792012E-02,6.850014132719E-02,7.230570473426E-02,
    7.611126814132E-02,7.991683154839E-02,8.372239495545E-02,
    8.752795836252E-02,9.133352176959E-02,9.513908517665E-02,
    9.894464858372E-02,0.102750211991,0.106555775398,0.110361338805,
    0.114166902212,0.117972465619,0.121778029026,0.125583592433,
    0.12938915584,0.133194719247,0.137000282654,0.140805846061,
    0.144611409469,0.148416972876,0.152222536283,0.15602809969,
    0.159833663097,0.163639226504,0.167444789911),
  .QUASI_UNIFORM_KNOTS.);
#1770 = CARTESIAN_POINT('',(6.683824398925,-2.44));
#1771 = CARTESIAN_POINT('',(6.683824398961,-2.427314788643));
#1772 = CARTESIAN_POINT('',(6.683907397262,-2.401591418039));
#1773 = CARTESIAN_POINT('',(6.684282365584,-2.362403284261));
#1774 = CARTESIAN_POINT('',(6.684909331547,-2.32306796296));
#1775 = CARTESIAN_POINT('',(6.685789644888,-2.284040908547));
#1776 = CARTESIAN_POINT('',(6.686925317394,-2.245779194645));
#1777 = CARTESIAN_POINT('',(6.688315882675,-2.208733799884));
#1778 = CARTESIAN_POINT('',(6.689931129813,-2.173193885486));
#1779 = CARTESIAN_POINT('',(6.691737280807,-2.139510201832));
#1780 = CARTESIAN_POINT('',(6.693719632101,-2.107830862231));
#1781 = CARTESIAN_POINT('',(6.695790766509,-2.079052939115));
#1782 = CARTESIAN_POINT('',(6.698145947481,-2.051168878869));
#1783 = CARTESIAN_POINT('',(6.700783385511,-2.024069957274));
#1784 = CARTESIAN_POINT('',(6.703569301006,-1.999003886321));
#1785 = CARTESIAN_POINT('',(6.706412122627,-1.976793120787));
#1786 = CARTESIAN_POINT('',(6.709183459193,-1.958604708102));
#1787 = CARTESIAN_POINT('',(6.712210594094,-1.942149281063));
#1788 = CARTESIAN_POINT('',(6.715390478492,-1.92789578066));
#1789 = CARTESIAN_POINT('',(6.718686980039,-1.915897382243));
#1790 = CARTESIAN_POINT('',(6.722047080743,-1.906318665428));
#1791 = CARTESIAN_POINT('',(6.725418364215,-1.89929435841));
#1792 = CARTESIAN_POINT('',(6.728762901409,-1.894967190796));
#1793 = CARTESIAN_POINT('',(6.731984257692,-1.893477737966));
#1794 = CARTESIAN_POINT('',(6.735205613976,-1.894967190796));
#1795 = CARTESIAN_POINT('',(6.738550151169,-1.89929435841));
#1796 = CARTESIAN_POINT('',(6.741921434641,-1.906318665428));
#1797 = CARTESIAN_POINT('',(6.745281535346,-1.915897382243));
#1798 = CARTESIAN_POINT('',(6.748578036893,-1.92789578066));
#1799 = CARTESIAN_POINT('',(6.751757921291,-1.942149281063));
#1800 = CARTESIAN_POINT('',(6.754785056192,-1.958604708102));
#1801 = CARTESIAN_POINT('',(6.757556392758,-1.976793120787));
#1802 = CARTESIAN_POINT('',(6.760399214379,-1.999003886321));
#1803 = CARTESIAN_POINT('',(6.763185129874,-2.024069957274));
#1804 = CARTESIAN_POINT('',(6.765822567904,-2.051168878869));
#1805 = CARTESIAN_POINT('',(6.768177748876,-2.079052939115));
#1806 = CARTESIAN_POINT('',(6.770248883283,-2.107830862231));
#1807 = CARTESIAN_POINT('',(6.772231234578,-2.139510201832));
#1808 = CARTESIAN_POINT('',(6.774037385572,-2.173193885486));
#1809 = CARTESIAN_POINT('',(6.77565263271,-2.208733799884));
#1810 = CARTESIAN_POINT('',(6.777043197991,-2.245779194645));
#1811 = CARTESIAN_POINT('',(6.778178870497,-2.284040908547));
#1812 = CARTESIAN_POINT('',(6.779059183838,-2.32306796296));
#1813 = CARTESIAN_POINT('',(6.779686149801,-2.362403284261));
#1814 = CARTESIAN_POINT('',(6.780061118123,-2.401591418039));
#1815 = CARTESIAN_POINT('',(6.780144116424,-2.427314788643));
#1816 = CARTESIAN_POINT('',(6.78014411646,-2.44));
#1817 = ( GEOMETRIC_REPRESENTATION_CONTEXT(2) 
PARAMETRIC_REPRESENTATION_CONTEXT() REPRESENTATION_CONTEXT('2D SPACE',''
  ) );
#1818 = PCURVE('',#1819,#1824);
#1819 = SPHERICAL_SURFACE('',#1820,1.3275);
#1820 = AXIS2_PLACEMENT_3D('',#1821,#1822,#1823);
#1821 = CARTESIAN_POINT('',(2.5,-9.685415329951,4.664250195514));
#1822 = DIRECTION('',(0.,0.,-1.));
#1823 = DIRECTION('',(0.,1.,0.));
#1824 = DEFINITIONAL_REPRESENTATION('',(#1825),#1873);
#1825 = B_SPLINE_CURVE_WITH_KNOTS('',3,(#1826,#1827,#1828,#1829,#1830,
    #1831,#1832,#1833,#1834,#1835,#1836,#1837,#1838,#1839,#1840,#1841,
    #1842,#1843,#1844,#1845,#1846,#1847,#1848,#1849,#1850,#1851,#1852,
    #1853,#1854,#1855,#1856,#1857,#1858,#1859,#1860,#1861,#1862,#1863,
    #1864,#1865,#1866,#1867,#1868,#1869,#1870,#1871,#1872),
  .UNSPECIFIED.,.F.,.F.,(4,1,1,1,1,1,1,1,1,1,1,1,1,1,1,1,1,1,1,1,1,1,1,1
    ,1,1,1,1,1,1,1,1,1,1,1,1,1,1,1,1,1,1,1,1,4),(0.,3.805563407066E-03,
    7.611126814132E-03,1.14166902212E-02,1.522225362826E-02,
    1.902781703533E-02,2.28333804424E-02,2.663894384946E-02,
    3.044450725653E-02,3.42500706636E-02,3.805563407066E-02,
    4.186119747773E-02,4.566676088479E-02,4.947232429186E-02,
    5.327788769893E-02,5.708345110599E-02,6.088901451306E-02,
    6.469457792012E-02,6.850014132719E-02,7.230570473426E-02,
    7.611126814132E-02,7.991683154839E-02,8.372239495545E-02,
    8.752795836252E-02,9.133352176959E-02,9.513908517665E-02,
    9.894464858372E-02,0.102750211991,0.106555775398,0.110361338805,
    0.114166902212,0.117972465619,0.121778029026,0.125583592433,
    0.12938915584,0.133194719247,0.137000282654,0.140805846061,
    0.144611409469,0.148416972876,0.152222536283,0.15602809969,
    0.159833663097,0.163639226504,0.167444789911),
  .QUASI_UNIFORM_KNOTS.);
#1826 = CARTESIAN_POINT('',(3.14159265359,-1.765280253614E-04));
#1827 = CARTESIAN_POINT('',(3.151148396461,-1.76517065124E-04));
#1828 = CARTESIAN_POINT('',(3.170525720088,-8.655419533767E-04));
#1829 = CARTESIAN_POINT('',(3.200073007303,-3.976814952981E-03));
#1830 = CARTESIAN_POINT('',(3.229784512136,-9.176916767958E-03));
#1831 = CARTESIAN_POINT('',(3.259346203373,-1.647519787159E-02));
#1832 = CARTESIAN_POINT('',(3.288448117175,-2.588787361336E-02));
#1833 = CARTESIAN_POINT('',(3.316792805817,-3.741169208908E-02));
#1834 = CARTESIAN_POINT('',(3.344190651482,-5.079540468892E-02));
#1835 = CARTESIAN_POINT('',(3.370397594193,-6.575977258706E-02));
#1836 = CARTESIAN_POINT('',(3.395334399883,-8.218630235737E-02));
#1837 = CARTESIAN_POINT('',(3.418299877831,-9.9354335973E-02));
#1838 = CARTESIAN_POINT('',(3.440992354907,-0.118905466083));
#1839 = CARTESIAN_POINT('',(3.463554115658,-0.140831693803));
#1840 = CARTESIAN_POINT('',(3.484981930631,-0.164025564869));
#1841 = CARTESIAN_POINT('',(3.504607669025,-0.187740114843));
#1842 = CARTESIAN_POINT('',(3.521437803359,-0.210948364836));
#1843 = CARTESIAN_POINT('',(3.537593949429,-0.2364248772));
#1844 = CARTESIAN_POINT('',(3.552639168995,-0.263326057827));
#1845 = CARTESIAN_POINT('',(3.5665034127,-0.291368636009));
#1846 = CARTESIAN_POINT('',(3.578997867059,-0.320127038731));
#1847 = CARTESIAN_POINT('',(3.589934302085,-0.349181564831));
#1848 = CARTESIAN_POINT('',(3.59912697352,-0.378247086499));
#1849 = CARTESIAN_POINT('',(3.606258443633,-0.406529425672));
#1850 = CARTESIAN_POINT('',(3.611406563284,-0.435186425394));
#1851 = CARTESIAN_POINT('',(3.614861236049,-0.465335175224));
#1852 = CARTESIAN_POINT('',(3.616470528441,-0.496138875471));
#1853 = CARTESIAN_POINT('',(3.616174926127,-0.527267630942));
#1854 = CARTESIAN_POINT('',(3.613861887377,-0.558257057619));
#1855 = CARTESIAN_POINT('',(3.609426513999,-0.58862802126));
#1856 = CARTESIAN_POINT('',(3.60269142638,-0.618066241664));
#1857 = CARTESIAN_POINT('',(3.5936899094,-0.645599183057));
#1858 = CARTESIAN_POINT('',(3.581021145147,-0.674504468992));
#1859 = CARTESIAN_POINT('',(3.565090692563,-0.70340725818));
#1860 = CARTESIAN_POINT('',(3.546176432859,-0.731305632997));
#1861 = CARTESIAN_POINT('',(3.524964643738,-0.756760776267));
#1862 = CARTESIAN_POINT('',(3.501301131519,-0.779747796293));
#1863 = CARTESIAN_POINT('',(3.473438969785,-0.802208975658));
#1864 = CARTESIAN_POINT('',(3.441839560069,-0.823107703924));
#1865 = CARTESIAN_POINT('',(3.406487854998,-0.842159087936));
#1866 = CARTESIAN_POINT('',(3.367628031533,-0.858875060359));
#1867 = CARTESIAN_POINT('',(3.325586375792,-0.872814956123));
#1868 = CARTESIAN_POINT('',(3.281057694362,-0.883787336501));
#1869 = CARTESIAN_POINT('',(3.234879921878,-0.891669602237));
#1870 = CARTESIAN_POINT('',(3.18798767403,-0.896384487767));
#1871 = CARTESIAN_POINT('',(3.156916816736,-0.897427024017));
#1872 = CARTESIAN_POINT('',(3.14159265359,-0.897421373));
#1873 = ( GEOMETRIC_REPRESENTATION_CONTEXT(2) 
PARAMETRIC_REPRESENTATION_CONTEXT() REPRESENTATION_CONTEXT('2D SPACE',''
  ) );
#1874 = ORIENTED_EDGE('',*,*,#1875,.T.);
#1875 = EDGE_CURVE('',#1745,#1743,#1876,.T.);
#1876 = SURFACE_CURVE('',#1877,(#1896,#1947),.PCURVE_S1.);
#1877 = B_SPLINE_CURVE_WITH_KNOTS('',3,(#1878,#1879,#1880,#1881,#1882,
    #1883,#1884,#1885,#1886,#1887,#1888,#1889,#1890,#1891,#1892,#1893,
    #1894,#1895),.UNSPECIFIED.,.F.,.F.,(4,2,2,2,2,2,2,2,4),(
    -0.167444789911,-0.14863882616,-0.12983286241,-0.112554886251,
    -8.372239495545E-02,-5.488990366021E-02,-3.761192750088E-02,
    -1.880596375044E-02,0.),.UNSPECIFIED.);
#1878 = CARTESIAN_POINT('',(2.5,-10.51328124415,5.701985363125));
#1879 = CARTESIAN_POINT('',(2.562686545835,-10.51328124415,
    5.701985363125));
#1880 = CARTESIAN_POINT('',(2.629682703115,-10.51907652826,
    5.691340225527));
#1881 = CARTESIAN_POINT('',(2.753959277362,-10.54239900319,
    5.648021610037));
#1882 = CARTESIAN_POINT('',(2.811249490586,-10.55988998736,
    5.615356751681));
#1883 = CARTESIAN_POINT('',(2.900036189103,-10.59773364094,
    5.543579246392));
#1884 = CARTESIAN_POINT('',(2.942722855445,-10.62285527278,
    5.495379583601));
#1885 = CARTESIAN_POINT('',(3.017527118049,-10.68404694478,
    5.375863599056));
#1886 = CARTESIAN_POINT('',(3.046025777757,-10.73389233452,
    5.275842279402));
#1887 = CARTESIAN_POINT('',(3.046025777757,-10.81729199539,
    5.102661099128));
#1888 = CARTESIAN_POINT('',(3.017527118049,-10.86441371984,
    5.001328131402));
#1889 = CARTESIAN_POINT('',(2.942722855445,-10.91970269577,
    4.878969558246));
#1890 = CARTESIAN_POINT('',(2.900036189103,-10.94172362833,
    4.829276677383));
#1891 = CARTESIAN_POINT('',(2.811249490586,-10.97424640962,
    4.754936775048));
#1892 = CARTESIAN_POINT('',(2.753959277362,-10.988879374,4.720895566905)
  );
#1893 = CARTESIAN_POINT('',(2.629682703115,-11.00820590609,
    4.675652606761));
#1894 = CARTESIAN_POINT('',(2.562686545835,-11.01291530926,
    4.664484536466));
#1895 = CARTESIAN_POINT('',(2.5,-11.01291530926,4.664484536466));
#1896 = PCURVE('',#647,#1897);
#1897 = DEFINITIONAL_REPRESENTATION('',(#1898),#1946);
#1898 = B_SPLINE_CURVE_WITH_KNOTS('',3,(#1899,#1900,#1901,#1902,#1903,
    #1904,#1905,#1906,#1907,#1908,#1909,#1910,#1911,#1912,#1913,#1914,
    #1915,#1916,#1917,#1918,#1919,#1920,#1921,#1922,#1923,#1924,#1925,
    #1926,#1927,#1928,#1929,#1930,#1931,#1932,#1933,#1934,#1935,#1936,
    #1937,#1938,#1939,#1940,#1941,#1942,#1943,#1944,#1945),
  .UNSPECIFIED.,.F.,.F.,(4,1,1,1,1,1,1,1,1,1,1,1,1,1,1,1,1,1,1,1,1,1,1,1
    ,1,1,1,1,1,1,1,1,1,1,1,1,1,1,1,1,1,1,1,1,4),(-0.167444789911,
    -0.163639226504,-0.159833663097,-0.15602809969,-0.152222536283,
    -0.148416972876,-0.144611409469,-0.140805846061,-0.137000282654,
    -0.133194719247,-0.12938915584,-0.125583592433,-0.121778029026,
    -0.117972465619,-0.114166902212,-0.110361338805,-0.106555775398,
    -0.102750211991,-9.894464858372E-02,-9.513908517665E-02,
    -9.133352176959E-02,-8.752795836252E-02,-8.372239495545E-02,
    -7.991683154839E-02,-7.611126814132E-02,-7.230570473426E-02,
    -6.850014132719E-02,-6.469457792012E-02,-6.088901451306E-02,
    -5.708345110599E-02,-5.327788769893E-02,-4.947232429186E-02,
    -4.566676088479E-02,-4.186119747773E-02,-3.805563407066E-02,
    -3.42500706636E-02,-3.044450725653E-02,-2.663894384946E-02,
    -2.28333804424E-02,-1.902781703533E-02,-1.522225362826E-02,
    -1.14166902212E-02,-7.611126814132E-03,-3.805563407066E-03,0.),
  .QUASI_UNIFORM_KNOTS.);
#1899 = CARTESIAN_POINT('',(6.78014411646,-2.44));
#1900 = CARTESIAN_POINT('',(6.780144116424,-2.452685211357));
#1901 = CARTESIAN_POINT('',(6.780061118123,-2.478408581961));
#1902 = CARTESIAN_POINT('',(6.779686149801,-2.517596715739));
#1903 = CARTESIAN_POINT('',(6.779059183838,-2.55693203704));
#1904 = CARTESIAN_POINT('',(6.778178870497,-2.595959091453));
#1905 = CARTESIAN_POINT('',(6.777043197991,-2.634220805355));
#1906 = CARTESIAN_POINT('',(6.77565263271,-2.671266200116));
#1907 = CARTESIAN_POINT('',(6.774037385572,-2.706806114514));
#1908 = CARTESIAN_POINT('',(6.772231234578,-2.740489798168));
#1909 = CARTESIAN_POINT('',(6.770248883283,-2.772169137769));
#1910 = CARTESIAN_POINT('',(6.768177748876,-2.800947060885));
#1911 = CARTESIAN_POINT('',(6.765822567904,-2.828831121131));
#1912 = CARTESIAN_POINT('',(6.763185129874,-2.855930042726));
#1913 = CARTESIAN_POINT('',(6.760399214379,-2.880996113679));
#1914 = CARTESIAN_POINT('',(6.757556392758,-2.903206879213));
#1915 = CARTESIAN_POINT('',(6.754785056192,-2.921395291898));
#1916 = CARTESIAN_POINT('',(6.751757921291,-2.937850718937));
#1917 = CARTESIAN_POINT('',(6.748578036893,-2.95210421934));
#1918 = CARTESIAN_POINT('',(6.745281535346,-2.964102617757));
#1919 = CARTESIAN_POINT('',(6.741921434641,-2.973681334572));
#1920 = CARTESIAN_POINT('',(6.738550151169,-2.98070564159));
#1921 = CARTESIAN_POINT('',(6.735205613976,-2.985032809204));
#1922 = CARTESIAN_POINT('',(6.731984257692,-2.986522262034));
#1923 = CARTESIAN_POINT('',(6.728762901409,-2.985032809204));
#1924 = CARTESIAN_POINT('',(6.725418364215,-2.98070564159));
#1925 = CARTESIAN_POINT('',(6.722047080743,-2.973681334572));
#1926 = CARTESIAN_POINT('',(6.718686980039,-2.964102617757));
#1927 = CARTESIAN_POINT('',(6.715390478492,-2.95210421934));
#1928 = CARTESIAN_POINT('',(6.712210594094,-2.937850718937));
#1929 = CARTESIAN_POINT('',(6.709183459193,-2.921395291898));
#1930 = CARTESIAN_POINT('',(6.706412122627,-2.903206879213));
#1931 = CARTESIAN_POINT('',(6.703569301006,-2.880996113679));
#1932 = CARTESIAN_POINT('',(6.700783385511,-2.855930042726));
#1933 = CARTESIAN_POINT('',(6.698145947481,-2.828831121131));
#1934 = CARTESIAN_POINT('',(6.695790766509,-2.800947060885));
#1935 = CARTESIAN_POINT('',(6.693719632101,-2.772169137769));
#1936 = CARTESIAN_POINT('',(6.691737280807,-2.740489798168));
#1937 = CARTESIAN_POINT('',(6.689931129813,-2.706806114514));
#1938 = CARTESIAN_POINT('',(6.688315882675,-2.671266200116));
#1939 = CARTESIAN_POINT('',(6.686925317394,-2.634220805355));
#1940 = CARTESIAN_POINT('',(6.685789644888,-2.595959091453));
#1941 = CARTESIAN_POINT('',(6.684909331547,-2.55693203704));
#1942 = CARTESIAN_POINT('',(6.684282365584,-2.517596715739));
#1943 = CARTESIAN_POINT('',(6.683907397262,-2.478408581961));
#1944 = CARTESIAN_POINT('',(6.683824398961,-2.452685211357));
#1945 = CARTESIAN_POINT('',(6.683824398925,-2.44));
#1946 = ( GEOMETRIC_REPRESENTATION_CONTEXT(2) 
PARAMETRIC_REPRESENTATION_CONTEXT() REPRESENTATION_CONTEXT('2D SPACE',''
  ) );
#1947 = PCURVE('',#1819,#1948);
#1948 = DEFINITIONAL_REPRESENTATION('',(#1949),#1997);
#1949 = B_SPLINE_CURVE_WITH_KNOTS('',3,(#1950,#1951,#1952,#1953,#1954,
    #1955,#1956,#1957,#1958,#1959,#1960,#1961,#1962,#1963,#1964,#1965,
    #1966,#1967,#1968,#1969,#1970,#1971,#1972,#1973,#1974,#1975,#1976,
    #1977,#1978,#1979,#1980,#1981,#1982,#1983,#1984,#1985,#1986,#1987,
    #1988,#1989,#1990,#1991,#1992,#1993,#1994,#1995,#1996),
  .UNSPECIFIED.,.F.,.F.,(4,1,1,1,1,1,1,1,1,1,1,1,1,1,1,1,1,1,1,1,1,1,1,1
    ,1,1,1,1,1,1,1,1,1,1,1,1,1,1,1,1,1,1,1,1,4),(-0.167444789911,
    -0.163639226504,-0.159833663097,-0.15602809969,-0.152222536283,
    -0.148416972876,-0.144611409469,-0.140805846061,-0.137000282654,
    -0.133194719247,-0.12938915584,-0.125583592433,-0.121778029026,
    -0.117972465619,-0.114166902212,-0.110361338805,-0.106555775398,
    -0.102750211991,-9.894464858372E-02,-9.513908517665E-02,
    -9.133352176959E-02,-8.752795836252E-02,-8.372239495545E-02,
    -7.991683154839E-02,-7.611126814132E-02,-7.230570473426E-02,
    -6.850014132719E-02,-6.469457792012E-02,-6.088901451306E-02,
    -5.708345110599E-02,-5.327788769893E-02,-4.947232429186E-02,
    -4.566676088479E-02,-4.186119747773E-02,-3.805563407066E-02,
    -3.42500706636E-02,-3.044450725653E-02,-2.663894384946E-02,
    -2.28333804424E-02,-1.902781703533E-02,-1.522225362826E-02,
    -1.14166902212E-02,-7.611126814132E-03,-3.805563407066E-03,0.),
  .QUASI_UNIFORM_KNOTS.);
#1950 = CARTESIAN_POINT('',(9.424777960769,-0.897421373));
#1951 = CARTESIAN_POINT('',(9.409453797624,-0.897427024017));
#1952 = CARTESIAN_POINT('',(9.378382940329,-0.896384487767));
#1953 = CARTESIAN_POINT('',(9.331490692481,-0.891669602237));
#1954 = CARTESIAN_POINT('',(9.285312919997,-0.883787336501));
#1955 = CARTESIAN_POINT('',(9.240784238567,-0.872814956123));
#1956 = CARTESIAN_POINT('',(9.198742582826,-0.858875060359));
#1957 = CARTESIAN_POINT('',(9.159882759361,-0.842159087936));
#1958 = CARTESIAN_POINT('',(9.12453105429,-0.823107703924));
#1959 = CARTESIAN_POINT('',(9.092931644574,-0.802208975658));
#1960 = CARTESIAN_POINT('',(9.06506948284,-0.779747796293));
#1961 = CARTESIAN_POINT('',(9.041405970621,-0.756760776267));
#1962 = CARTESIAN_POINT('',(9.0201941815,-0.731305632997));
#1963 = CARTESIAN_POINT('',(9.001279921796,-0.70340725818));
#1964 = CARTESIAN_POINT('',(8.985349469212,-0.674504468992));
#1965 = CARTESIAN_POINT('',(8.972680704959,-0.645599183057));
#1966 = CARTESIAN_POINT('',(8.963679187979,-0.618066241664));
#1967 = CARTESIAN_POINT('',(8.95694410036,-0.58862802126));
#1968 = CARTESIAN_POINT('',(8.952508726982,-0.558257057619));
#1969 = CARTESIAN_POINT('',(8.950195688232,-0.527267630942));
#1970 = CARTESIAN_POINT('',(8.949900085919,-0.496138875471));
#1971 = CARTESIAN_POINT('',(8.95150937831,-0.465335175224));
#1972 = CARTESIAN_POINT('',(8.954964051075,-0.435186425394));
#1973 = CARTESIAN_POINT('',(8.960112170726,-0.406529425672));
#1974 = CARTESIAN_POINT('',(8.967243640839,-0.378247086499));
#1975 = CARTESIAN_POINT('',(8.976436312275,-0.349181564831));
#1976 = CARTESIAN_POINT('',(8.9873727473,-0.320127038731));
#1977 = CARTESIAN_POINT('',(8.99986720166,-0.291368636009));
#1978 = CARTESIAN_POINT('',(9.013731445364,-0.263326057827));
#1979 = CARTESIAN_POINT('',(9.02877666493,-0.2364248772));
#1980 = CARTESIAN_POINT('',(9.044932811,-0.210948364836));
#1981 = CARTESIAN_POINT('',(9.061762945334,-0.187740114843));
#1982 = CARTESIAN_POINT('',(9.081388683728,-0.164025564869));
#1983 = CARTESIAN_POINT('',(9.102816498701,-0.140831693803));
#1984 = CARTESIAN_POINT('',(9.125378259452,-0.118905466083));
#1985 = CARTESIAN_POINT('',(9.148070736528,-9.9354335973E-02));
#1986 = CARTESIAN_POINT('',(9.171036214476,-8.218630235737E-02));
#1987 = CARTESIAN_POINT('',(9.195973020166,-6.575977258706E-02));
#1988 = CARTESIAN_POINT('',(9.222179962877,-5.079540468892E-02));
#1989 = CARTESIAN_POINT('',(9.249577808542,-3.741169208908E-02));
#1990 = CARTESIAN_POINT('',(9.277922497184,-2.588787361337E-02));
#1991 = CARTESIAN_POINT('',(9.307024410986,-1.647519787159E-02));
#1992 = CARTESIAN_POINT('',(9.336586102223,-9.176916767958E-03));
#1993 = CARTESIAN_POINT('',(9.366297607056,-3.976814952981E-03));
#1994 = CARTESIAN_POINT('',(9.395844894271,-8.655419533758E-04));
#1995 = CARTESIAN_POINT('',(9.415222217899,-1.765170651233E-04));
#1996 = CARTESIAN_POINT('',(9.424777960769,-1.765280253614E-04));
#1997 = ( GEOMETRIC_REPRESENTATION_CONTEXT(2) 
PARAMETRIC_REPRESENTATION_CONTEXT() REPRESENTATION_CONTEXT('2D SPACE',''
  ) );
#1998 = FACE_BOUND('',#1999,.T.);
#1999 = EDGE_LOOP('',(#2000,#2133));
#2000 = ORIENTED_EDGE('',*,*,#2001,.T.);
#2001 = EDGE_CURVE('',#2002,#2004,#2006,.T.);
#2002 = VERTEX_POINT('',#2003);
#2003 = CARTESIAN_POINT('',(2.5,-7.898449846757,8.980880225139));
#2004 = VERTEX_POINT('',#2005);
#2005 = CARTESIAN_POINT('',(2.5,-6.998140370742,9.698853074019));
#2006 = SURFACE_CURVE('',#2007,(#2026,#2077),.PCURVE_S1.);
#2007 = B_SPLINE_CURVE_WITH_KNOTS('',3,(#2008,#2009,#2010,#2011,#2012,
    #2013,#2014,#2015,#2016,#2017,#2018,#2019,#2020,#2021,#2022,#2023,
    #2024,#2025),.UNSPECIFIED.,.F.,.F.,(4,2,2,2,2,2,2,2,4),(0.,
    1.880596375039E-02,3.761192750079E-02,5.488990366008E-02,
    8.372239495525E-02,0.11255488625,0.12983286241,0.14863882616,
    0.167444789911),.UNSPECIFIED.);
#2008 = CARTESIAN_POINT('',(2.5,-7.898449846757,8.980880225139));
#2009 = CARTESIAN_POINT('',(2.437313454165,-7.898449846757,
    8.980880225139));
#2010 = CARTESIAN_POINT('',(2.370317296886,-7.889361177014,
    8.988898975332));
#2011 = CARTESIAN_POINT('',(2.246040722639,-7.852318388562,
    9.021276005907));
#2012 = CARTESIAN_POINT('',(2.188750509415,-7.824364616535,
    9.045597069368));
#2013 = CARTESIAN_POINT('',(2.099963810898,-7.762807728302,
    9.098463901062));
#2014 = CARTESIAN_POINT('',(2.057277144556,-7.721406620668,
    9.133681115117));
#2015 = CARTESIAN_POINT('',(1.982472881952,-7.618503579388,
    9.219933392646));
#2016 = CARTESIAN_POINT('',(1.953974222244,-7.532081645721,
    9.290785891859));
#2017 = CARTESIAN_POINT('',(1.953974222244,-7.381800649638,
    9.410630987091));
#2018 = CARTESIAN_POINT('',(1.982472881952,-7.293493881113,
    9.479119978149));
#2019 = CARTESIAN_POINT('',(2.057277144556,-7.186506047408,9.56025008799
    ));
#2020 = CARTESIAN_POINT('',(2.099963810898,-7.142959189298,
    9.592776616055));
#2021 = CARTESIAN_POINT('',(2.188750509415,-7.077720143191,
    9.641026167816));
#2022 = CARTESIAN_POINT('',(2.246040722639,-7.047788560109,9.66286713466
    ));
#2023 = CARTESIAN_POINT('',(2.370317296886,-7.007980493405,
    9.691776615985));
#2024 = CARTESIAN_POINT('',(2.437313454165,-6.998140370742,
    9.698853074019));
#2025 = CARTESIAN_POINT('',(2.5,-6.998140370742,9.698853074019));
#2026 = PCURVE('',#647,#2027);
#2027 = DEFINITIONAL_REPRESENTATION('',(#2028),#2076);
#2028 = B_SPLINE_CURVE_WITH_KNOTS('',3,(#2029,#2030,#2031,#2032,#2033,
    #2034,#2035,#2036,#2037,#2038,#2039,#2040,#2041,#2042,#2043,#2044,
    #2045,#2046,#2047,#2048,#2049,#2050,#2051,#2052,#2053,#2054,#2055,
    #2056,#2057,#2058,#2059,#2060,#2061,#2062,#2063,#2064,#2065,#2066,
    #2067,#2068,#2069,#2070,#2071,#2072,#2073,#2074,#2075),
  .UNSPECIFIED.,.F.,.F.,(4,1,1,1,1,1,1,1,1,1,1,1,1,1,1,1,1,1,1,1,1,1,1,1
    ,1,1,1,1,1,1,1,1,1,1,1,1,1,1,1,1,1,1,1,1,4),(0.,3.805563407057E-03,
    7.611126814114E-03,1.141669022117E-02,1.522225362823E-02,
    1.902781703528E-02,2.283338044234E-02,2.66389438494E-02,
    3.044450725646E-02,3.425007066351E-02,3.805563407057E-02,
    4.186119747763E-02,4.566676088468E-02,4.947232429174E-02,
    5.32778876988E-02,5.708345110585E-02,6.088901451291E-02,
    6.469457791997E-02,6.850014132703E-02,7.230570473408E-02,
    7.611126814114E-02,7.99168315482E-02,8.372239495525E-02,
    8.752795836231E-02,9.133352176937E-02,9.513908517642E-02,
    9.894464858348E-02,0.102750211991,0.106555775398,0.110361338805,
    0.114166902212,0.117972465619,0.121778029026,0.125583592433,
    0.12938915584,0.133194719247,0.137000282654,0.140805846061,
    0.144611409468,0.148416972875,0.152222536282,0.156028099689,
    0.159833663096,0.163639226503,0.167444789911),
  .QUASI_UNIFORM_KNOTS.);
#2029 = CARTESIAN_POINT('',(7.132623349438,-2.44));
#2030 = CARTESIAN_POINT('',(7.132623349474,-2.427314788643));
#2031 = CARTESIAN_POINT('',(7.132706347775,-2.40159141804));
#2032 = CARTESIAN_POINT('',(7.133081316097,-2.362403284261));
#2033 = CARTESIAN_POINT('',(7.13370828206,-2.323067962961));
#2034 = CARTESIAN_POINT('',(7.134588595401,-2.284040908547));
#2035 = CARTESIAN_POINT('',(7.135724267907,-2.245779194646));
#2036 = CARTESIAN_POINT('',(7.137114833188,-2.208733799884));
#2037 = CARTESIAN_POINT('',(7.138730080326,-2.173193885487));
#2038 = CARTESIAN_POINT('',(7.14053623132,-2.139510201832));
#2039 = CARTESIAN_POINT('',(7.142518582614,-2.107830862232));
#2040 = CARTESIAN_POINT('',(7.144589717022,-2.079052939116));
#2041 = CARTESIAN_POINT('',(7.146944897994,-2.05116887887));
#2042 = CARTESIAN_POINT('',(7.149582336023,-2.024069957275));
#2043 = CARTESIAN_POINT('',(7.152368251519,-1.999003886322));
#2044 = CARTESIAN_POINT('',(7.15521107314,-1.976793120788));
#2045 = CARTESIAN_POINT('',(7.157982409706,-1.958604708103));
#2046 = CARTESIAN_POINT('',(7.161009544607,-1.942149281064));
#2047 = CARTESIAN_POINT('',(7.164189429005,-1.927895780661));
#2048 = CARTESIAN_POINT('',(7.167485930551,-1.915897382245));
#2049 = CARTESIAN_POINT('',(7.170846031256,-1.90631866543));
#2050 = CARTESIAN_POINT('',(7.174217314728,-1.899294358411));
#2051 = CARTESIAN_POINT('',(7.177561851922,-1.894967190797));
#2052 = CARTESIAN_POINT('',(7.180783208205,-1.893477737968));
#2053 = CARTESIAN_POINT('',(7.184004564489,-1.894967190797));
#2054 = CARTESIAN_POINT('',(7.187349101682,-1.899294358411));
#2055 = CARTESIAN_POINT('',(7.190720385154,-1.90631866543));
#2056 = CARTESIAN_POINT('',(7.194080485859,-1.915897382245));
#2057 = CARTESIAN_POINT('',(7.197376987406,-1.927895780661));
#2058 = CARTESIAN_POINT('',(7.200556871804,-1.942149281064));
#2059 = CARTESIAN_POINT('',(7.203584006704,-1.958604708103));
#2060 = CARTESIAN_POINT('',(7.206355343271,-1.976793120788));
#2061 = CARTESIAN_POINT('',(7.209198164892,-1.999003886322));
#2062 = CARTESIAN_POINT('',(7.211984080387,-2.024069957275));
#2063 = CARTESIAN_POINT('',(7.214621518417,-2.05116887887));
#2064 = CARTESIAN_POINT('',(7.216976699389,-2.079052939116));
#2065 = CARTESIAN_POINT('',(7.219047833796,-2.107830862232));
#2066 = CARTESIAN_POINT('',(7.221030185091,-2.139510201832));
#2067 = CARTESIAN_POINT('',(7.222836336085,-2.173193885487));
#2068 = CARTESIAN_POINT('',(7.224451583223,-2.208733799884));
#2069 = CARTESIAN_POINT('',(7.225842148503,-2.245779194646));
#2070 = CARTESIAN_POINT('',(7.22697782101,-2.284040908547));
#2071 = CARTESIAN_POINT('',(7.227858134351,-2.323067962961));
#2072 = CARTESIAN_POINT('',(7.228485100313,-2.362403284261));
#2073 = CARTESIAN_POINT('',(7.228860068636,-2.40159141804));
#2074 = CARTESIAN_POINT('',(7.228943066936,-2.427314788643));
#2075 = CARTESIAN_POINT('',(7.228943066973,-2.44));
#2076 = ( GEOMETRIC_REPRESENTATION_CONTEXT(2) 
PARAMETRIC_REPRESENTATION_CONTEXT() REPRESENTATION_CONTEXT('2D SPACE',''
  ) );
#2077 = PCURVE('',#2078,#2083);
#2078 = SPHERICAL_SURFACE('',#2079,1.3275);
#2079 = AXIS2_PLACEMENT_3D('',#2080,#2081,#2082);
#2080 = CARTESIAN_POINT('',(2.5,-6.702515369981,8.404688436531));
#2081 = DIRECTION('',(0.,0.,-1.));
#2082 = DIRECTION('',(0.,1.,0.));
#2083 = DEFINITIONAL_REPRESENTATION('',(#2084),#2132);
#2084 = B_SPLINE_CURVE_WITH_KNOTS('',3,(#2085,#2086,#2087,#2088,#2089,
    #2090,#2091,#2092,#2093,#2094,#2095,#2096,#2097,#2098,#2099,#2100,
    #2101,#2102,#2103,#2104,#2105,#2106,#2107,#2108,#2109,#2110,#2111,
    #2112,#2113,#2114,#2115,#2116,#2117,#2118,#2119,#2120,#2121,#2122,
    #2123,#2124,#2125,#2126,#2127,#2128,#2129,#2130,#2131),
  .UNSPECIFIED.,.F.,.F.,(4,1,1,1,1,1,1,1,1,1,1,1,1,1,1,1,1,1,1,1,1,1,1,1
    ,1,1,1,1,1,1,1,1,1,1,1,1,1,1,1,1,1,1,1,1,4),(0.,3.805563407057E-03,
    7.611126814114E-03,1.141669022117E-02,1.522225362823E-02,
    1.902781703528E-02,2.283338044234E-02,2.66389438494E-02,
    3.044450725646E-02,3.425007066351E-02,3.805563407057E-02,
    4.186119747763E-02,4.566676088468E-02,4.947232429174E-02,
    5.32778876988E-02,5.708345110585E-02,6.088901451291E-02,
    6.469457791997E-02,6.850014132703E-02,7.230570473408E-02,
    7.611126814114E-02,7.99168315482E-02,8.372239495525E-02,
    8.752795836231E-02,9.133352176937E-02,9.513908517642E-02,
    9.894464858348E-02,0.102750211991,0.106555775398,0.110361338805,
    0.114166902212,0.117972465619,0.121778029026,0.125583592433,
    0.12938915584,0.133194719247,0.137000282654,0.140805846061,
    0.144611409468,0.148416972875,0.152222536282,0.156028099689,
    0.159833663096,0.163639226503,0.167444789911),
  .QUASI_UNIFORM_KNOTS.);
#2085 = CARTESIAN_POINT('',(-3.14159265359,-0.448975478539));
#2086 = CARTESIAN_POINT('',(-3.130985527871,-0.448976773779));
#2087 = CARTESIAN_POINT('',(-3.109476808261,-0.449531538384));
#2088 = CARTESIAN_POINT('',(-3.076594693901,-0.452022454176));
#2089 = CARTESIAN_POINT('',(-3.043359175172,-0.456168641304));
#2090 = CARTESIAN_POINT('',(-3.010031469145,-0.461986706431));
#2091 = CARTESIAN_POINT('',(-2.976869206434,-0.469514215641));
#2092 = CARTESIAN_POINT('',(-2.94411929343,-0.478784808007));
#2093 = CARTESIAN_POINT('',(-2.911938929074,-0.489588187355));
#2094 = CARTESIAN_POINT('',(-2.880574064475,-0.50170338474));
#2095 = CARTESIAN_POINT('',(-2.850075591749,-0.515055697914));
#2096 = CARTESIAN_POINT('',(-2.821324027538,-0.529070620953));
#2097 = CARTESIAN_POINT('',(-2.792091770276,-0.545186372931));
#2098 = CARTESIAN_POINT('',(-2.762089696908,-0.563353665019));
#2099 = CARTESIAN_POINT('',(-2.732594591104,-0.582640039499));
#2100 = CARTESIAN_POINT('',(-2.704504550195,-0.602458039981));
#2101 = CARTESIAN_POINT('',(-2.679267565611,-0.622053363894));
#2102 = CARTESIAN_POINT('',(-2.653721537186,-0.6437906529));
#2103 = CARTESIAN_POINT('',(-2.628479699466,-0.666928656736));
#2104 = CARTESIAN_POINT('',(-2.603639709798,-0.691223836935));
#2105 = CARTESIAN_POINT('',(-2.579492617012,-0.716320441816));
#2106 = CARTESIAN_POINT('',(-2.556368719166,-0.741879107028));
#2107 = CARTESIAN_POINT('',(-2.534576980146,-0.767696245203));
#2108 = CARTESIAN_POINT('',(-2.514836495829,-0.793120783784));
#2109 = CARTESIAN_POINT('',(-2.496649919481,-0.819284326076));
#2110 = CARTESIAN_POINT('',(-2.479103447399,-0.847196991227));
#2111 = CARTESIAN_POINT('',(-2.462636330699,-0.876105843789));
#2112 = CARTESIAN_POINT('',(-2.447413649148,-0.905725314644));
#2113 = CARTESIAN_POINT('',(-2.433772109093,-0.935658498891));
#2114 = CARTESIAN_POINT('',(-2.422133077839,-0.965498861446));
#2115 = CARTESIAN_POINT('',(-2.412986607882,-0.995018467061));
#2116 = CARTESIAN_POINT('',(-2.407134006173,-1.023322329704));
#2117 = CARTESIAN_POINT('',(-2.404471028041,-1.053883054631));
#2118 = CARTESIAN_POINT('',(-2.405422970443,-1.08529044776));
#2119 = CARTESIAN_POINT('',(-2.410654694536,-1.116527829565));
#2120 = CARTESIAN_POINT('',(-2.42089822992,-1.146061591473));
#2121 = CARTESIAN_POINT('',(-2.437244128915,-1.173903391334));
#2122 = CARTESIAN_POINT('',(-2.461631118514,-1.202276978326));
#2123 = CARTESIAN_POINT('',(-2.495701423012,-1.229991250024));
#2124 = CARTESIAN_POINT('',(-2.54167595357,-1.256620509324));
#2125 = CARTESIAN_POINT('',(-2.602033984058,-1.281386441631));
#2126 = CARTESIAN_POINT('',(-2.679309770756,-1.303404678242));
#2127 = CARTESIAN_POINT('',(-2.774519417493,-1.321807777659));
#2128 = CARTESIAN_POINT('',(-2.886620833843,-1.335714129025));
#2129 = CARTESIAN_POINT('',(-3.011743703313,-1.344298949769));
#2130 = CARTESIAN_POINT('',(-3.098508866817,-1.346258918388));
#2131 = CARTESIAN_POINT('',(-3.14159265359,-1.346220323512));
#2132 = ( GEOMETRIC_REPRESENTATION_CONTEXT(2) 
PARAMETRIC_REPRESENTATION_CONTEXT() REPRESENTATION_CONTEXT('2D SPACE',''
  ) );
#2133 = ORIENTED_EDGE('',*,*,#2134,.T.);
#2134 = EDGE_CURVE('',#2004,#2002,#2135,.T.);
#2135 = SURFACE_CURVE('',#2136,(#2155,#2206),.PCURVE_S1.);
#2136 = B_SPLINE_CURVE_WITH_KNOTS('',3,(#2137,#2138,#2139,#2140,#2141,
    #2142,#2143,#2144,#2145,#2146,#2147,#2148,#2149,#2150,#2151,#2152,
    #2153,#2154),.UNSPECIFIED.,.F.,.F.,(4,2,2,2,2,2,2,2,4),(
    -0.167444789911,-0.14863882616,-0.12983286241,-0.11255488625,
    -8.372239495525E-02,-5.488990366008E-02,-3.761192750079E-02,
    -1.880596375039E-02,0.),.UNSPECIFIED.);
#2137 = CARTESIAN_POINT('',(2.5,-6.998140370742,9.698853074019));
#2138 = CARTESIAN_POINT('',(2.562686545835,-6.998140370742,
    9.698853074019));
#2139 = CARTESIAN_POINT('',(2.629682703114,-7.007980493405,
    9.691776615985));
#2140 = CARTESIAN_POINT('',(2.753959277361,-7.047788560109,9.66286713466
    ));
#2141 = CARTESIAN_POINT('',(2.811249490585,-7.077720143191,
    9.641026167816));
#2142 = CARTESIAN_POINT('',(2.900036189102,-7.142959189298,
    9.592776616055));
#2143 = CARTESIAN_POINT('',(2.942722855444,-7.186506047408,9.56025008799
    ));
#2144 = CARTESIAN_POINT('',(3.017527118048,-7.293493881113,
    9.479119978149));
#2145 = CARTESIAN_POINT('',(3.046025777756,-7.381800649638,
    9.410630987091));
#2146 = CARTESIAN_POINT('',(3.046025777756,-7.532081645721,
    9.290785891859));
#2147 = CARTESIAN_POINT('',(3.017527118048,-7.618503579388,
    9.219933392646));
#2148 = CARTESIAN_POINT('',(2.942722855444,-7.721406620668,
    9.133681115117));
#2149 = CARTESIAN_POINT('',(2.900036189102,-7.762807728302,
    9.098463901062));
#2150 = CARTESIAN_POINT('',(2.811249490585,-7.824364616535,
    9.045597069368));
#2151 = CARTESIAN_POINT('',(2.753959277361,-7.852318388562,
    9.021276005907));
#2152 = CARTESIAN_POINT('',(2.629682703114,-7.889361177014,
    8.988898975332));
#2153 = CARTESIAN_POINT('',(2.562686545835,-7.898449846757,
    8.980880225139));
#2154 = CARTESIAN_POINT('',(2.5,-7.898449846757,8.980880225139));
#2155 = PCURVE('',#647,#2156);
#2156 = DEFINITIONAL_REPRESENTATION('',(#2157),#2205);
#2157 = B_SPLINE_CURVE_WITH_KNOTS('',3,(#2158,#2159,#2160,#2161,#2162,
    #2163,#2164,#2165,#2166,#2167,#2168,#2169,#2170,#2171,#2172,#2173,
    #2174,#2175,#2176,#2177,#2178,#2179,#2180,#2181,#2182,#2183,#2184,
    #2185,#2186,#2187,#2188,#2189,#2190,#2191,#2192,#2193,#2194,#2195,
    #2196,#2197,#2198,#2199,#2200,#2201,#2202,#2203,#2204),
  .UNSPECIFIED.,.F.,.F.,(4,1,1,1,1,1,1,1,1,1,1,1,1,1,1,1,1,1,1,1,1,1,1,1
    ,1,1,1,1,1,1,1,1,1,1,1,1,1,1,1,1,1,1,1,1,4),(-0.167444789911,
    -0.163639226503,-0.159833663096,-0.156028099689,-0.152222536282,
    -0.148416972875,-0.144611409468,-0.140805846061,-0.137000282654,
    -0.133194719247,-0.12938915584,-0.125583592433,-0.121778029026,
    -0.117972465619,-0.114166902212,-0.110361338805,-0.106555775398,
    -0.102750211991,-9.894464858348E-02,-9.513908517642E-02,
    -9.133352176937E-02,-8.752795836231E-02,-8.372239495525E-02,
    -7.99168315482E-02,-7.611126814114E-02,-7.230570473408E-02,
    -6.850014132703E-02,-6.469457791997E-02,-6.088901451291E-02,
    -5.708345110585E-02,-5.32778876988E-02,-4.947232429174E-02,
    -4.566676088468E-02,-4.186119747763E-02,-3.805563407057E-02,
    -3.425007066351E-02,-3.044450725646E-02,-2.66389438494E-02,
    -2.283338044234E-02,-1.902781703528E-02,-1.522225362823E-02,
    -1.141669022117E-02,-7.611126814114E-03,-3.805563407057E-03,0.),
  .UNSPECIFIED.);
#2158 = CARTESIAN_POINT('',(7.228943066973,-2.44));
#2159 = CARTESIAN_POINT('',(7.228943066936,-2.452685211357));
#2160 = CARTESIAN_POINT('',(7.228860068636,-2.47840858196));
#2161 = CARTESIAN_POINT('',(7.228485100313,-2.517596715739));
#2162 = CARTESIAN_POINT('',(7.227858134351,-2.556932037039));
#2163 = CARTESIAN_POINT('',(7.22697782101,-2.595959091453));
#2164 = CARTESIAN_POINT('',(7.225842148503,-2.634220805354));
#2165 = CARTESIAN_POINT('',(7.224451583223,-2.671266200116));
#2166 = CARTESIAN_POINT('',(7.222836336085,-2.706806114513));
#2167 = CARTESIAN_POINT('',(7.221030185091,-2.740489798168));
#2168 = CARTESIAN_POINT('',(7.219047833796,-2.772169137768));
#2169 = CARTESIAN_POINT('',(7.216976699389,-2.800947060884));
#2170 = CARTESIAN_POINT('',(7.214621518417,-2.82883112113));
#2171 = CARTESIAN_POINT('',(7.211984080387,-2.855930042725));
#2172 = CARTESIAN_POINT('',(7.209198164892,-2.880996113678));
#2173 = CARTESIAN_POINT('',(7.206355343271,-2.903206879212));
#2174 = CARTESIAN_POINT('',(7.203584006704,-2.921395291897));
#2175 = CARTESIAN_POINT('',(7.200556871804,-2.937850718936));
#2176 = CARTESIAN_POINT('',(7.197376987406,-2.952104219339));
#2177 = CARTESIAN_POINT('',(7.194080485859,-2.964102617755));
#2178 = CARTESIAN_POINT('',(7.190720385154,-2.97368133457));
#2179 = CARTESIAN_POINT('',(7.187349101682,-2.980705641589));
#2180 = CARTESIAN_POINT('',(7.184004564489,-2.985032809203));
#2181 = CARTESIAN_POINT('',(7.180783208205,-2.986522262032));
#2182 = CARTESIAN_POINT('',(7.177561851922,-2.985032809203));
#2183 = CARTESIAN_POINT('',(7.174217314728,-2.980705641589));
#2184 = CARTESIAN_POINT('',(7.170846031256,-2.97368133457));
#2185 = CARTESIAN_POINT('',(7.167485930551,-2.964102617755));
#2186 = CARTESIAN_POINT('',(7.164189429005,-2.952104219339));
#2187 = CARTESIAN_POINT('',(7.161009544607,-2.937850718936));
#2188 = CARTESIAN_POINT('',(7.157982409706,-2.921395291897));
#2189 = CARTESIAN_POINT('',(7.15521107314,-2.903206879212));
#2190 = CARTESIAN_POINT('',(7.152368251519,-2.880996113678));
#2191 = CARTESIAN_POINT('',(7.149582336023,-2.855930042725));
#2192 = CARTESIAN_POINT('',(7.146944897994,-2.82883112113));
#2193 = CARTESIAN_POINT('',(7.144589717022,-2.800947060884));
#2194 = CARTESIAN_POINT('',(7.142518582614,-2.772169137768));
#2195 = CARTESIAN_POINT('',(7.14053623132,-2.740489798168));
#2196 = CARTESIAN_POINT('',(7.138730080326,-2.706806114513));
#2197 = CARTESIAN_POINT('',(7.137114833188,-2.671266200116));
#2198 = CARTESIAN_POINT('',(7.135724267907,-2.634220805354));
#2199 = CARTESIAN_POINT('',(7.134588595401,-2.595959091453));
#2200 = CARTESIAN_POINT('',(7.13370828206,-2.556932037039));
#2201 = CARTESIAN_POINT('',(7.133081316097,-2.517596715739));
#2202 = CARTESIAN_POINT('',(7.132706347775,-2.47840858196));
#2203 = CARTESIAN_POINT('',(7.132623349474,-2.452685211357));
#2204 = CARTESIAN_POINT('',(7.132623349438,-2.44));
#2205 = ( GEOMETRIC_REPRESENTATION_CONTEXT(2) 
PARAMETRIC_REPRESENTATION_CONTEXT() REPRESENTATION_CONTEXT('2D SPACE',''
  ) );
#2206 = PCURVE('',#2078,#2207);
#2207 = DEFINITIONAL_REPRESENTATION('',(#2208),#2256);
#2208 = B_SPLINE_CURVE_WITH_KNOTS('',3,(#2209,#2210,#2211,#2212,#2213,
    #2214,#2215,#2216,#2217,#2218,#2219,#2220,#2221,#2222,#2223,#2224,
    #2225,#2226,#2227,#2228,#2229,#2230,#2231,#2232,#2233,#2234,#2235,
    #2236,#2237,#2238,#2239,#2240,#2241,#2242,#2243,#2244,#2245,#2246,
    #2247,#2248,#2249,#2250,#2251,#2252,#2253,#2254,#2255),
  .UNSPECIFIED.,.F.,.F.,(4,1,1,1,1,1,1,1,1,1,1,1,1,1,1,1,1,1,1,1,1,1,1,1
    ,1,1,1,1,1,1,1,1,1,1,1,1,1,1,1,1,1,1,1,1,4),(-0.167444789911,
    -0.163639226503,-0.159833663096,-0.156028099689,-0.152222536282,
    -0.148416972875,-0.144611409468,-0.140805846061,-0.137000282654,
    -0.133194719247,-0.12938915584,-0.125583592433,-0.121778029026,
    -0.117972465619,-0.114166902212,-0.110361338805,-0.106555775398,
    -0.102750211991,-9.894464858348E-02,-9.513908517642E-02,
    -9.133352176937E-02,-8.752795836231E-02,-8.372239495525E-02,
    -7.99168315482E-02,-7.611126814114E-02,-7.230570473408E-02,
    -6.850014132703E-02,-6.469457791997E-02,-6.088901451291E-02,
    -5.708345110585E-02,-5.32778876988E-02,-4.947232429174E-02,
    -4.566676088468E-02,-4.186119747763E-02,-3.805563407057E-02,
    -3.425007066351E-02,-3.044450725646E-02,-2.66389438494E-02,
    -2.283338044234E-02,-1.902781703528E-02,-1.522225362823E-02,
    -1.141669022117E-02,-7.611126814114E-03,-3.805563407057E-03,0.),
  .UNSPECIFIED.);
#2209 = CARTESIAN_POINT('',(3.14159265359,-1.346220323512));
#2210 = CARTESIAN_POINT('',(3.098508866817,-1.346258918388));
#2211 = CARTESIAN_POINT('',(3.011743703313,-1.344298949769));
#2212 = CARTESIAN_POINT('',(2.886620833843,-1.335714129025));
#2213 = CARTESIAN_POINT('',(2.774519417493,-1.321807777659));
#2214 = CARTESIAN_POINT('',(2.679309770756,-1.303404678242));
#2215 = CARTESIAN_POINT('',(2.602033984058,-1.281386441631));
#2216 = CARTESIAN_POINT('',(2.54167595357,-1.256620509324));
#2217 = CARTESIAN_POINT('',(2.495701423012,-1.229991250024));
#2218 = CARTESIAN_POINT('',(2.461631118514,-1.202276978326));
#2219 = CARTESIAN_POINT('',(2.437244128915,-1.173903391334));
#2220 = CARTESIAN_POINT('',(2.42089822992,-1.146061591473));
#2221 = CARTESIAN_POINT('',(2.410654694536,-1.116527829565));
#2222 = CARTESIAN_POINT('',(2.405422970443,-1.08529044776));
#2223 = CARTESIAN_POINT('',(2.404471028041,-1.053883054631));
#2224 = CARTESIAN_POINT('',(2.407134006173,-1.023322329704));
#2225 = CARTESIAN_POINT('',(2.412986607882,-0.995018467061));
#2226 = CARTESIAN_POINT('',(2.422133077839,-0.965498861446));
#2227 = CARTESIAN_POINT('',(2.433772109093,-0.935658498891));
#2228 = CARTESIAN_POINT('',(2.447413649148,-0.905725314644));
#2229 = CARTESIAN_POINT('',(2.462636330699,-0.876105843789));
#2230 = CARTESIAN_POINT('',(2.479103447399,-0.847196991227));
#2231 = CARTESIAN_POINT('',(2.496649919481,-0.819284326076));
#2232 = CARTESIAN_POINT('',(2.514836495829,-0.793120783784));
#2233 = CARTESIAN_POINT('',(2.534576980146,-0.767696245203));
#2234 = CARTESIAN_POINT('',(2.556368719166,-0.741879107028));
#2235 = CARTESIAN_POINT('',(2.579492617012,-0.716320441816));
#2236 = CARTESIAN_POINT('',(2.603639709798,-0.691223836935));
#2237 = CARTESIAN_POINT('',(2.628479699466,-0.666928656736));
#2238 = CARTESIAN_POINT('',(2.653721537186,-0.6437906529));
#2239 = CARTESIAN_POINT('',(2.679267565611,-0.622053363894));
#2240 = CARTESIAN_POINT('',(2.704504550195,-0.602458039981));
#2241 = CARTESIAN_POINT('',(2.732594591104,-0.582640039499));
#2242 = CARTESIAN_POINT('',(2.762089696908,-0.563353665019));
#2243 = CARTESIAN_POINT('',(2.792091770276,-0.545186372931));
#2244 = CARTESIAN_POINT('',(2.821324027538,-0.529070620953));
#2245 = CARTESIAN_POINT('',(2.850075591749,-0.515055697914));
#2246 = CARTESIAN_POINT('',(2.880574064475,-0.50170338474));
#2247 = CARTESIAN_POINT('',(2.911938929074,-0.489588187355));
#2248 = CARTESIAN_POINT('',(2.94411929343,-0.478784808007));
#2249 = CARTESIAN_POINT('',(2.976869206434,-0.469514215641));
#2250 = CARTESIAN_POINT('',(3.010031469145,-0.461986706431));
#2251 = CARTESIAN_POINT('',(3.043359175172,-0.456168641304));
#2252 = CARTESIAN_POINT('',(3.076594693901,-0.452022454176));
#2253 = CARTESIAN_POINT('',(3.109476808261,-0.449531538384));
#2254 = CARTESIAN_POINT('',(3.130985527871,-0.448976773779));
#2255 = CARTESIAN_POINT('',(3.14159265359,-0.448975478539));
#2256 = ( GEOMETRIC_REPRESENTATION_CONTEXT(2) 
PARAMETRIC_REPRESENTATION_CONTEXT() REPRESENTATION_CONTEXT('2D SPACE',''
  ) );
#2257 = FACE_BOUND('',#2258,.T.);
#2258 = EDGE_LOOP('',(#2259,#2392));
#2259 = ORIENTED_EDGE('',*,*,#2260,.T.);
#2260 = EDGE_CURVE('',#2261,#2263,#2265,.T.);
#2261 = VERTEX_POINT('',#2262);
#2262 = CARTESIAN_POINT('',(2.5,-3.219599523958,11.518502441956));
#2263 = VERTEX_POINT('',#2264);
#2264 = CARTESIAN_POINT('',(2.5,-2.096931970353,11.77474398498));
#2265 = SURFACE_CURVE('',#2266,(#2285,#2336),.PCURVE_S1.);
#2266 = B_SPLINE_CURVE_WITH_KNOTS('',3,(#2267,#2268,#2269,#2270,#2271,
    #2272,#2273,#2274,#2275,#2276,#2277,#2278,#2279,#2280,#2281,#2282,
    #2283,#2284),.UNSPECIFIED.,.F.,.F.,(4,2,2,2,2,2,2,2,4),(0.,
    1.880596375008E-02,3.761192750017E-02,5.488990365917E-02,
    8.372239495387E-02,0.112554886249,0.129832862408,0.148638826158,
    0.167444789908),.UNSPECIFIED.);
#2267 = CARTESIAN_POINT('',(2.5,-3.219599523958,11.518502441956));
#2268 = CARTESIAN_POINT('',(2.437313454166,-3.219599523958,
    11.518502441956));
#2269 = CARTESIAN_POINT('',(2.370317296888,-3.207931710153,
    11.521783660228));
#2270 = CARTESIAN_POINT('',(2.246040722643,-3.160509443891,
    11.53488209325));
#2271 = CARTESIAN_POINT('',(2.18875050942,-3.1247714516,11.544665927133)
  );
#2272 = CARTESIAN_POINT('',(2.099963810905,-3.046372553089,
    11.565588763798));
#2273 = CARTESIAN_POINT('',(2.057277144564,-2.993791267498,
    11.579355109892));
#2274 = CARTESIAN_POINT('',(1.98247288196,-2.863655370213,
    11.612417770414));
#2275 = CARTESIAN_POINT('',(1.953974222253,-2.755050151193,
    11.638756594697));
#2276 = CARTESIAN_POINT('',(1.953974222253,-2.567652814253,
    11.681528813971));
#2277 = CARTESIAN_POINT('',(1.98247288196,-2.45837490546,11.704920391792
    ));
#2278 = CARTESIAN_POINT('',(2.057277144564,-2.326781162637,
    11.731595813679));
#2279 = CARTESIAN_POINT('',(2.099963810905,-2.273434067569,
    11.742006929223));
#2280 = CARTESIAN_POINT('',(2.18875050942,-2.193721022127,
    11.757172111989));
#2281 = CARTESIAN_POINT('',(2.246040722643,-2.157277157244,
    11.763863315975));
#2282 = CARTESIAN_POINT('',(2.370317296888,-2.1088679746,11.772637785807
    ));
#2283 = CARTESIAN_POINT('',(2.437313454166,-2.096931970353,
    11.774743984976));
#2284 = CARTESIAN_POINT('',(2.5,-2.096931970353,11.774743984976));
#2285 = PCURVE('',#647,#2286);
#2286 = DEFINITIONAL_REPRESENTATION('',(#2287),#2335);
#2287 = B_SPLINE_CURVE_WITH_KNOTS('',3,(#2288,#2289,#2290,#2291,#2292,
    #2293,#2294,#2295,#2296,#2297,#2298,#2299,#2300,#2301,#2302,#2303,
    #2304,#2305,#2306,#2307,#2308,#2309,#2310,#2311,#2312,#2313,#2314,
    #2315,#2316,#2317,#2318,#2319,#2320,#2321,#2322,#2323,#2324,#2325,
    #2326,#2327,#2328,#2329,#2330,#2331,#2332,#2333,#2334),
  .UNSPECIFIED.,.F.,.F.,(4,1,1,1,1,1,1,1,1,1,1,1,1,1,1,1,1,1,1,1,1,1,1,1
    ,1,1,1,1,1,1,1,1,1,1,1,1,1,1,1,1,1,1,1,1,4),(0.,3.805563406994E-03,
    7.611126813989E-03,1.141669022098E-02,1.522225362798E-02,
    1.902781703497E-02,2.283338044197E-02,2.663894384896E-02,
    3.044450725595E-02,3.425007066295E-02,3.805563406994E-02,
    4.186119747694E-02,4.566676088393E-02,4.947232429093E-02,
    5.327788769792E-02,5.708345110491E-02,6.088901451191E-02,
    6.46945779189E-02,6.85001413259E-02,7.230570473289E-02,
    7.611126813989E-02,7.991683154688E-02,8.372239495387E-02,
    8.752795836087E-02,9.133352176786E-02,9.513908517486E-02,
    9.894464858185E-02,0.102750211989,0.106555775396,0.110361338803,
    0.11416690221,0.117972465617,0.121778029024,0.125583592431,
    0.129389155838,0.133194719245,0.137000282652,0.140805846059,
    0.144611409466,0.148416972873,0.15222253628,0.156028099687,
    0.159833663094,0.163639226501,0.167444789908),
  .QUASI_UNIFORM_KNOTS.);
#2288 = CARTESIAN_POINT('',(7.581422299951,-2.44));
#2289 = CARTESIAN_POINT('',(7.581422299988,-2.427314788643));
#2290 = CARTESIAN_POINT('',(7.581505298288,-2.40159141804));
#2291 = CARTESIAN_POINT('',(7.581880266611,-2.362403284262));
#2292 = CARTESIAN_POINT('',(7.582507232573,-2.323067962962));
#2293 = CARTESIAN_POINT('',(7.583387545914,-2.28404090855));
#2294 = CARTESIAN_POINT('',(7.584523218421,-2.245779194649));
#2295 = CARTESIAN_POINT('',(7.585913783701,-2.208733799888));
#2296 = CARTESIAN_POINT('',(7.587529030839,-2.173193885491));
#2297 = CARTESIAN_POINT('',(7.589335181833,-2.139510201837));
#2298 = CARTESIAN_POINT('',(7.591317533128,-2.107830862238));
#2299 = CARTESIAN_POINT('',(7.593388667535,-2.079052939122));
#2300 = CARTESIAN_POINT('',(7.595743848507,-2.051168878876));
#2301 = CARTESIAN_POINT('',(7.598381286537,-2.024069957282));
#2302 = CARTESIAN_POINT('',(7.601167202032,-1.99900388633));
#2303 = CARTESIAN_POINT('',(7.604010023653,-1.976793120796));
#2304 = CARTESIAN_POINT('',(7.606781360219,-1.958604708111));
#2305 = CARTESIAN_POINT('',(7.60980849512,-1.942149281072));
#2306 = CARTESIAN_POINT('',(7.612988379518,-1.92789578067));
#2307 = CARTESIAN_POINT('',(7.616284881064,-1.915897382253));
#2308 = CARTESIAN_POINT('',(7.619644981769,-1.906318665438));
#2309 = CARTESIAN_POINT('',(7.623016265241,-1.89929435842));
#2310 = CARTESIAN_POINT('',(7.626360802435,-1.894967190806));
#2311 = CARTESIAN_POINT('',(7.629582158718,-1.893477737977));
#2312 = CARTESIAN_POINT('',(7.632803515001,-1.894967190806));
#2313 = CARTESIAN_POINT('',(7.636148052195,-1.89929435842));
#2314 = CARTESIAN_POINT('',(7.639519335667,-1.906318665438));
#2315 = CARTESIAN_POINT('',(7.642879436372,-1.915897382253));
#2316 = CARTESIAN_POINT('',(7.646175937918,-1.92789578067));
#2317 = CARTESIAN_POINT('',(7.649355822316,-1.942149281072));
#2318 = CARTESIAN_POINT('',(7.652382957217,-1.958604708111));
#2319 = CARTESIAN_POINT('',(7.655154293783,-1.976793120796));
#2320 = CARTESIAN_POINT('',(7.657997115404,-1.99900388633));
#2321 = CARTESIAN_POINT('',(7.660783030899,-2.024069957282));
#2322 = CARTESIAN_POINT('',(7.663420468929,-2.051168878876));
#2323 = CARTESIAN_POINT('',(7.665775649901,-2.079052939122));
#2324 = CARTESIAN_POINT('',(7.667846784308,-2.107830862238));
#2325 = CARTESIAN_POINT('',(7.669829135603,-2.139510201837));
#2326 = CARTESIAN_POINT('',(7.671635286597,-2.173193885491));
#2327 = CARTESIAN_POINT('',(7.673250533735,-2.208733799888));
#2328 = CARTESIAN_POINT('',(7.674641099015,-2.245779194649));
#2329 = CARTESIAN_POINT('',(7.675776771522,-2.28404090855));
#2330 = CARTESIAN_POINT('',(7.676657084863,-2.323067962962));
#2331 = CARTESIAN_POINT('',(7.677284050825,-2.362403284262));
#2332 = CARTESIAN_POINT('',(7.677659019148,-2.40159141804));
#2333 = CARTESIAN_POINT('',(7.677742017448,-2.427314788643));
#2334 = CARTESIAN_POINT('',(7.677742017485,-2.44));
#2335 = ( GEOMETRIC_REPRESENTATION_CONTEXT(2) 
PARAMETRIC_REPRESENTATION_CONTEXT() REPRESENTATION_CONTEXT('2D SPACE',''
  ) );
#2336 = PCURVE('',#2337,#2342);
#2337 = SPHERICAL_SURFACE('',#2338,1.3275);
#2338 = AXIS2_PLACEMENT_3D('',#2339,#2340,#2341);
#2339 = CARTESIAN_POINT('',(2.5,-2.39210004003,10.48047505595));
#2340 = DIRECTION('',(0.,0.,-1.));
#2341 = DIRECTION('',(0.,1.,0.));
#2342 = DEFINITIONAL_REPRESENTATION('',(#2343),#2391);
#2343 = B_SPLINE_CURVE_WITH_KNOTS('',3,(#2344,#2345,#2346,#2347,#2348,
    #2349,#2350,#2351,#2352,#2353,#2354,#2355,#2356,#2357,#2358,#2359,
    #2360,#2361,#2362,#2363,#2364,#2365,#2366,#2367,#2368,#2369,#2370,
    #2371,#2372,#2373,#2374,#2375,#2376,#2377,#2378,#2379,#2380,#2381,
    #2382,#2383,#2384,#2385,#2386,#2387,#2388,#2389,#2390),
  .UNSPECIFIED.,.F.,.F.,(4,1,1,1,1,1,1,1,1,1,1,1,1,1,1,1,1,1,1,1,1,1,1,1
    ,1,1,1,1,1,1,1,1,1,1,1,1,1,1,1,1,1,1,1,1,4),(0.,3.805563406994E-03,
    7.611126813989E-03,1.141669022098E-02,1.522225362798E-02,
    1.902781703497E-02,2.283338044197E-02,2.663894384896E-02,
    3.044450725595E-02,3.425007066295E-02,3.805563406994E-02,
    4.186119747694E-02,4.566676088393E-02,4.947232429093E-02,
    5.327788769792E-02,5.708345110491E-02,6.088901451191E-02,
    6.46945779189E-02,6.85001413259E-02,7.230570473289E-02,
    7.611126813989E-02,7.991683154688E-02,8.372239495387E-02,
    8.752795836087E-02,9.133352176786E-02,9.513908517486E-02,
    9.894464858185E-02,0.102750211989,0.106555775396,0.110361338803,
    0.11416690221,0.117972465617,0.121778029024,0.125583592431,
    0.129389155838,0.133194719245,0.137000282652,0.140805846059,
    0.144611409466,0.148416972873,0.15222253628,0.156028099687,
    0.159833663094,0.163639226501,0.167444789908),
  .QUASI_UNIFORM_KNOTS.);
#2344 = CARTESIAN_POINT('',(3.14159265359,-0.89777442906));
#2345 = CARTESIAN_POINT('',(3.156922560794,-0.897777246369));
#2346 = CARTESIAN_POINT('',(3.188007759517,-0.898117649149));
#2347 = CARTESIAN_POINT('',(3.235648313395,-0.899610566932));
#2348 = CARTESIAN_POINT('',(3.284035165779,-0.902050790382));
#2349 = CARTESIAN_POINT('',(3.332912569872,-0.905448871327));
#2350 = CARTESIAN_POINT('',(3.382039173278,-0.909852584902));
#2351 = CARTESIAN_POINT('',(3.431201690935,-0.915323611884));
#2352 = CARTESIAN_POINT('',(3.480264281058,-0.921684459451));
#2353 = CARTESIAN_POINT('',(3.528926503947,-0.928777534797));
#2354 = CARTESIAN_POINT('',(3.5772049863,-0.936562297428));
#2355 = CARTESIAN_POINT('',(3.623702761739,-0.944700010841));
#2356 = CARTESIAN_POINT('',(3.672282536279,-0.954184759939));
#2357 = CARTESIAN_POINT('',(3.723595355635,-0.964810330463));
#2358 = CARTESIAN_POINT('',(3.775564906523,-0.975926163928));
#2359 = CARTESIAN_POINT('',(3.826714249424,-0.987214968203));
#2360 = CARTESIAN_POINT('',(3.87455677868,-0.99847208537));
#2361 = CARTESIAN_POINT('',(3.925197478036,-1.011054596981));
#2362 = CARTESIAN_POINT('',(3.977602335459,-1.024370017584));
#2363 = CARTESIAN_POINT('',(4.031692602469,-1.038191594186));
#2364 = CARTESIAN_POINT('',(4.08701246221,-1.052257399284));
#2365 = CARTESIAN_POINT('',(4.142995125842,-1.06636921684));
#2366 = CARTESIAN_POINT('',(4.19921258182,-1.080459826702));
#2367 = CARTESIAN_POINT('',(4.254127203185,-1.094280553587));
#2368 = CARTESIAN_POINT('',(4.309883959488,-1.108625224989));
#2369 = CARTESIAN_POINT('',(4.369487313624,-1.123862126339));
#2370 = CARTESIAN_POINT('',(4.432040772178,-1.139425136495));
#2371 = CARTESIAN_POINT('',(4.497493406105,-1.155048488335));
#2372 = CARTESIAN_POINT('',(4.565381847942,-1.170460922886));
#2373 = CARTESIAN_POINT('',(4.634986268636,-1.185467309056));
#2374 = CARTESIAN_POINT('',(4.705894115195,-1.200024211505));
#2375 = CARTESIAN_POINT('',(4.775605261868,-1.213942997735));
#2376 = CARTESIAN_POINT('',(4.853353299372,-1.228936012068));
#2377 = CARTESIAN_POINT('',(4.937499613265,-1.243845242345));
#2378 = CARTESIAN_POINT('',(5.026263144225,-1.258043925802));
#2379 = CARTESIAN_POINT('',(5.115465075011,-1.270985803428));
#2380 = CARTESIAN_POINT('',(5.204829453268,-1.283102759841));
#2381 = CARTESIAN_POINT('',(5.302990363275,-1.295005998081));
#2382 = CARTESIAN_POINT('',(5.407836208422,-1.306135061048));
#2383 = CARTESIAN_POINT('',(5.519677182662,-1.316294347439));
#2384 = CARTESIAN_POINT('',(5.637791123087,-1.325270311106));
#2385 = CARTESIAN_POINT('',(5.761410799597,-1.332975471469));
#2386 = CARTESIAN_POINT('',(5.889632862958,-1.339126610167));
#2387 = CARTESIAN_POINT('',(6.02088311714,-1.343515039785));
#2388 = CARTESIAN_POINT('',(6.153046867114,-1.346051682462));
#2389 = CARTESIAN_POINT('',(6.240214476392,-1.346585882608));
#2390 = CARTESIAN_POINT('',(6.28318530718,-1.346573379573));
#2391 = ( GEOMETRIC_REPRESENTATION_CONTEXT(2) 
PARAMETRIC_REPRESENTATION_CONTEXT() REPRESENTATION_CONTEXT('2D SPACE',''
  ) );
#2392 = ORIENTED_EDGE('',*,*,#2393,.T.);
#2393 = EDGE_CURVE('',#2263,#2261,#2394,.T.);
#2394 = SURFACE_CURVE('',#2395,(#2414,#2465),.PCURVE_S1.);
#2395 = B_SPLINE_CURVE_WITH_KNOTS('',3,(#2396,#2397,#2398,#2399,#2400,
    #2401,#2402,#2403,#2404,#2405,#2406,#2407,#2408,#2409,#2410,#2411,
    #2412,#2413),.UNSPECIFIED.,.F.,.F.,(4,2,2,2,2,2,2,2,4),(
    -0.167444789908,-0.148638826158,-0.129832862408,-0.112554886249,
    -8.372239495387E-02,-5.488990365917E-02,-3.761192750016E-02,
    -1.880596375008E-02,0.),.UNSPECIFIED.);
#2396 = CARTESIAN_POINT('',(2.5,-2.096931970353,11.774743984976));
#2397 = CARTESIAN_POINT('',(2.562686545834,-2.096931970353,
    11.774743984976));
#2398 = CARTESIAN_POINT('',(2.629682703112,-2.1088679746,11.772637785807
    ));
#2399 = CARTESIAN_POINT('',(2.753959277357,-2.157277157244,
    11.763863315975));
#2400 = CARTESIAN_POINT('',(2.81124949058,-2.193721022127,
    11.757172111989));
#2401 = CARTESIAN_POINT('',(2.900036189095,-2.273434067569,
    11.742006929223));
#2402 = CARTESIAN_POINT('',(2.942722855436,-2.326781162637,
    11.731595813679));
#2403 = CARTESIAN_POINT('',(3.01752711804,-2.45837490546,11.704920391792
    ));
#2404 = CARTESIAN_POINT('',(3.046025777747,-2.567652814253,
    11.681528813971));
#2405 = CARTESIAN_POINT('',(3.046025777747,-2.755050151193,
    11.638756594697));
#2406 = CARTESIAN_POINT('',(3.01752711804,-2.863655370213,
    11.612417770414));
#2407 = CARTESIAN_POINT('',(2.942722855436,-2.993791267498,
    11.579355109892));
#2408 = CARTESIAN_POINT('',(2.900036189095,-3.046372553089,
    11.565588763798));
#2409 = CARTESIAN_POINT('',(2.81124949058,-3.1247714516,11.544665927133)
  );
#2410 = CARTESIAN_POINT('',(2.753959277357,-3.160509443891,
    11.53488209325));
#2411 = CARTESIAN_POINT('',(2.629682703112,-3.207931710153,
    11.521783660228));
#2412 = CARTESIAN_POINT('',(2.562686545834,-3.219599523958,
    11.518502441956));
#2413 = CARTESIAN_POINT('',(2.5,-3.219599523958,11.518502441956));
#2414 = PCURVE('',#647,#2415);
#2415 = DEFINITIONAL_REPRESENTATION('',(#2416),#2464);
#2416 = B_SPLINE_CURVE_WITH_KNOTS('',3,(#2417,#2418,#2419,#2420,#2421,
    #2422,#2423,#2424,#2425,#2426,#2427,#2428,#2429,#2430,#2431,#2432,
    #2433,#2434,#2435,#2436,#2437,#2438,#2439,#2440,#2441,#2442,#2443,
    #2444,#2445,#2446,#2447,#2448,#2449,#2450,#2451,#2452,#2453,#2454,
    #2455,#2456,#2457,#2458,#2459,#2460,#2461,#2462,#2463),
  .UNSPECIFIED.,.F.,.F.,(4,1,1,1,1,1,1,1,1,1,1,1,1,1,1,1,1,1,1,1,1,1,1,1
    ,1,1,1,1,1,1,1,1,1,1,1,1,1,1,1,1,1,1,1,1,4),(-0.167444789908,
    -0.163639226501,-0.159833663094,-0.156028099687,-0.15222253628,
    -0.148416972873,-0.144611409466,-0.140805846059,-0.137000282652,
    -0.133194719245,-0.129389155838,-0.125583592431,-0.121778029024,
    -0.117972465617,-0.11416690221,-0.110361338803,-0.106555775396,
    -0.102750211989,-9.894464858185E-02,-9.513908517486E-02,
    -9.133352176786E-02,-8.752795836087E-02,-8.372239495387E-02,
    -7.991683154688E-02,-7.611126813989E-02,-7.230570473289E-02,
    -6.85001413259E-02,-6.46945779189E-02,-6.088901451191E-02,
    -5.708345110491E-02,-5.327788769792E-02,-4.947232429093E-02,
    -4.566676088393E-02,-4.186119747694E-02,-3.805563406994E-02,
    -3.425007066295E-02,-3.044450725595E-02,-2.663894384896E-02,
    -2.283338044197E-02,-1.902781703497E-02,-1.522225362798E-02,
    -1.141669022098E-02,-7.611126813989E-03,-3.805563406994E-03,0.),
  .UNSPECIFIED.);
#2417 = CARTESIAN_POINT('',(7.677742017485,-2.44));
#2418 = CARTESIAN_POINT('',(7.677742017448,-2.452685211357));
#2419 = CARTESIAN_POINT('',(7.677659019148,-2.47840858196));
#2420 = CARTESIAN_POINT('',(7.677284050825,-2.517596715738));
#2421 = CARTESIAN_POINT('',(7.676657084863,-2.556932037038));
#2422 = CARTESIAN_POINT('',(7.675776771522,-2.59595909145));
#2423 = CARTESIAN_POINT('',(7.674641099015,-2.634220805351));
#2424 = CARTESIAN_POINT('',(7.673250533735,-2.671266200112));
#2425 = CARTESIAN_POINT('',(7.671635286597,-2.706806114509));
#2426 = CARTESIAN_POINT('',(7.669829135603,-2.740489798163));
#2427 = CARTESIAN_POINT('',(7.667846784308,-2.772169137762));
#2428 = CARTESIAN_POINT('',(7.665775649901,-2.800947060878));
#2429 = CARTESIAN_POINT('',(7.663420468929,-2.828831121124));
#2430 = CARTESIAN_POINT('',(7.660783030899,-2.855930042718));
#2431 = CARTESIAN_POINT('',(7.657997115404,-2.88099611367));
#2432 = CARTESIAN_POINT('',(7.655154293783,-2.903206879204));
#2433 = CARTESIAN_POINT('',(7.652382957217,-2.921395291889));
#2434 = CARTESIAN_POINT('',(7.649355822316,-2.937850718928));
#2435 = CARTESIAN_POINT('',(7.646175937918,-2.95210421933));
#2436 = CARTESIAN_POINT('',(7.642879436372,-2.964102617747));
#2437 = CARTESIAN_POINT('',(7.639519335667,-2.973681334562));
#2438 = CARTESIAN_POINT('',(7.636148052195,-2.98070564158));
#2439 = CARTESIAN_POINT('',(7.632803515001,-2.985032809194));
#2440 = CARTESIAN_POINT('',(7.629582158718,-2.986522262023));
#2441 = CARTESIAN_POINT('',(7.626360802435,-2.985032809194));
#2442 = CARTESIAN_POINT('',(7.623016265241,-2.98070564158));
#2443 = CARTESIAN_POINT('',(7.619644981769,-2.973681334562));
#2444 = CARTESIAN_POINT('',(7.616284881064,-2.964102617747));
#2445 = CARTESIAN_POINT('',(7.612988379518,-2.95210421933));
#2446 = CARTESIAN_POINT('',(7.60980849512,-2.937850718928));
#2447 = CARTESIAN_POINT('',(7.606781360219,-2.921395291889));
#2448 = CARTESIAN_POINT('',(7.604010023653,-2.903206879204));
#2449 = CARTESIAN_POINT('',(7.601167202032,-2.88099611367));
#2450 = CARTESIAN_POINT('',(7.598381286537,-2.855930042718));
#2451 = CARTESIAN_POINT('',(7.595743848507,-2.828831121124));
#2452 = CARTESIAN_POINT('',(7.593388667535,-2.800947060878));
#2453 = CARTESIAN_POINT('',(7.591317533128,-2.772169137762));
#2454 = CARTESIAN_POINT('',(7.589335181833,-2.740489798163));
#2455 = CARTESIAN_POINT('',(7.587529030839,-2.706806114509));
#2456 = CARTESIAN_POINT('',(7.585913783701,-2.671266200112));
#2457 = CARTESIAN_POINT('',(7.584523218421,-2.634220805351));
#2458 = CARTESIAN_POINT('',(7.583387545914,-2.59595909145));
#2459 = CARTESIAN_POINT('',(7.582507232573,-2.556932037038));
#2460 = CARTESIAN_POINT('',(7.581880266611,-2.517596715738));
#2461 = CARTESIAN_POINT('',(7.581505298288,-2.47840858196));
#2462 = CARTESIAN_POINT('',(7.581422299988,-2.452685211357));
#2463 = CARTESIAN_POINT('',(7.581422299951,-2.44));
#2464 = ( GEOMETRIC_REPRESENTATION_CONTEXT(2) 
PARAMETRIC_REPRESENTATION_CONTEXT() REPRESENTATION_CONTEXT('2D SPACE',''
  ) );
#2465 = PCURVE('',#2337,#2466);
#2466 = DEFINITIONAL_REPRESENTATION('',(#2467),#2515);
#2467 = B_SPLINE_CURVE_WITH_KNOTS('',3,(#2468,#2469,#2470,#2471,#2472,
    #2473,#2474,#2475,#2476,#2477,#2478,#2479,#2480,#2481,#2482,#2483,
    #2484,#2485,#2486,#2487,#2488,#2489,#2490,#2491,#2492,#2493,#2494,
    #2495,#2496,#2497,#2498,#2499,#2500,#2501,#2502,#2503,#2504,#2505,
    #2506,#2507,#2508,#2509,#2510,#2511,#2512,#2513,#2514),
  .UNSPECIFIED.,.F.,.F.,(4,1,1,1,1,1,1,1,1,1,1,1,1,1,1,1,1,1,1,1,1,1,1,1
    ,1,1,1,1,1,1,1,1,1,1,1,1,1,1,1,1,1,1,1,1,4),(-0.167444789908,
    -0.163639226501,-0.159833663094,-0.156028099687,-0.15222253628,
    -0.148416972873,-0.144611409466,-0.140805846059,-0.137000282652,
    -0.133194719245,-0.129389155838,-0.125583592431,-0.121778029024,
    -0.117972465617,-0.11416690221,-0.110361338803,-0.106555775396,
    -0.102750211989,-9.894464858185E-02,-9.513908517486E-02,
    -9.133352176786E-02,-8.752795836087E-02,-8.372239495387E-02,
    -7.991683154688E-02,-7.611126813989E-02,-7.230570473289E-02,
    -6.85001413259E-02,-6.46945779189E-02,-6.088901451191E-02,
    -5.708345110491E-02,-5.327788769792E-02,-4.947232429093E-02,
    -4.566676088393E-02,-4.186119747694E-02,-3.805563406994E-02,
    -3.425007066295E-02,-3.044450725595E-02,-2.663894384896E-02,
    -2.283338044197E-02,-1.902781703497E-02,-1.522225362798E-02,
    -1.141669022098E-02,-7.611126813989E-03,-3.805563406994E-03,0.),
  .UNSPECIFIED.);
#2468 = CARTESIAN_POINT('',(6.28318530718,-1.346573379573));
#2469 = CARTESIAN_POINT('',(6.326156137968,-1.346585882608));
#2470 = CARTESIAN_POINT('',(6.413323747245,-1.346051682462));
#2471 = CARTESIAN_POINT('',(6.545487497219,-1.343515039785));
#2472 = CARTESIAN_POINT('',(6.676737751401,-1.339126610167));
#2473 = CARTESIAN_POINT('',(6.804959814762,-1.332975471469));
#2474 = CARTESIAN_POINT('',(6.928579491272,-1.325270311106));
#2475 = CARTESIAN_POINT('',(7.046693431697,-1.316294347439));
#2476 = CARTESIAN_POINT('',(7.158534405937,-1.306135061048));
#2477 = CARTESIAN_POINT('',(7.263380251084,-1.295005998081));
#2478 = CARTESIAN_POINT('',(7.361541161091,-1.283102759841));
#2479 = CARTESIAN_POINT('',(7.450905539348,-1.270985803428));
#2480 = CARTESIAN_POINT('',(7.540107470134,-1.258043925802));
#2481 = CARTESIAN_POINT('',(7.628871001094,-1.243845242345));
#2482 = CARTESIAN_POINT('',(7.713017314987,-1.228936012068));
#2483 = CARTESIAN_POINT('',(7.790765352491,-1.213942997735));
#2484 = CARTESIAN_POINT('',(7.860476499165,-1.200024211505));
#2485 = CARTESIAN_POINT('',(7.931384345723,-1.185467309056));
#2486 = CARTESIAN_POINT('',(8.000988766417,-1.170460922886));
#2487 = CARTESIAN_POINT('',(8.068877208254,-1.155048488335));
#2488 = CARTESIAN_POINT('',(8.134329842182,-1.139425136495));
#2489 = CARTESIAN_POINT('',(8.196883300735,-1.123862126339));
#2490 = CARTESIAN_POINT('',(8.256486654871,-1.108625224989));
#2491 = CARTESIAN_POINT('',(8.312243411175,-1.094280553587));
#2492 = CARTESIAN_POINT('',(8.367158032539,-1.080459826702));
#2493 = CARTESIAN_POINT('',(8.423375488518,-1.06636921684));
#2494 = CARTESIAN_POINT('',(8.47935815215,-1.052257399284));
#2495 = CARTESIAN_POINT('',(8.53467801189,-1.038191594186));
#2496 = CARTESIAN_POINT('',(8.5887682789,-1.024370017584));
#2497 = CARTESIAN_POINT('',(8.641173136323,-1.011054596981));
#2498 = CARTESIAN_POINT('',(8.691813835679,-0.99847208537));
#2499 = CARTESIAN_POINT('',(8.739656364935,-0.987214968203));
#2500 = CARTESIAN_POINT('',(8.790805707836,-0.975926163928));
#2501 = CARTESIAN_POINT('',(8.842775258724,-0.964810330463));
#2502 = CARTESIAN_POINT('',(8.89408807808,-0.954184759939));
#2503 = CARTESIAN_POINT('',(8.94266785262,-0.944700010841));
#2504 = CARTESIAN_POINT('',(8.98916562806,-0.936562297428));
#2505 = CARTESIAN_POINT('',(9.037444110412,-0.928777534797));
#2506 = CARTESIAN_POINT('',(9.086106333301,-0.921684459451));
#2507 = CARTESIAN_POINT('',(9.135168923424,-0.915323611884));
#2508 = CARTESIAN_POINT('',(9.184331441081,-0.909852584902));
#2509 = CARTESIAN_POINT('',(9.233458044487,-0.905448871327));
#2510 = CARTESIAN_POINT('',(9.28233544858,-0.902050790382));
#2511 = CARTESIAN_POINT('',(9.330722300964,-0.899610566932));
#2512 = CARTESIAN_POINT('',(9.378362854842,-0.898117649149));
#2513 = CARTESIAN_POINT('',(9.409448053565,-0.897777246369));
#2514 = CARTESIAN_POINT('',(9.424777960769,-0.89777442906));
#2515 = ( GEOMETRIC_REPRESENTATION_CONTEXT(2) 
PARAMETRIC_REPRESENTATION_CONTEXT() REPRESENTATION_CONTEXT('2D SPACE',''
  ) );
#2516 = FACE_BOUND('',#2517,.T.);
#2517 = EDGE_LOOP('',(#2518,#2651));
#2518 = ORIENTED_EDGE('',*,*,#2519,.T.);
#2519 = EDGE_CURVE('',#2520,#2522,#2524,.T.);
#2520 = VERTEX_POINT('',#2521);
#2521 = CARTESIAN_POINT('',(2.5,2.096931970353,11.774743984976));
#2522 = VERTEX_POINT('',#2523);
#2523 = CARTESIAN_POINT('',(2.5,3.219599523958,11.51850244196));
#2524 = SURFACE_CURVE('',#2525,(#2544,#2595),.PCURVE_S1.);
#2525 = B_SPLINE_CURVE_WITH_KNOTS('',3,(#2526,#2527,#2528,#2529,#2530,
    #2531,#2532,#2533,#2534,#2535,#2536,#2537,#2538,#2539,#2540,#2541,
    #2542,#2543),.UNSPECIFIED.,.F.,.F.,(4,2,2,2,2,2,2,2,4),(0.,
    1.880596375008E-02,3.761192750016E-02,5.488990365917E-02,
    8.372239495387E-02,0.112554886249,0.129832862408,0.148638826158,
    0.167444789908),.UNSPECIFIED.);
#2526 = CARTESIAN_POINT('',(2.5,2.096931970353,11.774743984976));
#2527 = CARTESIAN_POINT('',(2.437313454166,2.096931970353,
    11.774743984976));
#2528 = CARTESIAN_POINT('',(2.370317296888,2.1088679746,11.772637785807)
  );
#2529 = CARTESIAN_POINT('',(2.246040722643,2.157277157244,
    11.763863315975));
#2530 = CARTESIAN_POINT('',(2.18875050942,2.193721022127,11.757172111989
    ));
#2531 = CARTESIAN_POINT('',(2.099963810905,2.273434067569,
    11.742006929223));
#2532 = CARTESIAN_POINT('',(2.057277144564,2.326781162637,
    11.731595813679));
#2533 = CARTESIAN_POINT('',(1.98247288196,2.45837490546,11.704920391792)
  );
#2534 = CARTESIAN_POINT('',(1.953974222253,2.567652814253,
    11.681528813971));
#2535 = CARTESIAN_POINT('',(1.953974222253,2.755050151193,
    11.638756594697));
#2536 = CARTESIAN_POINT('',(1.98247288196,2.863655370213,11.612417770414
    ));
#2537 = CARTESIAN_POINT('',(2.057277144564,2.993791267498,
    11.579355109892));
#2538 = CARTESIAN_POINT('',(2.099963810905,3.046372553089,
    11.565588763798));
#2539 = CARTESIAN_POINT('',(2.18875050942,3.1247714516,11.544665927133)
  );
#2540 = CARTESIAN_POINT('',(2.246040722643,3.160509443891,11.53488209325
    ));
#2541 = CARTESIAN_POINT('',(2.370317296888,3.207931710153,
    11.521783660228));
#2542 = CARTESIAN_POINT('',(2.437313454166,3.219599523958,
    11.518502441956));
#2543 = CARTESIAN_POINT('',(2.5,3.219599523958,11.518502441956));
#2544 = PCURVE('',#647,#2545);
#2545 = DEFINITIONAL_REPRESENTATION('',(#2546),#2594);
#2546 = B_SPLINE_CURVE_WITH_KNOTS('',3,(#2547,#2548,#2549,#2550,#2551,
    #2552,#2553,#2554,#2555,#2556,#2557,#2558,#2559,#2560,#2561,#2562,
    #2563,#2564,#2565,#2566,#2567,#2568,#2569,#2570,#2571,#2572,#2573,
    #2574,#2575,#2576,#2577,#2578,#2579,#2580,#2581,#2582,#2583,#2584,
    #2585,#2586,#2587,#2588,#2589,#2590,#2591,#2592,#2593),
  .UNSPECIFIED.,.F.,.F.,(4,1,1,1,1,1,1,1,1,1,1,1,1,1,1,1,1,1,1,1,1,1,1,1
    ,1,1,1,1,1,1,1,1,1,1,1,1,1,1,1,1,1,1,1,1,4),(0.,3.805563406994E-03,
    7.611126813989E-03,1.141669022098E-02,1.522225362798E-02,
    1.902781703497E-02,2.283338044197E-02,2.663894384896E-02,
    3.044450725595E-02,3.425007066295E-02,3.805563406994E-02,
    4.186119747694E-02,4.566676088393E-02,4.947232429093E-02,
    5.327788769792E-02,5.708345110491E-02,6.088901451191E-02,
    6.46945779189E-02,6.85001413259E-02,7.230570473289E-02,
    7.611126813989E-02,7.991683154688E-02,8.372239495387E-02,
    8.752795836087E-02,9.133352176786E-02,9.513908517486E-02,
    9.894464858185E-02,0.102750211989,0.106555775396,0.110361338803,
    0.11416690221,0.117972465617,0.121778029024,0.125583592431,
    0.129389155838,0.133194719245,0.137000282652,0.140805846059,
    0.144611409466,0.148416972873,0.15222253628,0.156028099687,
    0.159833663094,0.163639226501,0.167444789908),
  .QUASI_UNIFORM_KNOTS.);
#2547 = CARTESIAN_POINT('',(8.030221250464,-2.44));
#2548 = CARTESIAN_POINT('',(8.030221250501,-2.427314788643));
#2549 = CARTESIAN_POINT('',(8.030304248801,-2.40159141804));
#2550 = CARTESIAN_POINT('',(8.030679217124,-2.362403284262));
#2551 = CARTESIAN_POINT('',(8.031306183086,-2.323067962962));
#2552 = CARTESIAN_POINT('',(8.032186496427,-2.28404090855));
#2553 = CARTESIAN_POINT('',(8.033322168934,-2.245779194649));
#2554 = CARTESIAN_POINT('',(8.034712734214,-2.208733799888));
#2555 = CARTESIAN_POINT('',(8.036327981352,-2.173193885491));
#2556 = CARTESIAN_POINT('',(8.038134132346,-2.139510201837));
#2557 = CARTESIAN_POINT('',(8.040116483641,-2.107830862238));
#2558 = CARTESIAN_POINT('',(8.042187618048,-2.079052939122));
#2559 = CARTESIAN_POINT('',(8.04454279902,-2.051168878876));
#2560 = CARTESIAN_POINT('',(8.04718023705,-2.024069957282));
#2561 = CARTESIAN_POINT('',(8.049966152545,-1.99900388633));
#2562 = CARTESIAN_POINT('',(8.052808974166,-1.976793120796));
#2563 = CARTESIAN_POINT('',(8.055580310732,-1.958604708111));
#2564 = CARTESIAN_POINT('',(8.058607445633,-1.942149281072));
#2565 = CARTESIAN_POINT('',(8.061787330031,-1.92789578067));
#2566 = CARTESIAN_POINT('',(8.065083831577,-1.915897382253));
#2567 = CARTESIAN_POINT('',(8.068443932282,-1.906318665438));
#2568 = CARTESIAN_POINT('',(8.071815215754,-1.89929435842));
#2569 = CARTESIAN_POINT('',(8.075159752948,-1.894967190806));
#2570 = CARTESIAN_POINT('',(8.078381109231,-1.893477737977));
#2571 = CARTESIAN_POINT('',(8.081602465514,-1.894967190806));
#2572 = CARTESIAN_POINT('',(8.084947002708,-1.89929435842));
#2573 = CARTESIAN_POINT('',(8.08831828618,-1.906318665438));
#2574 = CARTESIAN_POINT('',(8.091678386885,-1.915897382253));
#2575 = CARTESIAN_POINT('',(8.094974888431,-1.92789578067));
#2576 = CARTESIAN_POINT('',(8.098154772829,-1.942149281072));
#2577 = CARTESIAN_POINT('',(8.10118190773,-1.958604708111));
#2578 = CARTESIAN_POINT('',(8.103953244296,-1.976793120796));
#2579 = CARTESIAN_POINT('',(8.106796065917,-1.99900388633));
#2580 = CARTESIAN_POINT('',(8.109581981412,-2.024069957282));
#2581 = CARTESIAN_POINT('',(8.112219419442,-2.051168878876));
#2582 = CARTESIAN_POINT('',(8.114574600414,-2.079052939122));
#2583 = CARTESIAN_POINT('',(8.116645734821,-2.107830862238));
#2584 = CARTESIAN_POINT('',(8.118628086116,-2.139510201837));
#2585 = CARTESIAN_POINT('',(8.12043423711,-2.173193885491));
#2586 = CARTESIAN_POINT('',(8.122049484248,-2.208733799888));
#2587 = CARTESIAN_POINT('',(8.123440049528,-2.245779194649));
#2588 = CARTESIAN_POINT('',(8.124575722035,-2.28404090855));
#2589 = CARTESIAN_POINT('',(8.125456035376,-2.323067962962));
#2590 = CARTESIAN_POINT('',(8.126083001338,-2.362403284262));
#2591 = CARTESIAN_POINT('',(8.126457969661,-2.40159141804));
#2592 = CARTESIAN_POINT('',(8.126540967961,-2.427314788643));
#2593 = CARTESIAN_POINT('',(8.126540967998,-2.44));
#2594 = ( GEOMETRIC_REPRESENTATION_CONTEXT(2) 
PARAMETRIC_REPRESENTATION_CONTEXT() REPRESENTATION_CONTEXT('2D SPACE',''
  ) );
#2595 = PCURVE('',#2596,#2601);
#2596 = SPHERICAL_SURFACE('',#2597,1.3275);
#2597 = AXIS2_PLACEMENT_3D('',#2598,#2599,#2600);
#2598 = CARTESIAN_POINT('',(2.5,2.39210004003,10.48047505595));
#2599 = DIRECTION('',(0.,0.,-1.));
#2600 = DIRECTION('',(0.,1.,0.));
#2601 = DEFINITIONAL_REPRESENTATION('',(#2602),#2650);
#2602 = B_SPLINE_CURVE_WITH_KNOTS('',3,(#2603,#2604,#2605,#2606,#2607,
    #2608,#2609,#2610,#2611,#2612,#2613,#2614,#2615,#2616,#2617,#2618,
    #2619,#2620,#2621,#2622,#2623,#2624,#2625,#2626,#2627,#2628,#2629,
    #2630,#2631,#2632,#2633,#2634,#2635,#2636,#2637,#2638,#2639,#2640,
    #2641,#2642,#2643,#2644,#2645,#2646,#2647,#2648,#2649),
  .UNSPECIFIED.,.F.,.F.,(4,1,1,1,1,1,1,1,1,1,1,1,1,1,1,1,1,1,1,1,1,1,1,1
    ,1,1,1,1,1,1,1,1,1,1,1,1,1,1,1,1,1,1,1,1,4),(0.,3.805563406994E-03,
    7.611126813989E-03,1.141669022098E-02,1.522225362798E-02,
    1.902781703497E-02,2.283338044197E-02,2.663894384896E-02,
    3.044450725595E-02,3.425007066295E-02,3.805563406994E-02,
    4.186119747694E-02,4.566676088393E-02,4.947232429093E-02,
    5.327788769792E-02,5.708345110491E-02,6.088901451191E-02,
    6.46945779189E-02,6.85001413259E-02,7.230570473289E-02,
    7.611126813989E-02,7.991683154688E-02,8.372239495387E-02,
    8.752795836087E-02,9.133352176786E-02,9.513908517486E-02,
    9.894464858185E-02,0.102750211989,0.106555775396,0.110361338803,
    0.11416690221,0.117972465617,0.121778029024,0.125583592431,
    0.129389155838,0.133194719245,0.137000282652,0.140805846059,
    0.144611409466,0.148416972873,0.15222253628,0.156028099687,
    0.159833663094,0.163639226501,0.167444789908),
  .QUASI_UNIFORM_KNOTS.);
#2603 = CARTESIAN_POINT('',(3.14159265359,-1.346573379573));
#2604 = CARTESIAN_POINT('',(3.184563484378,-1.346585882608));
#2605 = CARTESIAN_POINT('',(3.271731093655,-1.346051682462));
#2606 = CARTESIAN_POINT('',(3.40389484363,-1.343515039785));
#2607 = CARTESIAN_POINT('',(3.535145097811,-1.339126610167));
#2608 = CARTESIAN_POINT('',(3.663367161172,-1.332975471469));
#2609 = CARTESIAN_POINT('',(3.786986837682,-1.325270311106));
#2610 = CARTESIAN_POINT('',(3.905100778107,-1.316294347439));
#2611 = CARTESIAN_POINT('',(4.016941752348,-1.306135061048));
#2612 = CARTESIAN_POINT('',(4.121787597494,-1.295005998081));
#2613 = CARTESIAN_POINT('',(4.219948507501,-1.283102759841));
#2614 = CARTESIAN_POINT('',(4.309312885758,-1.270985803428));
#2615 = CARTESIAN_POINT('',(4.398514816544,-1.258043925802));
#2616 = CARTESIAN_POINT('',(4.487278347504,-1.243845242345));
#2617 = CARTESIAN_POINT('',(4.571424661398,-1.228936012068));
#2618 = CARTESIAN_POINT('',(4.649172698901,-1.213942997735));
#2619 = CARTESIAN_POINT('',(4.718883845575,-1.200024211505));
#2620 = CARTESIAN_POINT('',(4.789791692133,-1.185467309056));
#2621 = CARTESIAN_POINT('',(4.859396112827,-1.170460922886));
#2622 = CARTESIAN_POINT('',(4.927284554664,-1.155048488335));
#2623 = CARTESIAN_POINT('',(4.992737188592,-1.139425136495));
#2624 = CARTESIAN_POINT('',(5.055290647146,-1.123862126339));
#2625 = CARTESIAN_POINT('',(5.114894001281,-1.108625224989));
#2626 = CARTESIAN_POINT('',(5.170650757585,-1.094280553587));
#2627 = CARTESIAN_POINT('',(5.22556537895,-1.080459826702));
#2628 = CARTESIAN_POINT('',(5.281782834928,-1.06636921684));
#2629 = CARTESIAN_POINT('',(5.33776549856,-1.052257399284));
#2630 = CARTESIAN_POINT('',(5.3930853583,-1.038191594186));
#2631 = CARTESIAN_POINT('',(5.447175625311,-1.024370017584));
#2632 = CARTESIAN_POINT('',(5.499580482733,-1.011054596981));
#2633 = CARTESIAN_POINT('',(5.550221182089,-0.99847208537));
#2634 = CARTESIAN_POINT('',(5.598063711345,-0.987214968203));
#2635 = CARTESIAN_POINT('',(5.649213054246,-0.975926163928));
#2636 = CARTESIAN_POINT('',(5.701182605135,-0.964810330463));
#2637 = CARTESIAN_POINT('',(5.752495424491,-0.954184759939));
#2638 = CARTESIAN_POINT('',(5.80107519903,-0.944700010841));
#2639 = CARTESIAN_POINT('',(5.84757297447,-0.936562297428));
#2640 = CARTESIAN_POINT('',(5.895851456822,-0.928777534797));
#2641 = CARTESIAN_POINT('',(5.944513679712,-0.921684459451));
#2642 = CARTESIAN_POINT('',(5.993576269834,-0.915323611884));
#2643 = CARTESIAN_POINT('',(6.042738787491,-0.909852584902));
#2644 = CARTESIAN_POINT('',(6.091865390897,-0.905448871327));
#2645 = CARTESIAN_POINT('',(6.14074279499,-0.902050790382));
#2646 = CARTESIAN_POINT('',(6.189129647374,-0.899610566932));
#2647 = CARTESIAN_POINT('',(6.236770201253,-0.898117649149));
#2648 = CARTESIAN_POINT('',(6.267855399975,-0.897777246369));
#2649 = CARTESIAN_POINT('',(6.28318530718,-0.89777442906));
#2650 = ( GEOMETRIC_REPRESENTATION_CONTEXT(2) 
PARAMETRIC_REPRESENTATION_CONTEXT() REPRESENTATION_CONTEXT('2D SPACE',''
  ) );
#2651 = ORIENTED_EDGE('',*,*,#2652,.T.);
#2652 = EDGE_CURVE('',#2522,#2520,#2653,.T.);
#2653 = SURFACE_CURVE('',#2654,(#2673,#2724),.PCURVE_S1.);
#2654 = B_SPLINE_CURVE_WITH_KNOTS('',3,(#2655,#2656,#2657,#2658,#2659,
    #2660,#2661,#2662,#2663,#2664,#2665,#2666,#2667,#2668,#2669,#2670,
    #2671,#2672),.UNSPECIFIED.,.F.,.F.,(4,2,2,2,2,2,2,2,4),(
    -0.167444789908,-0.148638826158,-0.129832862408,-0.112554886249,
    -8.372239495387E-02,-5.488990365917E-02,-3.761192750016E-02,
    -1.880596375008E-02,0.),.UNSPECIFIED.);
#2655 = CARTESIAN_POINT('',(2.5,3.219599523958,11.518502441956));
#2656 = CARTESIAN_POINT('',(2.562686545834,3.219599523958,
    11.518502441956));
#2657 = CARTESIAN_POINT('',(2.629682703112,3.207931710153,
    11.521783660228));
#2658 = CARTESIAN_POINT('',(2.753959277357,3.160509443891,11.53488209325
    ));
#2659 = CARTESIAN_POINT('',(2.81124949058,3.1247714516,11.544665927133)
  );
#2660 = CARTESIAN_POINT('',(2.900036189095,3.046372553089,
    11.565588763798));
#2661 = CARTESIAN_POINT('',(2.942722855436,2.993791267498,
    11.579355109892));
#2662 = CARTESIAN_POINT('',(3.01752711804,2.863655370213,11.612417770414
    ));
#2663 = CARTESIAN_POINT('',(3.046025777747,2.755050151193,
    11.638756594697));
#2664 = CARTESIAN_POINT('',(3.046025777747,2.567652814253,
    11.681528813971));
#2665 = CARTESIAN_POINT('',(3.01752711804,2.45837490546,11.704920391792)
  );
#2666 = CARTESIAN_POINT('',(2.942722855436,2.326781162637,
    11.731595813679));
#2667 = CARTESIAN_POINT('',(2.900036189095,2.273434067569,
    11.742006929223));
#2668 = CARTESIAN_POINT('',(2.81124949058,2.193721022127,11.757172111989
    ));
#2669 = CARTESIAN_POINT('',(2.753959277357,2.157277157244,
    11.763863315975));
#2670 = CARTESIAN_POINT('',(2.629682703112,2.1088679746,11.772637785807)
  );
#2671 = CARTESIAN_POINT('',(2.562686545834,2.096931970353,
    11.774743984976));
#2672 = CARTESIAN_POINT('',(2.5,2.096931970353,11.774743984976));
#2673 = PCURVE('',#647,#2674);
#2674 = DEFINITIONAL_REPRESENTATION('',(#2675),#2723);
#2675 = B_SPLINE_CURVE_WITH_KNOTS('',3,(#2676,#2677,#2678,#2679,#2680,
    #2681,#2682,#2683,#2684,#2685,#2686,#2687,#2688,#2689,#2690,#2691,
    #2692,#2693,#2694,#2695,#2696,#2697,#2698,#2699,#2700,#2701,#2702,
    #2703,#2704,#2705,#2706,#2707,#2708,#2709,#2710,#2711,#2712,#2713,
    #2714,#2715,#2716,#2717,#2718,#2719,#2720,#2721,#2722),
  .UNSPECIFIED.,.F.,.F.,(4,1,1,1,1,1,1,1,1,1,1,1,1,1,1,1,1,1,1,1,1,1,1,1
    ,1,1,1,1,1,1,1,1,1,1,1,1,1,1,1,1,1,1,1,1,4),(-0.167444789908,
    -0.163639226501,-0.159833663094,-0.156028099687,-0.15222253628,
    -0.148416972873,-0.144611409466,-0.140805846059,-0.137000282652,
    -0.133194719245,-0.129389155838,-0.125583592431,-0.121778029024,
    -0.117972465617,-0.11416690221,-0.110361338803,-0.106555775396,
    -0.102750211989,-9.894464858185E-02,-9.513908517486E-02,
    -9.133352176786E-02,-8.752795836087E-02,-8.372239495387E-02,
    -7.991683154688E-02,-7.611126813989E-02,-7.230570473289E-02,
    -6.85001413259E-02,-6.46945779189E-02,-6.088901451191E-02,
    -5.708345110491E-02,-5.327788769792E-02,-4.947232429093E-02,
    -4.566676088393E-02,-4.186119747694E-02,-3.805563406994E-02,
    -3.425007066295E-02,-3.044450725595E-02,-2.663894384896E-02,
    -2.283338044197E-02,-1.902781703497E-02,-1.522225362798E-02,
    -1.141669022098E-02,-7.611126813989E-03,-3.805563406994E-03,0.),
  .UNSPECIFIED.);
#2676 = CARTESIAN_POINT('',(8.126540967998,-2.44));
#2677 = CARTESIAN_POINT('',(8.126540967961,-2.452685211357));
#2678 = CARTESIAN_POINT('',(8.126457969661,-2.47840858196));
#2679 = CARTESIAN_POINT('',(8.126083001338,-2.517596715738));
#2680 = CARTESIAN_POINT('',(8.125456035376,-2.556932037038));
#2681 = CARTESIAN_POINT('',(8.124575722035,-2.59595909145));
#2682 = CARTESIAN_POINT('',(8.123440049528,-2.634220805351));
#2683 = CARTESIAN_POINT('',(8.122049484248,-2.671266200112));
#2684 = CARTESIAN_POINT('',(8.12043423711,-2.706806114509));
#2685 = CARTESIAN_POINT('',(8.118628086116,-2.740489798163));
#2686 = CARTESIAN_POINT('',(8.116645734821,-2.772169137762));
#2687 = CARTESIAN_POINT('',(8.114574600414,-2.800947060878));
#2688 = CARTESIAN_POINT('',(8.112219419442,-2.828831121124));
#2689 = CARTESIAN_POINT('',(8.109581981412,-2.855930042718));
#2690 = CARTESIAN_POINT('',(8.106796065917,-2.88099611367));
#2691 = CARTESIAN_POINT('',(8.103953244296,-2.903206879204));
#2692 = CARTESIAN_POINT('',(8.10118190773,-2.921395291889));
#2693 = CARTESIAN_POINT('',(8.098154772829,-2.937850718928));
#2694 = CARTESIAN_POINT('',(8.094974888431,-2.95210421933));
#2695 = CARTESIAN_POINT('',(8.091678386885,-2.964102617747));
#2696 = CARTESIAN_POINT('',(8.08831828618,-2.973681334562));
#2697 = CARTESIAN_POINT('',(8.084947002708,-2.98070564158));
#2698 = CARTESIAN_POINT('',(8.081602465514,-2.985032809194));
#2699 = CARTESIAN_POINT('',(8.078381109231,-2.986522262023));
#2700 = CARTESIAN_POINT('',(8.075159752948,-2.985032809194));
#2701 = CARTESIAN_POINT('',(8.071815215754,-2.98070564158));
#2702 = CARTESIAN_POINT('',(8.068443932282,-2.973681334562));
#2703 = CARTESIAN_POINT('',(8.065083831577,-2.964102617747));
#2704 = CARTESIAN_POINT('',(8.061787330031,-2.95210421933));
#2705 = CARTESIAN_POINT('',(8.058607445633,-2.937850718928));
#2706 = CARTESIAN_POINT('',(8.055580310732,-2.921395291889));
#2707 = CARTESIAN_POINT('',(8.052808974166,-2.903206879204));
#2708 = CARTESIAN_POINT('',(8.049966152545,-2.88099611367));
#2709 = CARTESIAN_POINT('',(8.04718023705,-2.855930042718));
#2710 = CARTESIAN_POINT('',(8.04454279902,-2.828831121124));
#2711 = CARTESIAN_POINT('',(8.042187618048,-2.800947060878));
#2712 = CARTESIAN_POINT('',(8.040116483641,-2.772169137762));
#2713 = CARTESIAN_POINT('',(8.038134132346,-2.740489798163));
#2714 = CARTESIAN_POINT('',(8.036327981352,-2.706806114509));
#2715 = CARTESIAN_POINT('',(8.034712734214,-2.671266200112));
#2716 = CARTESIAN_POINT('',(8.033322168934,-2.634220805351));
#2717 = CARTESIAN_POINT('',(8.032186496427,-2.59595909145));
#2718 = CARTESIAN_POINT('',(8.031306183086,-2.556932037038));
#2719 = CARTESIAN_POINT('',(8.030679217124,-2.517596715738));
#2720 = CARTESIAN_POINT('',(8.030304248801,-2.47840858196));
#2721 = CARTESIAN_POINT('',(8.030221250501,-2.452685211357));
#2722 = CARTESIAN_POINT('',(8.030221250464,-2.44));
#2723 = ( GEOMETRIC_REPRESENTATION_CONTEXT(2) 
PARAMETRIC_REPRESENTATION_CONTEXT() REPRESENTATION_CONTEXT('2D SPACE',''
  ) );
#2724 = PCURVE('',#2596,#2725);
#2725 = DEFINITIONAL_REPRESENTATION('',(#2726),#2774);
#2726 = B_SPLINE_CURVE_WITH_KNOTS('',3,(#2727,#2728,#2729,#2730,#2731,
    #2732,#2733,#2734,#2735,#2736,#2737,#2738,#2739,#2740,#2741,#2742,
    #2743,#2744,#2745,#2746,#2747,#2748,#2749,#2750,#2751,#2752,#2753,
    #2754,#2755,#2756,#2757,#2758,#2759,#2760,#2761,#2762,#2763,#2764,
    #2765,#2766,#2767,#2768,#2769,#2770,#2771,#2772,#2773),
  .UNSPECIFIED.,.F.,.F.,(4,1,1,1,1,1,1,1,1,1,1,1,1,1,1,1,1,1,1,1,1,1,1,1
    ,1,1,1,1,1,1,1,1,1,1,1,1,1,1,1,1,1,1,1,1,4),(-0.167444789908,
    -0.163639226501,-0.159833663094,-0.156028099687,-0.15222253628,
    -0.148416972873,-0.144611409466,-0.140805846059,-0.137000282652,
    -0.133194719245,-0.129389155838,-0.125583592431,-0.121778029024,
    -0.117972465617,-0.11416690221,-0.110361338803,-0.106555775396,
    -0.102750211989,-9.894464858185E-02,-9.513908517486E-02,
    -9.133352176786E-02,-8.752795836087E-02,-8.372239495387E-02,
    -7.991683154688E-02,-7.611126813989E-02,-7.230570473289E-02,
    -6.85001413259E-02,-6.46945779189E-02,-6.088901451191E-02,
    -5.708345110491E-02,-5.327788769792E-02,-4.947232429093E-02,
    -4.566676088393E-02,-4.186119747694E-02,-3.805563406994E-02,
    -3.425007066295E-02,-3.044450725595E-02,-2.663894384896E-02,
    -2.283338044197E-02,-1.902781703497E-02,-1.522225362798E-02,
    -1.141669022098E-02,-7.611126813989E-03,-3.805563406994E-03,0.),
  .UNSPECIFIED.);
#2727 = CARTESIAN_POINT('',(6.28318530718,-0.89777442906));
#2728 = CARTESIAN_POINT('',(6.298515214384,-0.897777246369));
#2729 = CARTESIAN_POINT('',(6.329600413107,-0.898117649149));
#2730 = CARTESIAN_POINT('',(6.377240966985,-0.899610566932));
#2731 = CARTESIAN_POINT('',(6.425627819369,-0.902050790382));
#2732 = CARTESIAN_POINT('',(6.474505223462,-0.905448871327));
#2733 = CARTESIAN_POINT('',(6.523631826868,-0.909852584902));
#2734 = CARTESIAN_POINT('',(6.572794344525,-0.915323611884));
#2735 = CARTESIAN_POINT('',(6.621856934647,-0.921684459451));
#2736 = CARTESIAN_POINT('',(6.670519157537,-0.928777534797));
#2737 = CARTESIAN_POINT('',(6.718797639889,-0.936562297428));
#2738 = CARTESIAN_POINT('',(6.765295415329,-0.944700010841));
#2739 = CARTESIAN_POINT('',(6.813875189869,-0.954184759939));
#2740 = CARTESIAN_POINT('',(6.865188009225,-0.964810330463));
#2741 = CARTESIAN_POINT('',(6.917157560113,-0.975926163928));
#2742 = CARTESIAN_POINT('',(6.968306903014,-0.987214968203));
#2743 = CARTESIAN_POINT('',(7.01614943227,-0.99847208537));
#2744 = CARTESIAN_POINT('',(7.066790131626,-1.011054596981));
#2745 = CARTESIAN_POINT('',(7.119194989049,-1.024370017584));
#2746 = CARTESIAN_POINT('',(7.173285256059,-1.038191594186));
#2747 = CARTESIAN_POINT('',(7.228605115799,-1.052257399284));
#2748 = CARTESIAN_POINT('',(7.284587779431,-1.06636921684));
#2749 = CARTESIAN_POINT('',(7.34080523541,-1.080459826702));
#2750 = CARTESIAN_POINT('',(7.395719856774,-1.094280553587));
#2751 = CARTESIAN_POINT('',(7.451476613078,-1.108625224989));
#2752 = CARTESIAN_POINT('',(7.511079967214,-1.123862126339));
#2753 = CARTESIAN_POINT('',(7.573633425767,-1.139425136495));
#2754 = CARTESIAN_POINT('',(7.639086059695,-1.155048488335));
#2755 = CARTESIAN_POINT('',(7.706974501532,-1.170460922886));
#2756 = CARTESIAN_POINT('',(7.776578922226,-1.185467309056));
#2757 = CARTESIAN_POINT('',(7.847486768784,-1.200024211505));
#2758 = CARTESIAN_POINT('',(7.917197915458,-1.213942997735));
#2759 = CARTESIAN_POINT('',(7.994945952962,-1.228936012068));
#2760 = CARTESIAN_POINT('',(8.079092266855,-1.243845242345));
#2761 = CARTESIAN_POINT('',(8.167855797815,-1.258043925802));
#2762 = CARTESIAN_POINT('',(8.257057728601,-1.270985803428));
#2763 = CARTESIAN_POINT('',(8.346422106858,-1.283102759841));
#2764 = CARTESIAN_POINT('',(8.444583016865,-1.295005998081));
#2765 = CARTESIAN_POINT('',(8.549428862012,-1.306135061048));
#2766 = CARTESIAN_POINT('',(8.661269836252,-1.316294347439));
#2767 = CARTESIAN_POINT('',(8.779383776677,-1.325270311106));
#2768 = CARTESIAN_POINT('',(8.903003453187,-1.332975471469));
#2769 = CARTESIAN_POINT('',(9.031225516548,-1.339126610167));
#2770 = CARTESIAN_POINT('',(9.16247577073,-1.343515039785));
#2771 = CARTESIAN_POINT('',(9.294639520704,-1.346051682462));
#2772 = CARTESIAN_POINT('',(9.381807129981,-1.346585882608));
#2773 = CARTESIAN_POINT('',(9.424777960769,-1.346573379573));
#2774 = ( GEOMETRIC_REPRESENTATION_CONTEXT(2) 
PARAMETRIC_REPRESENTATION_CONTEXT() REPRESENTATION_CONTEXT('2D SPACE',''
  ) );
#2775 = FACE_BOUND('',#2776,.T.);
#2776 = EDGE_LOOP('',(#2777));
#2777 = ORIENTED_EDGE('',*,*,#2778,.T.);
#2778 = EDGE_CURVE('',#2779,#2779,#2781,.T.);
#2779 = VERTEX_POINT('',#2780);
#2780 = CARTESIAN_POINT('',(2.5,7.898449846757,8.980880225139));
#2781 = SURFACE_CURVE('',#2782,(#2817,#2868),.PCURVE_S1.);
#2782 = B_SPLINE_CURVE_WITH_KNOTS('',3,(#2783,#2784,#2785,#2786,#2787,
    #2788,#2789,#2790,#2791,#2792,#2793,#2794,#2795,#2796,#2797,#2798,
    #2799,#2800,#2801,#2802,#2803,#2804,#2805,#2806,#2807,#2808,#2809,
    #2810,#2811,#2812,#2813,#2814,#2815,#2816),.UNSPECIFIED.,.T.,.F.,(1,
    3,2,2,2,2,2,2,2,2,2,2,2,2,2,2,2,3,1),(-0.353695543571,
    -0.334889579821,-0.316083616071,-0.29727765232,-0.279999676161,
    -0.251167184866,-0.222334693571,-0.205056717411,-0.186250753661,
    -0.167444789911,-0.14863882616,-0.12983286241,-0.11255488625,
    -8.372239495525E-02,-5.488990366008E-02,-3.761192750079E-02,
    -1.880596375039E-02,0.,1.880596375039E-02),.UNSPECIFIED.);
#2783 = CARTESIAN_POINT('',(2.5,6.998140370742,9.698853074019));
#2784 = CARTESIAN_POINT('',(2.437313454165,6.998140370742,9.698853074019
    ));
#2785 = CARTESIAN_POINT('',(2.370317296886,7.007980493405,9.691776615985
    ));
#2786 = CARTESIAN_POINT('',(2.246040722639,7.047788560109,9.66286713466)
  );
#2787 = CARTESIAN_POINT('',(2.188750509415,7.077720143191,9.641026167816
    ));
#2788 = CARTESIAN_POINT('',(2.099963810898,7.142959189298,9.592776616055
    ));
#2789 = CARTESIAN_POINT('',(2.057277144556,7.186506047408,9.56025008799)
  );
#2790 = CARTESIAN_POINT('',(1.982472881952,7.293493881113,9.479119978149
    ));
#2791 = CARTESIAN_POINT('',(1.953974222244,7.381800649638,9.410630987091
    ));
#2792 = CARTESIAN_POINT('',(1.953974222244,7.532081645721,9.290785891859
    ));
#2793 = CARTESIAN_POINT('',(1.982472881952,7.618503579388,9.219933392646
    ));
#2794 = CARTESIAN_POINT('',(2.057277144556,7.721406620668,9.133681115117
    ));
#2795 = CARTESIAN_POINT('',(2.099963810898,7.762807728302,9.098463901062
    ));
#2796 = CARTESIAN_POINT('',(2.188750509415,7.824364616535,9.045597069368
    ));
#2797 = CARTESIAN_POINT('',(2.246040722639,7.852318388562,9.021276005907
    ));
#2798 = CARTESIAN_POINT('',(2.370317296886,7.889361177014,8.988898975332
    ));
#2799 = CARTESIAN_POINT('',(2.437313454165,7.898449846757,8.980880225139
    ));
#2800 = CARTESIAN_POINT('',(2.562686545835,7.898449846757,8.980880225139
    ));
#2801 = CARTESIAN_POINT('',(2.629682703114,7.889361177014,8.988898975332
    ));
#2802 = CARTESIAN_POINT('',(2.753959277361,7.852318388562,9.021276005907
    ));
#2803 = CARTESIAN_POINT('',(2.811249490585,7.824364616535,9.045597069368
    ));
#2804 = CARTESIAN_POINT('',(2.900036189102,7.762807728302,9.098463901062
    ));
#2805 = CARTESIAN_POINT('',(2.942722855444,7.721406620668,9.133681115117
    ));
#2806 = CARTESIAN_POINT('',(3.017527118048,7.618503579388,9.219933392646
    ));
#2807 = CARTESIAN_POINT('',(3.046025777756,7.532081645721,9.290785891859
    ));
#2808 = CARTESIAN_POINT('',(3.046025777756,7.381800649638,9.410630987091
    ));
#2809 = CARTESIAN_POINT('',(3.017527118048,7.293493881113,9.479119978149
    ));
#2810 = CARTESIAN_POINT('',(2.942722855444,7.186506047408,9.56025008799)
  );
#2811 = CARTESIAN_POINT('',(2.900036189102,7.142959189298,9.592776616055
    ));
#2812 = CARTESIAN_POINT('',(2.811249490585,7.077720143191,9.641026167816
    ));
#2813 = CARTESIAN_POINT('',(2.753959277361,7.047788560109,9.66286713466)
  );
#2814 = CARTESIAN_POINT('',(2.629682703114,7.007980493405,9.691776615985
    ));
#2815 = CARTESIAN_POINT('',(2.562686545835,6.998140370742,9.698853074019
    ));
#2816 = CARTESIAN_POINT('',(2.5,6.998140370742,9.698853074019));
#2817 = PCURVE('',#647,#2818);
#2818 = DEFINITIONAL_REPRESENTATION('',(#2819),#2867);
#2819 = B_SPLINE_CURVE_WITH_KNOTS('',3,(#2820,#2821,#2822,#2823,#2824,
    #2825,#2826,#2827,#2828,#2829,#2830,#2831,#2832,#2833,#2834,#2835,
    #2836,#2837,#2838,#2839,#2840,#2841,#2842,#2843,#2844,#2845,#2846,
    #2847,#2848,#2849,#2850,#2851,#2852,#2853,#2854,#2855,#2856,#2857,
    #2858,#2859,#2860,#2861,#2862,#2863,#2864,#2865,#2866),
  .UNSPECIFIED.,.T.,.F.,(4,1,1,1,1,1,1,1,1,1,1,1,1,1,1,1,1,1,1,1,1,1,1,1
    ,1,1,1,1,1,1,1,1,1,1,1,1,1,1,1,1,1,1,1,1,4),(-0.167444789911,
    -0.159833663096,-0.152222536282,-0.144611409468,-0.137000282654,
    -0.12938915584,-0.121778029026,-0.114166902212,-0.106555775398,
    -9.894464858348E-02,-9.133352176937E-02,-8.372239495525E-02,
    -7.611126814114E-02,-6.850014132703E-02,-6.088901451291E-02,
    -5.32778876988E-02,-4.566676088468E-02,-3.805563407057E-02,
    -3.044450725646E-02,-2.283338044234E-02,-1.522225362823E-02,
    -7.611126814114E-03,0.,7.611126814114E-03,1.522225362823E-02,
    2.283338044234E-02,3.044450725646E-02,3.805563407057E-02,
    4.566676088468E-02,5.32778876988E-02,6.088901451291E-02,
    6.850014132703E-02,7.611126814114E-02,8.372239495525E-02,
    9.133352176937E-02,9.894464858348E-02,0.106555775398,0.114166902212,
    0.121778029026,0.12938915584,0.137000282654,0.144611409468,
    0.152222536282,0.159833663096,0.167444789911),.UNSPECIFIED.);
#2820 = CARTESIAN_POINT('',(8.575339918511,-2.44));
#2821 = CARTESIAN_POINT('',(8.575340640632,-2.465373844834));
#2822 = CARTESIAN_POINT('',(8.575007184113,-2.517510897523));
#2823 = CARTESIAN_POINT('',(8.573503608126,-2.596378573376));
#2824 = CARTESIAN_POINT('',(8.570971059505,-2.671964017176));
#2825 = CARTESIAN_POINT('',(8.567478080564,-2.741857078249));
#2826 = CARTESIAN_POINT('',(8.563502637716,-2.801542114777));
#2827 = CARTESIAN_POINT('',(8.558468627572,-2.856762965076));
#2828 = CARTESIAN_POINT('',(8.552759966084,-2.90495343063));
#2829 = CARTESIAN_POINT('',(8.547076162001,-2.938642234827));
#2830 = CARTESIAN_POINT('',(8.54050497647,-2.965380017043));
#2831 = CARTESIAN_POINT('',(8.533704357347,-2.982033721931));
#2832 = CARTESIAN_POINT('',(8.527180059743,-2.988021805361));
#2833 = CARTESIAN_POINT('',(8.520655762142,-2.982033723161));
#2834 = CARTESIAN_POINT('',(8.513855143009,-2.965380012123));
#2835 = CARTESIAN_POINT('',(8.50728395752,-2.938642253279));
#2836 = CARTESIAN_POINT('',(8.501600153279,-2.904953361742));
#2837 = CARTESIAN_POINT('',(8.495891492379,-2.856763222174));
#2838 = CARTESIAN_POINT('',(8.490857480044,-2.80154115527));
#2839 = CARTESIAN_POINT('',(8.486882045371,-2.741860659177));
#2840 = CARTESIAN_POINT('',(8.48338903592,-2.671950652972));
#2841 = CARTESIAN_POINT('',(8.480856601161,-2.596428449265));
#2842 = CARTESIAN_POINT('',(8.479352600237,-2.517324758173));
#2843 = CARTESIAN_POINT('',(8.478854001346,-2.44));
#2844 = CARTESIAN_POINT('',(8.479352600237,-2.362675241827));
#2845 = CARTESIAN_POINT('',(8.480856601161,-2.283571550735));
#2846 = CARTESIAN_POINT('',(8.48338903592,-2.208049347028));
#2847 = CARTESIAN_POINT('',(8.486882045371,-2.138139340823));
#2848 = CARTESIAN_POINT('',(8.490857480044,-2.07845884473));
#2849 = CARTESIAN_POINT('',(8.495891492379,-2.023236777826));
#2850 = CARTESIAN_POINT('',(8.501600153279,-1.975046638258));
#2851 = CARTESIAN_POINT('',(8.50728395752,-1.941357746721));
#2852 = CARTESIAN_POINT('',(8.513855143009,-1.914619987877));
#2853 = CARTESIAN_POINT('',(8.520655762142,-1.897966276839));
#2854 = CARTESIAN_POINT('',(8.527180059743,-1.891978194639));
#2855 = CARTESIAN_POINT('',(8.533704357347,-1.897966278069));
#2856 = CARTESIAN_POINT('',(8.54050497647,-1.914619982957));
#2857 = CARTESIAN_POINT('',(8.547076162001,-1.941357765173));
#2858 = CARTESIAN_POINT('',(8.552759966084,-1.97504656937));
#2859 = CARTESIAN_POINT('',(8.558468627572,-2.023237034924));
#2860 = CARTESIAN_POINT('',(8.563502637716,-2.078457885223));
#2861 = CARTESIAN_POINT('',(8.567478080564,-2.13814292175));
#2862 = CARTESIAN_POINT('',(8.570971059505,-2.208035982824));
#2863 = CARTESIAN_POINT('',(8.573503608126,-2.283621426624));
#2864 = CARTESIAN_POINT('',(8.575007184113,-2.362489102477));
#2865 = CARTESIAN_POINT('',(8.575340640632,-2.414626155166));
#2866 = CARTESIAN_POINT('',(8.575339918511,-2.44));
#2867 = ( GEOMETRIC_REPRESENTATION_CONTEXT(2) 
PARAMETRIC_REPRESENTATION_CONTEXT() REPRESENTATION_CONTEXT('2D SPACE',''
  ) );
#2868 = PCURVE('',#2869,#2874);
#2869 = SPHERICAL_SURFACE('',#2870,1.3275);
#2870 = AXIS2_PLACEMENT_3D('',#2871,#2872,#2873);
#2871 = CARTESIAN_POINT('',(2.5,6.702515369981,8.404688436531));
#2872 = DIRECTION('',(0.,0.,-1.));
#2873 = DIRECTION('',(0.,1.,0.));
#2874 = DEFINITIONAL_REPRESENTATION('',(#2875),#2923);
#2875 = B_SPLINE_CURVE_WITH_KNOTS('',3,(#2876,#2877,#2878,#2879,#2880,
    #2881,#2882,#2883,#2884,#2885,#2886,#2887,#2888,#2889,#2890,#2891,
    #2892,#2893,#2894,#2895,#2896,#2897,#2898,#2899,#2900,#2901,#2902,
    #2903,#2904,#2905,#2906,#2907,#2908,#2909,#2910,#2911,#2912,#2913,
    #2914,#2915,#2916,#2917,#2918,#2919,#2920,#2921,#2922),
  .UNSPECIFIED.,.T.,.F.,(4,1,1,1,1,1,1,1,1,1,1,1,1,1,1,1,1,1,1,1,1,1,1,1
    ,1,1,1,1,1,1,1,1,1,1,1,1,1,1,1,1,1,1,1,1,4),(-0.167444789911,
    -0.159833663096,-0.152222536282,-0.144611409468,-0.137000282654,
    -0.12938915584,-0.121778029026,-0.114166902212,-0.106555775398,
    -9.894464858348E-02,-9.133352176937E-02,-8.372239495525E-02,
    -7.611126814114E-02,-6.850014132703E-02,-6.088901451291E-02,
    -5.32778876988E-02,-4.566676088468E-02,-3.805563407057E-02,
    -3.044450725646E-02,-2.283338044234E-02,-1.522225362823E-02,
    -7.611126814114E-03,0.,7.611126814114E-03,1.522225362823E-02,
    2.283338044234E-02,3.044450725646E-02,3.805563407057E-02,
    4.566676088468E-02,5.32778876988E-02,6.088901451291E-02,
    6.850014132703E-02,7.611126814114E-02,8.372239495525E-02,
    9.133352176937E-02,9.894464858348E-02,0.106555775398,0.114166902212,
    0.121778029026,0.12938915584,0.137000282654,0.144611409468,
    0.152222536282,0.159833663096,0.167444789911),.UNSPECIFIED.);
#2876 = CARTESIAN_POINT('',(6.28318530718,-0.448975478539));
#2877 = CARTESIAN_POINT('',(6.304406299582,-0.448990797775));
#2878 = CARTESIAN_POINT('',(6.347994851722,-0.451194426999));
#2879 = CARTESIAN_POINT('',(6.414861575178,-0.461123305231));
#2880 = CARTESIAN_POINT('',(6.480872353998,-0.477942034745));
#2881 = CARTESIAN_POINT('',(6.545031464217,-0.501350190814));
#2882 = CARTESIAN_POINT('',(6.603358775027,-0.528114626228));
#2883 = CARTESIAN_POINT('',(6.662737728113,-0.562715858929));
#2884 = CARTESIAN_POINT('',(6.721312928126,-0.602263010565));
#2885 = CARTESIAN_POINT('',(6.770797966508,-0.642757662131));
#2886 = CARTESIAN_POINT('',(6.821529556641,-0.690850973142));
#2887 = CARTESIAN_POINT('',(6.869220415877,-0.741982891592));
#2888 = CARTESIAN_POINT('',(6.910712070646,-0.792750575619));
#2889 = CARTESIAN_POINT('',(6.946026183211,-0.846478512347));
#2890 = CARTESIAN_POINT('',(6.978150921348,-0.905513509767));
#2891 = CARTESIAN_POINT('',(7.003974859627,-0.966133049842));
#2892 = CARTESIAN_POINT('',(7.019326376428,-1.022626702601));
#2893 = CARTESIAN_POINT('',(7.021393738659,-1.08555098026));
#2894 = CARTESIAN_POINT('',(7.006948829201,-1.146742051596));
#2895 = CARTESIAN_POINT('',(6.967986966019,-1.202158400149));
#2896 = CARTESIAN_POINT('',(6.890301045354,-1.25762690247));
#2897 = CARTESIAN_POINT('',(6.755037395832,-1.305193718923));
#2898 = CARTESIAN_POINT('',(6.544424651356,-1.338411154096));
#2899 = CARTESIAN_POINT('',(6.28318530718,-1.35012490822));
#2900 = CARTESIAN_POINT('',(6.021945963003,-1.338411154096));
#2901 = CARTESIAN_POINT('',(5.811333218527,-1.305193718923));
#2902 = CARTESIAN_POINT('',(5.676069569005,-1.25762690247));
#2903 = CARTESIAN_POINT('',(5.59838364834,-1.202158400149));
#2904 = CARTESIAN_POINT('',(5.559421785158,-1.146742051596));
#2905 = CARTESIAN_POINT('',(5.5449768757,-1.08555098026));
#2906 = CARTESIAN_POINT('',(5.547044237931,-1.022626702601));
#2907 = CARTESIAN_POINT('',(5.562395754732,-0.966133049842));
#2908 = CARTESIAN_POINT('',(5.588219693011,-0.905513509767));
#2909 = CARTESIAN_POINT('',(5.620344431148,-0.846478512347));
#2910 = CARTESIAN_POINT('',(5.655658543713,-0.792750575619));
#2911 = CARTESIAN_POINT('',(5.697150198482,-0.741982891592));
#2912 = CARTESIAN_POINT('',(5.744841057719,-0.690850973142));
#2913 = CARTESIAN_POINT('',(5.795572647851,-0.642757662131));
#2914 = CARTESIAN_POINT('',(5.845057686233,-0.602263010565));
#2915 = CARTESIAN_POINT('',(5.903632886246,-0.562715858929));
#2916 = CARTESIAN_POINT('',(5.963011839332,-0.528114626228));
#2917 = CARTESIAN_POINT('',(6.021339150143,-0.501350190814));
#2918 = CARTESIAN_POINT('',(6.085498260361,-0.477942034745));
#2919 = CARTESIAN_POINT('',(6.151509039181,-0.461123305231));
#2920 = CARTESIAN_POINT('',(6.218375762637,-0.451194426999));
#2921 = CARTESIAN_POINT('',(6.261964314777,-0.448990797775));
#2922 = CARTESIAN_POINT('',(6.28318530718,-0.448975478539));
#2923 = ( GEOMETRIC_REPRESENTATION_CONTEXT(2) 
PARAMETRIC_REPRESENTATION_CONTEXT() REPRESENTATION_CONTEXT('2D SPACE',''
  ) );
#2924 = FACE_BOUND('',#2925,.T.);
#2925 = EDGE_LOOP('',(#2926,#2927));
#2926 = ORIENTED_EDGE('',*,*,#772,.T.);
#2927 = ORIENTED_EDGE('',*,*,#565,.T.);
#2928 = FACE_BOUND('',#2929,.T.);
#2929 = EDGE_LOOP('',(#2930,#3063));
#2930 = ORIENTED_EDGE('',*,*,#2931,.T.);
#2931 = EDGE_CURVE('',#2932,#2934,#2936,.T.);
#2932 = VERTEX_POINT('',#2933);
#2933 = CARTESIAN_POINT('',(2.5,-6.998140370742,-9.698853074019));
#2934 = VERTEX_POINT('',#2935);
#2935 = CARTESIAN_POINT('',(2.5,-7.898449846757,-8.980880225139));
#2936 = SURFACE_CURVE('',#2937,(#2956,#3007),.PCURVE_S1.);
#2937 = B_SPLINE_CURVE_WITH_KNOTS('',3,(#2938,#2939,#2940,#2941,#2942,
    #2943,#2944,#2945,#2946,#2947,#2948,#2949,#2950,#2951,#2952,#2953,
    #2954,#2955),.UNSPECIFIED.,.F.,.F.,(4,2,2,2,2,2,2,2,4),(0.,
    1.880596375039E-02,3.761192750079E-02,5.488990366008E-02,
    8.372239495525E-02,0.11255488625,0.12983286241,0.14863882616,
    0.167444789911),.UNSPECIFIED.);
#2938 = CARTESIAN_POINT('',(2.5,-6.998140370742,-9.698853074019));
#2939 = CARTESIAN_POINT('',(2.437313454165,-6.998140370742,
    -9.698853074019));
#2940 = CARTESIAN_POINT('',(2.370317296886,-7.007980493405,
    -9.691776615985));
#2941 = CARTESIAN_POINT('',(2.246040722639,-7.047788560109,
    -9.66286713466));
#2942 = CARTESIAN_POINT('',(2.188750509415,-7.077720143191,
    -9.641026167816));
#2943 = CARTESIAN_POINT('',(2.099963810898,-7.142959189298,
    -9.592776616055));
#2944 = CARTESIAN_POINT('',(2.057277144556,-7.186506047408,
    -9.56025008799));
#2945 = CARTESIAN_POINT('',(1.982472881952,-7.293493881113,
    -9.479119978149));
#2946 = CARTESIAN_POINT('',(1.953974222244,-7.381800649638,
    -9.410630987091));
#2947 = CARTESIAN_POINT('',(1.953974222244,-7.532081645721,
    -9.290785891859));
#2948 = CARTESIAN_POINT('',(1.982472881952,-7.618503579388,
    -9.219933392646));
#2949 = CARTESIAN_POINT('',(2.057277144556,-7.721406620668,
    -9.133681115117));
#2950 = CARTESIAN_POINT('',(2.099963810898,-7.762807728302,
    -9.098463901062));
#2951 = CARTESIAN_POINT('',(2.188750509415,-7.824364616535,
    -9.045597069368));
#2952 = CARTESIAN_POINT('',(2.246040722639,-7.852318388562,
    -9.021276005907));
#2953 = CARTESIAN_POINT('',(2.370317296886,-7.889361177014,
    -8.988898975332));
#2954 = CARTESIAN_POINT('',(2.437313454165,-7.898449846757,
    -8.980880225139));
#2955 = CARTESIAN_POINT('',(2.5,-7.898449846757,-8.980880225139));
#2956 = PCURVE('',#647,#2957);
#2957 = DEFINITIONAL_REPRESENTATION('',(#2958),#3006);
#2958 = B_SPLINE_CURVE_WITH_KNOTS('',3,(#2959,#2960,#2961,#2962,#2963,
    #2964,#2965,#2966,#2967,#2968,#2969,#2970,#2971,#2972,#2973,#2974,
    #2975,#2976,#2977,#2978,#2979,#2980,#2981,#2982,#2983,#2984,#2985,
    #2986,#2987,#2988,#2989,#2990,#2991,#2992,#2993,#2994,#2995,#2996,
    #2997,#2998,#2999,#3000,#3001,#3002,#3003,#3004,#3005),
  .UNSPECIFIED.,.F.,.F.,(4,1,1,1,1,1,1,1,1,1,1,1,1,1,1,1,1,1,1,1,1,1,1,1
    ,1,1,1,1,1,1,1,1,1,1,1,1,1,1,1,1,1,1,1,1,4),(0.,3.805563407057E-03,
    7.611126814114E-03,1.141669022117E-02,1.522225362823E-02,
    1.902781703528E-02,2.283338044234E-02,2.66389438494E-02,
    3.044450725646E-02,3.425007066351E-02,3.805563407057E-02,
    4.186119747763E-02,4.566676088468E-02,4.947232429174E-02,
    5.32778876988E-02,5.708345110585E-02,6.088901451291E-02,
    6.469457791997E-02,6.850014132703E-02,7.230570473408E-02,
    7.611126814114E-02,7.99168315482E-02,8.372239495525E-02,
    8.752795836231E-02,9.133352176937E-02,9.513908517642E-02,
    9.894464858348E-02,0.102750211991,0.106555775398,0.110361338805,
    0.114166902212,0.117972465619,0.121778029026,0.125583592433,
    0.12938915584,0.133194719247,0.137000282654,0.140805846061,
    0.144611409468,0.148416972875,0.152222536282,0.156028099689,
    0.159833663096,0.163639226503,0.167444789911),
  .QUASI_UNIFORM_KNOTS.);
#2959 = CARTESIAN_POINT('',(5.337427547386,-2.44));
#2960 = CARTESIAN_POINT('',(5.337427547423,-2.427314788643));
#2961 = CARTESIAN_POINT('',(5.337510545723,-2.40159141804));
#2962 = CARTESIAN_POINT('',(5.337885514046,-2.362403284261));
#2963 = CARTESIAN_POINT('',(5.338512480009,-2.32306796296));
#2964 = CARTESIAN_POINT('',(5.339392793349,-2.284040908547));
#2965 = CARTESIAN_POINT('',(5.340528465856,-2.245779194646));
#2966 = CARTESIAN_POINT('',(5.341919031136,-2.208733799884));
#2967 = CARTESIAN_POINT('',(5.343534278274,-2.173193885487));
#2968 = CARTESIAN_POINT('',(5.345340429268,-2.139510201832));
#2969 = CARTESIAN_POINT('',(5.347322780563,-2.107830862232));
#2970 = CARTESIAN_POINT('',(5.34939391497,-2.079052939116));
#2971 = CARTESIAN_POINT('',(5.351749095942,-2.05116887887));
#2972 = CARTESIAN_POINT('',(5.354386533972,-2.024069957275));
#2973 = CARTESIAN_POINT('',(5.357172449468,-1.999003886322));
#2974 = CARTESIAN_POINT('',(5.360015271088,-1.976793120788));
#2975 = CARTESIAN_POINT('',(5.362786607655,-1.958604708103));
#2976 = CARTESIAN_POINT('',(5.365813742555,-1.942149281064));
#2977 = CARTESIAN_POINT('',(5.368993626953,-1.927895780661));
#2978 = CARTESIAN_POINT('',(5.3722901285,-1.915897382245));
#2979 = CARTESIAN_POINT('',(5.375650229205,-1.90631866543));
#2980 = CARTESIAN_POINT('',(5.379021512677,-1.899294358411));
#2981 = CARTESIAN_POINT('',(5.382366049871,-1.894967190797));
#2982 = CARTESIAN_POINT('',(5.385587406154,-1.893477737968));
#2983 = CARTESIAN_POINT('',(5.388808762437,-1.894967190797));
#2984 = CARTESIAN_POINT('',(5.392153299631,-1.899294358411));
#2985 = CARTESIAN_POINT('',(5.395524583103,-1.90631866543));
#2986 = CARTESIAN_POINT('',(5.398884683808,-1.915897382245));
#2987 = CARTESIAN_POINT('',(5.402181185355,-1.927895780661));
#2988 = CARTESIAN_POINT('',(5.405361069752,-1.942149281064));
#2989 = CARTESIAN_POINT('',(5.408388204653,-1.958604708103));
#2990 = CARTESIAN_POINT('',(5.411159541219,-1.976793120788));
#2991 = CARTESIAN_POINT('',(5.41400236284,-1.999003886322));
#2992 = CARTESIAN_POINT('',(5.416788278336,-2.024069957275));
#2993 = CARTESIAN_POINT('',(5.419425716366,-2.05116887887));
#2994 = CARTESIAN_POINT('',(5.421780897338,-2.079052939116));
#2995 = CARTESIAN_POINT('',(5.423852031745,-2.107830862232));
#2996 = CARTESIAN_POINT('',(5.42583438304,-2.139510201832));
#2997 = CARTESIAN_POINT('',(5.427640534034,-2.173193885487));
#2998 = CARTESIAN_POINT('',(5.429255781172,-2.208733799884));
#2999 = CARTESIAN_POINT('',(5.430646346452,-2.245779194646));
#3000 = CARTESIAN_POINT('',(5.431782018958,-2.284040908547));
#3001 = CARTESIAN_POINT('',(5.432662332299,-2.323067962961));
#3002 = CARTESIAN_POINT('',(5.433289298262,-2.362403284261));
#3003 = CARTESIAN_POINT('',(5.433664266584,-2.40159141804));
#3004 = CARTESIAN_POINT('',(5.433747264885,-2.427314788643));
#3005 = CARTESIAN_POINT('',(5.433747264921,-2.44));
#3006 = ( GEOMETRIC_REPRESENTATION_CONTEXT(2) 
PARAMETRIC_REPRESENTATION_CONTEXT() REPRESENTATION_CONTEXT('2D SPACE',''
  ) );
#3007 = PCURVE('',#3008,#3013);
#3008 = SPHERICAL_SURFACE('',#3009,1.3275);
#3009 = AXIS2_PLACEMENT_3D('',#3010,#3011,#3012);
#3010 = CARTESIAN_POINT('',(2.5,-6.702515369981,-8.404688436531));
#3011 = DIRECTION('',(0.,0.,-1.));
#3012 = DIRECTION('',(0.,1.,0.));
#3013 = DEFINITIONAL_REPRESENTATION('',(#3014),#3062);
#3014 = B_SPLINE_CURVE_WITH_KNOTS('',3,(#3015,#3016,#3017,#3018,#3019,
    #3020,#3021,#3022,#3023,#3024,#3025,#3026,#3027,#3028,#3029,#3030,
    #3031,#3032,#3033,#3034,#3035,#3036,#3037,#3038,#3039,#3040,#3041,
    #3042,#3043,#3044,#3045,#3046,#3047,#3048,#3049,#3050,#3051,#3052,
    #3053,#3054,#3055,#3056,#3057,#3058,#3059,#3060,#3061),
  .UNSPECIFIED.,.F.,.F.,(4,1,1,1,1,1,1,1,1,1,1,1,1,1,1,1,1,1,1,1,1,1,1,1
    ,1,1,1,1,1,1,1,1,1,1,1,1,1,1,1,1,1,1,1,1,4),(0.,3.805563407057E-03,
    7.611126814114E-03,1.141669022117E-02,1.522225362823E-02,
    1.902781703528E-02,2.283338044234E-02,2.66389438494E-02,
    3.044450725646E-02,3.425007066351E-02,3.805563407057E-02,
    4.186119747763E-02,4.566676088468E-02,4.947232429174E-02,
    5.32778876988E-02,5.708345110585E-02,6.088901451291E-02,
    6.469457791997E-02,6.850014132703E-02,7.230570473408E-02,
    7.611126814114E-02,7.99168315482E-02,8.372239495525E-02,
    8.752795836231E-02,9.133352176937E-02,9.513908517642E-02,
    9.894464858348E-02,0.102750211991,0.106555775398,0.110361338805,
    0.114166902212,0.117972465619,0.121778029026,0.125583592433,
    0.12938915584,0.133194719247,0.137000282654,0.140805846061,
    0.144611409468,0.148416972875,0.152222536282,0.156028099689,
    0.159833663096,0.163639226503,0.167444789911),
  .QUASI_UNIFORM_KNOTS.);
#3015 = CARTESIAN_POINT('',(3.14159265359,1.346220323512));
#3016 = CARTESIAN_POINT('',(3.184676440363,1.346258918388));
#3017 = CARTESIAN_POINT('',(3.271441603867,1.344298949769));
#3018 = CARTESIAN_POINT('',(3.396564473336,1.335714129025));
#3019 = CARTESIAN_POINT('',(3.508665889686,1.321807777659));
#3020 = CARTESIAN_POINT('',(3.603875536423,1.303404678242));
#3021 = CARTESIAN_POINT('',(3.681151323121,1.281386441631));
#3022 = CARTESIAN_POINT('',(3.74150935361,1.256620509324));
#3023 = CARTESIAN_POINT('',(3.787483884168,1.229991250024));
#3024 = CARTESIAN_POINT('',(3.821554188665,1.202276978326));
#3025 = CARTESIAN_POINT('',(3.845941178265,1.173903391334));
#3026 = CARTESIAN_POINT('',(3.862287077259,1.146061591473));
#3027 = CARTESIAN_POINT('',(3.872530612644,1.116527829565));
#3028 = CARTESIAN_POINT('',(3.877762336736,1.08529044776));
#3029 = CARTESIAN_POINT('',(3.878714279138,1.053883054631));
#3030 = CARTESIAN_POINT('',(3.876051301006,1.023322329704));
#3031 = CARTESIAN_POINT('',(3.870198699298,0.995018467061));
#3032 = CARTESIAN_POINT('',(3.861052229341,0.965498861446));
#3033 = CARTESIAN_POINT('',(3.849413198087,0.935658498891));
#3034 = CARTESIAN_POINT('',(3.835771658032,0.905725314644));
#3035 = CARTESIAN_POINT('',(3.82054897648,0.876105843789));
#3036 = CARTESIAN_POINT('',(3.804081859781,0.847196991227));
#3037 = CARTESIAN_POINT('',(3.786535387698,0.819284326076));
#3038 = CARTESIAN_POINT('',(3.768348811351,0.793120783784));
#3039 = CARTESIAN_POINT('',(3.748608327033,0.767696245203));
#3040 = CARTESIAN_POINT('',(3.726816588014,0.741879107028));
#3041 = CARTESIAN_POINT('',(3.703692690167,0.716320441816));
#3042 = CARTESIAN_POINT('',(3.679545597382,0.691223836935));
#3043 = CARTESIAN_POINT('',(3.654705607713,0.666928656736));
#3044 = CARTESIAN_POINT('',(3.629463769994,0.6437906529));
#3045 = CARTESIAN_POINT('',(3.603917741569,0.622053363894));
#3046 = CARTESIAN_POINT('',(3.578680756985,0.602458039981));
#3047 = CARTESIAN_POINT('',(3.550590716076,0.582640039499));
#3048 = CARTESIAN_POINT('',(3.521095610271,0.563353665019));
#3049 = CARTESIAN_POINT('',(3.491093536904,0.545186372931));
#3050 = CARTESIAN_POINT('',(3.461861279641,0.529070620953));
#3051 = CARTESIAN_POINT('',(3.43310971543,0.515055697914));
#3052 = CARTESIAN_POINT('',(3.402611242704,0.50170338474));
#3053 = CARTESIAN_POINT('',(3.371246378105,0.489588187355));
#3054 = CARTESIAN_POINT('',(3.33906601375,0.478784808007));
#3055 = CARTESIAN_POINT('',(3.306316100746,0.469514215641));
#3056 = CARTESIAN_POINT('',(3.273153838035,0.461986706431));
#3057 = CARTESIAN_POINT('',(3.239826132007,0.456168641304));
#3058 = CARTESIAN_POINT('',(3.206590613278,0.452022454176));
#3059 = CARTESIAN_POINT('',(3.173708498919,0.449531538384));
#3060 = CARTESIAN_POINT('',(3.152199779309,0.448976773779));
#3061 = CARTESIAN_POINT('',(3.14159265359,0.448975478539));
#3062 = ( GEOMETRIC_REPRESENTATION_CONTEXT(2) 
PARAMETRIC_REPRESENTATION_CONTEXT() REPRESENTATION_CONTEXT('2D SPACE',''
  ) );
#3063 = ORIENTED_EDGE('',*,*,#3064,.T.);
#3064 = EDGE_CURVE('',#2934,#2932,#3065,.T.);
#3065 = SURFACE_CURVE('',#3066,(#3085,#3136),.PCURVE_S1.);
#3066 = B_SPLINE_CURVE_WITH_KNOTS('',3,(#3067,#3068,#3069,#3070,#3071,
    #3072,#3073,#3074,#3075,#3076,#3077,#3078,#3079,#3080,#3081,#3082,
    #3083,#3084),.UNSPECIFIED.,.F.,.F.,(4,2,2,2,2,2,2,2,4),(
    -0.167444789911,-0.14863882616,-0.12983286241,-0.11255488625,
    -8.372239495525E-02,-5.488990366008E-02,-3.761192750079E-02,
    -1.880596375039E-02,0.),.UNSPECIFIED.);
#3067 = CARTESIAN_POINT('',(2.5,-7.898449846757,-8.980880225139));
#3068 = CARTESIAN_POINT('',(2.562686545835,-7.898449846757,
    -8.980880225139));
#3069 = CARTESIAN_POINT('',(2.629682703114,-7.889361177014,
    -8.988898975332));
#3070 = CARTESIAN_POINT('',(2.753959277361,-7.852318388562,
    -9.021276005907));
#3071 = CARTESIAN_POINT('',(2.811249490585,-7.824364616535,
    -9.045597069368));
#3072 = CARTESIAN_POINT('',(2.900036189102,-7.762807728302,
    -9.098463901062));
#3073 = CARTESIAN_POINT('',(2.942722855444,-7.721406620668,
    -9.133681115117));
#3074 = CARTESIAN_POINT('',(3.017527118048,-7.618503579388,
    -9.219933392646));
#3075 = CARTESIAN_POINT('',(3.046025777756,-7.532081645721,
    -9.290785891859));
#3076 = CARTESIAN_POINT('',(3.046025777756,-7.381800649638,
    -9.410630987091));
#3077 = CARTESIAN_POINT('',(3.017527118048,-7.293493881113,
    -9.479119978149));
#3078 = CARTESIAN_POINT('',(2.942722855444,-7.186506047408,
    -9.56025008799));
#3079 = CARTESIAN_POINT('',(2.900036189102,-7.142959189298,
    -9.592776616055));
#3080 = CARTESIAN_POINT('',(2.811249490585,-7.077720143191,
    -9.641026167816));
#3081 = CARTESIAN_POINT('',(2.753959277361,-7.047788560109,
    -9.66286713466));
#3082 = CARTESIAN_POINT('',(2.629682703114,-7.007980493405,
    -9.691776615985));
#3083 = CARTESIAN_POINT('',(2.562686545835,-6.998140370742,
    -9.698853074019));
#3084 = CARTESIAN_POINT('',(2.5,-6.998140370742,-9.698853074019));
#3085 = PCURVE('',#647,#3086);
#3086 = DEFINITIONAL_REPRESENTATION('',(#3087),#3135);
#3087 = B_SPLINE_CURVE_WITH_KNOTS('',3,(#3088,#3089,#3090,#3091,#3092,
    #3093,#3094,#3095,#3096,#3097,#3098,#3099,#3100,#3101,#3102,#3103,
    #3104,#3105,#3106,#3107,#3108,#3109,#3110,#3111,#3112,#3113,#3114,
    #3115,#3116,#3117,#3118,#3119,#3120,#3121,#3122,#3123,#3124,#3125,
    #3126,#3127,#3128,#3129,#3130,#3131,#3132,#3133,#3134),
  .UNSPECIFIED.,.F.,.F.,(4,1,1,1,1,1,1,1,1,1,1,1,1,1,1,1,1,1,1,1,1,1,1,1
    ,1,1,1,1,1,1,1,1,1,1,1,1,1,1,1,1,1,1,1,1,4),(-0.167444789911,
    -0.163639226503,-0.159833663096,-0.156028099689,-0.152222536282,
    -0.148416972875,-0.144611409468,-0.140805846061,-0.137000282654,
    -0.133194719247,-0.12938915584,-0.125583592433,-0.121778029026,
    -0.117972465619,-0.114166902212,-0.110361338805,-0.106555775398,
    -0.102750211991,-9.894464858348E-02,-9.513908517642E-02,
    -9.133352176937E-02,-8.752795836231E-02,-8.372239495525E-02,
    -7.99168315482E-02,-7.611126814114E-02,-7.230570473408E-02,
    -6.850014132703E-02,-6.469457791997E-02,-6.088901451291E-02,
    -5.708345110585E-02,-5.32778876988E-02,-4.947232429174E-02,
    -4.566676088468E-02,-4.186119747763E-02,-3.805563407057E-02,
    -3.425007066351E-02,-3.044450725646E-02,-2.66389438494E-02,
    -2.283338044234E-02,-1.902781703528E-02,-1.522225362823E-02,
    -1.141669022117E-02,-7.611126814114E-03,-3.805563407057E-03,0.),
  .UNSPECIFIED.);
#3088 = CARTESIAN_POINT('',(5.433747264921,-2.44));
#3089 = CARTESIAN_POINT('',(5.433747264885,-2.452685211357));
#3090 = CARTESIAN_POINT('',(5.433664266584,-2.47840858196));
#3091 = CARTESIAN_POINT('',(5.433289298262,-2.517596715739));
#3092 = CARTESIAN_POINT('',(5.432662332299,-2.556932037039));
#3093 = CARTESIAN_POINT('',(5.431782018958,-2.595959091453));
#3094 = CARTESIAN_POINT('',(5.430646346452,-2.634220805354));
#3095 = CARTESIAN_POINT('',(5.429255781172,-2.671266200116));
#3096 = CARTESIAN_POINT('',(5.427640534034,-2.706806114513));
#3097 = CARTESIAN_POINT('',(5.42583438304,-2.740489798168));
#3098 = CARTESIAN_POINT('',(5.423852031745,-2.772169137768));
#3099 = CARTESIAN_POINT('',(5.421780897338,-2.800947060884));
#3100 = CARTESIAN_POINT('',(5.419425716366,-2.82883112113));
#3101 = CARTESIAN_POINT('',(5.416788278336,-2.855930042725));
#3102 = CARTESIAN_POINT('',(5.41400236284,-2.880996113678));
#3103 = CARTESIAN_POINT('',(5.411159541219,-2.903206879212));
#3104 = CARTESIAN_POINT('',(5.408388204653,-2.921395291897));
#3105 = CARTESIAN_POINT('',(5.405361069752,-2.937850718936));
#3106 = CARTESIAN_POINT('',(5.402181185355,-2.952104219339));
#3107 = CARTESIAN_POINT('',(5.398884683808,-2.964102617755));
#3108 = CARTESIAN_POINT('',(5.395524583103,-2.97368133457));
#3109 = CARTESIAN_POINT('',(5.392153299631,-2.980705641589));
#3110 = CARTESIAN_POINT('',(5.388808762437,-2.985032809203));
#3111 = CARTESIAN_POINT('',(5.385587406154,-2.986522262032));
#3112 = CARTESIAN_POINT('',(5.382366049871,-2.985032809203));
#3113 = CARTESIAN_POINT('',(5.379021512677,-2.980705641589));
#3114 = CARTESIAN_POINT('',(5.375650229205,-2.97368133457));
#3115 = CARTESIAN_POINT('',(5.3722901285,-2.964102617755));
#3116 = CARTESIAN_POINT('',(5.368993626953,-2.952104219339));
#3117 = CARTESIAN_POINT('',(5.365813742555,-2.937850718936));
#3118 = CARTESIAN_POINT('',(5.362786607655,-2.921395291897));
#3119 = CARTESIAN_POINT('',(5.360015271088,-2.903206879212));
#3120 = CARTESIAN_POINT('',(5.357172449468,-2.880996113678));
#3121 = CARTESIAN_POINT('',(5.354386533972,-2.855930042725));
#3122 = CARTESIAN_POINT('',(5.351749095942,-2.82883112113));
#3123 = CARTESIAN_POINT('',(5.34939391497,-2.800947060884));
#3124 = CARTESIAN_POINT('',(5.347322780563,-2.772169137768));
#3125 = CARTESIAN_POINT('',(5.345340429268,-2.740489798168));
#3126 = CARTESIAN_POINT('',(5.343534278274,-2.706806114513));
#3127 = CARTESIAN_POINT('',(5.341919031136,-2.671266200116));
#3128 = CARTESIAN_POINT('',(5.340528465856,-2.634220805354));
#3129 = CARTESIAN_POINT('',(5.339392793349,-2.595959091453));
#3130 = CARTESIAN_POINT('',(5.338512480009,-2.556932037039));
#3131 = CARTESIAN_POINT('',(5.337885514046,-2.517596715739));
#3132 = CARTESIAN_POINT('',(5.337510545723,-2.47840858196));
#3133 = CARTESIAN_POINT('',(5.337427547423,-2.452685211357));
#3134 = CARTESIAN_POINT('',(5.337427547386,-2.44));
#3135 = ( GEOMETRIC_REPRESENTATION_CONTEXT(2) 
PARAMETRIC_REPRESENTATION_CONTEXT() REPRESENTATION_CONTEXT('2D SPACE',''
  ) );
#3136 = PCURVE('',#3008,#3137);
#3137 = DEFINITIONAL_REPRESENTATION('',(#3138),#3186);
#3138 = B_SPLINE_CURVE_WITH_KNOTS('',3,(#3139,#3140,#3141,#3142,#3143,
    #3144,#3145,#3146,#3147,#3148,#3149,#3150,#3151,#3152,#3153,#3154,
    #3155,#3156,#3157,#3158,#3159,#3160,#3161,#3162,#3163,#3164,#3165,
    #3166,#3167,#3168,#3169,#3170,#3171,#3172,#3173,#3174,#3175,#3176,
    #3177,#3178,#3179,#3180,#3181,#3182,#3183,#3184,#3185),
  .UNSPECIFIED.,.F.,.F.,(4,1,1,1,1,1,1,1,1,1,1,1,1,1,1,1,1,1,1,1,1,1,1,1
    ,1,1,1,1,1,1,1,1,1,1,1,1,1,1,1,1,1,1,1,1,4),(-0.167444789911,
    -0.163639226503,-0.159833663096,-0.156028099689,-0.152222536282,
    -0.148416972875,-0.144611409468,-0.140805846061,-0.137000282654,
    -0.133194719247,-0.12938915584,-0.125583592433,-0.121778029026,
    -0.117972465619,-0.114166902212,-0.110361338805,-0.106555775398,
    -0.102750211991,-9.894464858348E-02,-9.513908517642E-02,
    -9.133352176937E-02,-8.752795836231E-02,-8.372239495525E-02,
    -7.99168315482E-02,-7.611126814114E-02,-7.230570473408E-02,
    -6.850014132703E-02,-6.469457791997E-02,-6.088901451291E-02,
    -5.708345110585E-02,-5.32778876988E-02,-4.947232429174E-02,
    -4.566676088468E-02,-4.186119747763E-02,-3.805563407057E-02,
    -3.425007066351E-02,-3.044450725646E-02,-2.66389438494E-02,
    -2.283338044234E-02,-1.902781703528E-02,-1.522225362823E-02,
    -1.141669022117E-02,-7.611126814114E-03,-3.805563407057E-03,0.),
  .UNSPECIFIED.);
#3139 = CARTESIAN_POINT('',(9.424777960769,0.448975478539));
#3140 = CARTESIAN_POINT('',(9.414170835051,0.448976773779));
#3141 = CARTESIAN_POINT('',(9.39266211544,0.449531538384));
#3142 = CARTESIAN_POINT('',(9.359780001081,0.452022454176));
#3143 = CARTESIAN_POINT('',(9.326544482352,0.456168641304));
#3144 = CARTESIAN_POINT('',(9.293216776324,0.461986706431));
#3145 = CARTESIAN_POINT('',(9.260054513614,0.469514215641));
#3146 = CARTESIAN_POINT('',(9.22730460061,0.478784808007));
#3147 = CARTESIAN_POINT('',(9.195124236254,0.489588187355));
#3148 = CARTESIAN_POINT('',(9.163759371655,0.50170338474));
#3149 = CARTESIAN_POINT('',(9.133260898929,0.515055697914));
#3150 = CARTESIAN_POINT('',(9.104509334718,0.529070620953));
#3151 = CARTESIAN_POINT('',(9.075277077455,0.545186372931));
#3152 = CARTESIAN_POINT('',(9.045275004088,0.563353665019));
#3153 = CARTESIAN_POINT('',(9.015779898283,0.582640039499));
#3154 = CARTESIAN_POINT('',(8.987689857374,0.602458039981));
#3155 = CARTESIAN_POINT('',(8.96245287279,0.622053363894));
#3156 = CARTESIAN_POINT('',(8.936906844365,0.6437906529));
#3157 = CARTESIAN_POINT('',(8.911665006646,0.666928656736));
#3158 = CARTESIAN_POINT('',(8.886825016977,0.691223836935));
#3159 = CARTESIAN_POINT('',(8.862677924192,0.716320441816));
#3160 = CARTESIAN_POINT('',(8.839554026345,0.741879107028));
#3161 = CARTESIAN_POINT('',(8.817762287326,0.767696245203));
#3162 = CARTESIAN_POINT('',(8.798021803008,0.793120783784));
#3163 = CARTESIAN_POINT('',(8.779835226661,0.819284326076));
#3164 = CARTESIAN_POINT('',(8.762288754578,0.847196991227));
#3165 = CARTESIAN_POINT('',(8.745821637879,0.876105843789));
#3166 = CARTESIAN_POINT('',(8.730598956328,0.905725314644));
#3167 = CARTESIAN_POINT('',(8.716957416272,0.935658498891));
#3168 = CARTESIAN_POINT('',(8.705318385018,0.965498861446));
#3169 = CARTESIAN_POINT('',(8.696171915061,0.995018467061));
#3170 = CARTESIAN_POINT('',(8.690319313353,1.023322329704));
#3171 = CARTESIAN_POINT('',(8.687656335221,1.053883054631));
#3172 = CARTESIAN_POINT('',(8.688608277623,1.08529044776));
#3173 = CARTESIAN_POINT('',(8.693840001715,1.116527829565));
#3174 = CARTESIAN_POINT('',(8.7040835371,1.146061591473));
#3175 = CARTESIAN_POINT('',(8.720429436094,1.173903391334));
#3176 = CARTESIAN_POINT('',(8.744816425694,1.202276978326));
#3177 = CARTESIAN_POINT('',(8.778886730191,1.229991250024));
#3178 = CARTESIAN_POINT('',(8.824861260749,1.256620509324));
#3179 = CARTESIAN_POINT('',(8.885219291238,1.281386441631));
#3180 = CARTESIAN_POINT('',(8.962495077936,1.303404678242));
#3181 = CARTESIAN_POINT('',(9.057704724673,1.321807777659));
#3182 = CARTESIAN_POINT('',(9.169806141023,1.335714129025));
#3183 = CARTESIAN_POINT('',(9.294929010492,1.344298949769));
#3184 = CARTESIAN_POINT('',(9.381694173997,1.346258918388));
#3185 = CARTESIAN_POINT('',(9.424777960769,1.346220323512));
#3186 = ( GEOMETRIC_REPRESENTATION_CONTEXT(2) 
PARAMETRIC_REPRESENTATION_CONTEXT() REPRESENTATION_CONTEXT('2D SPACE',''
  ) );
#3187 = FACE_BOUND('',#3188,.T.);
#3188 = EDGE_LOOP('',(#3189));
#3189 = ORIENTED_EDGE('',*,*,#3190,.T.);
#3190 = EDGE_CURVE('',#3191,#3191,#3193,.T.);
#3191 = VERTEX_POINT('',#3192);
#3192 = CARTESIAN_POINT('',(2.5,-3.219599523958,-11.51850244196));
#3193 = SURFACE_CURVE('',#3194,(#3229,#3280),.PCURVE_S1.);
#3194 = B_SPLINE_CURVE_WITH_KNOTS('',3,(#3195,#3196,#3197,#3198,#3199,
    #3200,#3201,#3202,#3203,#3204,#3205,#3206,#3207,#3208,#3209,#3210,
    #3211,#3212,#3213,#3214,#3215,#3216,#3217,#3218,#3219,#3220,#3221,
    #3222,#3223,#3224,#3225,#3226,#3227,#3228),.UNSPECIFIED.,.T.,.F.,(1,
    3,2,2,2,2,2,2,2,2,2,2,2,2,2,2,2,3,1),(-0.353695543566,
    -0.334889579815,-0.316083616065,-0.297277652315,-0.279999676156,
    -0.251167184862,-0.222334693567,-0.205056717408,-0.186250753658,
    -0.167444789908,-0.148638826158,-0.129832862408,-0.112554886249,
    -8.372239495387E-02,-5.488990365917E-02,-3.761192750016E-02,
    -1.880596375008E-02,0.,1.880596375008E-02),.UNSPECIFIED.);
#3195 = CARTESIAN_POINT('',(2.5,-2.096931970353,-11.77474398497));
#3196 = CARTESIAN_POINT('',(2.437313454166,-2.096931970353,
    -11.77474398497));
#3197 = CARTESIAN_POINT('',(2.370317296888,-2.1088679746,-11.7726377858)
  );
#3198 = CARTESIAN_POINT('',(2.246040722643,-2.157277157244,
    -11.76386331597));
#3199 = CARTESIAN_POINT('',(2.18875050942,-2.193721022127,
    -11.75717211198));
#3200 = CARTESIAN_POINT('',(2.099963810905,-2.273434067569,
    -11.74200692922));
#3201 = CARTESIAN_POINT('',(2.057277144564,-2.326781162637,
    -11.73159581367));
#3202 = CARTESIAN_POINT('',(1.98247288196,-2.45837490546,-11.70492039179
    ));
#3203 = CARTESIAN_POINT('',(1.953974222253,-2.567652814253,
    -11.68152881397));
#3204 = CARTESIAN_POINT('',(1.953974222253,-2.755050151193,
    -11.63875659469));
#3205 = CARTESIAN_POINT('',(1.98247288196,-2.863655370213,
    -11.61241777041));
#3206 = CARTESIAN_POINT('',(2.057277144564,-2.993791267498,
    -11.57935510989));
#3207 = CARTESIAN_POINT('',(2.099963810905,-3.046372553089,
    -11.56558876379));
#3208 = CARTESIAN_POINT('',(2.18875050942,-3.1247714516,-11.54466592713)
  );
#3209 = CARTESIAN_POINT('',(2.246040722643,-3.160509443891,
    -11.53488209325));
#3210 = CARTESIAN_POINT('',(2.370317296888,-3.207931710153,
    -11.52178366022));
#3211 = CARTESIAN_POINT('',(2.437313454166,-3.219599523958,
    -11.51850244195));
#3212 = CARTESIAN_POINT('',(2.562686545834,-3.219599523958,
    -11.51850244195));
#3213 = CARTESIAN_POINT('',(2.629682703112,-3.207931710153,
    -11.52178366022));
#3214 = CARTESIAN_POINT('',(2.753959277357,-3.160509443891,
    -11.53488209325));
#3215 = CARTESIAN_POINT('',(2.81124949058,-3.1247714516,-11.54466592713)
  );
#3216 = CARTESIAN_POINT('',(2.900036189095,-3.046372553089,
    -11.56558876379));
#3217 = CARTESIAN_POINT('',(2.942722855436,-2.993791267498,
    -11.57935510989));
#3218 = CARTESIAN_POINT('',(3.01752711804,-2.863655370213,
    -11.61241777041));
#3219 = CARTESIAN_POINT('',(3.046025777747,-2.755050151193,
    -11.63875659469));
#3220 = CARTESIAN_POINT('',(3.046025777747,-2.567652814253,
    -11.68152881397));
#3221 = CARTESIAN_POINT('',(3.01752711804,-2.45837490546,-11.70492039179
    ));
#3222 = CARTESIAN_POINT('',(2.942722855436,-2.326781162637,
    -11.73159581367));
#3223 = CARTESIAN_POINT('',(2.900036189095,-2.273434067569,
    -11.74200692922));
#3224 = CARTESIAN_POINT('',(2.81124949058,-2.193721022127,
    -11.75717211198));
#3225 = CARTESIAN_POINT('',(2.753959277357,-2.157277157244,
    -11.76386331597));
#3226 = CARTESIAN_POINT('',(2.629682703112,-2.1088679746,-11.7726377858)
  );
#3227 = CARTESIAN_POINT('',(2.562686545834,-2.096931970353,
    -11.77474398497));
#3228 = CARTESIAN_POINT('',(2.5,-2.096931970353,-11.77474398497));
#3229 = PCURVE('',#647,#3230);
#3230 = DEFINITIONAL_REPRESENTATION('',(#3231),#3279);
#3231 = B_SPLINE_CURVE_WITH_KNOTS('',3,(#3232,#3233,#3234,#3235,#3236,
    #3237,#3238,#3239,#3240,#3241,#3242,#3243,#3244,#3245,#3246,#3247,
    #3248,#3249,#3250,#3251,#3252,#3253,#3254,#3255,#3256,#3257,#3258,
    #3259,#3260,#3261,#3262,#3263,#3264,#3265,#3266,#3267,#3268,#3269,
    #3270,#3271,#3272,#3273,#3274,#3275,#3276,#3277,#3278),
  .UNSPECIFIED.,.T.,.F.,(4,1,1,1,1,1,1,1,1,1,1,1,1,1,1,1,1,1,1,1,1,1,1,1
    ,1,1,1,1,1,1,1,1,1,1,1,1,1,1,1,1,1,1,1,1,4),(-0.167444789908,
    -0.159833663094,-0.15222253628,-0.144611409466,-0.137000282652,
    -0.129389155838,-0.121778029024,-0.11416690221,-0.106555775396,
    -9.894464858185E-02,-9.133352176786E-02,-8.372239495387E-02,
    -7.611126813989E-02,-6.85001413259E-02,-6.088901451191E-02,
    -5.327788769792E-02,-4.566676088393E-02,-3.805563406994E-02,
    -3.044450725595E-02,-2.283338044197E-02,-1.522225362798E-02,
    -7.611126813989E-03,0.,7.611126813989E-03,1.522225362798E-02,
    2.283338044197E-02,3.044450725595E-02,3.805563406994E-02,
    4.566676088393E-02,5.327788769792E-02,6.088901451191E-02,
    6.85001413259E-02,7.611126813989E-02,8.372239495387E-02,
    9.133352176786E-02,9.894464858185E-02,0.106555775396,0.11416690221,
    0.121778029024,0.129389155838,0.137000282652,0.144611409466,
    0.15222253628,0.159833663094,0.167444789908),.UNSPECIFIED.);
#3232 = CARTESIAN_POINT('',(4.984948314408,-2.44));
#3233 = CARTESIAN_POINT('',(4.984949036529,-2.465373844833));
#3234 = CARTESIAN_POINT('',(4.98461558001,-2.517510897521));
#3235 = CARTESIAN_POINT('',(4.983112004023,-2.596378573374));
#3236 = CARTESIAN_POINT('',(4.980579455402,-2.671964017172));
#3237 = CARTESIAN_POINT('',(4.97708647646,-2.741857078245));
#3238 = CARTESIAN_POINT('',(4.973111033613,-2.801542114771));
#3239 = CARTESIAN_POINT('',(4.968077023469,-2.856762965069));
#3240 = CARTESIAN_POINT('',(4.962368361981,-2.904953430622));
#3241 = CARTESIAN_POINT('',(4.956684557898,-2.938642234819));
#3242 = CARTESIAN_POINT('',(4.950113372367,-2.965380017035));
#3243 = CARTESIAN_POINT('',(4.943312753245,-2.982033721922));
#3244 = CARTESIAN_POINT('',(4.936788455641,-2.988021805352));
#3245 = CARTESIAN_POINT('',(4.93026415804,-2.982033723152));
#3246 = CARTESIAN_POINT('',(4.923463538906,-2.965380012114));
#3247 = CARTESIAN_POINT('',(4.916892353418,-2.938642253271));
#3248 = CARTESIAN_POINT('',(4.911208549177,-2.904953361734));
#3249 = CARTESIAN_POINT('',(4.905499888276,-2.856763222167));
#3250 = CARTESIAN_POINT('',(4.900465875942,-2.801541155265));
#3251 = CARTESIAN_POINT('',(4.896490441269,-2.741860659172));
#3252 = CARTESIAN_POINT('',(4.892997431819,-2.671950652968));
#3253 = CARTESIAN_POINT('',(4.890464997059,-2.596428449262));
#3254 = CARTESIAN_POINT('',(4.888960996135,-2.517324758172));
#3255 = CARTESIAN_POINT('',(4.888462397244,-2.44));
#3256 = CARTESIAN_POINT('',(4.888960996135,-2.362675241828));
#3257 = CARTESIAN_POINT('',(4.890464997059,-2.283571550738));
#3258 = CARTESIAN_POINT('',(4.892997431819,-2.208049347032));
#3259 = CARTESIAN_POINT('',(4.896490441269,-2.138139340828));
#3260 = CARTESIAN_POINT('',(4.900465875942,-2.078458844735));
#3261 = CARTESIAN_POINT('',(4.905499888276,-2.023236777833));
#3262 = CARTESIAN_POINT('',(4.911208549177,-1.975046638266));
#3263 = CARTESIAN_POINT('',(4.916892353418,-1.941357746729));
#3264 = CARTESIAN_POINT('',(4.923463538906,-1.914619987886));
#3265 = CARTESIAN_POINT('',(4.93026415804,-1.897966276848));
#3266 = CARTESIAN_POINT('',(4.936788455641,-1.891978194648));
#3267 = CARTESIAN_POINT('',(4.943312753245,-1.897966278078));
#3268 = CARTESIAN_POINT('',(4.950113372367,-1.914619982965));
#3269 = CARTESIAN_POINT('',(4.956684557898,-1.941357765181));
#3270 = CARTESIAN_POINT('',(4.962368361981,-1.975046569378));
#3271 = CARTESIAN_POINT('',(4.968077023469,-2.023237034931));
#3272 = CARTESIAN_POINT('',(4.973111033613,-2.078457885229));
#3273 = CARTESIAN_POINT('',(4.97708647646,-2.138142921755));
#3274 = CARTESIAN_POINT('',(4.980579455402,-2.208035982828));
#3275 = CARTESIAN_POINT('',(4.983112004023,-2.283621426626));
#3276 = CARTESIAN_POINT('',(4.98461558001,-2.362489102479));
#3277 = CARTESIAN_POINT('',(4.984949036529,-2.414626155167));
#3278 = CARTESIAN_POINT('',(4.984948314408,-2.44));
#3279 = ( GEOMETRIC_REPRESENTATION_CONTEXT(2) 
PARAMETRIC_REPRESENTATION_CONTEXT() REPRESENTATION_CONTEXT('2D SPACE',''
  ) );
#3280 = PCURVE('',#3281,#3286);
#3281 = SPHERICAL_SURFACE('',#3282,1.3275);
#3282 = AXIS2_PLACEMENT_3D('',#3283,#3284,#3285);
#3283 = CARTESIAN_POINT('',(2.5,-2.39210004003,-10.48047505595));
#3284 = DIRECTION('',(0.,0.,-1.));
#3285 = DIRECTION('',(0.,1.,0.));
#3286 = DEFINITIONAL_REPRESENTATION('',(#3287),#3335);
#3287 = B_SPLINE_CURVE_WITH_KNOTS('',3,(#3288,#3289,#3290,#3291,#3292,
    #3293,#3294,#3295,#3296,#3297,#3298,#3299,#3300,#3301,#3302,#3303,
    #3304,#3305,#3306,#3307,#3308,#3309,#3310,#3311,#3312,#3313,#3314,
    #3315,#3316,#3317,#3318,#3319,#3320,#3321,#3322,#3323,#3324,#3325,
    #3326,#3327,#3328,#3329,#3330,#3331,#3332,#3333,#3334),
  .UNSPECIFIED.,.F.,.F.,(4,1,1,1,1,1,1,1,1,1,1,1,1,1,1,1,1,1,1,1,1,1,1,1
    ,1,1,1,1,1,1,1,1,1,1,1,1,1,1,1,1,1,1,1,1,4),(-0.167444789908,
    -0.159833663094,-0.15222253628,-0.144611409466,-0.137000282652,
    -0.129389155838,-0.121778029024,-0.11416690221,-0.106555775396,
    -9.894464858185E-02,-9.133352176786E-02,-8.372239495387E-02,
    -7.611126813989E-02,-6.85001413259E-02,-6.088901451191E-02,
    -5.327788769792E-02,-4.566676088393E-02,-3.805563406994E-02,
    -3.044450725595E-02,-2.283338044197E-02,-1.522225362798E-02,
    -7.611126813989E-03,0.,7.611126813989E-03,1.522225362798E-02,
    2.283338044197E-02,3.044450725595E-02,3.805563406994E-02,
    4.566676088393E-02,5.327788769792E-02,6.088901451191E-02,
    6.85001413259E-02,7.611126813989E-02,8.372239495387E-02,
    9.133352176786E-02,9.894464858185E-02,0.106555775396,0.11416690221,
    0.121778029024,0.129389155838,0.137000282652,0.144611409466,
    0.15222253628,0.159833663094,0.167444789908),.UNSPECIFIED.);
#3288 = CARTESIAN_POINT('',(9.424777960769,0.89777442906));
#3289 = CARTESIAN_POINT('',(9.394101711213,0.897813814719));
#3290 = CARTESIAN_POINT('',(9.33111464801,0.899129405481));
#3291 = CARTESIAN_POINT('',(9.233533672424,0.904937065998));
#3292 = CARTESIAN_POINT('',(9.135249729905,0.914821191119));
#3293 = CARTESIAN_POINT('',(9.036580876036,0.928609661416));
#3294 = CARTESIAN_POINT('',(8.94347516896,0.944097059284));
#3295 = CARTESIAN_POINT('',(8.843443564744,0.964549202179));
#3296 = CARTESIAN_POINT('',(8.738745392876,0.987058377719));
#3297 = CARTESIAN_POINT('',(8.642819867005,1.010475409055));
#3298 = CARTESIAN_POINT('',(8.535249798977,1.038100476937));
#3299 = CARTESIAN_POINT('',(8.423019415695,1.066516476807));
#3300 = CARTESIAN_POINT('',(8.312690677003,1.09402770918));
#3301 = CARTESIAN_POINT('',(8.198836208402,1.123579952513));
#3302 = CARTESIAN_POINT('',(8.070314189382,1.155151347608));
#3303 = CARTESIAN_POINT('',(7.930734475684,1.185894669773));
#3304 = CARTESIAN_POINT('',(7.793750556355,1.213624343917));
#3305 = CARTESIAN_POINT('',(7.630818523014,1.24434016907));
#3306 = CARTESIAN_POINT('',(7.451584141087,1.271375887051));
#3307 = CARTESIAN_POINT('',(7.268115701254,1.29524618208));
#3308 = CARTESIAN_POINT('',(7.049549625261,1.316901197839));
#3309 = CARTESIAN_POINT('',(6.807573421699,1.333731788475));
#3310 = CARTESIAN_POINT('',(6.545313189661,1.34447045541));
#3311 = CARTESIAN_POINT('',(6.28318530718,1.347624841655));
#3312 = CARTESIAN_POINT('',(6.021057424698,1.34447045541));
#3313 = CARTESIAN_POINT('',(5.75879719266,1.333731788475));
#3314 = CARTESIAN_POINT('',(5.516820989098,1.316901197839));
#3315 = CARTESIAN_POINT('',(5.298254913105,1.29524618208));
#3316 = CARTESIAN_POINT('',(5.114786473272,1.271375887051));
#3317 = CARTESIAN_POINT('',(4.935552091345,1.24434016907));
#3318 = CARTESIAN_POINT('',(4.772620058004,1.213624343917));
#3319 = CARTESIAN_POINT('',(4.635636138675,1.185894669773));
#3320 = CARTESIAN_POINT('',(4.496056424977,1.155151347608));
#3321 = CARTESIAN_POINT('',(4.367534405957,1.123579952513));
#3322 = CARTESIAN_POINT('',(4.253679937356,1.09402770918));
#3323 = CARTESIAN_POINT('',(4.143351198664,1.066516476807));
#3324 = CARTESIAN_POINT('',(4.031120815382,1.038100476937));
#3325 = CARTESIAN_POINT('',(3.923550747355,1.010475409055));
#3326 = CARTESIAN_POINT('',(3.827625221483,0.987058377719));
#3327 = CARTESIAN_POINT('',(3.722927049615,0.964549202179));
#3328 = CARTESIAN_POINT('',(3.622895445399,0.944097059284));
#3329 = CARTESIAN_POINT('',(3.529789738323,0.928609661416));
#3330 = CARTESIAN_POINT('',(3.431120884454,0.914821191119));
#3331 = CARTESIAN_POINT('',(3.332836941935,0.904937065998));
#3332 = CARTESIAN_POINT('',(3.235255966349,0.899129405481));
#3333 = CARTESIAN_POINT('',(3.172268903146,0.897813814719));
#3334 = CARTESIAN_POINT('',(3.14159265359,0.89777442906));
#3335 = ( GEOMETRIC_REPRESENTATION_CONTEXT(2) 
PARAMETRIC_REPRESENTATION_CONTEXT() REPRESENTATION_CONTEXT('2D SPACE',''
  ) );
#3336 = FACE_BOUND('',#3337,.T.);
#3337 = EDGE_LOOP('',(#3338));
#3338 = ORIENTED_EDGE('',*,*,#3339,.T.);
#3339 = EDGE_CURVE('',#3340,#3340,#3342,.T.);
#3340 = VERTEX_POINT('',#3341);
#3341 = CARTESIAN_POINT('',(2.5,2.096931970353,-11.77474398498));
#3342 = SURFACE_CURVE('',#3343,(#3378,#3429),.PCURVE_S1.);
#3343 = B_SPLINE_CURVE_WITH_KNOTS('',3,(#3344,#3345,#3346,#3347,#3348,
    #3349,#3350,#3351,#3352,#3353,#3354,#3355,#3356,#3357,#3358,#3359,
    #3360,#3361,#3362,#3363,#3364,#3365,#3366,#3367,#3368,#3369,#3370,
    #3371,#3372,#3373,#3374,#3375,#3376,#3377),.UNSPECIFIED.,.T.,.F.,(1,
    3,2,2,2,2,2,2,2,2,2,2,2,2,2,2,2,3,1),(-0.353695543566,
    -0.334889579815,-0.316083616065,-0.297277652315,-0.279999676156,
    -0.251167184862,-0.222334693567,-0.205056717408,-0.186250753658,
    -0.167444789908,-0.148638826158,-0.129832862408,-0.112554886249,
    -8.372239495387E-02,-5.488990365917E-02,-3.761192750016E-02,
    -1.880596375008E-02,0.,1.880596375008E-02),.UNSPECIFIED.);
#3344 = CARTESIAN_POINT('',(2.5,3.219599523958,-11.51850244195));
#3345 = CARTESIAN_POINT('',(2.437313454166,3.219599523958,
    -11.51850244195));
#3346 = CARTESIAN_POINT('',(2.370317296888,3.207931710153,
    -11.52178366022));
#3347 = CARTESIAN_POINT('',(2.246040722643,3.160509443891,
    -11.53488209325));
#3348 = CARTESIAN_POINT('',(2.18875050942,3.1247714516,-11.54466592713)
  );
#3349 = CARTESIAN_POINT('',(2.099963810905,3.046372553089,
    -11.56558876379));
#3350 = CARTESIAN_POINT('',(2.057277144564,2.993791267498,
    -11.57935510989));
#3351 = CARTESIAN_POINT('',(1.98247288196,2.863655370213,-11.61241777041
    ));
#3352 = CARTESIAN_POINT('',(1.953974222253,2.755050151193,
    -11.63875659469));
#3353 = CARTESIAN_POINT('',(1.953974222253,2.567652814253,
    -11.68152881397));
#3354 = CARTESIAN_POINT('',(1.98247288196,2.45837490546,-11.70492039179)
  );
#3355 = CARTESIAN_POINT('',(2.057277144564,2.326781162637,
    -11.73159581367));
#3356 = CARTESIAN_POINT('',(2.099963810905,2.273434067569,
    -11.74200692922));
#3357 = CARTESIAN_POINT('',(2.18875050942,2.193721022127,-11.75717211198
    ));
#3358 = CARTESIAN_POINT('',(2.246040722643,2.157277157244,
    -11.76386331597));
#3359 = CARTESIAN_POINT('',(2.370317296888,2.1088679746,-11.7726377858)
  );
#3360 = CARTESIAN_POINT('',(2.437313454166,2.096931970353,
    -11.77474398497));
#3361 = CARTESIAN_POINT('',(2.562686545834,2.096931970353,
    -11.77474398497));
#3362 = CARTESIAN_POINT('',(2.629682703112,2.1088679746,-11.7726377858)
  );
#3363 = CARTESIAN_POINT('',(2.753959277357,2.157277157244,
    -11.76386331597));
#3364 = CARTESIAN_POINT('',(2.81124949058,2.193721022127,-11.75717211198
    ));
#3365 = CARTESIAN_POINT('',(2.900036189095,2.273434067569,
    -11.74200692922));
#3366 = CARTESIAN_POINT('',(2.942722855436,2.326781162637,
    -11.73159581367));
#3367 = CARTESIAN_POINT('',(3.01752711804,2.45837490546,-11.70492039179)
  );
#3368 = CARTESIAN_POINT('',(3.046025777747,2.567652814253,
    -11.68152881397));
#3369 = CARTESIAN_POINT('',(3.046025777747,2.755050151193,
    -11.63875659469));
#3370 = CARTESIAN_POINT('',(3.01752711804,2.863655370213,-11.61241777041
    ));
#3371 = CARTESIAN_POINT('',(2.942722855436,2.993791267498,
    -11.57935510989));
#3372 = CARTESIAN_POINT('',(2.900036189095,3.046372553089,
    -11.56558876379));
#3373 = CARTESIAN_POINT('',(2.81124949058,3.1247714516,-11.54466592713)
  );
#3374 = CARTESIAN_POINT('',(2.753959277357,3.160509443891,
    -11.53488209325));
#3375 = CARTESIAN_POINT('',(2.629682703112,3.207931710153,
    -11.52178366022));
#3376 = CARTESIAN_POINT('',(2.562686545834,3.219599523958,
    -11.51850244195));
#3377 = CARTESIAN_POINT('',(2.5,3.219599523958,-11.51850244195));
#3378 = PCURVE('',#647,#3379);
#3379 = DEFINITIONAL_REPRESENTATION('',(#3380),#3428);
#3380 = B_SPLINE_CURVE_WITH_KNOTS('',3,(#3381,#3382,#3383,#3384,#3385,
    #3386,#3387,#3388,#3389,#3390,#3391,#3392,#3393,#3394,#3395,#3396,
    #3397,#3398,#3399,#3400,#3401,#3402,#3403,#3404,#3405,#3406,#3407,
    #3408,#3409,#3410,#3411,#3412,#3413,#3414,#3415,#3416,#3417,#3418,
    #3419,#3420,#3421,#3422,#3423,#3424,#3425,#3426,#3427),
  .UNSPECIFIED.,.T.,.F.,(4,1,1,1,1,1,1,1,1,1,1,1,1,1,1,1,1,1,1,1,1,1,1,1
    ,1,1,1,1,1,1,1,1,1,1,1,1,1,1,1,1,1,1,1,1,4),(-0.167444789908,
    -0.159833663094,-0.15222253628,-0.144611409466,-0.137000282652,
    -0.129389155838,-0.121778029024,-0.11416690221,-0.106555775396,
    -9.894464858185E-02,-9.133352176786E-02,-8.372239495387E-02,
    -7.611126813989E-02,-6.85001413259E-02,-6.088901451191E-02,
    -5.327788769792E-02,-4.566676088393E-02,-3.805563406994E-02,
    -3.044450725595E-02,-2.283338044197E-02,-1.522225362798E-02,
    -7.611126813989E-03,0.,7.611126813989E-03,1.522225362798E-02,
    2.283338044197E-02,3.044450725595E-02,3.805563406994E-02,
    4.566676088393E-02,5.327788769792E-02,6.088901451191E-02,
    6.85001413259E-02,7.611126813989E-02,8.372239495387E-02,
    9.133352176786E-02,9.894464858185E-02,0.106555775396,0.11416690221,
    0.121778029024,0.129389155838,0.137000282652,0.144611409466,
    0.15222253628,0.159833663094,0.167444789908),.UNSPECIFIED.);
#3381 = CARTESIAN_POINT('',(4.536149363895,-2.44));
#3382 = CARTESIAN_POINT('',(4.536150086016,-2.465373844833));
#3383 = CARTESIAN_POINT('',(4.535816629497,-2.517510897521));
#3384 = CARTESIAN_POINT('',(4.53431305351,-2.596378573374));
#3385 = CARTESIAN_POINT('',(4.531780504889,-2.671964017172));
#3386 = CARTESIAN_POINT('',(4.528287525947,-2.741857078245));
#3387 = CARTESIAN_POINT('',(4.5243120831,-2.801542114771));
#3388 = CARTESIAN_POINT('',(4.519278072956,-2.856762965069));
#3389 = CARTESIAN_POINT('',(4.513569411468,-2.904953430622));
#3390 = CARTESIAN_POINT('',(4.507885607385,-2.938642234819));
#3391 = CARTESIAN_POINT('',(4.501314421854,-2.965380017035));
#3392 = CARTESIAN_POINT('',(4.494513802732,-2.982033721922));
#3393 = CARTESIAN_POINT('',(4.487989505128,-2.988021805352));
#3394 = CARTESIAN_POINT('',(4.481465207527,-2.982033723152));
#3395 = CARTESIAN_POINT('',(4.474664588393,-2.965380012114));
#3396 = CARTESIAN_POINT('',(4.468093402905,-2.938642253271));
#3397 = CARTESIAN_POINT('',(4.462409598664,-2.904953361734));
#3398 = CARTESIAN_POINT('',(4.456700937764,-2.856763222167));
#3399 = CARTESIAN_POINT('',(4.451666925429,-2.801541155265));
#3400 = CARTESIAN_POINT('',(4.447691490756,-2.741860659172));
#3401 = CARTESIAN_POINT('',(4.444198481306,-2.671950652968));
#3402 = CARTESIAN_POINT('',(4.441666046546,-2.596428449262));
#3403 = CARTESIAN_POINT('',(4.440162045622,-2.517324758172));
#3404 = CARTESIAN_POINT('',(4.439663446731,-2.44));
#3405 = CARTESIAN_POINT('',(4.440162045622,-2.362675241828));
#3406 = CARTESIAN_POINT('',(4.441666046546,-2.283571550738));
#3407 = CARTESIAN_POINT('',(4.444198481306,-2.208049347032));
#3408 = CARTESIAN_POINT('',(4.447691490756,-2.138139340828));
#3409 = CARTESIAN_POINT('',(4.451666925429,-2.078458844735));
#3410 = CARTESIAN_POINT('',(4.456700937764,-2.023236777833));
#3411 = CARTESIAN_POINT('',(4.462409598664,-1.975046638266));
#3412 = CARTESIAN_POINT('',(4.468093402905,-1.941357746729));
#3413 = CARTESIAN_POINT('',(4.474664588393,-1.914619987886));
#3414 = CARTESIAN_POINT('',(4.481465207527,-1.897966276848));
#3415 = CARTESIAN_POINT('',(4.487989505128,-1.891978194648));
#3416 = CARTESIAN_POINT('',(4.494513802732,-1.897966278078));
#3417 = CARTESIAN_POINT('',(4.501314421854,-1.914619982965));
#3418 = CARTESIAN_POINT('',(4.507885607385,-1.941357765181));
#3419 = CARTESIAN_POINT('',(4.513569411468,-1.975046569378));
#3420 = CARTESIAN_POINT('',(4.519278072956,-2.023237034931));
#3421 = CARTESIAN_POINT('',(4.5243120831,-2.078457885229));
#3422 = CARTESIAN_POINT('',(4.528287525947,-2.138142921755));
#3423 = CARTESIAN_POINT('',(4.531780504889,-2.208035982828));
#3424 = CARTESIAN_POINT('',(4.53431305351,-2.283621426626));
#3425 = CARTESIAN_POINT('',(4.535816629497,-2.362489102479));
#3426 = CARTESIAN_POINT('',(4.536150086016,-2.414626155167));
#3427 = CARTESIAN_POINT('',(4.536149363895,-2.44));
#3428 = ( GEOMETRIC_REPRESENTATION_CONTEXT(2) 
PARAMETRIC_REPRESENTATION_CONTEXT() REPRESENTATION_CONTEXT('2D SPACE',''
  ) );
#3429 = PCURVE('',#3430,#3435);
#3430 = SPHERICAL_SURFACE('',#3431,1.3275);
#3431 = AXIS2_PLACEMENT_3D('',#3432,#3433,#3434);
#3432 = CARTESIAN_POINT('',(2.5,2.39210004003,-10.48047505595));
#3433 = DIRECTION('',(0.,0.,-1.));
#3434 = DIRECTION('',(0.,1.,0.));
#3435 = DEFINITIONAL_REPRESENTATION('',(#3436),#3484);
#3436 = B_SPLINE_CURVE_WITH_KNOTS('',3,(#3437,#3438,#3439,#3440,#3441,
    #3442,#3443,#3444,#3445,#3446,#3447,#3448,#3449,#3450,#3451,#3452,
    #3453,#3454,#3455,#3456,#3457,#3458,#3459,#3460,#3461,#3462,#3463,
    #3464,#3465,#3466,#3467,#3468,#3469,#3470,#3471,#3472,#3473,#3474,
    #3475,#3476,#3477,#3478,#3479,#3480,#3481,#3482,#3483),
  .UNSPECIFIED.,.F.,.F.,(4,1,1,1,1,1,1,1,1,1,1,1,1,1,1,1,1,1,1,1,1,1,1,1
    ,1,1,1,1,1,1,1,1,1,1,1,1,1,1,1,1,1,1,1,1,4),(-0.167444789908,
    -0.159833663094,-0.15222253628,-0.144611409466,-0.137000282652,
    -0.129389155838,-0.121778029024,-0.11416690221,-0.106555775396,
    -9.894464858185E-02,-9.133352176786E-02,-8.372239495387E-02,
    -7.611126813989E-02,-6.85001413259E-02,-6.088901451191E-02,
    -5.327788769792E-02,-4.566676088393E-02,-3.805563406994E-02,
    -3.044450725595E-02,-2.283338044197E-02,-1.522225362798E-02,
    -7.611126813989E-03,0.,7.611126813989E-03,1.522225362798E-02,
    2.283338044197E-02,3.044450725595E-02,3.805563406994E-02,
    4.566676088393E-02,5.327788769792E-02,6.088901451191E-02,
    6.85001413259E-02,7.611126813989E-02,8.372239495387E-02,
    9.133352176786E-02,9.894464858185E-02,0.106555775396,0.11416690221,
    0.121778029024,0.129389155838,0.137000282652,0.144611409466,
    0.15222253628,0.159833663094,0.167444789908),.UNSPECIFIED.);
#3437 = CARTESIAN_POINT('',(3.14159265359,1.346573379573));
#3438 = CARTESIAN_POINT('',(3.055228364385,1.346748614198));
#3439 = CARTESIAN_POINT('',(2.878995252674,1.344389128737));
#3440 = CARTESIAN_POINT('',(2.617330346155,1.333753579891));
#3441 = CARTESIAN_POINT('',(2.375194625601,1.316895358847));
#3442 = CARTESIAN_POINT('',(2.156671292058,1.295247746634));
#3443 = CARTESIAN_POINT('',(1.97319139942,1.27137546783));
#3444 = CARTESIAN_POINT('',(1.793960086263,1.2443402814));
#3445 = CARTESIAN_POINT('',(1.631027230645,1.213624313819));
#3446 = CARTESIAN_POINT('',(1.494043531654,1.185894677837));
#3447 = CARTESIAN_POINT('',(1.354463758882,1.15515134545));
#3448 = CARTESIAN_POINT('',(1.225941755822,1.123579953083));
#3449 = CARTESIAN_POINT('',(1.112087282453,1.09402770906));
#3450 = CARTESIAN_POINT('',(1.001758546874,1.066516476718));
#3451 = CARTESIAN_POINT('',(0.889528155909,1.038100477412));
#3452 = CARTESIAN_POINT('',(0.781958115499,1.010475407246));
#3453 = CARTESIAN_POINT('',(0.686032486841,0.987058384483));
#3454 = CARTESIAN_POINT('',(0.581334698499,0.964549176932));
#3455 = CARTESIAN_POINT('',(0.481301662964,0.944097153508));
#3456 = CARTESIAN_POINT('',(0.38820129764,0.928609309767));
#3457 = CARTESIAN_POINT('',(0.289512508085,0.914822503489));
#3458 = CARTESIAN_POINT('',(0.191302966556,0.904932168168));
#3459 = CARTESIAN_POINT('',(9.344432269539E-02,0.899147684429));
#3460 = CARTESIAN_POINT('',(6.330817816008E-16,0.897087801375));
#3461 = CARTESIAN_POINT('',(-9.344432269539E-02,0.899147684429));
#3462 = CARTESIAN_POINT('',(-0.191302966556,0.904932168168));
#3463 = CARTESIAN_POINT('',(-0.289512508085,0.914822503489));
#3464 = CARTESIAN_POINT('',(-0.38820129764,0.928609309767));
#3465 = CARTESIAN_POINT('',(-0.481301662964,0.944097153508));
#3466 = CARTESIAN_POINT('',(-0.581334698499,0.964549176932));
#3467 = CARTESIAN_POINT('',(-0.686032486841,0.987058384483));
#3468 = CARTESIAN_POINT('',(-0.781958115499,1.010475407246));
#3469 = CARTESIAN_POINT('',(-0.889528155909,1.038100477412));
#3470 = CARTESIAN_POINT('',(-1.001758546874,1.066516476718));
#3471 = CARTESIAN_POINT('',(-1.112087282453,1.09402770906));
#3472 = CARTESIAN_POINT('',(-1.225941755822,1.123579953083));
#3473 = CARTESIAN_POINT('',(-1.354463758882,1.15515134545));
#3474 = CARTESIAN_POINT('',(-1.494043531654,1.185894677837));
#3475 = CARTESIAN_POINT('',(-1.631027230645,1.213624313819));
#3476 = CARTESIAN_POINT('',(-1.793960086263,1.2443402814));
#3477 = CARTESIAN_POINT('',(-1.97319139942,1.27137546783));
#3478 = CARTESIAN_POINT('',(-2.156671292058,1.295247746634));
#3479 = CARTESIAN_POINT('',(-2.375194625601,1.316895358847));
#3480 = CARTESIAN_POINT('',(-2.617330346155,1.333753579891));
#3481 = CARTESIAN_POINT('',(-2.878995252674,1.344389128737));
#3482 = CARTESIAN_POINT('',(-3.055228364385,1.346748614198));
#3483 = CARTESIAN_POINT('',(-3.14159265359,1.346573379573));
#3484 = ( GEOMETRIC_REPRESENTATION_CONTEXT(2) 
PARAMETRIC_REPRESENTATION_CONTEXT() REPRESENTATION_CONTEXT('2D SPACE',''
  ) );
#3485 = FACE_BOUND('',#3486,.T.);
#3486 = EDGE_LOOP('',(#3487));
#3487 = ORIENTED_EDGE('',*,*,#3488,.T.);
#3488 = EDGE_CURVE('',#3489,#3489,#3491,.T.);
#3489 = VERTEX_POINT('',#3490);
#3490 = CARTESIAN_POINT('',(2.5,6.998140370742,-9.698853074019));
#3491 = SURFACE_CURVE('',#3492,(#3527,#3578),.PCURVE_S1.);
#3492 = B_SPLINE_CURVE_WITH_KNOTS('',3,(#3493,#3494,#3495,#3496,#3497,
    #3498,#3499,#3500,#3501,#3502,#3503,#3504,#3505,#3506,#3507,#3508,
    #3509,#3510,#3511,#3512,#3513,#3514,#3515,#3516,#3517,#3518,#3519,
    #3520,#3521,#3522,#3523,#3524,#3525,#3526),.UNSPECIFIED.,.T.,.F.,(1,
    3,2,2,2,2,2,2,2,2,2,2,2,2,2,2,2,3,1),(-0.353695543571,
    -0.334889579821,-0.316083616071,-0.29727765232,-0.279999676161,
    -0.251167184866,-0.222334693571,-0.205056717411,-0.186250753661,
    -0.167444789911,-0.14863882616,-0.12983286241,-0.11255488625,
    -8.372239495525E-02,-5.488990366008E-02,-3.761192750079E-02,
    -1.880596375039E-02,0.,1.880596375039E-02),.UNSPECIFIED.);
#3493 = CARTESIAN_POINT('',(2.5,7.898449846757,-8.980880225139));
#3494 = CARTESIAN_POINT('',(2.437313454165,7.898449846757,
    -8.980880225139));
#3495 = CARTESIAN_POINT('',(2.370317296886,7.889361177014,
    -8.988898975332));
#3496 = CARTESIAN_POINT('',(2.246040722639,7.852318388562,
    -9.021276005907));
#3497 = CARTESIAN_POINT('',(2.188750509415,7.824364616535,
    -9.045597069368));
#3498 = CARTESIAN_POINT('',(2.099963810898,7.762807728302,
    -9.098463901062));
#3499 = CARTESIAN_POINT('',(2.057277144556,7.721406620668,
    -9.133681115117));
#3500 = CARTESIAN_POINT('',(1.982472881952,7.618503579388,
    -9.219933392646));
#3501 = CARTESIAN_POINT('',(1.953974222244,7.532081645721,
    -9.290785891859));
#3502 = CARTESIAN_POINT('',(1.953974222244,7.381800649638,
    -9.410630987091));
#3503 = CARTESIAN_POINT('',(1.982472881952,7.293493881113,
    -9.479119978149));
#3504 = CARTESIAN_POINT('',(2.057277144556,7.186506047408,-9.56025008799
    ));
#3505 = CARTESIAN_POINT('',(2.099963810898,7.142959189298,
    -9.592776616055));
#3506 = CARTESIAN_POINT('',(2.188750509415,7.077720143191,
    -9.641026167816));
#3507 = CARTESIAN_POINT('',(2.246040722639,7.047788560109,-9.66286713466
    ));
#3508 = CARTESIAN_POINT('',(2.370317296886,7.007980493405,
    -9.691776615985));
#3509 = CARTESIAN_POINT('',(2.437313454165,6.998140370742,
    -9.698853074019));
#3510 = CARTESIAN_POINT('',(2.562686545835,6.998140370742,
    -9.698853074019));
#3511 = CARTESIAN_POINT('',(2.629682703114,7.007980493405,
    -9.691776615985));
#3512 = CARTESIAN_POINT('',(2.753959277361,7.047788560109,-9.66286713466
    ));
#3513 = CARTESIAN_POINT('',(2.811249490585,7.077720143191,
    -9.641026167816));
#3514 = CARTESIAN_POINT('',(2.900036189102,7.142959189298,
    -9.592776616055));
#3515 = CARTESIAN_POINT('',(2.942722855444,7.186506047408,-9.56025008799
    ));
#3516 = CARTESIAN_POINT('',(3.017527118048,7.293493881113,
    -9.479119978149));
#3517 = CARTESIAN_POINT('',(3.046025777756,7.381800649638,
    -9.410630987091));
#3518 = CARTESIAN_POINT('',(3.046025777756,7.532081645721,
    -9.290785891859));
#3519 = CARTESIAN_POINT('',(3.017527118048,7.618503579388,
    -9.219933392646));
#3520 = CARTESIAN_POINT('',(2.942722855444,7.721406620668,
    -9.133681115117));
#3521 = CARTESIAN_POINT('',(2.900036189102,7.762807728302,
    -9.098463901062));
#3522 = CARTESIAN_POINT('',(2.811249490585,7.824364616535,
    -9.045597069368));
#3523 = CARTESIAN_POINT('',(2.753959277361,7.852318388562,
    -9.021276005907));
#3524 = CARTESIAN_POINT('',(2.629682703114,7.889361177014,
    -8.988898975332));
#3525 = CARTESIAN_POINT('',(2.562686545835,7.898449846757,
    -8.980880225139));
#3526 = CARTESIAN_POINT('',(2.5,7.898449846757,-8.980880225139));
#3527 = PCURVE('',#647,#3528);
#3528 = DEFINITIONAL_REPRESENTATION('',(#3529),#3577);
#3529 = B_SPLINE_CURVE_WITH_KNOTS('',3,(#3530,#3531,#3532,#3533,#3534,
    #3535,#3536,#3537,#3538,#3539,#3540,#3541,#3542,#3543,#3544,#3545,
    #3546,#3547,#3548,#3549,#3550,#3551,#3552,#3553,#3554,#3555,#3556,
    #3557,#3558,#3559,#3560,#3561,#3562,#3563,#3564,#3565,#3566,#3567,
    #3568,#3569,#3570,#3571,#3572,#3573,#3574,#3575,#3576),
  .UNSPECIFIED.,.T.,.F.,(4,1,1,1,1,1,1,1,1,1,1,1,1,1,1,1,1,1,1,1,1,1,1,1
    ,1,1,1,1,1,1,1,1,1,1,1,1,1,1,1,1,1,1,1,1,4),(-0.167444789911,
    -0.159833663096,-0.152222536282,-0.144611409468,-0.137000282654,
    -0.12938915584,-0.121778029026,-0.114166902212,-0.106555775398,
    -9.894464858348E-02,-9.133352176937E-02,-8.372239495525E-02,
    -7.611126814114E-02,-6.850014132703E-02,-6.088901451291E-02,
    -5.32778876988E-02,-4.566676088468E-02,-3.805563407057E-02,
    -3.044450725646E-02,-2.283338044234E-02,-1.522225362823E-02,
    -7.611126814114E-03,0.,7.611126814114E-03,1.522225362823E-02,
    2.283338044234E-02,3.044450725646E-02,3.805563407057E-02,
    4.566676088468E-02,5.32778876988E-02,6.088901451291E-02,
    6.850014132703E-02,7.611126814114E-02,8.372239495525E-02,
    9.133352176937E-02,9.894464858348E-02,0.106555775398,0.114166902212,
    0.121778029026,0.12938915584,0.137000282654,0.144611409468,
    0.152222536282,0.159833663096,0.167444789911),.UNSPECIFIED.);
#3530 = CARTESIAN_POINT('',(4.087350413383,-2.44));
#3531 = CARTESIAN_POINT('',(4.087351135504,-2.465373844834));
#3532 = CARTESIAN_POINT('',(4.087017678985,-2.517510897523));
#3533 = CARTESIAN_POINT('',(4.085514102998,-2.596378573376));
#3534 = CARTESIAN_POINT('',(4.082981554377,-2.671964017176));
#3535 = CARTESIAN_POINT('',(4.079488575435,-2.741857078249));
#3536 = CARTESIAN_POINT('',(4.075513132588,-2.801542114777));
#3537 = CARTESIAN_POINT('',(4.070479122444,-2.856762965076));
#3538 = CARTESIAN_POINT('',(4.064770460956,-2.90495343063));
#3539 = CARTESIAN_POINT('',(4.059086656872,-2.938642234827));
#3540 = CARTESIAN_POINT('',(4.052515471341,-2.965380017043));
#3541 = CARTESIAN_POINT('',(4.045714852219,-2.982033721931));
#3542 = CARTESIAN_POINT('',(4.039190554615,-2.988021805361));
#3543 = CARTESIAN_POINT('',(4.032666257014,-2.982033723161));
#3544 = CARTESIAN_POINT('',(4.02586563788,-2.965380012123));
#3545 = CARTESIAN_POINT('',(4.019294452392,-2.938642253279));
#3546 = CARTESIAN_POINT('',(4.013610648151,-2.904953361742));
#3547 = CARTESIAN_POINT('',(4.00790198725,-2.856763222174));
#3548 = CARTESIAN_POINT('',(4.002867974915,-2.80154115527));
#3549 = CARTESIAN_POINT('',(3.998892540243,-2.741860659177));
#3550 = CARTESIAN_POINT('',(3.995399530792,-2.671950652972));
#3551 = CARTESIAN_POINT('',(3.992867096033,-2.596428449265));
#3552 = CARTESIAN_POINT('',(3.991363095109,-2.517324758173));
#3553 = CARTESIAN_POINT('',(3.990864496218,-2.44));
#3554 = CARTESIAN_POINT('',(3.991363095109,-2.362675241827));
#3555 = CARTESIAN_POINT('',(3.992867096033,-2.283571550735));
#3556 = CARTESIAN_POINT('',(3.995399530792,-2.208049347028));
#3557 = CARTESIAN_POINT('',(3.998892540243,-2.138139340823));
#3558 = CARTESIAN_POINT('',(4.002867974915,-2.07845884473));
#3559 = CARTESIAN_POINT('',(4.00790198725,-2.023236777826));
#3560 = CARTESIAN_POINT('',(4.013610648151,-1.975046638258));
#3561 = CARTESIAN_POINT('',(4.019294452392,-1.941357746721));
#3562 = CARTESIAN_POINT('',(4.02586563788,-1.914619987877));
#3563 = CARTESIAN_POINT('',(4.032666257014,-1.897966276839));
#3564 = CARTESIAN_POINT('',(4.039190554615,-1.891978194639));
#3565 = CARTESIAN_POINT('',(4.045714852219,-1.897966278069));
#3566 = CARTESIAN_POINT('',(4.052515471341,-1.914619982957));
#3567 = CARTESIAN_POINT('',(4.059086656872,-1.941357765173));
#3568 = CARTESIAN_POINT('',(4.064770460956,-1.97504656937));
#3569 = CARTESIAN_POINT('',(4.070479122444,-2.023237034924));
#3570 = CARTESIAN_POINT('',(4.075513132588,-2.078457885223));
#3571 = CARTESIAN_POINT('',(4.079488575435,-2.13814292175));
#3572 = CARTESIAN_POINT('',(4.082981554377,-2.208035982824));
#3573 = CARTESIAN_POINT('',(4.085514102998,-2.283621426624));
#3574 = CARTESIAN_POINT('',(4.087017678985,-2.362489102477));
#3575 = CARTESIAN_POINT('',(4.087351135504,-2.414626155166));
#3576 = CARTESIAN_POINT('',(4.087350413383,-2.44));
#3577 = ( GEOMETRIC_REPRESENTATION_CONTEXT(2) 
PARAMETRIC_REPRESENTATION_CONTEXT() REPRESENTATION_CONTEXT('2D SPACE',''
  ) );
#3578 = PCURVE('',#3579,#3584);
#3579 = SPHERICAL_SURFACE('',#3580,1.3275);
#3580 = AXIS2_PLACEMENT_3D('',#3581,#3582,#3583);
#3581 = CARTESIAN_POINT('',(2.5,6.702515369981,-8.404688436531));
#3582 = DIRECTION('',(0.,0.,-1.));
#3583 = DIRECTION('',(0.,1.,0.));
#3584 = DEFINITIONAL_REPRESENTATION('',(#3585),#3633);
#3585 = B_SPLINE_CURVE_WITH_KNOTS('',3,(#3586,#3587,#3588,#3589,#3590,
    #3591,#3592,#3593,#3594,#3595,#3596,#3597,#3598,#3599,#3600,#3601,
    #3602,#3603,#3604,#3605,#3606,#3607,#3608,#3609,#3610,#3611,#3612,
    #3613,#3614,#3615,#3616,#3617,#3618,#3619,#3620,#3621,#3622,#3623,
    #3624,#3625,#3626,#3627,#3628,#3629,#3630,#3631,#3632),
  .UNSPECIFIED.,.T.,.F.,(4,1,1,1,1,1,1,1,1,1,1,1,1,1,1,1,1,1,1,1,1,1,1,1
    ,1,1,1,1,1,1,1,1,1,1,1,1,1,1,1,1,1,1,1,1,4),(-0.167444789911,
    -0.159833663096,-0.152222536282,-0.144611409468,-0.137000282654,
    -0.12938915584,-0.121778029026,-0.114166902212,-0.106555775398,
    -9.894464858348E-02,-9.133352176937E-02,-8.372239495525E-02,
    -7.611126814114E-02,-6.850014132703E-02,-6.088901451291E-02,
    -5.32778876988E-02,-4.566676088468E-02,-3.805563407057E-02,
    -3.044450725646E-02,-2.283338044234E-02,-1.522225362823E-02,
    -7.611126814114E-03,0.,7.611126814114E-03,1.522225362823E-02,
    2.283338044234E-02,3.044450725646E-02,3.805563407057E-02,
    4.566676088468E-02,5.32778876988E-02,6.088901451291E-02,
    6.850014132703E-02,7.611126814114E-02,8.372239495525E-02,
    9.133352176937E-02,9.894464858348E-02,0.106555775398,0.114166902212,
    0.121778029026,0.12938915584,0.137000282654,0.144611409468,
    0.152222536282,0.159833663096,0.167444789911),.UNSPECIFIED.);
#3586 = CARTESIAN_POINT('',(6.28318530718,1.346220323512));
#3587 = CARTESIAN_POINT('',(6.372730981663,1.346546250357));
#3588 = CARTESIAN_POINT('',(6.54328022639,1.338259890921));
#3589 = CARTESIAN_POINT('',(6.755344043578,1.305234249768));
#3590 = CARTESIAN_POINT('',(6.890218879338,1.257616042263));
#3591 = CARTESIAN_POINT('',(6.968008982337,1.202161310133));
#3592 = CARTESIAN_POINT('',(7.006942929947,1.146741271868));
#3593 = CARTESIAN_POINT('',(7.02139531936,1.085551189187));
#3594 = CARTESIAN_POINT('',(7.019325952879,1.02262664662));
#3595 = CARTESIAN_POINT('',(7.003974973122,0.966133064842));
#3596 = CARTESIAN_POINT('',(6.978150890918,0.905513505748));
#3597 = CARTESIAN_POINT('',(6.946026191438,0.84647851342));
#3598 = CARTESIAN_POINT('',(6.91071206817,0.792750575344));
#3599 = CARTESIAN_POINT('',(6.869220417556,0.741982891619));
#3600 = CARTESIAN_POINT('',(6.821529552402,0.69085097331));
#3601 = CARTESIAN_POINT('',(6.770797981783,0.642757661432));
#3602 = CARTESIAN_POINT('',(6.721312871264,0.602263013194));
#3603 = CARTESIAN_POINT('',(6.662737940286,0.562715849109));
#3604 = CARTESIAN_POINT('',(6.603357983197,0.528114662877));
#3605 = CARTESIAN_POINT('',(6.545034419366,0.501350054039));
#3606 = CARTESIAN_POINT('',(6.480861325232,0.477942545197));
#3607 = CARTESIAN_POINT('',(6.414902735093,0.461121400197));
#3608 = CARTESIAN_POINT('',(6.347841240826,0.451201536681));
#3609 = CARTESIAN_POINT('',(6.28318530718,0.447862449468));
#3610 = CARTESIAN_POINT('',(6.218529373533,0.451201536681));
#3611 = CARTESIAN_POINT('',(6.151467879266,0.461121400197));
#3612 = CARTESIAN_POINT('',(6.085509289127,0.477942545197));
#3613 = CARTESIAN_POINT('',(6.021336194993,0.501350054039));
#3614 = CARTESIAN_POINT('',(5.963012631162,0.528114662877));
#3615 = CARTESIAN_POINT('',(5.903632674073,0.562715849109));
#3616 = CARTESIAN_POINT('',(5.845057743095,0.602263013194));
#3617 = CARTESIAN_POINT('',(5.795572632576,0.642757661432));
#3618 = CARTESIAN_POINT('',(5.744841061957,0.69085097331));
#3619 = CARTESIAN_POINT('',(5.697150196804,0.741982891619));
#3620 = CARTESIAN_POINT('',(5.655658546189,0.792750575344));
#3621 = CARTESIAN_POINT('',(5.620344422921,0.84647851342));
#3622 = CARTESIAN_POINT('',(5.588219723441,0.905513505748));
#3623 = CARTESIAN_POINT('',(5.562395641237,0.966133064842));
#3624 = CARTESIAN_POINT('',(5.54704466148,1.02262664662));
#3625 = CARTESIAN_POINT('',(5.544975294999,1.085551189187));
#3626 = CARTESIAN_POINT('',(5.559427684412,1.146741271868));
#3627 = CARTESIAN_POINT('',(5.598361632022,1.202161310133));
#3628 = CARTESIAN_POINT('',(5.676151735021,1.257616042263));
#3629 = CARTESIAN_POINT('',(5.811026570781,1.305234249768));
#3630 = CARTESIAN_POINT('',(6.023090387969,1.338259890921));
#3631 = CARTESIAN_POINT('',(6.193639632696,1.346546250357));
#3632 = CARTESIAN_POINT('',(6.28318530718,1.346220323512));
#3633 = ( GEOMETRIC_REPRESENTATION_CONTEXT(2) 
PARAMETRIC_REPRESENTATION_CONTEXT() REPRESENTATION_CONTEXT('2D SPACE',''
  ) );
#3634 = FACE_BOUND('',#3635,.T.);
#3635 = EDGE_LOOP('',(#3636));
#3636 = ORIENTED_EDGE('',*,*,#3637,.F.);
#3637 = EDGE_CURVE('',#3638,#3638,#3640,.T.);
#3638 = VERTEX_POINT('',#3639);
#3639 = CARTESIAN_POINT('',(2.500000010001,11.012915309267,
    -4.664484536466));
#3640 = SURFACE_CURVE('',#3641,(#3676,#3749),.PCURVE_S1.);
#3641 = B_SPLINE_CURVE_WITH_KNOTS('',3,(#3642,#3643,#3644,#3645,#3646,
    #3647,#3648,#3649,#3650,#3651,#3652,#3653,#3654,#3655,#3656,#3657,
    #3658,#3659,#3660,#3661,#3662,#3663,#3664,#3665,#3666,#3667,#3668,
    #3669,#3670,#3671,#3672,#3673,#3674,#3675),.UNSPECIFIED.,.T.,.F.,(1,
    3,2,2,2,2,2,2,2,2,2,2,2,2,2,2,2,3,1),(-1.880596375044E-02,0.,
    1.880596375044E-02,3.761192750088E-02,5.488990366021E-02,
    8.372239495545E-02,0.112554886251,0.12983286241,0.14863882616,
    0.167444789911,0.186250753661,0.205056717412,0.222334693571,
    0.251167184866,0.279999676162,0.297277652321,0.316083616071,
    0.334889579822,0.353695543572),.UNSPECIFIED.);
#3642 = CARTESIAN_POINT('',(2.5,11.012915309267,-4.664484536466));
#3643 = CARTESIAN_POINT('',(2.562686545835,11.012915309267,
    -4.664484536466));
#3644 = CARTESIAN_POINT('',(2.629682703115,11.008205906095,
    -4.675652606761));
#3645 = CARTESIAN_POINT('',(2.753959277362,10.988879374007,
    -4.720895566905));
#3646 = CARTESIAN_POINT('',(2.811249490586,10.974246409624,
    -4.754936775048));
#3647 = CARTESIAN_POINT('',(2.900036189103,10.941723628332,
    -4.829276677383));
#3648 = CARTESIAN_POINT('',(2.942722855445,10.919702695772,
    -4.878969558246));
#3649 = CARTESIAN_POINT('',(3.017527118049,10.864413719848,
    -5.001328131402));
#3650 = CARTESIAN_POINT('',(3.046025777757,10.817291995395,
    -5.102661099128));
#3651 = CARTESIAN_POINT('',(3.046025777757,10.73389233452,
    -5.275842279402));
#3652 = CARTESIAN_POINT('',(3.017527118049,10.684046944782,
    -5.375863599056));
#3653 = CARTESIAN_POINT('',(2.942722855445,10.622855272783,
    -5.495379583601));
#3654 = CARTESIAN_POINT('',(2.900036189103,10.597733640948,
    -5.543579246392));
#3655 = CARTESIAN_POINT('',(2.811249490586,10.559889987363,
    -5.615356751681));
#3656 = CARTESIAN_POINT('',(2.753959277362,10.542399003199,
    -5.648021610037));
#3657 = CARTESIAN_POINT('',(2.629682703115,10.519076528261,
    -5.691340225527));
#3658 = CARTESIAN_POINT('',(2.562686545835,10.513281244157,
    -5.701985363125));
#3659 = CARTESIAN_POINT('',(2.437313454165,10.513281244157,
    -5.701985363125));
#3660 = CARTESIAN_POINT('',(2.370317296885,10.519076528261,
    -5.691340225527));
#3661 = CARTESIAN_POINT('',(2.246040722638,10.542399003199,
    -5.648021610037));
#3662 = CARTESIAN_POINT('',(2.188750509414,10.559889987363,
    -5.615356751681));
#3663 = CARTESIAN_POINT('',(2.099963810897,10.597733640948,
    -5.543579246392));
#3664 = CARTESIAN_POINT('',(2.057277144555,10.622855272783,
    -5.495379583601));
#3665 = CARTESIAN_POINT('',(1.982472881951,10.684046944782,
    -5.375863599056));
#3666 = CARTESIAN_POINT('',(1.953974222243,10.73389233452,
    -5.275842279402));
#3667 = CARTESIAN_POINT('',(1.953974222243,10.817291995395,
    -5.102661099128));
#3668 = CARTESIAN_POINT('',(1.982472881951,10.864413719848,
    -5.001328131402));
#3669 = CARTESIAN_POINT('',(2.057277144555,10.919702695772,
    -4.878969558246));
#3670 = CARTESIAN_POINT('',(2.099963810897,10.941723628332,
    -4.829276677383));
#3671 = CARTESIAN_POINT('',(2.188750509414,10.974246409624,
    -4.754936775048));
#3672 = CARTESIAN_POINT('',(2.246040722638,10.988879374007,
    -4.720895566905));
#3673 = CARTESIAN_POINT('',(2.370317296885,11.008205906095,
    -4.675652606761));
#3674 = CARTESIAN_POINT('',(2.437313454165,11.012915309267,
    -4.664484536466));
#3675 = CARTESIAN_POINT('',(2.5,11.012915309267,-4.664484536466));
#3676 = PCURVE('',#647,#3677);
#3677 = DEFINITIONAL_REPRESENTATION('',(#3678),#3748);
#3678 = B_SPLINE_CURVE_WITH_KNOTS('',3,(#3679,#3680,#3681,#3682,#3683,
    #3684,#3685,#3686,#3687,#3688,#3689,#3690,#3691,#3692,#3693,#3694,
    #3695,#3696,#3697,#3698,#3699,#3700,#3701,#3702,#3703,#3704,#3705,
    #3706,#3707,#3708,#3709,#3710,#3711,#3712,#3713,#3714,#3715,#3716,
    #3717,#3718,#3719,#3720,#3721,#3722,#3723,#3724,#3725,#3726,#3727,
    #3728,#3729,#3730,#3731,#3732,#3733,#3734,#3735,#3736,#3737,#3738,
    #3739,#3740,#3741,#3742,#3743,#3744,#3745,#3746,#3747),
  .UNSPECIFIED.,.T.,.F.,(4,1,1,1,1,1,1,1,1,1,1,1,1,1,1,1,1,1,1,1,1,1,1,1
    ,1,1,1,1,1,1,1,1,1,1,1,1,1,1,1,1,1,1,1,1,1,1,1,1,1,1,1,1,1,1,1,1,1,1
    ,1,1,1,1,1,1,1,1,4),(0.,5.074084542755E-03,1.014816908551E-02,
    1.522225362826E-02,2.029633817102E-02,2.537042271377E-02,
    3.044450725653E-02,3.551859179928E-02,4.059267634204E-02,
    4.566676088479E-02,5.074084542755E-02,5.58149299703E-02,
    6.088901451306E-02,6.596309905581E-02,7.103718359857E-02,
    7.611126814132E-02,8.118535268408E-02,8.625943722683E-02,
    9.133352176959E-02,9.640760631234E-02,0.101481690855,0.106555775398,
    0.111629859941,0.116703944483,0.121778029026,0.126852113569,
    0.131926198112,0.137000282654,0.142074367197,0.14714845174,
    0.152222536283,0.157296620825,0.162370705368,0.167444789911,
    0.172518874454,0.177592958996,0.182667043539,0.187741128082,
    0.192815212625,0.197889297167,0.20296338171,0.208037466253,
    0.213111550796,0.218185635338,0.223259719881,0.228333804424,
    0.233407888967,0.238481973509,0.243556058052,0.248630142595,
    0.253704227138,0.25877831168,0.263852396223,0.268926480766,
    0.274000565309,0.279074649852,0.284148734394,0.289222818937,
    0.29429690348,0.299370988023,0.304445072565,0.309519157108,
    0.314593241651,0.319667326194,0.324741410736,0.329815495279,
    0.334889579822),.QUASI_UNIFORM_KNOTS.);
#3679 = CARTESIAN_POINT('',(3.542231745335,-2.44));
#3680 = CARTESIAN_POINT('',(3.542231745494,-2.456913615143));
#3681 = CARTESIAN_POINT('',(3.542379245115,-2.491368550563));
#3682 = CARTESIAN_POINT('',(3.543046975065,-2.543851536927));
#3683 = CARTESIAN_POINT('',(3.544163357557,-2.596061072845));
#3684 = CARTESIAN_POINT('',(3.545736901659,-2.646893379901));
#3685 = CARTESIAN_POINT('',(3.547750466769,-2.695365222517));
#3686 = CARTESIAN_POINT('',(3.550125479006,-2.740787368471));
#3687 = CARTESIAN_POINT('',(3.552791580809,-2.782419748553));
#3688 = CARTESIAN_POINT('',(3.555682081027,-2.819549735998));
#3689 = CARTESIAN_POINT('',(3.559167808371,-2.856170967012));
#3690 = CARTESIAN_POINT('',(3.562939554479,-2.88931380167));
#3691 = CARTESIAN_POINT('',(3.56663079744,-2.91595125082));
#3692 = CARTESIAN_POINT('',(3.570588452326,-2.938068171151));
#3693 = CARTESIAN_POINT('',(3.574875785776,-2.956678451563));
#3694 = CARTESIAN_POINT('',(3.579326278217,-2.971087741929));
#3695 = CARTESIAN_POINT('',(3.583830208388,-2.981053694293));
#3696 = CARTESIAN_POINT('',(3.588280405706,-2.986234191033));
#3697 = CARTESIAN_POINT('',(3.592502802499,-2.986234191034));
#3698 = CARTESIAN_POINT('',(3.596952999817,-2.981053694293));
#3699 = CARTESIAN_POINT('',(3.601456929989,-2.971087741932));
#3700 = CARTESIAN_POINT('',(3.605907422429,-2.956678451552));
#3701 = CARTESIAN_POINT('',(3.610194755879,-2.938068171194));
#3702 = CARTESIAN_POINT('',(3.614152410765,-2.91595125066));
#3703 = CARTESIAN_POINT('',(3.617843653726,-2.889313802269));
#3704 = CARTESIAN_POINT('',(3.621615399834,-2.856170964777));
#3705 = CARTESIAN_POINT('',(3.625101127178,-2.819549744338));
#3706 = CARTESIAN_POINT('',(3.627991627396,-2.782419717429));
#3707 = CARTESIAN_POINT('',(3.6306577292,-2.740787484627));
#3708 = CARTESIAN_POINT('',(3.633032741435,-2.695364789018));
#3709 = CARTESIAN_POINT('',(3.635046306548,-2.646894997741));
#3710 = CARTESIAN_POINT('',(3.636619850643,-2.596055034985));
#3711 = CARTESIAN_POINT('',(3.63773623316,-2.543874070527));
#3712 = CARTESIAN_POINT('',(3.638403963017,-2.491284454021));
#3713 = CARTESIAN_POINT('',(3.638625212797,-2.44));
#3714 = CARTESIAN_POINT('',(3.638403963017,-2.388715545979));
#3715 = CARTESIAN_POINT('',(3.63773623316,-2.336125929473));
#3716 = CARTESIAN_POINT('',(3.636619850643,-2.283944965015));
#3717 = CARTESIAN_POINT('',(3.635046306548,-2.233105002259));
#3718 = CARTESIAN_POINT('',(3.633032741435,-2.184635210982));
#3719 = CARTESIAN_POINT('',(3.6306577292,-2.139212515373));
#3720 = CARTESIAN_POINT('',(3.627991627396,-2.097580282571));
#3721 = CARTESIAN_POINT('',(3.625101127178,-2.060450255662));
#3722 = CARTESIAN_POINT('',(3.621615399834,-2.023829035223));
#3723 = CARTESIAN_POINT('',(3.617843653726,-1.990686197731));
#3724 = CARTESIAN_POINT('',(3.614152410765,-1.96404874934));
#3725 = CARTESIAN_POINT('',(3.610194755879,-1.941931828806));
#3726 = CARTESIAN_POINT('',(3.605907422429,-1.923321548448));
#3727 = CARTESIAN_POINT('',(3.601456929989,-1.908912258068));
#3728 = CARTESIAN_POINT('',(3.596952999817,-1.898946305707));
#3729 = CARTESIAN_POINT('',(3.592502802499,-1.893765808966));
#3730 = CARTESIAN_POINT('',(3.588280405706,-1.893765808967));
#3731 = CARTESIAN_POINT('',(3.583830208388,-1.898946305707));
#3732 = CARTESIAN_POINT('',(3.579326278217,-1.908912258071));
#3733 = CARTESIAN_POINT('',(3.574875785776,-1.923321548437));
#3734 = CARTESIAN_POINT('',(3.570588452326,-1.941931828849));
#3735 = CARTESIAN_POINT('',(3.56663079744,-1.96404874918));
#3736 = CARTESIAN_POINT('',(3.562939554479,-1.99068619833));
#3737 = CARTESIAN_POINT('',(3.559167808371,-2.023829032988));
#3738 = CARTESIAN_POINT('',(3.555682081027,-2.060450264002));
#3739 = CARTESIAN_POINT('',(3.552791580809,-2.097580251447));
#3740 = CARTESIAN_POINT('',(3.550125479006,-2.139212631529));
#3741 = CARTESIAN_POINT('',(3.547750466769,-2.184634777483));
#3742 = CARTESIAN_POINT('',(3.545736901659,-2.233106620099));
#3743 = CARTESIAN_POINT('',(3.544163357557,-2.283938927155));
#3744 = CARTESIAN_POINT('',(3.543046975065,-2.336148463073));
#3745 = CARTESIAN_POINT('',(3.542379245115,-2.388631449437));
#3746 = CARTESIAN_POINT('',(3.542231745494,-2.423086384857));
#3747 = CARTESIAN_POINT('',(3.542231745335,-2.44));
#3748 = ( GEOMETRIC_REPRESENTATION_CONTEXT(2) 
PARAMETRIC_REPRESENTATION_CONTEXT() REPRESENTATION_CONTEXT('2D SPACE',''
  ) );
#3749 = PCURVE('',#3750,#3755);
#3750 = SPHERICAL_SURFACE('',#3751,1.3275);
#3751 = AXIS2_PLACEMENT_3D('',#3752,#3753,#3754);
#3752 = CARTESIAN_POINT('',(2.5,9.685415329951,-4.664250195514));
#3753 = DIRECTION('',(0.,0.,-1.));
#3754 = DIRECTION('',(0.,1.,0.));
#3755 = DEFINITIONAL_REPRESENTATION('',(#3756),#3826);
#3756 = B_SPLINE_CURVE_WITH_KNOTS('',3,(#3757,#3758,#3759,#3760,#3761,
    #3762,#3763,#3764,#3765,#3766,#3767,#3768,#3769,#3770,#3771,#3772,
    #3773,#3774,#3775,#3776,#3777,#3778,#3779,#3780,#3781,#3782,#3783,
    #3784,#3785,#3786,#3787,#3788,#3789,#3790,#3791,#3792,#3793,#3794,
    #3795,#3796,#3797,#3798,#3799,#3800,#3801,#3802,#3803,#3804,#3805,
    #3806,#3807,#3808,#3809,#3810,#3811,#3812,#3813,#3814,#3815,#3816,
    #3817,#3818,#3819,#3820,#3821,#3822,#3823,#3824,#3825),
  .UNSPECIFIED.,.T.,.F.,(4,1,1,1,1,1,1,1,1,1,1,1,1,1,1,1,1,1,1,1,1,1,1,1
    ,1,1,1,1,1,1,1,1,1,1,1,1,1,1,1,1,1,1,1,1,1,1,1,1,1,1,1,1,1,1,1,1,1,1
    ,1,1,1,1,1,1,1,1,4),(0.,5.074084542755E-03,1.014816908551E-02,
    1.522225362826E-02,2.029633817102E-02,2.537042271377E-02,
    3.044450725653E-02,3.551859179928E-02,4.059267634204E-02,
    4.566676088479E-02,5.074084542755E-02,5.58149299703E-02,
    6.088901451306E-02,6.596309905581E-02,7.103718359857E-02,
    7.611126814132E-02,8.118535268408E-02,8.625943722683E-02,
    9.133352176959E-02,9.640760631234E-02,0.101481690855,0.106555775398,
    0.111629859941,0.116703944483,0.121778029026,0.126852113569,
    0.131926198112,0.137000282654,0.142074367197,0.14714845174,
    0.152222536283,0.157296620825,0.162370705368,0.167444789911,
    0.172518874454,0.177592958996,0.182667043539,0.187741128082,
    0.192815212625,0.197889297167,0.20296338171,0.208037466253,
    0.213111550796,0.218185635338,0.223259719881,0.228333804424,
    0.233407888967,0.238481973509,0.243556058052,0.248630142595,
    0.253704227138,0.25877831168,0.263852396223,0.268926480766,
    0.274000565309,0.279074649852,0.284148734394,0.289222818937,
    0.29429690348,0.299370988023,0.304445072565,0.309519157108,
    0.314593241651,0.319667326194,0.324741410736,0.329815495279,
    0.334889579822),.QUASI_UNIFORM_KNOTS.);
#3757 = CARTESIAN_POINT('',(6.28318530718,1.765280253614E-04));
#3758 = CARTESIAN_POINT('',(6.295926642184,1.765148754708E-04));
#3759 = CARTESIAN_POINT('',(6.321880994397,1.400985543086E-03));
#3760 = CARTESIAN_POINT('',(6.361480097047,6.940599300517E-03));
#3761 = CARTESIAN_POINT('',(6.401000395987,1.619667420052E-02));
#3762 = CARTESIAN_POINT('',(6.439691683349,2.923828576505E-02));
#3763 = CARTESIAN_POINT('',(6.476907692309,4.592359948754E-02));
#3764 = CARTESIAN_POINT('',(6.51218588652,6.560117862075E-02));
#3765 = CARTESIAN_POINT('',(6.545020111285,8.769248342395E-02));
#3766 = CARTESIAN_POINT('',(6.574912442957,0.111665216098));
#3767 = CARTESIAN_POINT('',(6.605271044216,0.140637040889));
#3768 = CARTESIAN_POINT('',(6.633750049887,0.172044426509));
#3769 = CARTESIAN_POINT('',(6.657766458529,0.202880021352));
#3770 = CARTESIAN_POINT('',(6.679268293558,0.236159130529));
#3771 = CARTESIAN_POINT('',(6.699169058849,0.272457387995));
#3772 = CARTESIAN_POINT('',(6.716779273839,0.310426124201));
#3773 = CARTESIAN_POINT('',(6.73175308991,0.349189742083));
#3774 = CARTESIAN_POINT('',(6.743626336977,0.38791529202));
#3775 = CARTESIAN_POINT('',(6.751689129521,0.425216419851));
#3776 = CARTESIAN_POINT('',(6.756689373336,0.46524111019));
#3777 = CARTESIAN_POINT('',(6.758431334595,0.506485141151));
#3778 = CARTESIAN_POINT('',(6.756734776186,0.548008493228));
#3779 = CARTESIAN_POINT('',(6.751281691527,0.588846116497));
#3780 = CARTESIAN_POINT('',(6.741953748996,0.627442425109));
#3781 = CARTESIAN_POINT('',(6.727721335247,0.664569759992));
#3782 = CARTESIAN_POINT('',(6.707067415738,0.703575078984));
#3783 = CARTESIAN_POINT('',(6.681125271599,0.740569058783));
#3784 = CARTESIAN_POINT('',(6.651733207927,0.772244491202));
#3785 = CARTESIAN_POINT('',(6.6155480248,0.802373249816));
#3786 = CARTESIAN_POINT('',(6.572527185142,0.829953912385));
#3787 = CARTESIAN_POINT('',(6.52298610497,0.853936674852));
#3788 = CARTESIAN_POINT('',(6.467500487924,0.873204451611));
#3789 = CARTESIAN_POINT('',(6.407599093934,0.887167740053));
#3790 = CARTESIAN_POINT('',(6.345135505489,0.895580513756));
#3791 = CARTESIAN_POINT('',(6.28318530718,0.898341802622));
#3792 = CARTESIAN_POINT('',(6.221235108871,0.895580513756));
#3793 = CARTESIAN_POINT('',(6.158771520425,0.887167740053));
#3794 = CARTESIAN_POINT('',(6.098870126435,0.873204451611));
#3795 = CARTESIAN_POINT('',(6.043384509389,0.853936674852));
#3796 = CARTESIAN_POINT('',(5.993843429218,0.829953912385));
#3797 = CARTESIAN_POINT('',(5.95082258956,0.802373249816));
#3798 = CARTESIAN_POINT('',(5.914637406432,0.772244491202));
#3799 = CARTESIAN_POINT('',(5.885245342761,0.740569058783));
#3800 = CARTESIAN_POINT('',(5.859303198621,0.703575078984));
#3801 = CARTESIAN_POINT('',(5.838649279112,0.664569759992));
#3802 = CARTESIAN_POINT('',(5.824416865363,0.627442425109));
#3803 = CARTESIAN_POINT('',(5.815088922832,0.588846116497));
#3804 = CARTESIAN_POINT('',(5.809635838173,0.548008493228));
#3805 = CARTESIAN_POINT('',(5.807939279765,0.506485141151));
#3806 = CARTESIAN_POINT('',(5.809681241023,0.46524111019));
#3807 = CARTESIAN_POINT('',(5.814681484838,0.425216419851));
#3808 = CARTESIAN_POINT('',(5.822744277382,0.38791529202));
#3809 = CARTESIAN_POINT('',(5.834617524449,0.349189742083));
#3810 = CARTESIAN_POINT('',(5.84959134052,0.310426124201));
#3811 = CARTESIAN_POINT('',(5.86720155551,0.272457387995));
#3812 = CARTESIAN_POINT('',(5.887102320801,0.236159130529));
#3813 = CARTESIAN_POINT('',(5.90860415583,0.202880021352));
#3814 = CARTESIAN_POINT('',(5.932620564472,0.172044426509));
#3815 = CARTESIAN_POINT('',(5.961099570143,0.140637040889));
#3816 = CARTESIAN_POINT('',(5.991458171403,0.111665216098));
#3817 = CARTESIAN_POINT('',(6.021350503074,8.769248342395E-02));
#3818 = CARTESIAN_POINT('',(6.054184727839,6.560117862075E-02));
#3819 = CARTESIAN_POINT('',(6.08946292205,4.592359948754E-02));
#3820 = CARTESIAN_POINT('',(6.12667893101,2.923828576505E-02));
#3821 = CARTESIAN_POINT('',(6.165370218372,1.619667420052E-02));
#3822 = CARTESIAN_POINT('',(6.204890517312,6.940599300513E-03));
#3823 = CARTESIAN_POINT('',(6.244489619962,1.400985543086E-03));
#3824 = CARTESIAN_POINT('',(6.270443972175,1.765148754714E-04));
#3825 = CARTESIAN_POINT('',(6.28318530718,1.765280253614E-04));
#3826 = ( GEOMETRIC_REPRESENTATION_CONTEXT(2) 
PARAMETRIC_REPRESENTATION_CONTEXT() REPRESENTATION_CONTEXT('2D SPACE',''
  ) );
#3827 = ADVANCED_FACE('',(#3828),#1411,.F.);
#3828 = FACE_BOUND('',#3829,.F.);
#3829 = EDGE_LOOP('',(#3830,#3831,#3899,#3900,#3901,#3969));
#3830 = ORIENTED_EDGE('',*,*,#1467,.F.);
#3831 = ORIENTED_EDGE('',*,*,#3832,.T.);
#3832 = EDGE_CURVE('',#1337,#3833,#3835,.T.);
#3833 = VERTEX_POINT('',#3834);
#3834 = CARTESIAN_POINT('',(2.5,-10.75,1.3275));
#3835 = SEAM_CURVE('',#3836,(#3841,#3870),.PCURVE_S1.);
#3836 = CIRCLE('',#3837,1.3275);
#3837 = AXIS2_PLACEMENT_3D('',#3838,#3839,#3840);
#3838 = CARTESIAN_POINT('',(2.5,-10.75,0.));
#3839 = DIRECTION('',(-1.,2.090815488936E-16,0.));
#3840 = DIRECTION('',(-2.090815488936E-16,-1.,0.));
#3841 = PCURVE('',#1411,#3842);
#3842 = DEFINITIONAL_REPRESENTATION('',(#3843),#3869);
#3843 = B_SPLINE_CURVE_WITH_KNOTS('',3,(#3844,#3845,#3846,#3847,#3848,
    #3849,#3850,#3851,#3852,#3853,#3854,#3855,#3856,#3857,#3858,#3859,
    #3860,#3861,#3862,#3863,#3864,#3865,#3866,#3867,#3868),
  .UNSPECIFIED.,.F.,.F.,(4,1,1,1,1,1,1,1,1,1,1,1,1,1,1,1,1,1,1,1,1,1,4),
  (0.448622422487,0.499630327229,0.55063823197,0.601646136711,
    0.652654041452,0.703661946194,0.754669850935,0.805677755676,
    0.856685660417,0.907693565159,0.9587014699,1.009709374641,
    1.060717279382,1.111725184124,1.162733088865,1.213740993606,
    1.264748898347,1.315756803089,1.36676470783,1.417772612571,
    1.468780517312,1.519788422054,1.570796326795),
  .QUASI_UNIFORM_KNOTS.);
#3844 = CARTESIAN_POINT('',(3.14159265359,-0.448622422487));
#3845 = CARTESIAN_POINT('',(3.14159265359,-0.465625057401));
#3846 = CARTESIAN_POINT('',(3.14159265359,-0.499630327229));
#3847 = CARTESIAN_POINT('',(3.14159265359,-0.55063823197));
#3848 = CARTESIAN_POINT('',(3.14159265359,-0.601646136711));
#3849 = CARTESIAN_POINT('',(3.14159265359,-0.652654041452));
#3850 = CARTESIAN_POINT('',(3.14159265359,-0.703661946194));
#3851 = CARTESIAN_POINT('',(3.14159265359,-0.754669850935));
#3852 = CARTESIAN_POINT('',(3.14159265359,-0.805677755676));
#3853 = CARTESIAN_POINT('',(3.14159265359,-0.856685660417));
#3854 = CARTESIAN_POINT('',(3.14159265359,-0.907693565159));
#3855 = CARTESIAN_POINT('',(3.14159265359,-0.9587014699));
#3856 = CARTESIAN_POINT('',(3.14159265359,-1.009709374641));
#3857 = CARTESIAN_POINT('',(3.14159265359,-1.060717279382));
#3858 = CARTESIAN_POINT('',(3.14159265359,-1.111725184124));
#3859 = CARTESIAN_POINT('',(3.14159265359,-1.162733088865));
#3860 = CARTESIAN_POINT('',(3.14159265359,-1.213740993606));
#3861 = CARTESIAN_POINT('',(3.14159265359,-1.264748898347));
#3862 = CARTESIAN_POINT('',(3.14159265359,-1.315756803089));
#3863 = CARTESIAN_POINT('',(3.14159265359,-1.36676470783));
#3864 = CARTESIAN_POINT('',(3.14159265359,-1.417772612571));
#3865 = CARTESIAN_POINT('',(3.14159265359,-1.468780517312));
#3866 = CARTESIAN_POINT('',(3.14159265359,-1.519788422054));
#3867 = CARTESIAN_POINT('',(3.14159265359,-1.553793691881));
#3868 = CARTESIAN_POINT('',(3.14159265359,-1.570796326795));
#3869 = ( GEOMETRIC_REPRESENTATION_CONTEXT(2) 
PARAMETRIC_REPRESENTATION_CONTEXT() REPRESENTATION_CONTEXT('2D SPACE',''
  ) );
#3870 = PCURVE('',#1411,#3871);
#3871 = DEFINITIONAL_REPRESENTATION('',(#3872),#3898);
#3872 = B_SPLINE_CURVE_WITH_KNOTS('',3,(#3873,#3874,#3875,#3876,#3877,
    #3878,#3879,#3880,#3881,#3882,#3883,#3884,#3885,#3886,#3887,#3888,
    #3889,#3890,#3891,#3892,#3893,#3894,#3895,#3896,#3897),
  .UNSPECIFIED.,.F.,.F.,(4,1,1,1,1,1,1,1,1,1,1,1,1,1,1,1,1,1,1,1,1,1,4),
  (0.448622422487,0.499630327229,0.55063823197,0.601646136711,
    0.652654041452,0.703661946194,0.754669850935,0.805677755676,
    0.856685660417,0.907693565159,0.9587014699,1.009709374641,
    1.060717279382,1.111725184124,1.162733088865,1.213740993606,
    1.264748898347,1.315756803089,1.36676470783,1.417772612571,
    1.468780517312,1.519788422054,1.570796326795),
  .QUASI_UNIFORM_KNOTS.);
#3873 = CARTESIAN_POINT('',(9.424777960769,-0.448622422487));
#3874 = CARTESIAN_POINT('',(9.424777960769,-0.465625057401));
#3875 = CARTESIAN_POINT('',(9.424777960769,-0.499630327229));
#3876 = CARTESIAN_POINT('',(9.424777960769,-0.55063823197));
#3877 = CARTESIAN_POINT('',(9.424777960769,-0.601646136711));
#3878 = CARTESIAN_POINT('',(9.424777960769,-0.652654041452));
#3879 = CARTESIAN_POINT('',(9.424777960769,-0.703661946194));
#3880 = CARTESIAN_POINT('',(9.424777960769,-0.754669850935));
#3881 = CARTESIAN_POINT('',(9.424777960769,-0.805677755676));
#3882 = CARTESIAN_POINT('',(9.424777960769,-0.856685660417));
#3883 = CARTESIAN_POINT('',(9.424777960769,-0.907693565159));
#3884 = CARTESIAN_POINT('',(9.424777960769,-0.9587014699));
#3885 = CARTESIAN_POINT('',(9.424777960769,-1.009709374641));
#3886 = CARTESIAN_POINT('',(9.424777960769,-1.060717279382));
#3887 = CARTESIAN_POINT('',(9.424777960769,-1.111725184124));
#3888 = CARTESIAN_POINT('',(9.424777960769,-1.162733088865));
#3889 = CARTESIAN_POINT('',(9.424777960769,-1.213740993606));
#3890 = CARTESIAN_POINT('',(9.424777960769,-1.264748898347));
#3891 = CARTESIAN_POINT('',(9.424777960769,-1.315756803089));
#3892 = CARTESIAN_POINT('',(9.424777960769,-1.36676470783));
#3893 = CARTESIAN_POINT('',(9.424777960769,-1.417772612571));
#3894 = CARTESIAN_POINT('',(9.424777960769,-1.468780517312));
#3895 = CARTESIAN_POINT('',(9.424777960769,-1.519788422054));
#3896 = CARTESIAN_POINT('',(9.424777960769,-1.553793691881));
#3897 = CARTESIAN_POINT('',(9.424777960769,-1.570796326795));
#3898 = ( GEOMETRIC_REPRESENTATION_CONTEXT(2) 
PARAMETRIC_REPRESENTATION_CONTEXT() REPRESENTATION_CONTEXT('2D SPACE',''
  ) );
#3899 = ORIENTED_EDGE('',*,*,#3832,.F.);
#3900 = ORIENTED_EDGE('',*,*,#1334,.F.);
#3901 = ORIENTED_EDGE('',*,*,#3902,.F.);
#3902 = EDGE_CURVE('',#3903,#1335,#3905,.T.);
#3903 = VERTEX_POINT('',#3904);
#3904 = CARTESIAN_POINT('',(2.5,-10.75,-1.3275));
#3905 = SEAM_CURVE('',#3906,(#3911,#3940),.PCURVE_S1.);
#3906 = CIRCLE('',#3907,1.3275);
#3907 = AXIS2_PLACEMENT_3D('',#3908,#3909,#3910);
#3908 = CARTESIAN_POINT('',(2.5,-10.75,0.));
#3909 = DIRECTION('',(-1.,2.090815488936E-16,0.));
#3910 = DIRECTION('',(-2.090815488936E-16,-1.,0.));
#3911 = PCURVE('',#1411,#3912);
#3912 = DEFINITIONAL_REPRESENTATION('',(#3913),#3939);
#3913 = B_SPLINE_CURVE_WITH_KNOTS('',3,(#3914,#3915,#3916,#3917,#3918,
    #3919,#3920,#3921,#3922,#3923,#3924,#3925,#3926,#3927,#3928,#3929,
    #3930,#3931,#3932,#3933,#3934,#3935,#3936,#3937,#3938),
  .UNSPECIFIED.,.F.,.F.,(4,1,1,1,1,1,1,1,1,1,1,1,1,1,1,1,1,1,1,1,1,1,4),
  (4.712388980385,4.763396885126,4.814404789867,4.865412694608,
    4.91642059935,4.967428504091,5.018436408832,5.069444313573,
    5.120452218315,5.171460123056,5.222468027797,5.273475932538,
    5.32448383728,5.375491742021,5.426499646762,5.477507551504,
    5.528515456245,5.579523360986,5.630531265727,5.681539170469,
    5.73254707521,5.783554979951,5.834562884692),.QUASI_UNIFORM_KNOTS.);
#3914 = CARTESIAN_POINT('',(9.424777960769,1.570796326795));
#3915 = CARTESIAN_POINT('',(9.424777960769,1.553793691881));
#3916 = CARTESIAN_POINT('',(9.424777960769,1.519788422054));
#3917 = CARTESIAN_POINT('',(9.424777960769,1.468780517312));
#3918 = CARTESIAN_POINT('',(9.424777960769,1.417772612571));
#3919 = CARTESIAN_POINT('',(9.424777960769,1.36676470783));
#3920 = CARTESIAN_POINT('',(9.424777960769,1.315756803089));
#3921 = CARTESIAN_POINT('',(9.424777960769,1.264748898347));
#3922 = CARTESIAN_POINT('',(9.424777960769,1.213740993606));
#3923 = CARTESIAN_POINT('',(9.424777960769,1.162733088865));
#3924 = CARTESIAN_POINT('',(9.424777960769,1.111725184124));
#3925 = CARTESIAN_POINT('',(9.424777960769,1.060717279382));
#3926 = CARTESIAN_POINT('',(9.424777960769,1.009709374641));
#3927 = CARTESIAN_POINT('',(9.424777960769,0.9587014699));
#3928 = CARTESIAN_POINT('',(9.424777960769,0.907693565159));
#3929 = CARTESIAN_POINT('',(9.424777960769,0.856685660417));
#3930 = CARTESIAN_POINT('',(9.424777960769,0.805677755676));
#3931 = CARTESIAN_POINT('',(9.424777960769,0.754669850935));
#3932 = CARTESIAN_POINT('',(9.424777960769,0.703661946194));
#3933 = CARTESIAN_POINT('',(9.424777960769,0.652654041452));
#3934 = CARTESIAN_POINT('',(9.424777960769,0.601646136711));
#3935 = CARTESIAN_POINT('',(9.424777960769,0.55063823197));
#3936 = CARTESIAN_POINT('',(9.424777960769,0.499630327229));
#3937 = CARTESIAN_POINT('',(9.424777960769,0.465625057401));
#3938 = CARTESIAN_POINT('',(9.424777960769,0.448622422487));
#3939 = ( GEOMETRIC_REPRESENTATION_CONTEXT(2) 
PARAMETRIC_REPRESENTATION_CONTEXT() REPRESENTATION_CONTEXT('2D SPACE',''
  ) );
#3940 = PCURVE('',#1411,#3941);
#3941 = DEFINITIONAL_REPRESENTATION('',(#3942),#3968);
#3942 = B_SPLINE_CURVE_WITH_KNOTS('',3,(#3943,#3944,#3945,#3946,#3947,
    #3948,#3949,#3950,#3951,#3952,#3953,#3954,#3955,#3956,#3957,#3958,
    #3959,#3960,#3961,#3962,#3963,#3964,#3965,#3966,#3967),
  .UNSPECIFIED.,.F.,.F.,(4,1,1,1,1,1,1,1,1,1,1,1,1,1,1,1,1,1,1,1,1,1,4),
  (4.712388980385,4.763396885126,4.814404789867,4.865412694608,
    4.91642059935,4.967428504091,5.018436408832,5.069444313573,
    5.120452218315,5.171460123056,5.222468027797,5.273475932538,
    5.32448383728,5.375491742021,5.426499646762,5.477507551504,
    5.528515456245,5.579523360986,5.630531265727,5.681539170469,
    5.73254707521,5.783554979951,5.834562884692),.QUASI_UNIFORM_KNOTS.);
#3943 = CARTESIAN_POINT('',(3.14159265359,1.570796326795));
#3944 = CARTESIAN_POINT('',(3.14159265359,1.553793691881));
#3945 = CARTESIAN_POINT('',(3.14159265359,1.519788422054));
#3946 = CARTESIAN_POINT('',(3.14159265359,1.468780517312));
#3947 = CARTESIAN_POINT('',(3.14159265359,1.417772612571));
#3948 = CARTESIAN_POINT('',(3.14159265359,1.36676470783));
#3949 = CARTESIAN_POINT('',(3.14159265359,1.315756803089));
#3950 = CARTESIAN_POINT('',(3.14159265359,1.264748898347));
#3951 = CARTESIAN_POINT('',(3.14159265359,1.213740993606));
#3952 = CARTESIAN_POINT('',(3.14159265359,1.162733088865));
#3953 = CARTESIAN_POINT('',(3.14159265359,1.111725184124));
#3954 = CARTESIAN_POINT('',(3.14159265359,1.060717279382));
#3955 = CARTESIAN_POINT('',(3.14159265359,1.009709374641));
#3956 = CARTESIAN_POINT('',(3.14159265359,0.9587014699));
#3957 = CARTESIAN_POINT('',(3.14159265359,0.907693565159));
#3958 = CARTESIAN_POINT('',(3.14159265359,0.856685660417));
#3959 = CARTESIAN_POINT('',(3.14159265359,0.805677755676));
#3960 = CARTESIAN_POINT('',(3.14159265359,0.754669850935));
#3961 = CARTESIAN_POINT('',(3.14159265359,0.703661946194));
#3962 = CARTESIAN_POINT('',(3.14159265359,0.652654041452));
#3963 = CARTESIAN_POINT('',(3.14159265359,0.601646136711));
#3964 = CARTESIAN_POINT('',(3.14159265359,0.55063823197));
#3965 = CARTESIAN_POINT('',(3.14159265359,0.499630327229));
#3966 = CARTESIAN_POINT('',(3.14159265359,0.465625057401));
#3967 = CARTESIAN_POINT('',(3.14159265359,0.448622422487));
#3968 = ( GEOMETRIC_REPRESENTATION_CONTEXT(2) 
PARAMETRIC_REPRESENTATION_CONTEXT() REPRESENTATION_CONTEXT('2D SPACE',''
  ) );
#3969 = ORIENTED_EDGE('',*,*,#3902,.T.);
#3970 = ADVANCED_FACE('',(#3971,#3975),#1684,.F.);
#3971 = FACE_BOUND('',#3972,.F.);
#3972 = VERTEX_LOOP('',#3973);
#3973 = VERTEX_POINT('',#3974);
#3974 = CARTESIAN_POINT('',(2.5,9.685415329951,5.991750195514));
#3975 = FACE_BOUND('',#3976,.F.);
#3976 = EDGE_LOOP('',(#3977));
#3977 = ORIENTED_EDGE('',*,*,#1593,.T.);
#3978 = ADVANCED_FACE('',(#3979,#3983),#2869,.F.);
#3979 = FACE_BOUND('',#3980,.F.);
#3980 = VERTEX_LOOP('',#3981);
#3981 = VERTEX_POINT('',#3982);
#3982 = CARTESIAN_POINT('',(2.5,6.702515369981,9.732188436531));
#3983 = FACE_BOUND('',#3984,.F.);
#3984 = EDGE_LOOP('',(#3985));
#3985 = ORIENTED_EDGE('',*,*,#2778,.T.);
#3986 = ADVANCED_FACE('',(#3987),#2596,.F.);
#3987 = FACE_BOUND('',#3988,.F.);
#3988 = EDGE_LOOP('',(#3989,#3990,#4058,#4059));
#3989 = ORIENTED_EDGE('',*,*,#2652,.T.);
#3990 = ORIENTED_EDGE('',*,*,#3991,.F.);
#3991 = EDGE_CURVE('',#3992,#2520,#3994,.T.);
#3992 = VERTEX_POINT('',#3993);
#3993 = CARTESIAN_POINT('',(2.5,2.39210004003,9.15297505595));
#3994 = SEAM_CURVE('',#3995,(#4000,#4029),.PCURVE_S1.);
#3995 = CIRCLE('',#3996,1.3275);
#3996 = AXIS2_PLACEMENT_3D('',#3997,#3998,#3999);
#3997 = CARTESIAN_POINT('',(2.5,2.39210004003,10.48047505595));
#3998 = DIRECTION('',(-1.,2.090815488936E-16,0.));
#3999 = DIRECTION('',(-2.090815488936E-16,-1.,0.));
#4000 = PCURVE('',#2596,#4001);
#4001 = DEFINITIONAL_REPRESENTATION('',(#4002),#4028);
#4002 = B_SPLINE_CURVE_WITH_KNOTS('',3,(#4003,#4004,#4005,#4006,#4007,
    #4008,#4009,#4010,#4011,#4012,#4013,#4014,#4015,#4016,#4017,#4018,
    #4019,#4020,#4021,#4022,#4023,#4024,#4025,#4026,#4027),
  .UNSPECIFIED.,.F.,.F.,(4,1,1,1,1,1,1,1,1,1,1,1,1,1,1,1,1,1,1,1,1,1,4),
  (4.712388980385,4.84499669431,4.977604408236,5.110212122162,
    5.242819836088,5.375427550014,5.50803526394,5.640642977865,
    5.773250691791,5.905858405717,6.038466119643,6.171073833569,
    6.303681547494,6.43628926142,6.568896975346,6.701504689272,
    6.834112403198,6.966720117123,7.099327831049,7.231935544975,
    7.364543258901,7.497150972827,7.629758686753),
  .QUASI_UNIFORM_KNOTS.);
#4003 = CARTESIAN_POINT('',(9.424777960769,1.570796326795));
#4004 = CARTESIAN_POINT('',(9.424777960769,1.526593755486));
#4005 = CARTESIAN_POINT('',(9.424777960769,1.438188612869));
#4006 = CARTESIAN_POINT('',(9.424777960769,1.305580898943));
#4007 = CARTESIAN_POINT('',(9.424777960769,1.172973185017));
#4008 = CARTESIAN_POINT('',(9.424777960769,1.040365471092));
#4009 = CARTESIAN_POINT('',(9.424777960769,0.907757757166));
#4010 = CARTESIAN_POINT('',(9.424777960769,0.77515004324));
#4011 = CARTESIAN_POINT('',(9.424777960769,0.642542329314));
#4012 = CARTESIAN_POINT('',(9.424777960769,0.509934615388));
#4013 = CARTESIAN_POINT('',(9.424777960769,0.377326901463));
#4014 = CARTESIAN_POINT('',(9.424777960769,0.244719187537));
#4015 = CARTESIAN_POINT('',(9.424777960769,0.112111473611));
#4016 = CARTESIAN_POINT('',(9.424777960769,-2.049624031482E-02));
#4017 = CARTESIAN_POINT('',(9.424777960769,-0.153103954241));
#4018 = CARTESIAN_POINT('',(9.424777960769,-0.285711668166));
#4019 = CARTESIAN_POINT('',(9.424777960769,-0.418319382092));
#4020 = CARTESIAN_POINT('',(9.424777960769,-0.550927096018));
#4021 = CARTESIAN_POINT('',(9.424777960769,-0.683534809944));
#4022 = CARTESIAN_POINT('',(9.424777960769,-0.81614252387));
#4023 = CARTESIAN_POINT('',(9.424777960769,-0.948750237795));
#4024 = CARTESIAN_POINT('',(9.424777960769,-1.081357951721));
#4025 = CARTESIAN_POINT('',(9.424777960769,-1.213965665647));
#4026 = CARTESIAN_POINT('',(9.424777960769,-1.302370808264));
#4027 = CARTESIAN_POINT('',(9.424777960769,-1.346573379573));
#4028 = ( GEOMETRIC_REPRESENTATION_CONTEXT(2) 
PARAMETRIC_REPRESENTATION_CONTEXT() REPRESENTATION_CONTEXT('2D SPACE',''
  ) );
#4029 = PCURVE('',#2596,#4030);
#4030 = DEFINITIONAL_REPRESENTATION('',(#4031),#4057);
#4031 = B_SPLINE_CURVE_WITH_KNOTS('',3,(#4032,#4033,#4034,#4035,#4036,
    #4037,#4038,#4039,#4040,#4041,#4042,#4043,#4044,#4045,#4046,#4047,
    #4048,#4049,#4050,#4051,#4052,#4053,#4054,#4055,#4056),
  .UNSPECIFIED.,.F.,.F.,(4,1,1,1,1,1,1,1,1,1,1,1,1,1,1,1,1,1,1,1,1,1,4),
  (4.712388980385,4.84499669431,4.977604408236,5.110212122162,
    5.242819836088,5.375427550014,5.50803526394,5.640642977865,
    5.773250691791,5.905858405717,6.038466119643,6.171073833569,
    6.303681547494,6.43628926142,6.568896975346,6.701504689272,
    6.834112403198,6.966720117123,7.099327831049,7.231935544975,
    7.364543258901,7.497150972827,7.629758686753),
  .QUASI_UNIFORM_KNOTS.);
#4032 = CARTESIAN_POINT('',(3.14159265359,1.570796326795));
#4033 = CARTESIAN_POINT('',(3.14159265359,1.526593755486));
#4034 = CARTESIAN_POINT('',(3.14159265359,1.438188612869));
#4035 = CARTESIAN_POINT('',(3.14159265359,1.305580898943));
#4036 = CARTESIAN_POINT('',(3.14159265359,1.172973185017));
#4037 = CARTESIAN_POINT('',(3.14159265359,1.040365471092));
#4038 = CARTESIAN_POINT('',(3.14159265359,0.907757757166));
#4039 = CARTESIAN_POINT('',(3.14159265359,0.77515004324));
#4040 = CARTESIAN_POINT('',(3.14159265359,0.642542329314));
#4041 = CARTESIAN_POINT('',(3.14159265359,0.509934615388));
#4042 = CARTESIAN_POINT('',(3.14159265359,0.377326901463));
#4043 = CARTESIAN_POINT('',(3.14159265359,0.244719187537));
#4044 = CARTESIAN_POINT('',(3.14159265359,0.112111473611));
#4045 = CARTESIAN_POINT('',(3.14159265359,-2.049624031482E-02));
#4046 = CARTESIAN_POINT('',(3.14159265359,-0.153103954241));
#4047 = CARTESIAN_POINT('',(3.14159265359,-0.285711668166));
#4048 = CARTESIAN_POINT('',(3.14159265359,-0.418319382092));
#4049 = CARTESIAN_POINT('',(3.14159265359,-0.550927096018));
#4050 = CARTESIAN_POINT('',(3.14159265359,-0.683534809944));
#4051 = CARTESIAN_POINT('',(3.14159265359,-0.81614252387));
#4052 = CARTESIAN_POINT('',(3.14159265359,-0.948750237795));
#4053 = CARTESIAN_POINT('',(3.14159265359,-1.081357951721));
#4054 = CARTESIAN_POINT('',(3.14159265359,-1.213965665647));
#4055 = CARTESIAN_POINT('',(3.14159265359,-1.302370808264));
#4056 = CARTESIAN_POINT('',(3.14159265359,-1.346573379573));
#4057 = ( GEOMETRIC_REPRESENTATION_CONTEXT(2) 
PARAMETRIC_REPRESENTATION_CONTEXT() REPRESENTATION_CONTEXT('2D SPACE',''
  ) );
#4058 = ORIENTED_EDGE('',*,*,#3991,.T.);
#4059 = ORIENTED_EDGE('',*,*,#2519,.T.);
#4060 = ADVANCED_FACE('',(#4061),#2337,.F.);
#4061 = FACE_BOUND('',#4062,.F.);
#4062 = EDGE_LOOP('',(#4063,#4064,#4132,#4133));
#4063 = ORIENTED_EDGE('',*,*,#2393,.T.);
#4064 = ORIENTED_EDGE('',*,*,#4065,.F.);
#4065 = EDGE_CURVE('',#4066,#2261,#4068,.T.);
#4066 = VERTEX_POINT('',#4067);
#4067 = CARTESIAN_POINT('',(2.5,-2.39210004003,9.15297505595));
#4068 = SEAM_CURVE('',#4069,(#4074,#4103),.PCURVE_S1.);
#4069 = CIRCLE('',#4070,1.3275);
#4070 = AXIS2_PLACEMENT_3D('',#4071,#4072,#4073);
#4071 = CARTESIAN_POINT('',(2.5,-2.39210004003,10.48047505595));
#4072 = DIRECTION('',(-1.,2.090815488936E-16,0.));
#4073 = DIRECTION('',(-2.090815488936E-16,-1.,0.));
#4074 = PCURVE('',#2337,#4075);
#4075 = DEFINITIONAL_REPRESENTATION('',(#4076),#4102);
#4076 = B_SPLINE_CURVE_WITH_KNOTS('',3,(#4077,#4078,#4079,#4080,#4081,
    #4082,#4083,#4084,#4085,#4086,#4087,#4088,#4089,#4090,#4091,#4092,
    #4093,#4094,#4095,#4096,#4097,#4098,#4099,#4100,#4101),
  .UNSPECIFIED.,.F.,.F.,(4,1,1,1,1,1,1,1,1,1,1,1,1,1,1,1,1,1,1,1,1,1,4),
  (4.712388980385,4.824596742014,4.936804503644,5.049012265274,
    5.161220026904,5.273427788534,5.385635550163,5.497843311793,
    5.610051073423,5.722258835053,5.834466596682,5.946674358312,
    6.058882119942,6.171089881572,6.283297643201,6.395505404831,
    6.507713166461,6.619920928091,6.73212868972,6.84433645135,
    6.95654421298,7.06875197461,7.18095973624),.QUASI_UNIFORM_KNOTS.);
#4077 = CARTESIAN_POINT('',(9.424777960769,1.570796326795));
#4078 = CARTESIAN_POINT('',(9.424777960769,1.533393739585));
#4079 = CARTESIAN_POINT('',(9.424777960769,1.458588565165));
#4080 = CARTESIAN_POINT('',(9.424777960769,1.346380803535));
#4081 = CARTESIAN_POINT('',(9.424777960769,1.234173041906));
#4082 = CARTESIAN_POINT('',(9.424777960769,1.121965280276));
#4083 = CARTESIAN_POINT('',(9.424777960769,1.009757518646));
#4084 = CARTESIAN_POINT('',(9.424777960769,0.897549757016));
#4085 = CARTESIAN_POINT('',(9.424777960769,0.785341995387));
#4086 = CARTESIAN_POINT('',(9.424777960769,0.673134233757));
#4087 = CARTESIAN_POINT('',(9.424777960769,0.560926472127));
#4088 = CARTESIAN_POINT('',(9.424777960769,0.448718710497));
#4089 = CARTESIAN_POINT('',(9.424777960769,0.336510948867));
#4090 = CARTESIAN_POINT('',(9.424777960769,0.224303187238));
#4091 = CARTESIAN_POINT('',(9.424777960769,0.112095425608));
#4092 = CARTESIAN_POINT('',(9.424777960769,-1.123360218265E-04));
#4093 = CARTESIAN_POINT('',(9.424777960769,-0.112320097652));
#4094 = CARTESIAN_POINT('',(9.424777960769,-0.224527859281));
#4095 = CARTESIAN_POINT('',(9.424777960769,-0.336735620911));
#4096 = CARTESIAN_POINT('',(9.424777960769,-0.448943382541));
#4097 = CARTESIAN_POINT('',(9.424777960769,-0.561151144171));
#4098 = CARTESIAN_POINT('',(9.424777960769,-0.6733589058));
#4099 = CARTESIAN_POINT('',(9.424777960769,-0.78556666743));
#4100 = CARTESIAN_POINT('',(9.424777960769,-0.86037184185));
#4101 = CARTESIAN_POINT('',(9.424777960769,-0.89777442906));
#4102 = ( GEOMETRIC_REPRESENTATION_CONTEXT(2) 
PARAMETRIC_REPRESENTATION_CONTEXT() REPRESENTATION_CONTEXT('2D SPACE',''
  ) );
#4103 = PCURVE('',#2337,#4104);
#4104 = DEFINITIONAL_REPRESENTATION('',(#4105),#4131);
#4105 = B_SPLINE_CURVE_WITH_KNOTS('',3,(#4106,#4107,#4108,#4109,#4110,
    #4111,#4112,#4113,#4114,#4115,#4116,#4117,#4118,#4119,#4120,#4121,
    #4122,#4123,#4124,#4125,#4126,#4127,#4128,#4129,#4130),
  .UNSPECIFIED.,.F.,.F.,(4,1,1,1,1,1,1,1,1,1,1,1,1,1,1,1,1,1,1,1,1,1,4),
  (4.712388980385,4.824596742014,4.936804503644,5.049012265274,
    5.161220026904,5.273427788534,5.385635550163,5.497843311793,
    5.610051073423,5.722258835053,5.834466596682,5.946674358312,
    6.058882119942,6.171089881572,6.283297643201,6.395505404831,
    6.507713166461,6.619920928091,6.73212868972,6.84433645135,
    6.95654421298,7.06875197461,7.18095973624),.QUASI_UNIFORM_KNOTS.);
#4106 = CARTESIAN_POINT('',(3.14159265359,1.570796326795));
#4107 = CARTESIAN_POINT('',(3.14159265359,1.533393739585));
#4108 = CARTESIAN_POINT('',(3.14159265359,1.458588565165));
#4109 = CARTESIAN_POINT('',(3.14159265359,1.346380803535));
#4110 = CARTESIAN_POINT('',(3.14159265359,1.234173041906));
#4111 = CARTESIAN_POINT('',(3.14159265359,1.121965280276));
#4112 = CARTESIAN_POINT('',(3.14159265359,1.009757518646));
#4113 = CARTESIAN_POINT('',(3.14159265359,0.897549757016));
#4114 = CARTESIAN_POINT('',(3.14159265359,0.785341995387));
#4115 = CARTESIAN_POINT('',(3.14159265359,0.673134233757));
#4116 = CARTESIAN_POINT('',(3.14159265359,0.560926472127));
#4117 = CARTESIAN_POINT('',(3.14159265359,0.448718710497));
#4118 = CARTESIAN_POINT('',(3.14159265359,0.336510948867));
#4119 = CARTESIAN_POINT('',(3.14159265359,0.224303187238));
#4120 = CARTESIAN_POINT('',(3.14159265359,0.112095425608));
#4121 = CARTESIAN_POINT('',(3.14159265359,-1.123360218265E-04));
#4122 = CARTESIAN_POINT('',(3.14159265359,-0.112320097652));
#4123 = CARTESIAN_POINT('',(3.14159265359,-0.224527859281));
#4124 = CARTESIAN_POINT('',(3.14159265359,-0.336735620911));
#4125 = CARTESIAN_POINT('',(3.14159265359,-0.448943382541));
#4126 = CARTESIAN_POINT('',(3.14159265359,-0.561151144171));
#4127 = CARTESIAN_POINT('',(3.14159265359,-0.6733589058));
#4128 = CARTESIAN_POINT('',(3.14159265359,-0.78556666743));
#4129 = CARTESIAN_POINT('',(3.14159265359,-0.86037184185));
#4130 = CARTESIAN_POINT('',(3.14159265359,-0.89777442906));
#4131 = ( GEOMETRIC_REPRESENTATION_CONTEXT(2) 
PARAMETRIC_REPRESENTATION_CONTEXT() REPRESENTATION_CONTEXT('2D SPACE',''
  ) );
#4132 = ORIENTED_EDGE('',*,*,#4065,.T.);
#4133 = ORIENTED_EDGE('',*,*,#2260,.T.);
#4134 = ADVANCED_FACE('',(#4135),#2078,.F.);
#4135 = FACE_BOUND('',#4136,.F.);
#4136 = EDGE_LOOP('',(#4137,#4138,#4206,#4207,#4208,#4276));
#4137 = ORIENTED_EDGE('',*,*,#2134,.T.);
#4138 = ORIENTED_EDGE('',*,*,#4139,.F.);
#4139 = EDGE_CURVE('',#4140,#2002,#4142,.T.);
#4140 = VERTEX_POINT('',#4141);
#4141 = CARTESIAN_POINT('',(2.5,-6.702515369981,7.077188436531));
#4142 = SEAM_CURVE('',#4143,(#4148,#4177),.PCURVE_S1.);
#4143 = CIRCLE('',#4144,1.3275);
#4144 = AXIS2_PLACEMENT_3D('',#4145,#4146,#4147);
#4145 = CARTESIAN_POINT('',(2.5,-6.702515369981,8.404688436531));
#4146 = DIRECTION('',(-1.,2.090815488936E-16,0.));
#4147 = DIRECTION('',(-2.090815488936E-16,-1.,0.));
#4148 = PCURVE('',#2078,#4149);
#4149 = DEFINITIONAL_REPRESENTATION('',(#4150),#4176);
#4150 = B_SPLINE_CURVE_WITH_KNOTS('',3,(#4151,#4152,#4153,#4154,#4155,
    #4156,#4157,#4158,#4159,#4160,#4161,#4162,#4163,#4164,#4165,#4166,
    #4167,#4168,#4169,#4170,#4171,#4172,#4173,#4174,#4175),
  .UNSPECIFIED.,.F.,.F.,(4,1,1,1,1,1,1,1,1,1,1,1,1,1,1,1,1,1,1,1,1,1,4),
  (4.712388980385,4.804196789718,4.896004599051,4.987812408385,
    5.079620217718,5.171428027052,5.263235836385,5.355043645718,
    5.446851455052,5.538659264385,5.630467073718,5.722274883052,
    5.814082692385,5.905890501719,5.997698311052,6.089506120385,
    6.181313929719,6.273121739052,6.364929548385,6.456737357719,
    6.548545167052,6.640352976386,6.732160785719),
  .QUASI_UNIFORM_KNOTS.);
#4151 = CARTESIAN_POINT('',(3.14159265359,1.570796326795));
#4152 = CARTESIAN_POINT('',(3.14159265359,1.540193723684));
#4153 = CARTESIAN_POINT('',(3.14159265359,1.478988517462));
#4154 = CARTESIAN_POINT('',(3.14159265359,1.387180708128));
#4155 = CARTESIAN_POINT('',(3.14159265359,1.295372898795));
#4156 = CARTESIAN_POINT('',(3.14159265359,1.203565089461));
#4157 = CARTESIAN_POINT('',(3.14159265359,1.111757280128));
#4158 = CARTESIAN_POINT('',(3.14159265359,1.019949470795));
#4159 = CARTESIAN_POINT('',(3.14159265359,0.928141661461));
#4160 = CARTESIAN_POINT('',(3.14159265359,0.836333852128));
#4161 = CARTESIAN_POINT('',(3.14159265359,0.744526042795));
#4162 = CARTESIAN_POINT('',(3.14159265359,0.652718233461));
#4163 = CARTESIAN_POINT('',(3.14159265359,0.560910424128));
#4164 = CARTESIAN_POINT('',(3.14159265359,0.469102614794));
#4165 = CARTESIAN_POINT('',(3.14159265359,0.377294805461));
#4166 = CARTESIAN_POINT('',(3.14159265359,0.285486996128));
#4167 = CARTESIAN_POINT('',(3.14159265359,0.193679186794));
#4168 = CARTESIAN_POINT('',(3.14159265359,0.101871377461));
#4169 = CARTESIAN_POINT('',(3.14159265359,1.006356812754E-02));
#4170 = CARTESIAN_POINT('',(3.14159265359,-8.174424120583E-02));
#4171 = CARTESIAN_POINT('',(3.14159265359,-0.173552050539));
#4172 = CARTESIAN_POINT('',(3.14159265359,-0.265359859873));
#4173 = CARTESIAN_POINT('',(3.14159265359,-0.357167669206));
#4174 = CARTESIAN_POINT('',(3.14159265359,-0.418372875428));
#4175 = CARTESIAN_POINT('',(3.14159265359,-0.448975478539));
#4176 = ( GEOMETRIC_REPRESENTATION_CONTEXT(2) 
PARAMETRIC_REPRESENTATION_CONTEXT() REPRESENTATION_CONTEXT('2D SPACE',''
  ) );
#4177 = PCURVE('',#2078,#4178);
#4178 = DEFINITIONAL_REPRESENTATION('',(#4179),#4205);
#4179 = B_SPLINE_CURVE_WITH_KNOTS('',3,(#4180,#4181,#4182,#4183,#4184,
    #4185,#4186,#4187,#4188,#4189,#4190,#4191,#4192,#4193,#4194,#4195,
    #4196,#4197,#4198,#4199,#4200,#4201,#4202,#4203,#4204),
  .UNSPECIFIED.,.F.,.F.,(4,1,1,1,1,1,1,1,1,1,1,1,1,1,1,1,1,1,1,1,1,1,4),
  (4.712388980385,4.804196789718,4.896004599051,4.987812408385,
    5.079620217718,5.171428027052,5.263235836385,5.355043645718,
    5.446851455052,5.538659264385,5.630467073718,5.722274883052,
    5.814082692385,5.905890501719,5.997698311052,6.089506120385,
    6.181313929719,6.273121739052,6.364929548385,6.456737357719,
    6.548545167052,6.640352976386,6.732160785719),
  .QUASI_UNIFORM_KNOTS.);
#4180 = CARTESIAN_POINT('',(-3.14159265359,1.570796326795));
#4181 = CARTESIAN_POINT('',(-3.14159265359,1.540193723684));
#4182 = CARTESIAN_POINT('',(-3.14159265359,1.478988517462));
#4183 = CARTESIAN_POINT('',(-3.14159265359,1.387180708128));
#4184 = CARTESIAN_POINT('',(-3.14159265359,1.295372898795));
#4185 = CARTESIAN_POINT('',(-3.14159265359,1.203565089461));
#4186 = CARTESIAN_POINT('',(-3.14159265359,1.111757280128));
#4187 = CARTESIAN_POINT('',(-3.14159265359,1.019949470795));
#4188 = CARTESIAN_POINT('',(-3.14159265359,0.928141661461));
#4189 = CARTESIAN_POINT('',(-3.14159265359,0.836333852128));
#4190 = CARTESIAN_POINT('',(-3.14159265359,0.744526042795));
#4191 = CARTESIAN_POINT('',(-3.14159265359,0.652718233461));
#4192 = CARTESIAN_POINT('',(-3.14159265359,0.560910424128));
#4193 = CARTESIAN_POINT('',(-3.14159265359,0.469102614794));
#4194 = CARTESIAN_POINT('',(-3.14159265359,0.377294805461));
#4195 = CARTESIAN_POINT('',(-3.14159265359,0.285486996128));
#4196 = CARTESIAN_POINT('',(-3.14159265359,0.193679186794));
#4197 = CARTESIAN_POINT('',(-3.14159265359,0.101871377461));
#4198 = CARTESIAN_POINT('',(-3.14159265359,1.006356812754E-02));
#4199 = CARTESIAN_POINT('',(-3.14159265359,-8.174424120583E-02));
#4200 = CARTESIAN_POINT('',(-3.14159265359,-0.173552050539));
#4201 = CARTESIAN_POINT('',(-3.14159265359,-0.265359859873));
#4202 = CARTESIAN_POINT('',(-3.14159265359,-0.357167669206));
#4203 = CARTESIAN_POINT('',(-3.14159265359,-0.418372875428));
#4204 = CARTESIAN_POINT('',(-3.14159265359,-0.448975478539));
#4205 = ( GEOMETRIC_REPRESENTATION_CONTEXT(2) 
PARAMETRIC_REPRESENTATION_CONTEXT() REPRESENTATION_CONTEXT('2D SPACE',''
  ) );
#4206 = ORIENTED_EDGE('',*,*,#4139,.T.);
#4207 = ORIENTED_EDGE('',*,*,#2001,.T.);
#4208 = ORIENTED_EDGE('',*,*,#4209,.T.);
#4209 = EDGE_CURVE('',#2004,#4210,#4212,.T.);
#4210 = VERTEX_POINT('',#4211);
#4211 = CARTESIAN_POINT('',(2.5,-6.702515369981,9.732188436531));
#4212 = SEAM_CURVE('',#4213,(#4218,#4247),.PCURVE_S1.);
#4213 = CIRCLE('',#4214,1.3275);
#4214 = AXIS2_PLACEMENT_3D('',#4215,#4216,#4217);
#4215 = CARTESIAN_POINT('',(2.5,-6.702515369981,8.404688436531));
#4216 = DIRECTION('',(-1.,2.090815488936E-16,0.));
#4217 = DIRECTION('',(-2.090815488936E-16,-1.,0.));
#4218 = PCURVE('',#2078,#4219);
#4219 = DEFINITIONAL_REPRESENTATION('',(#4220),#4246);
#4220 = B_SPLINE_CURVE_WITH_KNOTS('',3,(#4221,#4222,#4223,#4224,#4225,
    #4226,#4227,#4228,#4229,#4230,#4231,#4232,#4233,#4234,#4235,#4236,
    #4237,#4238,#4239,#4240,#4241,#4242,#4243,#4244,#4245),
  .UNSPECIFIED.,.F.,.F.,(4,1,1,1,1,1,1,1,1,1,1,1,1,1,1,1,1,1,1,1,1,1,4),
  (1.346220323512,1.356428323661,1.366636323811,1.37684432396,
    1.387052324109,1.397260324258,1.407468324408,1.417676324557,
    1.427884324706,1.438092324855,1.448300325004,1.458508325154,
    1.468716325303,1.478924325452,1.489132325601,1.49934032575,
    1.5095483259,1.519756326049,1.529964326198,1.540172326347,
    1.550380326496,1.560588326646,1.570796326795),
  .QUASI_UNIFORM_KNOTS.);
#4221 = CARTESIAN_POINT('',(-3.14159265359,-1.346220323512));
#4222 = CARTESIAN_POINT('',(-3.14159265359,-1.349622990229));
#4223 = CARTESIAN_POINT('',(-3.14159265359,-1.356428323661));
#4224 = CARTESIAN_POINT('',(-3.14159265359,-1.366636323811));
#4225 = CARTESIAN_POINT('',(-3.14159265359,-1.37684432396));
#4226 = CARTESIAN_POINT('',(-3.14159265359,-1.387052324109));
#4227 = CARTESIAN_POINT('',(-3.14159265359,-1.397260324258));
#4228 = CARTESIAN_POINT('',(-3.14159265359,-1.407468324408));
#4229 = CARTESIAN_POINT('',(-3.14159265359,-1.417676324557));
#4230 = CARTESIAN_POINT('',(-3.14159265359,-1.427884324706));
#4231 = CARTESIAN_POINT('',(-3.14159265359,-1.438092324855));
#4232 = CARTESIAN_POINT('',(-3.14159265359,-1.448300325004));
#4233 = CARTESIAN_POINT('',(-3.14159265359,-1.458508325154));
#4234 = CARTESIAN_POINT('',(-3.14159265359,-1.468716325303));
#4235 = CARTESIAN_POINT('',(-3.14159265359,-1.478924325452));
#4236 = CARTESIAN_POINT('',(-3.14159265359,-1.489132325601));
#4237 = CARTESIAN_POINT('',(-3.14159265359,-1.49934032575));
#4238 = CARTESIAN_POINT('',(-3.14159265359,-1.5095483259));
#4239 = CARTESIAN_POINT('',(-3.14159265359,-1.519756326049));
#4240 = CARTESIAN_POINT('',(-3.14159265359,-1.529964326198));
#4241 = CARTESIAN_POINT('',(-3.14159265359,-1.540172326347));
#4242 = CARTESIAN_POINT('',(-3.14159265359,-1.550380326496));
#4243 = CARTESIAN_POINT('',(-3.14159265359,-1.560588326646));
#4244 = CARTESIAN_POINT('',(-3.14159265359,-1.567393660078));
#4245 = CARTESIAN_POINT('',(-3.14159265359,-1.570796326795));
#4246 = ( GEOMETRIC_REPRESENTATION_CONTEXT(2) 
PARAMETRIC_REPRESENTATION_CONTEXT() REPRESENTATION_CONTEXT('2D SPACE',''
  ) );
#4247 = PCURVE('',#2078,#4248);
#4248 = DEFINITIONAL_REPRESENTATION('',(#4249),#4275);
#4249 = B_SPLINE_CURVE_WITH_KNOTS('',3,(#4250,#4251,#4252,#4253,#4254,
    #4255,#4256,#4257,#4258,#4259,#4260,#4261,#4262,#4263,#4264,#4265,
    #4266,#4267,#4268,#4269,#4270,#4271,#4272,#4273,#4274),
  .UNSPECIFIED.,.F.,.F.,(4,1,1,1,1,1,1,1,1,1,1,1,1,1,1,1,1,1,1,1,1,1,4),
  (1.346220323512,1.356428323661,1.366636323811,1.37684432396,
    1.387052324109,1.397260324258,1.407468324408,1.417676324557,
    1.427884324706,1.438092324855,1.448300325004,1.458508325154,
    1.468716325303,1.478924325452,1.489132325601,1.49934032575,
    1.5095483259,1.519756326049,1.529964326198,1.540172326347,
    1.550380326496,1.560588326646,1.570796326795),
  .QUASI_UNIFORM_KNOTS.);
#4250 = CARTESIAN_POINT('',(3.14159265359,-1.346220323512));
#4251 = CARTESIAN_POINT('',(3.14159265359,-1.349622990229));
#4252 = CARTESIAN_POINT('',(3.14159265359,-1.356428323661));
#4253 = CARTESIAN_POINT('',(3.14159265359,-1.366636323811));
#4254 = CARTESIAN_POINT('',(3.14159265359,-1.37684432396));
#4255 = CARTESIAN_POINT('',(3.14159265359,-1.387052324109));
#4256 = CARTESIAN_POINT('',(3.14159265359,-1.397260324258));
#4257 = CARTESIAN_POINT('',(3.14159265359,-1.407468324408));
#4258 = CARTESIAN_POINT('',(3.14159265359,-1.417676324557));
#4259 = CARTESIAN_POINT('',(3.14159265359,-1.427884324706));
#4260 = CARTESIAN_POINT('',(3.14159265359,-1.438092324855));
#4261 = CARTESIAN_POINT('',(3.14159265359,-1.448300325004));
#4262 = CARTESIAN_POINT('',(3.14159265359,-1.458508325154));
#4263 = CARTESIAN_POINT('',(3.14159265359,-1.468716325303));
#4264 = CARTESIAN_POINT('',(3.14159265359,-1.478924325452));
#4265 = CARTESIAN_POINT('',(3.14159265359,-1.489132325601));
#4266 = CARTESIAN_POINT('',(3.14159265359,-1.49934032575));
#4267 = CARTESIAN_POINT('',(3.14159265359,-1.5095483259));
#4268 = CARTESIAN_POINT('',(3.14159265359,-1.519756326049));
#4269 = CARTESIAN_POINT('',(3.14159265359,-1.529964326198));
#4270 = CARTESIAN_POINT('',(3.14159265359,-1.540172326347));
#4271 = CARTESIAN_POINT('',(3.14159265359,-1.550380326496));
#4272 = CARTESIAN_POINT('',(3.14159265359,-1.560588326646));
#4273 = CARTESIAN_POINT('',(3.14159265359,-1.567393660078));
#4274 = CARTESIAN_POINT('',(3.14159265359,-1.570796326795));
#4275 = ( GEOMETRIC_REPRESENTATION_CONTEXT(2) 
PARAMETRIC_REPRESENTATION_CONTEXT() REPRESENTATION_CONTEXT('2D SPACE',''
  ) );
#4276 = ORIENTED_EDGE('',*,*,#4209,.F.);
#4277 = ADVANCED_FACE('',(#4278),#1819,.F.);
#4278 = FACE_BOUND('',#4279,.F.);
#4279 = EDGE_LOOP('',(#4280,#4281,#4349,#4350,#4351,#4419));
#4280 = ORIENTED_EDGE('',*,*,#1875,.T.);
#4281 = ORIENTED_EDGE('',*,*,#4282,.F.);
#4282 = EDGE_CURVE('',#4283,#1743,#4285,.T.);
#4283 = VERTEX_POINT('',#4284);
#4284 = CARTESIAN_POINT('',(2.5,-9.685415329951,3.336750195514));
#4285 = SEAM_CURVE('',#4286,(#4291,#4320),.PCURVE_S1.);
#4286 = CIRCLE('',#4287,1.3275);
#4287 = AXIS2_PLACEMENT_3D('',#4288,#4289,#4290);
#4288 = CARTESIAN_POINT('',(2.5,-9.685415329951,4.664250195514));
#4289 = DIRECTION('',(-1.,2.090815488936E-16,0.));
#4290 = DIRECTION('',(-2.090815488936E-16,-1.,0.));
#4291 = PCURVE('',#1819,#4292);
#4292 = DEFINITIONAL_REPRESENTATION('',(#4293),#4319);
#4293 = B_SPLINE_CURVE_WITH_KNOTS('',3,(#4294,#4295,#4296,#4297,#4298,
    #4299,#4300,#4301,#4302,#4303,#4304,#4305,#4306,#4307,#4308,#4309,
    #4310,#4311,#4312,#4313,#4314,#4315,#4316,#4317,#4318),
  .UNSPECIFIED.,.F.,.F.,(4,1,1,1,1,1,1,1,1,1,1,1,1,1,1,1,1,1,1,1,1,1,4),
  (4.712388980385,4.783796837422,4.855204694459,4.926612551497,
    4.998020408534,5.069428265571,5.140836122608,5.212243979646,
    5.283651836683,5.35505969372,5.426467550758,5.497875407795,
    5.569283264832,5.640691121869,5.712098978907,5.783506835944,
    5.854914692981,5.926322550019,5.997730407056,6.069138264093,
    6.14054612113,6.211953978168,6.283361835205),.QUASI_UNIFORM_KNOTS.);
#4294 = CARTESIAN_POINT('',(9.424777960769,1.570796326795));
#4295 = CARTESIAN_POINT('',(9.424777960769,1.546993707782));
#4296 = CARTESIAN_POINT('',(9.424777960769,1.499388469758));
#4297 = CARTESIAN_POINT('',(9.424777960769,1.42798061272));
#4298 = CARTESIAN_POINT('',(9.424777960769,1.356572755683));
#4299 = CARTESIAN_POINT('',(9.424777960769,1.285164898646));
#4300 = CARTESIAN_POINT('',(9.424777960769,1.213757041608));
#4301 = CARTESIAN_POINT('',(9.424777960769,1.142349184571));
#4302 = CARTESIAN_POINT('',(9.424777960769,1.070941327534));
#4303 = CARTESIAN_POINT('',(9.424777960769,0.999533470497));
#4304 = CARTESIAN_POINT('',(9.424777960769,0.928125613459));
#4305 = CARTESIAN_POINT('',(9.424777960769,0.856717756422));
#4306 = CARTESIAN_POINT('',(9.424777960769,0.785309899385));
#4307 = CARTESIAN_POINT('',(9.424777960769,0.713902042347));
#4308 = CARTESIAN_POINT('',(9.424777960769,0.64249418531));
#4309 = CARTESIAN_POINT('',(9.424777960769,0.571086328273));
#4310 = CARTESIAN_POINT('',(9.424777960769,0.499678471236));
#4311 = CARTESIAN_POINT('',(9.424777960769,0.428270614198));
#4312 = CARTESIAN_POINT('',(9.424777960769,0.356862757161));
#4313 = CARTESIAN_POINT('',(9.424777960769,0.285454900124));
#4314 = CARTESIAN_POINT('',(9.424777960769,0.214047043086));
#4315 = CARTESIAN_POINT('',(9.424777960769,0.142639186049));
#4316 = CARTESIAN_POINT('',(9.424777960769,7.123132901192E-02));
#4317 = CARTESIAN_POINT('',(9.424777960769,2.362609098707E-02));
#4318 = CARTESIAN_POINT('',(9.424777960769,-1.765280253607E-04));
#4319 = ( GEOMETRIC_REPRESENTATION_CONTEXT(2) 
PARAMETRIC_REPRESENTATION_CONTEXT() REPRESENTATION_CONTEXT('2D SPACE',''
  ) );
#4320 = PCURVE('',#1819,#4321);
#4321 = DEFINITIONAL_REPRESENTATION('',(#4322),#4348);
#4322 = B_SPLINE_CURVE_WITH_KNOTS('',3,(#4323,#4324,#4325,#4326,#4327,
    #4328,#4329,#4330,#4331,#4332,#4333,#4334,#4335,#4336,#4337,#4338,
    #4339,#4340,#4341,#4342,#4343,#4344,#4345,#4346,#4347),
  .UNSPECIFIED.,.F.,.F.,(4,1,1,1,1,1,1,1,1,1,1,1,1,1,1,1,1,1,1,1,1,1,4),
  (4.712388980385,4.783796837422,4.855204694459,4.926612551497,
    4.998020408534,5.069428265571,5.140836122608,5.212243979646,
    5.283651836683,5.35505969372,5.426467550758,5.497875407795,
    5.569283264832,5.640691121869,5.712098978907,5.783506835944,
    5.854914692981,5.926322550019,5.997730407056,6.069138264093,
    6.14054612113,6.211953978168,6.283361835205),.QUASI_UNIFORM_KNOTS.);
#4323 = CARTESIAN_POINT('',(3.14159265359,1.570796326795));
#4324 = CARTESIAN_POINT('',(3.14159265359,1.546993707782));
#4325 = CARTESIAN_POINT('',(3.14159265359,1.499388469758));
#4326 = CARTESIAN_POINT('',(3.14159265359,1.42798061272));
#4327 = CARTESIAN_POINT('',(3.14159265359,1.356572755683));
#4328 = CARTESIAN_POINT('',(3.14159265359,1.285164898646));
#4329 = CARTESIAN_POINT('',(3.14159265359,1.213757041608));
#4330 = CARTESIAN_POINT('',(3.14159265359,1.142349184571));
#4331 = CARTESIAN_POINT('',(3.14159265359,1.070941327534));
#4332 = CARTESIAN_POINT('',(3.14159265359,0.999533470497));
#4333 = CARTESIAN_POINT('',(3.14159265359,0.928125613459));
#4334 = CARTESIAN_POINT('',(3.14159265359,0.856717756422));
#4335 = CARTESIAN_POINT('',(3.14159265359,0.785309899385));
#4336 = CARTESIAN_POINT('',(3.14159265359,0.713902042347));
#4337 = CARTESIAN_POINT('',(3.14159265359,0.64249418531));
#4338 = CARTESIAN_POINT('',(3.14159265359,0.571086328273));
#4339 = CARTESIAN_POINT('',(3.14159265359,0.499678471236));
#4340 = CARTESIAN_POINT('',(3.14159265359,0.428270614198));
#4341 = CARTESIAN_POINT('',(3.14159265359,0.356862757161));
#4342 = CARTESIAN_POINT('',(3.14159265359,0.285454900124));
#4343 = CARTESIAN_POINT('',(3.14159265359,0.214047043086));
#4344 = CARTESIAN_POINT('',(3.14159265359,0.142639186049));
#4345 = CARTESIAN_POINT('',(3.14159265359,7.123132901192E-02));
#4346 = CARTESIAN_POINT('',(3.14159265359,2.362609098707E-02));
#4347 = CARTESIAN_POINT('',(3.14159265359,-1.765280253607E-04));
#4348 = ( GEOMETRIC_REPRESENTATION_CONTEXT(2) 
PARAMETRIC_REPRESENTATION_CONTEXT() REPRESENTATION_CONTEXT('2D SPACE',''
  ) );
#4349 = ORIENTED_EDGE('',*,*,#4282,.T.);
#4350 = ORIENTED_EDGE('',*,*,#1742,.T.);
#4351 = ORIENTED_EDGE('',*,*,#4352,.T.);
#4352 = EDGE_CURVE('',#1745,#4353,#4355,.T.);
#4353 = VERTEX_POINT('',#4354);
#4354 = CARTESIAN_POINT('',(2.5,-9.685415329951,5.991750195514));
#4355 = SEAM_CURVE('',#4356,(#4361,#4390),.PCURVE_S1.);
#4356 = CIRCLE('',#4357,1.3275);
#4357 = AXIS2_PLACEMENT_3D('',#4358,#4359,#4360);
#4358 = CARTESIAN_POINT('',(2.5,-9.685415329951,4.664250195514));
#4359 = DIRECTION('',(-1.,2.090815488936E-16,0.));
#4360 = DIRECTION('',(-2.090815488936E-16,-1.,0.));
#4361 = PCURVE('',#1819,#4362);
#4362 = DEFINITIONAL_REPRESENTATION('',(#4363),#4389);
#4363 = B_SPLINE_CURVE_WITH_KNOTS('',3,(#4364,#4365,#4366,#4367,#4368,
    #4369,#4370,#4371,#4372,#4373,#4374,#4375,#4376,#4377,#4378,#4379,
    #4380,#4381,#4382,#4383,#4384,#4385,#4386,#4387,#4388),
  .UNSPECIFIED.,.F.,.F.,(4,1,1,1,1,1,1,1,1,1,1,1,1,1,1,1,1,1,1,1,1,1,4),
  (0.897421372998,0.928029325444,0.958637277889,0.989245230334,
    1.019853182779,1.050461135225,1.08106908767,1.111677040115,
    1.142284992561,1.172892945006,1.203500897451,1.234108849897,
    1.264716802342,1.295324754787,1.325932707232,1.356540659678,
    1.387148612123,1.417756564568,1.448364517014,1.478972469459,
    1.509580421904,1.54018837435,1.570796326795),.QUASI_UNIFORM_KNOTS.);
#4364 = CARTESIAN_POINT('',(3.14159265359,-0.897421372998));
#4365 = CARTESIAN_POINT('',(3.14159265359,-0.907624023813));
#4366 = CARTESIAN_POINT('',(3.14159265359,-0.928029325444));
#4367 = CARTESIAN_POINT('',(3.14159265359,-0.958637277889));
#4368 = CARTESIAN_POINT('',(3.14159265359,-0.989245230334));
#4369 = CARTESIAN_POINT('',(3.14159265359,-1.019853182779));
#4370 = CARTESIAN_POINT('',(3.14159265359,-1.050461135225));
#4371 = CARTESIAN_POINT('',(3.14159265359,-1.08106908767));
#4372 = CARTESIAN_POINT('',(3.14159265359,-1.111677040115));
#4373 = CARTESIAN_POINT('',(3.14159265359,-1.142284992561));
#4374 = CARTESIAN_POINT('',(3.14159265359,-1.172892945006));
#4375 = CARTESIAN_POINT('',(3.14159265359,-1.203500897451));
#4376 = CARTESIAN_POINT('',(3.14159265359,-1.234108849897));
#4377 = CARTESIAN_POINT('',(3.14159265359,-1.264716802342));
#4378 = CARTESIAN_POINT('',(3.14159265359,-1.295324754787));
#4379 = CARTESIAN_POINT('',(3.14159265359,-1.325932707232));
#4380 = CARTESIAN_POINT('',(3.14159265359,-1.356540659678));
#4381 = CARTESIAN_POINT('',(3.14159265359,-1.387148612123));
#4382 = CARTESIAN_POINT('',(3.14159265359,-1.417756564568));
#4383 = CARTESIAN_POINT('',(3.14159265359,-1.448364517014));
#4384 = CARTESIAN_POINT('',(3.14159265359,-1.478972469459));
#4385 = CARTESIAN_POINT('',(3.14159265359,-1.509580421904));
#4386 = CARTESIAN_POINT('',(3.14159265359,-1.54018837435));
#4387 = CARTESIAN_POINT('',(3.14159265359,-1.56059367598));
#4388 = CARTESIAN_POINT('',(3.14159265359,-1.570796326795));
#4389 = ( GEOMETRIC_REPRESENTATION_CONTEXT(2) 
PARAMETRIC_REPRESENTATION_CONTEXT() REPRESENTATION_CONTEXT('2D SPACE',''
  ) );
#4390 = PCURVE('',#1819,#4391);
#4391 = DEFINITIONAL_REPRESENTATION('',(#4392),#4418);
#4392 = B_SPLINE_CURVE_WITH_KNOTS('',3,(#4393,#4394,#4395,#4396,#4397,
    #4398,#4399,#4400,#4401,#4402,#4403,#4404,#4405,#4406,#4407,#4408,
    #4409,#4410,#4411,#4412,#4413,#4414,#4415,#4416,#4417),
  .UNSPECIFIED.,.F.,.F.,(4,1,1,1,1,1,1,1,1,1,1,1,1,1,1,1,1,1,1,1,1,1,4),
  (0.897421372998,0.928029325444,0.958637277889,0.989245230334,
    1.019853182779,1.050461135225,1.08106908767,1.111677040115,
    1.142284992561,1.172892945006,1.203500897451,1.234108849897,
    1.264716802342,1.295324754787,1.325932707232,1.356540659678,
    1.387148612123,1.417756564568,1.448364517014,1.478972469459,
    1.509580421904,1.54018837435,1.570796326795),.QUASI_UNIFORM_KNOTS.);
#4393 = CARTESIAN_POINT('',(9.424777960769,-0.897421372998));
#4394 = CARTESIAN_POINT('',(9.424777960769,-0.907624023813));
#4395 = CARTESIAN_POINT('',(9.424777960769,-0.928029325444));
#4396 = CARTESIAN_POINT('',(9.424777960769,-0.958637277889));
#4397 = CARTESIAN_POINT('',(9.424777960769,-0.989245230334));
#4398 = CARTESIAN_POINT('',(9.424777960769,-1.019853182779));
#4399 = CARTESIAN_POINT('',(9.424777960769,-1.050461135225));
#4400 = CARTESIAN_POINT('',(9.424777960769,-1.08106908767));
#4401 = CARTESIAN_POINT('',(9.424777960769,-1.111677040115));
#4402 = CARTESIAN_POINT('',(9.424777960769,-1.142284992561));
#4403 = CARTESIAN_POINT('',(9.424777960769,-1.172892945006));
#4404 = CARTESIAN_POINT('',(9.424777960769,-1.203500897451));
#4405 = CARTESIAN_POINT('',(9.424777960769,-1.234108849897));
#4406 = CARTESIAN_POINT('',(9.424777960769,-1.264716802342));
#4407 = CARTESIAN_POINT('',(9.424777960769,-1.295324754787));
#4408 = CARTESIAN_POINT('',(9.424777960769,-1.325932707232));
#4409 = CARTESIAN_POINT('',(9.424777960769,-1.356540659678));
#4410 = CARTESIAN_POINT('',(9.424777960769,-1.387148612123));
#4411 = CARTESIAN_POINT('',(9.424777960769,-1.417756564568));
#4412 = CARTESIAN_POINT('',(9.424777960769,-1.448364517014));
#4413 = CARTESIAN_POINT('',(9.424777960769,-1.478972469459));
#4414 = CARTESIAN_POINT('',(9.424777960769,-1.509580421904));
#4415 = CARTESIAN_POINT('',(9.424777960769,-1.54018837435));
#4416 = CARTESIAN_POINT('',(9.424777960769,-1.56059367598));
#4417 = CARTESIAN_POINT('',(9.424777960769,-1.570796326795));
#4418 = ( GEOMETRIC_REPRESENTATION_CONTEXT(2) 
PARAMETRIC_REPRESENTATION_CONTEXT() REPRESENTATION_CONTEXT('2D SPACE',''
  ) );
#4419 = ORIENTED_EDGE('',*,*,#4352,.F.);
#4420 = ADVANCED_FACE('',(#4421,#4424),#1163,.F.);
#4421 = FACE_BOUND('',#4422,.F.);
#4422 = EDGE_LOOP('',(#4423));
#4423 = ORIENTED_EDGE('',*,*,#1148,.F.);
#4424 = FACE_BOUND('',#4425,.F.);
#4425 = EDGE_LOOP('',(#4426));
#4426 = ORIENTED_EDGE('',*,*,#4427,.F.);
#4427 = EDGE_CURVE('',#4428,#4428,#4430,.T.);
#4428 = VERTEX_POINT('',#4429);
#4429 = CARTESIAN_POINT('',(0.23,-1.217298918352E-15,9.94));
#4430 = SURFACE_CURVE('',#4431,(#4436,#4443),.PCURVE_S1.);
#4431 = CIRCLE('',#4432,9.94);
#4432 = AXIS2_PLACEMENT_3D('',#4433,#4434,#4435);
#4433 = CARTESIAN_POINT('',(0.23,0.,0.));
#4434 = DIRECTION('',(1.,0.,0.));
#4435 = DIRECTION('',(0.,3.449755428807E-10,-1.));
#4436 = PCURVE('',#1163,#4437);
#4437 = DEFINITIONAL_REPRESENTATION('',(#4438),#4442);
#4438 = CIRCLE('',#4439,9.94);
#4439 = AXIS2_PLACEMENT_2D('',#4440,#4441);
#4440 = CARTESIAN_POINT('',(0.,2.043515578976E-09));
#4441 = DIRECTION('',(1.,3.449755428807E-10));
#4442 = ( GEOMETRIC_REPRESENTATION_CONTEXT(2) 
PARAMETRIC_REPRESENTATION_CONTEXT() REPRESENTATION_CONTEXT('2D SPACE',''
  ) );
#4443 = PCURVE('',#4444,#4449);
#4444 = CYLINDRICAL_SURFACE('',#4445,9.94);
#4445 = AXIS2_PLACEMENT_3D('',#4446,#4447,#4448);
#4446 = CARTESIAN_POINT('',(0.71,0.,0.));
#4447 = DIRECTION('',(1.,0.,0.));
#4448 = DIRECTION('',(0.,0.,-1.));
#4449 = DEFINITIONAL_REPRESENTATION('',(#4450),#4454);
#4450 = LINE('',#4451,#4452);
#4451 = CARTESIAN_POINT('',(-6.283185306835,-0.48));
#4452 = VECTOR('',#4453,1.);
#4453 = DIRECTION('',(1.,0.));
#4454 = ( GEOMETRIC_REPRESENTATION_CONTEXT(2) 
PARAMETRIC_REPRESENTATION_CONTEXT() REPRESENTATION_CONTEXT('2D SPACE',''
  ) );
#4455 = ADVANCED_FACE('',(#4456),#4444,.F.);
#4456 = FACE_BOUND('',#4457,.F.);
#4457 = EDGE_LOOP('',(#4458,#4489,#4510,#4511,#4512));
#4458 = ORIENTED_EDGE('',*,*,#4459,.T.);
#4459 = EDGE_CURVE('',#4460,#4462,#4464,.T.);
#4460 = VERTEX_POINT('',#4461);
#4461 = CARTESIAN_POINT('',(1.42,0.,-9.94));
#4462 = VERTEX_POINT('',#4463);
#4463 = CARTESIAN_POINT('',(1.42,-1.217298918352E-15,9.94));
#4464 = SURFACE_CURVE('',#4465,(#4470,#4477),.PCURVE_S1.);
#4465 = CIRCLE('',#4466,9.94);
#4466 = AXIS2_PLACEMENT_3D('',#4467,#4468,#4469);
#4467 = CARTESIAN_POINT('',(1.42,0.,0.));
#4468 = DIRECTION('',(-1.,0.,0.));
#4469 = DIRECTION('',(0.,-6.093826440053E-10,1.));
#4470 = PCURVE('',#4444,#4471);
#4471 = DEFINITIONAL_REPRESENTATION('',(#4472),#4476);
#4472 = LINE('',#4473,#4474);
#4473 = CARTESIAN_POINT('',(3.141592654199,0.71));
#4474 = VECTOR('',#4475,1.);
#4475 = DIRECTION('',(-1.,0.));
#4476 = ( GEOMETRIC_REPRESENTATION_CONTEXT(2) 
PARAMETRIC_REPRESENTATION_CONTEXT() REPRESENTATION_CONTEXT('2D SPACE',''
  ) );
#4477 = PCURVE('',#4478,#4483);
#4478 = TOROIDAL_SURFACE('',#4479,10.75,1.35);
#4479 = AXIS2_PLACEMENT_3D('',#4480,#4481,#4482);
#4480 = CARTESIAN_POINT('',(2.5,0.,0.));
#4481 = DIRECTION('',(1.,0.,0.));
#4482 = DIRECTION('',(0.,0.,1.));
#4483 = DEFINITIONAL_REPRESENTATION('',(#4484),#4488);
#4484 = LINE('',#4485,#4486);
#4485 = CARTESIAN_POINT('',(6.283185307789,4.068887871591));
#4486 = VECTOR('',#4487,1.);
#4487 = DIRECTION('',(-1.,0.));
#4488 = ( GEOMETRIC_REPRESENTATION_CONTEXT(2) 
PARAMETRIC_REPRESENTATION_CONTEXT() REPRESENTATION_CONTEXT('2D SPACE',''
  ) );
#4489 = ORIENTED_EDGE('',*,*,#4490,.T.);
#4490 = EDGE_CURVE('',#4462,#4428,#4491,.T.);
#4491 = SEAM_CURVE('',#4492,(#4496,#4503),.PCURVE_S1.);
#4492 = LINE('',#4493,#4494);
#4493 = CARTESIAN_POINT('',(0.71,-1.217298918352E-15,9.94));
#4494 = VECTOR('',#4495,1.);
#4495 = DIRECTION('',(-1.,0.,0.));
#4496 = PCURVE('',#4444,#4497);
#4497 = DEFINITIONAL_REPRESENTATION('',(#4498),#4502);
#4498 = LINE('',#4499,#4500);
#4499 = CARTESIAN_POINT('',(-3.14159265359,0.));
#4500 = VECTOR('',#4501,1.);
#4501 = DIRECTION('',(0.,-1.));
#4502 = ( GEOMETRIC_REPRESENTATION_CONTEXT(2) 
PARAMETRIC_REPRESENTATION_CONTEXT() REPRESENTATION_CONTEXT('2D SPACE',''
  ) );
#4503 = PCURVE('',#4444,#4504);
#4504 = DEFINITIONAL_REPRESENTATION('',(#4505),#4509);
#4505 = LINE('',#4506,#4507);
#4506 = CARTESIAN_POINT('',(3.14159265359,0.));
#4507 = VECTOR('',#4508,1.);
#4508 = DIRECTION('',(0.,-1.));
#4509 = ( GEOMETRIC_REPRESENTATION_CONTEXT(2) 
PARAMETRIC_REPRESENTATION_CONTEXT() REPRESENTATION_CONTEXT('2D SPACE',''
  ) );
#4510 = ORIENTED_EDGE('',*,*,#4427,.T.);
#4511 = ORIENTED_EDGE('',*,*,#4490,.F.);
#4512 = ORIENTED_EDGE('',*,*,#4513,.T.);
#4513 = EDGE_CURVE('',#4462,#4460,#4514,.T.);
#4514 = SURFACE_CURVE('',#4515,(#4520,#4527),.PCURVE_S1.);
#4515 = CIRCLE('',#4516,9.94);
#4516 = AXIS2_PLACEMENT_3D('',#4517,#4518,#4519);
#4517 = CARTESIAN_POINT('',(1.42,0.,0.));
#4518 = DIRECTION('',(-1.,0.,0.));
#4519 = DIRECTION('',(0.,-6.093826440053E-10,1.));
#4520 = PCURVE('',#4444,#4521);
#4521 = DEFINITIONAL_REPRESENTATION('',(#4522),#4526);
#4522 = LINE('',#4523,#4524);
#4523 = CARTESIAN_POINT('',(3.141592654199,0.71));
#4524 = VECTOR('',#4525,1.);
#4525 = DIRECTION('',(-1.,0.));
#4526 = ( GEOMETRIC_REPRESENTATION_CONTEXT(2) 
PARAMETRIC_REPRESENTATION_CONTEXT() REPRESENTATION_CONTEXT('2D SPACE',''
  ) );
#4527 = PCURVE('',#4478,#4528);
#4528 = DEFINITIONAL_REPRESENTATION('',(#4529),#4533);
#4529 = LINE('',#4530,#4531);
#4530 = CARTESIAN_POINT('',(0.,4.068887871591));
#4531 = VECTOR('',#4532,1.);
#4532 = DIRECTION('',(-1.,0.));
#4533 = ( GEOMETRIC_REPRESENTATION_CONTEXT(2) 
PARAMETRIC_REPRESENTATION_CONTEXT() REPRESENTATION_CONTEXT('2D SPACE',''
  ) );
#4534 = ADVANCED_FACE('',(#4535),#4478,.T.);
#4535 = FACE_BOUND('',#4536,.T.);
#4536 = EDGE_LOOP('',(#4537,#4561,#4562,#4563,#4564,#4593));
#4537 = ORIENTED_EDGE('',*,*,#4538,.T.);
#4538 = EDGE_CURVE('',#4539,#4460,#4541,.T.);
#4539 = VERTEX_POINT('',#4540);
#4540 = CARTESIAN_POINT('',(3.58,1.217298918352E-15,-9.94));
#4541 = SEAM_CURVE('',#4542,(#4547,#4554),.PCURVE_S1.);
#4542 = CIRCLE('',#4543,1.35);
#4543 = AXIS2_PLACEMENT_3D('',#4544,#4545,#4546);
#4544 = CARTESIAN_POINT('',(2.5,1.316495309083E-15,-10.75));
#4545 = DIRECTION('',(0.,-1.,-1.224646799147E-16));
#4546 = DIRECTION('',(0.,1.224646799147E-16,-1.));
#4547 = PCURVE('',#4478,#4548);
#4548 = DEFINITIONAL_REPRESENTATION('',(#4549),#4553);
#4549 = LINE('',#4550,#4551);
#4550 = CARTESIAN_POINT('',(3.14159265359,0.));
#4551 = VECTOR('',#4552,1.);
#4552 = DIRECTION('',(0.,1.));
#4553 = ( GEOMETRIC_REPRESENTATION_CONTEXT(2) 
PARAMETRIC_REPRESENTATION_CONTEXT() REPRESENTATION_CONTEXT('2D SPACE',''
  ) );
#4554 = PCURVE('',#4478,#4555);
#4555 = DEFINITIONAL_REPRESENTATION('',(#4556),#4560);
#4556 = LINE('',#4557,#4558);
#4557 = CARTESIAN_POINT('',(-3.14159265359,0.));
#4558 = VECTOR('',#4559,1.);
#4559 = DIRECTION('',(0.,1.));
#4560 = ( GEOMETRIC_REPRESENTATION_CONTEXT(2) 
PARAMETRIC_REPRESENTATION_CONTEXT() REPRESENTATION_CONTEXT('2D SPACE',''
  ) );
#4561 = ORIENTED_EDGE('',*,*,#4459,.T.);
#4562 = ORIENTED_EDGE('',*,*,#4513,.T.);
#4563 = ORIENTED_EDGE('',*,*,#4538,.F.);
#4564 = ORIENTED_EDGE('',*,*,#4565,.T.);
#4565 = EDGE_CURVE('',#4539,#4566,#4568,.T.);
#4566 = VERTEX_POINT('',#4567);
#4567 = CARTESIAN_POINT('',(3.58,0.,9.94));
#4568 = SURFACE_CURVE('',#4569,(#4574,#4581),.PCURVE_S1.);
#4569 = CIRCLE('',#4570,9.94);
#4570 = AXIS2_PLACEMENT_3D('',#4571,#4572,#4573);
#4571 = CARTESIAN_POINT('',(3.58,0.,0.));
#4572 = DIRECTION('',(1.,0.,0.));
#4573 = DIRECTION('',(0.,0.,-1.));
#4574 = PCURVE('',#4478,#4575);
#4575 = DEFINITIONAL_REPRESENTATION('',(#4576),#4580);
#4576 = LINE('',#4577,#4578);
#4577 = CARTESIAN_POINT('',(-3.14159265359,2.214297435588));
#4578 = VECTOR('',#4579,1.);
#4579 = DIRECTION('',(1.,0.));
#4580 = ( GEOMETRIC_REPRESENTATION_CONTEXT(2) 
PARAMETRIC_REPRESENTATION_CONTEXT() REPRESENTATION_CONTEXT('2D SPACE',''
  ) );
#4581 = PCURVE('',#4582,#4587);
#4582 = CYLINDRICAL_SURFACE('',#4583,9.94);
#4583 = AXIS2_PLACEMENT_3D('',#4584,#4585,#4586);
#4584 = CARTESIAN_POINT('',(4.29,0.,0.));
#4585 = DIRECTION('',(1.,0.,0.));
#4586 = DIRECTION('',(0.,0.,-1.));
#4587 = DEFINITIONAL_REPRESENTATION('',(#4588),#4592);
#4588 = LINE('',#4589,#4590);
#4589 = CARTESIAN_POINT('',(0.,-0.71));
#4590 = VECTOR('',#4591,1.);
#4591 = DIRECTION('',(1.,0.));
#4592 = ( GEOMETRIC_REPRESENTATION_CONTEXT(2) 
PARAMETRIC_REPRESENTATION_CONTEXT() REPRESENTATION_CONTEXT('2D SPACE',''
  ) );
#4593 = ORIENTED_EDGE('',*,*,#4594,.T.);
#4594 = EDGE_CURVE('',#4566,#4539,#4595,.T.);
#4595 = SURFACE_CURVE('',#4596,(#4601,#4608),.PCURVE_S1.);
#4596 = CIRCLE('',#4597,9.94);
#4597 = AXIS2_PLACEMENT_3D('',#4598,#4599,#4600);
#4598 = CARTESIAN_POINT('',(3.58,0.,0.));
#4599 = DIRECTION('',(1.,0.,0.));
#4600 = DIRECTION('',(0.,0.,-1.));
#4601 = PCURVE('',#4478,#4602);
#4602 = DEFINITIONAL_REPRESENTATION('',(#4603),#4607);
#4603 = LINE('',#4604,#4605);
#4604 = CARTESIAN_POINT('',(-3.14159265359,2.214297435588));
#4605 = VECTOR('',#4606,1.);
#4606 = DIRECTION('',(1.,0.));
#4607 = ( GEOMETRIC_REPRESENTATION_CONTEXT(2) 
PARAMETRIC_REPRESENTATION_CONTEXT() REPRESENTATION_CONTEXT('2D SPACE',''
  ) );
#4608 = PCURVE('',#4582,#4609);
#4609 = DEFINITIONAL_REPRESENTATION('',(#4610),#4614);
#4610 = LINE('',#4611,#4612);
#4611 = CARTESIAN_POINT('',(-6.28318530718,-0.71));
#4612 = VECTOR('',#4613,1.);
#4613 = DIRECTION('',(1.,0.));
#4614 = ( GEOMETRIC_REPRESENTATION_CONTEXT(2) 
PARAMETRIC_REPRESENTATION_CONTEXT() REPRESENTATION_CONTEXT('2D SPACE',''
  ) );
#4615 = ADVANCED_FACE('',(#4616),#4582,.F.);
#4616 = FACE_BOUND('',#4617,.F.);
#4617 = EDGE_LOOP('',(#4618,#4646,#4667,#4668,#4669));
#4618 = ORIENTED_EDGE('',*,*,#4619,.F.);
#4619 = EDGE_CURVE('',#4620,#4620,#4622,.T.);
#4620 = VERTEX_POINT('',#4621);
#4621 = CARTESIAN_POINT('',(4.77,6.225913820663E-12,9.94));
#4622 = SURFACE_CURVE('',#4623,(#4628,#4635),.PCURVE_S1.);
#4623 = CIRCLE('',#4624,9.94);
#4624 = AXIS2_PLACEMENT_3D('',#4625,#4626,#4627);
#4625 = CARTESIAN_POINT('',(4.77,0.,0.));
#4626 = DIRECTION('',(1.,0.,0.));
#4627 = DIRECTION('',(0.,-7.088276072921E-13,-1.));
#4628 = PCURVE('',#4582,#4629);
#4629 = DEFINITIONAL_REPRESENTATION('',(#4630),#4634);
#4630 = LINE('',#4631,#4632);
#4631 = CARTESIAN_POINT('',(-6.28318530718,0.48));
#4632 = VECTOR('',#4633,1.);
#4633 = DIRECTION('',(1.,0.));
#4634 = ( GEOMETRIC_REPRESENTATION_CONTEXT(2) 
PARAMETRIC_REPRESENTATION_CONTEXT() REPRESENTATION_CONTEXT('2D SPACE',''
  ) );
#4635 = PCURVE('',#1320,#4636);
#4636 = DEFINITIONAL_REPRESENTATION('',(#4637),#4645);
#4637 = ( BOUNDED_CURVE() B_SPLINE_CURVE(2,(#4638,#4639,#4640,#4641,
#4642,#4643,#4644),.UNSPECIFIED.,.T.,.F.) B_SPLINE_CURVE_WITH_KNOTS((1,2
    ,2,2,2,1),(-2.094395102393,0.,2.094395102393,4.188790204786,
6.28318530718,8.377580409573),.UNSPECIFIED.) CURVE() 
GEOMETRIC_REPRESENTATION_ITEM() RATIONAL_B_SPLINE_CURVE((1.,0.5,1.,0.5,
1.,0.5,1.)) REPRESENTATION_ITEM('') );
#4638 = CARTESIAN_POINT('',(9.94,2.050561325392E-09));
#4639 = CARTESIAN_POINT('',(9.940000000012,-17.21658502518));
#4640 = CARTESIAN_POINT('',(-4.969999999994,-8.608292511577));
#4641 = CARTESIAN_POINT('',(-19.88,2.029421651545E-09));
#4642 = CARTESIAN_POINT('',(-4.970000000006,8.608292515657));
#4643 = CARTESIAN_POINT('',(9.939999999988,17.216585029285));
#4644 = CARTESIAN_POINT('',(9.94,2.050561325392E-09));
#4645 = ( GEOMETRIC_REPRESENTATION_CONTEXT(2) 
PARAMETRIC_REPRESENTATION_CONTEXT() REPRESENTATION_CONTEXT('2D SPACE',''
  ) );
#4646 = ORIENTED_EDGE('',*,*,#4647,.T.);
#4647 = EDGE_CURVE('',#4620,#4566,#4648,.T.);
#4648 = SEAM_CURVE('',#4649,(#4653,#4660),.PCURVE_S1.);
#4649 = LINE('',#4650,#4651);
#4650 = CARTESIAN_POINT('',(4.29,-1.217298918352E-15,9.94));
#4651 = VECTOR('',#4652,1.);
#4652 = DIRECTION('',(-1.,0.,0.));
#4653 = PCURVE('',#4582,#4654);
#4654 = DEFINITIONAL_REPRESENTATION('',(#4655),#4659);
#4655 = LINE('',#4656,#4657);
#4656 = CARTESIAN_POINT('',(-3.14159265359,0.));
#4657 = VECTOR('',#4658,1.);
#4658 = DIRECTION('',(0.,-1.));
#4659 = ( GEOMETRIC_REPRESENTATION_CONTEXT(2) 
PARAMETRIC_REPRESENTATION_CONTEXT() REPRESENTATION_CONTEXT('2D SPACE',''
  ) );
#4660 = PCURVE('',#4582,#4661);
#4661 = DEFINITIONAL_REPRESENTATION('',(#4662),#4666);
#4662 = LINE('',#4663,#4664);
#4663 = CARTESIAN_POINT('',(3.14159265359,0.));
#4664 = VECTOR('',#4665,1.);
#4665 = DIRECTION('',(0.,-1.));
#4666 = ( GEOMETRIC_REPRESENTATION_CONTEXT(2) 
PARAMETRIC_REPRESENTATION_CONTEXT() REPRESENTATION_CONTEXT('2D SPACE',''
  ) );
#4667 = ORIENTED_EDGE('',*,*,#4594,.T.);
#4668 = ORIENTED_EDGE('',*,*,#4565,.T.);
#4669 = ORIENTED_EDGE('',*,*,#4647,.F.);
#4670 = ADVANCED_FACE('',(#4671,#4674),#1320,.F.);
#4671 = FACE_BOUND('',#4672,.F.);
#4672 = EDGE_LOOP('',(#4673));
#4673 = ORIENTED_EDGE('',*,*,#1305,.T.);
#4674 = FACE_BOUND('',#4675,.F.);
#4675 = EDGE_LOOP('',(#4676));
#4676 = ORIENTED_EDGE('',*,*,#4619,.T.);
#4677 = ADVANCED_FACE('',(#4678,#4682),#1069,.F.);
#4678 = FACE_BOUND('',#4679,.F.);
#4679 = VERTEX_LOOP('',#4680);
#4680 = VERTEX_POINT('',#4681);
#4681 = CARTESIAN_POINT('',(2.5,10.75,1.3275));
#4682 = FACE_BOUND('',#4683,.F.);
#4683 = EDGE_LOOP('',(#4684,#4685));
#4684 = ORIENTED_EDGE('',*,*,#993,.T.);
#4685 = ORIENTED_EDGE('',*,*,#1180,.T.);
#4686 = ADVANCED_FACE('',(#4687),#3008,.F.);
#4687 = FACE_BOUND('',#4688,.F.);
#4688 = EDGE_LOOP('',(#4689,#4690,#4758,#4759,#4760,#4828));
#4689 = ORIENTED_EDGE('',*,*,#3064,.T.);
#4690 = ORIENTED_EDGE('',*,*,#4691,.F.);
#4691 = EDGE_CURVE('',#4692,#2932,#4694,.T.);
#4692 = VERTEX_POINT('',#4693);
#4693 = CARTESIAN_POINT('',(2.5,-6.702515369981,-9.732188436531));
#4694 = SEAM_CURVE('',#4695,(#4700,#4729),.PCURVE_S1.);
#4695 = CIRCLE('',#4696,1.3275);
#4696 = AXIS2_PLACEMENT_3D('',#4697,#4698,#4699);
#4697 = CARTESIAN_POINT('',(2.5,-6.702515369981,-8.404688436531));
#4698 = DIRECTION('',(-1.,2.090815488936E-16,0.));
#4699 = DIRECTION('',(-2.090815488936E-16,-1.,0.));
#4700 = PCURVE('',#3008,#4701);
#4701 = DEFINITIONAL_REPRESENTATION('',(#4702),#4728);
#4702 = B_SPLINE_CURVE_WITH_KNOTS('',3,(#4703,#4704,#4705,#4706,#4707,
    #4708,#4709,#4710,#4711,#4712,#4713,#4714,#4715,#4716,#4717,#4718,
    #4719,#4720,#4721,#4722,#4723,#4724,#4725,#4726,#4727),
  .UNSPECIFIED.,.F.,.F.,(4,1,1,1,1,1,1,1,1,1,1,1,1,1,1,1,1,1,1,1,1,1,4),
  (4.712388980385,4.722596980534,4.732804980683,4.743012980832,
    4.753220980982,4.763428981131,4.77363698128,4.783844981429,
    4.794052981578,4.804260981728,4.814468981877,4.824676982026,
    4.834884982175,4.845092982325,4.855300982474,4.865508982623,
    4.875716982772,4.885924982921,4.896132983071,4.90634098322,
    4.916548983369,4.926756983518,4.936964983668),
  .QUASI_UNIFORM_KNOTS.);
#4703 = CARTESIAN_POINT('',(9.424777960769,1.570796326795));
#4704 = CARTESIAN_POINT('',(9.424777960769,1.567393660078));
#4705 = CARTESIAN_POINT('',(9.424777960769,1.560588326646));
#4706 = CARTESIAN_POINT('',(9.424777960769,1.550380326496));
#4707 = CARTESIAN_POINT('',(9.424777960769,1.540172326347));
#4708 = CARTESIAN_POINT('',(9.424777960769,1.529964326198));
#4709 = CARTESIAN_POINT('',(9.424777960769,1.519756326049));
#4710 = CARTESIAN_POINT('',(9.424777960769,1.5095483259));
#4711 = CARTESIAN_POINT('',(9.424777960769,1.49934032575));
#4712 = CARTESIAN_POINT('',(9.424777960769,1.489132325601));
#4713 = CARTESIAN_POINT('',(9.424777960769,1.478924325452));
#4714 = CARTESIAN_POINT('',(9.424777960769,1.468716325303));
#4715 = CARTESIAN_POINT('',(9.424777960769,1.458508325153));
#4716 = CARTESIAN_POINT('',(9.424777960769,1.448300325004));
#4717 = CARTESIAN_POINT('',(9.424777960769,1.438092324855));
#4718 = CARTESIAN_POINT('',(9.424777960769,1.427884324706));
#4719 = CARTESIAN_POINT('',(9.424777960769,1.417676324557));
#4720 = CARTESIAN_POINT('',(9.424777960769,1.407468324407));
#4721 = CARTESIAN_POINT('',(9.424777960769,1.397260324258));
#4722 = CARTESIAN_POINT('',(9.424777960769,1.387052324109));
#4723 = CARTESIAN_POINT('',(9.424777960769,1.37684432396));
#4724 = CARTESIAN_POINT('',(9.424777960769,1.36663632381));
#4725 = CARTESIAN_POINT('',(9.424777960769,1.356428323661));
#4726 = CARTESIAN_POINT('',(9.424777960769,1.349622990228));
#4727 = CARTESIAN_POINT('',(9.424777960769,1.346220323512));
#4728 = ( GEOMETRIC_REPRESENTATION_CONTEXT(2) 
PARAMETRIC_REPRESENTATION_CONTEXT() REPRESENTATION_CONTEXT('2D SPACE',''
  ) );
#4729 = PCURVE('',#3008,#4730);
#4730 = DEFINITIONAL_REPRESENTATION('',(#4731),#4757);
#4731 = B_SPLINE_CURVE_WITH_KNOTS('',3,(#4732,#4733,#4734,#4735,#4736,
    #4737,#4738,#4739,#4740,#4741,#4742,#4743,#4744,#4745,#4746,#4747,
    #4748,#4749,#4750,#4751,#4752,#4753,#4754,#4755,#4756),
  .UNSPECIFIED.,.F.,.F.,(4,1,1,1,1,1,1,1,1,1,1,1,1,1,1,1,1,1,1,1,1,1,4),
  (4.712388980385,4.722596980534,4.732804980683,4.743012980832,
    4.753220980982,4.763428981131,4.77363698128,4.783844981429,
    4.794052981578,4.804260981728,4.814468981877,4.824676982026,
    4.834884982175,4.845092982325,4.855300982474,4.865508982623,
    4.875716982772,4.885924982921,4.896132983071,4.90634098322,
    4.916548983369,4.926756983518,4.936964983668),
  .QUASI_UNIFORM_KNOTS.);
#4732 = CARTESIAN_POINT('',(3.14159265359,1.570796326795));
#4733 = CARTESIAN_POINT('',(3.14159265359,1.567393660078));
#4734 = CARTESIAN_POINT('',(3.14159265359,1.560588326646));
#4735 = CARTESIAN_POINT('',(3.14159265359,1.550380326496));
#4736 = CARTESIAN_POINT('',(3.14159265359,1.540172326347));
#4737 = CARTESIAN_POINT('',(3.14159265359,1.529964326198));
#4738 = CARTESIAN_POINT('',(3.14159265359,1.519756326049));
#4739 = CARTESIAN_POINT('',(3.14159265359,1.5095483259));
#4740 = CARTESIAN_POINT('',(3.14159265359,1.49934032575));
#4741 = CARTESIAN_POINT('',(3.14159265359,1.489132325601));
#4742 = CARTESIAN_POINT('',(3.14159265359,1.478924325452));
#4743 = CARTESIAN_POINT('',(3.14159265359,1.468716325303));
#4744 = CARTESIAN_POINT('',(3.14159265359,1.458508325153));
#4745 = CARTESIAN_POINT('',(3.14159265359,1.448300325004));
#4746 = CARTESIAN_POINT('',(3.14159265359,1.438092324855));
#4747 = CARTESIAN_POINT('',(3.14159265359,1.427884324706));
#4748 = CARTESIAN_POINT('',(3.14159265359,1.417676324557));
#4749 = CARTESIAN_POINT('',(3.14159265359,1.407468324407));
#4750 = CARTESIAN_POINT('',(3.14159265359,1.397260324258));
#4751 = CARTESIAN_POINT('',(3.14159265359,1.387052324109));
#4752 = CARTESIAN_POINT('',(3.14159265359,1.37684432396));
#4753 = CARTESIAN_POINT('',(3.14159265359,1.36663632381));
#4754 = CARTESIAN_POINT('',(3.14159265359,1.356428323661));
#4755 = CARTESIAN_POINT('',(3.14159265359,1.349622990228));
#4756 = CARTESIAN_POINT('',(3.14159265359,1.346220323512));
#4757 = ( GEOMETRIC_REPRESENTATION_CONTEXT(2) 
PARAMETRIC_REPRESENTATION_CONTEXT() REPRESENTATION_CONTEXT('2D SPACE',''
  ) );
#4758 = ORIENTED_EDGE('',*,*,#4691,.T.);
#4759 = ORIENTED_EDGE('',*,*,#2931,.T.);
#4760 = ORIENTED_EDGE('',*,*,#4761,.T.);
#4761 = EDGE_CURVE('',#2934,#4762,#4764,.T.);
#4762 = VERTEX_POINT('',#4763);
#4763 = CARTESIAN_POINT('',(2.5,-6.702515369981,-7.077188436531));
#4764 = SEAM_CURVE('',#4765,(#4770,#4799),.PCURVE_S1.);
#4765 = CIRCLE('',#4766,1.3275);
#4766 = AXIS2_PLACEMENT_3D('',#4767,#4768,#4769);
#4767 = CARTESIAN_POINT('',(2.5,-6.702515369981,-8.404688436531));
#4768 = DIRECTION('',(-1.,2.090815488936E-16,0.));
#4769 = DIRECTION('',(-2.090815488936E-16,-1.,0.));
#4770 = PCURVE('',#3008,#4771);
#4771 = DEFINITIONAL_REPRESENTATION('',(#4772),#4798);
#4772 = B_SPLINE_CURVE_WITH_KNOTS('',3,(#4773,#4774,#4775,#4776,#4777,
    #4778,#4779,#4780,#4781,#4782,#4783,#4784,#4785,#4786,#4787,#4788,
    #4789,#4790,#4791,#4792,#4793,#4794,#4795,#4796,#4797),
  .UNSPECIFIED.,.F.,.F.,(4,1,1,1,1,1,1,1,1,1,1,1,1,1,1,1,1,1,1,1,1,1,4),
  (5.83420982864,5.926017637974,6.017825447307,6.109633256641,
    6.201441065974,6.293248875307,6.385056684641,6.476864493974,
    6.568672303307,6.660480112641,6.752287921974,6.844095731307,
    6.935903540641,7.027711349974,7.119519159308,7.211326968641,
    7.303134777974,7.394942587308,7.486750396641,7.578558205974,
    7.670366015308,7.762173824641,7.853981633974),
  .QUASI_UNIFORM_KNOTS.);
#4773 = CARTESIAN_POINT('',(3.14159265359,0.448975478539));
#4774 = CARTESIAN_POINT('',(3.14159265359,0.418372875428));
#4775 = CARTESIAN_POINT('',(3.14159265359,0.357167669206));
#4776 = CARTESIAN_POINT('',(3.14159265359,0.265359859872));
#4777 = CARTESIAN_POINT('',(3.14159265359,0.173552050539));
#4778 = CARTESIAN_POINT('',(3.14159265359,8.174424120564E-02));
#4779 = CARTESIAN_POINT('',(3.14159265359,-1.006356812772E-02));
#4780 = CARTESIAN_POINT('',(3.14159265359,-0.101871377461));
#4781 = CARTESIAN_POINT('',(3.14159265359,-0.193679186794));
#4782 = CARTESIAN_POINT('',(3.14159265359,-0.285486996128));
#4783 = CARTESIAN_POINT('',(3.14159265359,-0.377294805461));
#4784 = CARTESIAN_POINT('',(3.14159265359,-0.469102614795));
#4785 = CARTESIAN_POINT('',(3.14159265359,-0.560910424128));
#4786 = CARTESIAN_POINT('',(3.14159265359,-0.652718233461));
#4787 = CARTESIAN_POINT('',(3.14159265359,-0.744526042795));
#4788 = CARTESIAN_POINT('',(3.14159265359,-0.836333852128));
#4789 = CARTESIAN_POINT('',(3.14159265359,-0.928141661461));
#4790 = CARTESIAN_POINT('',(3.14159265359,-1.019949470795));
#4791 = CARTESIAN_POINT('',(3.14159265359,-1.111757280128));
#4792 = CARTESIAN_POINT('',(3.14159265359,-1.203565089461));
#4793 = CARTESIAN_POINT('',(3.14159265359,-1.295372898795));
#4794 = CARTESIAN_POINT('',(3.14159265359,-1.387180708128));
#4795 = CARTESIAN_POINT('',(3.14159265359,-1.478988517462));
#4796 = CARTESIAN_POINT('',(3.14159265359,-1.540193723684));
#4797 = CARTESIAN_POINT('',(3.14159265359,-1.570796326795));
#4798 = ( GEOMETRIC_REPRESENTATION_CONTEXT(2) 
PARAMETRIC_REPRESENTATION_CONTEXT() REPRESENTATION_CONTEXT('2D SPACE',''
  ) );
#4799 = PCURVE('',#3008,#4800);
#4800 = DEFINITIONAL_REPRESENTATION('',(#4801),#4827);
#4801 = B_SPLINE_CURVE_WITH_KNOTS('',3,(#4802,#4803,#4804,#4805,#4806,
    #4807,#4808,#4809,#4810,#4811,#4812,#4813,#4814,#4815,#4816,#4817,
    #4818,#4819,#4820,#4821,#4822,#4823,#4824,#4825,#4826),
  .UNSPECIFIED.,.F.,.F.,(4,1,1,1,1,1,1,1,1,1,1,1,1,1,1,1,1,1,1,1,1,1,4),
  (5.83420982864,5.926017637974,6.017825447307,6.109633256641,
    6.201441065974,6.293248875307,6.385056684641,6.476864493974,
    6.568672303307,6.660480112641,6.752287921974,6.844095731307,
    6.935903540641,7.027711349974,7.119519159308,7.211326968641,
    7.303134777974,7.394942587308,7.486750396641,7.578558205974,
    7.670366015308,7.762173824641,7.853981633974),
  .QUASI_UNIFORM_KNOTS.);
#4802 = CARTESIAN_POINT('',(9.424777960769,0.448975478539));
#4803 = CARTESIAN_POINT('',(9.424777960769,0.418372875428));
#4804 = CARTESIAN_POINT('',(9.424777960769,0.357167669206));
#4805 = CARTESIAN_POINT('',(9.424777960769,0.265359859872));
#4806 = CARTESIAN_POINT('',(9.424777960769,0.173552050539));
#4807 = CARTESIAN_POINT('',(9.424777960769,8.174424120564E-02));
#4808 = CARTESIAN_POINT('',(9.424777960769,-1.006356812772E-02));
#4809 = CARTESIAN_POINT('',(9.424777960769,-0.101871377461));
#4810 = CARTESIAN_POINT('',(9.424777960769,-0.193679186794));
#4811 = CARTESIAN_POINT('',(9.424777960769,-0.285486996128));
#4812 = CARTESIAN_POINT('',(9.424777960769,-0.377294805461));
#4813 = CARTESIAN_POINT('',(9.424777960769,-0.469102614795));
#4814 = CARTESIAN_POINT('',(9.424777960769,-0.560910424128));
#4815 = CARTESIAN_POINT('',(9.424777960769,-0.652718233461));
#4816 = CARTESIAN_POINT('',(9.424777960769,-0.744526042795));
#4817 = CARTESIAN_POINT('',(9.424777960769,-0.836333852128));
#4818 = CARTESIAN_POINT('',(9.424777960769,-0.928141661461));
#4819 = CARTESIAN_POINT('',(9.424777960769,-1.019949470795));
#4820 = CARTESIAN_POINT('',(9.424777960769,-1.111757280128));
#4821 = CARTESIAN_POINT('',(9.424777960769,-1.203565089461));
#4822 = CARTESIAN_POINT('',(9.424777960769,-1.295372898795));
#4823 = CARTESIAN_POINT('',(9.424777960769,-1.387180708128));
#4824 = CARTESIAN_POINT('',(9.424777960769,-1.478988517462));
#4825 = CARTESIAN_POINT('',(9.424777960769,-1.540193723684));
#4826 = CARTESIAN_POINT('',(9.424777960769,-1.570796326795));
#4827 = ( GEOMETRIC_REPRESENTATION_CONTEXT(2) 
PARAMETRIC_REPRESENTATION_CONTEXT() REPRESENTATION_CONTEXT('2D SPACE',''
  ) );
#4828 = ORIENTED_EDGE('',*,*,#4761,.F.);
#4829 = ADVANCED_FACE('',(#4830),#3281,.F.);
#4830 = FACE_BOUND('',#4831,.F.);
#4831 = EDGE_LOOP('',(#4832,#4833,#4857));
#4832 = ORIENTED_EDGE('',*,*,#3190,.T.);
#4833 = ORIENTED_EDGE('',*,*,#4834,.T.);
#4834 = EDGE_CURVE('',#3191,#4835,#4837,.T.);
#4835 = VERTEX_POINT('',#4836);
#4836 = CARTESIAN_POINT('',(2.5,-2.39210004003,-9.15297505595));
#4837 = SEAM_CURVE('',#4838,(#4843,#4850),.PCURVE_S1.);
#4838 = CIRCLE('',#4839,1.3275);
#4839 = AXIS2_PLACEMENT_3D('',#4840,#4841,#4842);
#4840 = CARTESIAN_POINT('',(2.5,-2.39210004003,-10.48047505595));
#4841 = DIRECTION('',(-1.,2.090815488936E-16,0.));
#4842 = DIRECTION('',(-2.090815488936E-16,-1.,0.));
#4843 = PCURVE('',#3281,#4844);
#4844 = DEFINITIONAL_REPRESENTATION('',(#4845),#4849);
#4845 = LINE('',#4846,#4847);
#4846 = CARTESIAN_POINT('',(3.14159265359,6.28318530718));
#4847 = VECTOR('',#4848,1.);
#4848 = DIRECTION('',(0.,-1.));
#4849 = ( GEOMETRIC_REPRESENTATION_CONTEXT(2) 
PARAMETRIC_REPRESENTATION_CONTEXT() REPRESENTATION_CONTEXT('2D SPACE',''
  ) );
#4850 = PCURVE('',#3281,#4851);
#4851 = DEFINITIONAL_REPRESENTATION('',(#4852),#4856);
#4852 = LINE('',#4853,#4854);
#4853 = CARTESIAN_POINT('',(9.424777960769,6.28318530718));
#4854 = VECTOR('',#4855,1.);
#4855 = DIRECTION('',(0.,-1.));
#4856 = ( GEOMETRIC_REPRESENTATION_CONTEXT(2) 
PARAMETRIC_REPRESENTATION_CONTEXT() REPRESENTATION_CONTEXT('2D SPACE',''
  ) );
#4857 = ORIENTED_EDGE('',*,*,#4834,.F.);
#4858 = ADVANCED_FACE('',(#4859),#3430,.F.);
#4859 = FACE_BOUND('',#4860,.F.);
#4860 = EDGE_LOOP('',(#4861,#4862,#4886));
#4861 = ORIENTED_EDGE('',*,*,#3339,.T.);
#4862 = ORIENTED_EDGE('',*,*,#4863,.T.);
#4863 = EDGE_CURVE('',#3340,#4864,#4866,.T.);
#4864 = VERTEX_POINT('',#4865);
#4865 = CARTESIAN_POINT('',(2.5,2.39210004003,-9.15297505595));
#4866 = SEAM_CURVE('',#4867,(#4872,#4879),.PCURVE_S1.);
#4867 = CIRCLE('',#4868,1.3275);
#4868 = AXIS2_PLACEMENT_3D('',#4869,#4870,#4871);
#4869 = CARTESIAN_POINT('',(2.5,2.39210004003,-10.48047505595));
#4870 = DIRECTION('',(-1.,2.090815488936E-16,0.));
#4871 = DIRECTION('',(-2.090815488936E-16,-1.,0.));
#4872 = PCURVE('',#3430,#4873);
#4873 = DEFINITIONAL_REPRESENTATION('',(#4874),#4878);
#4874 = LINE('',#4875,#4876);
#4875 = CARTESIAN_POINT('',(-3.14159265359,6.28318530718));
#4876 = VECTOR('',#4877,1.);
#4877 = DIRECTION('',(0.,-1.));
#4878 = ( GEOMETRIC_REPRESENTATION_CONTEXT(2) 
PARAMETRIC_REPRESENTATION_CONTEXT() REPRESENTATION_CONTEXT('2D SPACE',''
  ) );
#4879 = PCURVE('',#3430,#4880);
#4880 = DEFINITIONAL_REPRESENTATION('',(#4881),#4885);
#4881 = LINE('',#4882,#4883);
#4882 = CARTESIAN_POINT('',(3.14159265359,6.28318530718));
#4883 = VECTOR('',#4884,1.);
#4884 = DIRECTION('',(0.,-1.));
#4885 = ( GEOMETRIC_REPRESENTATION_CONTEXT(2) 
PARAMETRIC_REPRESENTATION_CONTEXT() REPRESENTATION_CONTEXT('2D SPACE',''
  ) );
#4886 = ORIENTED_EDGE('',*,*,#4863,.F.);
#4887 = ADVANCED_FACE('',(#4888,#4892),#3579,.F.);
#4888 = FACE_BOUND('',#4889,.F.);
#4889 = VERTEX_LOOP('',#4890);
#4890 = VERTEX_POINT('',#4891);
#4891 = CARTESIAN_POINT('',(2.5,6.702515369981,-7.077188436531));
#4892 = FACE_BOUND('',#4893,.F.);
#4893 = EDGE_LOOP('',(#4894));
#4894 = ORIENTED_EDGE('',*,*,#3488,.T.);
#4895 = ADVANCED_FACE('',(#4896,#4900),#3750,.F.);
#4896 = FACE_BOUND('',#4897,.F.);
#4897 = VERTEX_LOOP('',#4898);
#4898 = VERTEX_POINT('',#4899);
#4899 = CARTESIAN_POINT('',(2.5,9.685415329951,-3.336750195514));
#4900 = FACE_BOUND('',#4901,.F.);
#4901 = EDGE_LOOP('',(#4902));
#4902 = ORIENTED_EDGE('',*,*,#3637,.F.);
#4903 = ( GEOMETRIC_REPRESENTATION_CONTEXT(3) 
GLOBAL_UNCERTAINTY_ASSIGNED_CONTEXT((#4907)) 
GLOBAL_UNIT_ASSIGNED_CONTEXT((#4904,#4905,#4906)) REPRESENTATION_CONTEXT
('Context #1','3D Context with UNIT and UNCERTAINTY') );
#4904 = ( LENGTH_UNIT() NAMED_UNIT(*) SI_UNIT(.MILLI.,.METRE.) );
#4905 = ( NAMED_UNIT(*) PLANE_ANGLE_UNIT() SI_UNIT($,.RADIAN.) );
#4906 = ( NAMED_UNIT(*) SI_UNIT($,.STERADIAN.) SOLID_ANGLE_UNIT() );
#4907 = UNCERTAINTY_MEASURE_WITH_UNIT(LENGTH_MEASURE(2.E-04),#4904,
  'distance_accuracy_value','confusion accuracy');
#4908 = PRODUCT_RELATED_PRODUCT_CATEGORY('part',$,(#7));
ENDSEC;
END-ISO-10303-21;
