ISO-10303-21;
HEADER;
FILE_DESCRIPTION(('Open CASCADE Model'),'2;1');
FILE_NAME('Open CASCADE Shape Model','2026-09-25T02:24:50',('Author'),(
    'Open CASCADE'),'Open CASCADE STEP processor 7.9','Open CASCADE 7.9'
  ,'Unknown');
FILE_SCHEMA(('AUTOMOTIVE_DESIGN { 1 0 10303 214 1 1 1 1 }'));
ENDSEC;
DATA;
#1 = APPLICATION_PROTOCOL_DEFINITION('international standard',
  'automotive_design',2000,#2);
#2 = APPLICATION_CONTEXT(
  'core data for automotive mechanical design processes');
#3 = SHAPE_DEFINITION_REPRESENTATION(#4,#10);
#4 = PRODUCT_DEFINITION_SHAPE('','',#5);
#5 = PRODUCT_DEFINITION('design','',#6,#9);
#6 = PRODUCT_DEFINITION_FORMATION('','',#7);
#7 = PRODUCT('connector-xt30-2x2-socket 33',
  'connector-xt30-2x2-socket 33','',(#8));
#8 = PRODUCT_CONTEXT('',#2,'mechanical');
#9 = PRODUCT_DEFINITION_CONTEXT('part definition',#2,'design');
#10 = ADVANCED_BREP_SHAPE_REPRESENTATION('',(#11,#15),#15806);
#11 = AXIS2_PLACEMENT_3D('',#12,#13,#14);
#12 = CARTESIAN_POINT('',(0.,0.,0.));
#13 = DIRECTION('',(0.,0.,1.));
#14 = DIRECTION('',(1.,0.,-0.));
#15 = MANIFOLD_SOLID_BREP('',#16);
#16 = CLOSED_SHELL('',(#17,#199,#275,#579,#711,#818,#981,#6820,#6874,
    #7090,#7166,#7239,#7401,#7428,#7455,#7482,#7509,#7536,#7543,#7550,
    #7953,#8029,#8078,#8517,#8658,#8685,#8712,#8739,#8766,#8793,#8820,
    #8827,#8903,#8952,#9001,#9028,#9035,#9269,#9363,#9390,#9489,#9515,
    #9542,#9549,#9783,#9877,#9904,#10003,#10052,#10079,#10086,#10320,
    #10391,#10441,#10490,#10539,#10571,#10577,#10811,#10905,#10955,
    #11004,#11053,#11085,#11091,#11167,#11216,#11265,#11292,#11413,
    #11489,#11538,#11587,#11614,#11849,#11925,#12011,#12087,#12136,
    #12163,#12212,#12239,#12266,#12273,#12349,#12435,#12511,#12560,
    #12587,#12636,#12663,#12690,#12697,#12712,#13061,#13073,#13088,
    #13106,#13115,#13130,#13466,#13478,#13565,#13571,#13596,#13611,
    #13947,#13959,#14046,#14052,#14180,#14185,#14373,#14422,#14471,
    #14520,#14569,#14618,#14667,#14694,#14705,#14781,#14867,#14943,
    #14992,#15041,#15088,#15095,#15122,#15129,#15205,#15291,#15367,
    #15416,#15465,#15512,#15519,#15546,#15553,#15608,#15663,#15667,
    #15746,#15802));
#17 = ADVANCED_FACE('',(#18,#137,#168),#32,.F.);
#18 = FACE_BOUND('',#19,.T.);
#19 = EDGE_LOOP('',(#20,#55,#83,#111));
#20 = ORIENTED_EDGE('',*,*,#21,.F.);
#21 = EDGE_CURVE('',#22,#24,#26,.T.);
#22 = VERTEX_POINT('',#23);
#23 = CARTESIAN_POINT('',(-18.40094323213,-3.540322580645,
    -6.893078486158));
#24 = VERTEX_POINT('',#25);
#25 = CARTESIAN_POINT('',(-18.40094323213,-3.540322580645,
    -1.693078486158));
#26 = SURFACE_CURVE('',#27,(#31,#43),.PCURVE_S1.);
#27 = LINE('',#28,#29);
#28 = CARTESIAN_POINT('',(-18.40094323213,-3.540322580645,
    -6.893078486158));
#29 = VECTOR('',#30,1.);
#30 = DIRECTION('',(0.,0.,1.));
#31 = PCURVE('',#32,#37);
#32 = PLANE('',#33);
#33 = AXIS2_PLACEMENT_3D('',#34,#35,#36);
#34 = CARTESIAN_POINT('',(-18.40094323213,-0.590322580645,
    -4.293078486158));
#35 = DIRECTION('',(-1.,0.,0.));
#36 = DIRECTION('',(0.,-1.,0.));
#37 = DEFINITIONAL_REPRESENTATION('',(#38),#42);
#38 = LINE('',#39,#40);
#39 = CARTESIAN_POINT('',(2.95,-2.6));
#40 = VECTOR('',#41,1.);
#41 = DIRECTION('',(0.,1.));
#42 = ( GEOMETRIC_REPRESENTATION_CONTEXT(2) 
PARAMETRIC_REPRESENTATION_CONTEXT() REPRESENTATION_CONTEXT('2D SPACE',''
  ) );
#43 = PCURVE('',#44,#49);
#44 = PLANE('',#45);
#45 = AXIS2_PLACEMENT_3D('',#46,#47,#48);
#46 = CARTESIAN_POINT('',(-18.40094323213,-3.540322580645,
    -6.893078486158));
#47 = DIRECTION('',(0.,1.,0.));
#48 = DIRECTION('',(-1.,0.,0.));
#49 = DEFINITIONAL_REPRESENTATION('',(#50),#54);
#50 = LINE('',#51,#52);
#51 = CARTESIAN_POINT('',(0.,0.));
#52 = VECTOR('',#53,1.);
#53 = DIRECTION('',(0.,1.));
#54 = ( GEOMETRIC_REPRESENTATION_CONTEXT(2) 
PARAMETRIC_REPRESENTATION_CONTEXT() REPRESENTATION_CONTEXT('2D SPACE',''
  ) );
#55 = ORIENTED_EDGE('',*,*,#56,.F.);
#56 = EDGE_CURVE('',#57,#22,#59,.T.);
#57 = VERTEX_POINT('',#58);
#58 = CARTESIAN_POINT('',(-18.40094323213,6.359677419355,-6.893078486158
    ));
#59 = SURFACE_CURVE('',#60,(#64,#71),.PCURVE_S1.);
#60 = LINE('',#61,#62);
#61 = CARTESIAN_POINT('',(-18.40094323213,6.359677419355,-6.893078486158
    ));
#62 = VECTOR('',#63,1.);
#63 = DIRECTION('',(0.,-1.,0.));
#64 = PCURVE('',#32,#65);
#65 = DEFINITIONAL_REPRESENTATION('',(#66),#70);
#66 = LINE('',#67,#68);
#67 = CARTESIAN_POINT('',(-6.95,-2.6));
#68 = VECTOR('',#69,1.);
#69 = DIRECTION('',(1.,0.));
#70 = ( GEOMETRIC_REPRESENTATION_CONTEXT(2) 
PARAMETRIC_REPRESENTATION_CONTEXT() REPRESENTATION_CONTEXT('2D SPACE',''
  ) );
#71 = PCURVE('',#72,#77);
#72 = PLANE('',#73);
#73 = AXIS2_PLACEMENT_3D('',#74,#75,#76);
#74 = CARTESIAN_POINT('',(-27.20094323213,-7.540322580645,
    -6.893078486158));
#75 = DIRECTION('',(0.,0.,1.));
#76 = DIRECTION('',(0.,-1.,0.));
#77 = DEFINITIONAL_REPRESENTATION('',(#78),#82);
#78 = LINE('',#79,#80);
#79 = CARTESIAN_POINT('',(-13.9,8.8));
#80 = VECTOR('',#81,1.);
#81 = DIRECTION('',(1.,0.));
#82 = ( GEOMETRIC_REPRESENTATION_CONTEXT(2) 
PARAMETRIC_REPRESENTATION_CONTEXT() REPRESENTATION_CONTEXT('2D SPACE',''
  ) );
#83 = ORIENTED_EDGE('',*,*,#84,.F.);
#84 = EDGE_CURVE('',#85,#57,#87,.T.);
#85 = VERTEX_POINT('',#86);
#86 = CARTESIAN_POINT('',(-18.40094323213,6.359677419355,-1.693078486158
    ));
#87 = SURFACE_CURVE('',#88,(#92,#99),.PCURVE_S1.);
#88 = LINE('',#89,#90);
#89 = CARTESIAN_POINT('',(-18.40094323213,6.359677419355,-5.086156972314
    ));
#90 = VECTOR('',#91,1.);
#91 = DIRECTION('',(0.,0.,-1.));
#92 = PCURVE('',#32,#93);
#93 = DEFINITIONAL_REPRESENTATION('',(#94),#98);
#94 = LINE('',#95,#96);
#95 = CARTESIAN_POINT('',(-6.95,-0.793078486156));
#96 = VECTOR('',#97,1.);
#97 = DIRECTION('',(0.,-1.));
#98 = ( GEOMETRIC_REPRESENTATION_CONTEXT(2) 
PARAMETRIC_REPRESENTATION_CONTEXT() REPRESENTATION_CONTEXT('2D SPACE',''
  ) );
#99 = PCURVE('',#100,#105);
#100 = PLANE('',#101);
#101 = AXIS2_PLACEMENT_3D('',#102,#103,#104);
#102 = CARTESIAN_POINT('',(-27.20094323213,6.359677419355,
    -6.893078486158));
#103 = DIRECTION('',(0.,-1.,0.));
#104 = DIRECTION('',(0.,0.,1.));
#105 = DEFINITIONAL_REPRESENTATION('',(#106),#110);
#106 = LINE('',#107,#108);
#107 = CARTESIAN_POINT('',(1.806921513844,-8.8));
#108 = VECTOR('',#109,1.);
#109 = DIRECTION('',(-1.,0.));
#110 = ( GEOMETRIC_REPRESENTATION_CONTEXT(2) 
PARAMETRIC_REPRESENTATION_CONTEXT() REPRESENTATION_CONTEXT('2D SPACE',''
  ) );
#111 = ORIENTED_EDGE('',*,*,#112,.F.);
#112 = EDGE_CURVE('',#24,#85,#113,.T.);
#113 = SURFACE_CURVE('',#114,(#118,#125),.PCURVE_S1.);
#114 = LINE('',#115,#116);
#115 = CARTESIAN_POINT('',(-18.40094323213,-3.540322580645,
    -1.693078486158));
#116 = VECTOR('',#117,1.);
#117 = DIRECTION('',(0.,1.,0.));
#118 = PCURVE('',#32,#119);
#119 = DEFINITIONAL_REPRESENTATION('',(#120),#124);
#120 = LINE('',#121,#122);
#121 = CARTESIAN_POINT('',(2.95,2.6));
#122 = VECTOR('',#123,1.);
#123 = DIRECTION('',(-1.,0.));
#124 = ( GEOMETRIC_REPRESENTATION_CONTEXT(2) 
PARAMETRIC_REPRESENTATION_CONTEXT() REPRESENTATION_CONTEXT('2D SPACE',''
  ) );
#125 = PCURVE('',#126,#131);
#126 = PLANE('',#127);
#127 = AXIS2_PLACEMENT_3D('',#128,#129,#130);
#128 = CARTESIAN_POINT('',(-27.20094323213,-7.540322580645,
    -1.693078486158));
#129 = DIRECTION('',(0.,0.,-1.));
#130 = DIRECTION('',(1.,0.,0.));
#131 = DEFINITIONAL_REPRESENTATION('',(#132),#136);
#132 = LINE('',#133,#134);
#133 = CARTESIAN_POINT('',(8.8,-4.));
#134 = VECTOR('',#135,1.);
#135 = DIRECTION('',(0.,-1.));
#136 = ( GEOMETRIC_REPRESENTATION_CONTEXT(2) 
PARAMETRIC_REPRESENTATION_CONTEXT() REPRESENTATION_CONTEXT('2D SPACE',''
  ) );
#137 = FACE_BOUND('',#138,.T.);
#138 = EDGE_LOOP('',(#139));
#139 = ORIENTED_EDGE('',*,*,#140,.T.);
#140 = EDGE_CURVE('',#141,#141,#143,.T.);
#141 = VERTEX_POINT('',#142);
#142 = CARTESIAN_POINT('',(-18.40094323213,2.859677419355,
    -4.293078486158));
#143 = SURFACE_CURVE('',#144,(#149,#156),.PCURVE_S1.);
#144 = CIRCLE('',#145,0.8);
#145 = AXIS2_PLACEMENT_3D('',#146,#147,#148);
#146 = CARTESIAN_POINT('',(-18.40094323213,3.659677419355,
    -4.293078486158));
#147 = DIRECTION('',(-1.,0.,0.));
#148 = DIRECTION('',(0.,1.,0.));
#149 = PCURVE('',#32,#150);
#150 = DEFINITIONAL_REPRESENTATION('',(#151),#155);
#151 = CIRCLE('',#152,0.8);
#152 = AXIS2_PLACEMENT_2D('',#153,#154);
#153 = CARTESIAN_POINT('',(-4.25,0.));
#154 = DIRECTION('',(-1.,0.));
#155 = ( GEOMETRIC_REPRESENTATION_CONTEXT(2) 
PARAMETRIC_REPRESENTATION_CONTEXT() REPRESENTATION_CONTEXT('2D SPACE',''
  ) );
#156 = PCURVE('',#157,#162);
#157 = CYLINDRICAL_SURFACE('',#158,0.8);
#158 = AXIS2_PLACEMENT_3D('',#159,#160,#161);
#159 = CARTESIAN_POINT('',(-15.90094323213,3.659677419355,
    -4.293078486158));
#160 = DIRECTION('',(-1.,0.,0.));
#161 = DIRECTION('',(0.,1.,0.));
#162 = DEFINITIONAL_REPRESENTATION('',(#163),#167);
#163 = LINE('',#164,#165);
#164 = CARTESIAN_POINT('',(-6.28318530718,2.5));
#165 = VECTOR('',#166,1.);
#166 = DIRECTION('',(1.,0.));
#167 = ( GEOMETRIC_REPRESENTATION_CONTEXT(2) 
PARAMETRIC_REPRESENTATION_CONTEXT() REPRESENTATION_CONTEXT('2D SPACE',''
  ) );
#168 = FACE_BOUND('',#169,.T.);
#169 = EDGE_LOOP('',(#170));
#170 = ORIENTED_EDGE('',*,*,#171,.T.);
#171 = EDGE_CURVE('',#172,#172,#174,.T.);
#172 = VERTEX_POINT('',#173);
#173 = CARTESIAN_POINT('',(-18.40094323213,-2.140322580645,
    -4.293078486158));
#174 = SURFACE_CURVE('',#175,(#180,#187),.PCURVE_S1.);
#175 = CIRCLE('',#176,0.8);
#176 = AXIS2_PLACEMENT_3D('',#177,#178,#179);
#177 = CARTESIAN_POINT('',(-18.40094323213,-1.340322580645,
    -4.293078486158));
#178 = DIRECTION('',(-1.,0.,0.));
#179 = DIRECTION('',(0.,1.,0.));
#180 = PCURVE('',#32,#181);
#181 = DEFINITIONAL_REPRESENTATION('',(#182),#186);
#182 = CIRCLE('',#183,0.8);
#183 = AXIS2_PLACEMENT_2D('',#184,#185);
#184 = CARTESIAN_POINT('',(0.75,0.));
#185 = DIRECTION('',(-1.,0.));
#186 = ( GEOMETRIC_REPRESENTATION_CONTEXT(2) 
PARAMETRIC_REPRESENTATION_CONTEXT() REPRESENTATION_CONTEXT('2D SPACE',''
  ) );
#187 = PCURVE('',#188,#193);
#188 = CYLINDRICAL_SURFACE('',#189,0.8);
#189 = AXIS2_PLACEMENT_3D('',#190,#191,#192);
#190 = CARTESIAN_POINT('',(-15.90094323213,-1.340322580645,
    -4.293078486158));
#191 = DIRECTION('',(-1.,0.,0.));
#192 = DIRECTION('',(0.,1.,0.));
#193 = DEFINITIONAL_REPRESENTATION('',(#194),#198);
#194 = LINE('',#195,#196);
#195 = CARTESIAN_POINT('',(-6.28318530718,2.5));
#196 = VECTOR('',#197,1.);
#197 = DIRECTION('',(1.,0.));
#198 = ( GEOMETRIC_REPRESENTATION_CONTEXT(2) 
PARAMETRIC_REPRESENTATION_CONTEXT() REPRESENTATION_CONTEXT('2D SPACE',''
  ) );
#199 = ADVANCED_FACE('',(#200),#44,.F.);
#200 = FACE_BOUND('',#201,.T.);
#201 = EDGE_LOOP('',(#202,#232,#253,#254));
#202 = ORIENTED_EDGE('',*,*,#203,.F.);
#203 = EDGE_CURVE('',#204,#206,#208,.T.);
#204 = VERTEX_POINT('',#205);
#205 = CARTESIAN_POINT('',(-19.00094323213,-3.540322580645,
    -6.893078486158));
#206 = VERTEX_POINT('',#207);
#207 = CARTESIAN_POINT('',(-19.00094323213,-3.540322580645,
    -1.693078486158));
#208 = SURFACE_CURVE('',#209,(#213,#220),.PCURVE_S1.);
#209 = LINE('',#210,#211);
#210 = CARTESIAN_POINT('',(-19.00094323213,-3.540322580645,
    -6.893078486158));
#211 = VECTOR('',#212,1.);
#212 = DIRECTION('',(0.,0.,1.));
#213 = PCURVE('',#44,#214);
#214 = DEFINITIONAL_REPRESENTATION('',(#215),#219);
#215 = LINE('',#216,#217);
#216 = CARTESIAN_POINT('',(0.6,0.));
#217 = VECTOR('',#218,1.);
#218 = DIRECTION('',(0.,1.));
#219 = ( GEOMETRIC_REPRESENTATION_CONTEXT(2) 
PARAMETRIC_REPRESENTATION_CONTEXT() REPRESENTATION_CONTEXT('2D SPACE',''
  ) );
#220 = PCURVE('',#221,#226);
#221 = PLANE('',#222);
#222 = AXIS2_PLACEMENT_3D('',#223,#224,#225);
#223 = CARTESIAN_POINT('',(-19.00094323213,-6.840322580645,
    -6.893078486158));
#224 = DIRECTION('',(-1.,0.,0.));
#225 = DIRECTION('',(0.,-1.,0.));
#226 = DEFINITIONAL_REPRESENTATION('',(#227),#231);
#227 = LINE('',#228,#229);
#228 = CARTESIAN_POINT('',(-3.3,0.));
#229 = VECTOR('',#230,1.);
#230 = DIRECTION('',(0.,1.));
#231 = ( GEOMETRIC_REPRESENTATION_CONTEXT(2) 
PARAMETRIC_REPRESENTATION_CONTEXT() REPRESENTATION_CONTEXT('2D SPACE',''
  ) );
#232 = ORIENTED_EDGE('',*,*,#233,.F.);
#233 = EDGE_CURVE('',#22,#204,#234,.T.);
#234 = SURFACE_CURVE('',#235,(#239,#246),.PCURVE_S1.);
#235 = LINE('',#236,#237);
#236 = CARTESIAN_POINT('',(-18.40094323213,-3.540322580645,
    -6.893078486158));
#237 = VECTOR('',#238,1.);
#238 = DIRECTION('',(-1.,0.,0.));
#239 = PCURVE('',#44,#240);
#240 = DEFINITIONAL_REPRESENTATION('',(#241),#245);
#241 = LINE('',#242,#243);
#242 = CARTESIAN_POINT('',(0.,0.));
#243 = VECTOR('',#244,1.);
#244 = DIRECTION('',(1.,0.));
#245 = ( GEOMETRIC_REPRESENTATION_CONTEXT(2) 
PARAMETRIC_REPRESENTATION_CONTEXT() REPRESENTATION_CONTEXT('2D SPACE',''
  ) );
#246 = PCURVE('',#72,#247);
#247 = DEFINITIONAL_REPRESENTATION('',(#248),#252);
#248 = LINE('',#249,#250);
#249 = CARTESIAN_POINT('',(-4.,8.8));
#250 = VECTOR('',#251,1.);
#251 = DIRECTION('',(0.,-1.));
#252 = ( GEOMETRIC_REPRESENTATION_CONTEXT(2) 
PARAMETRIC_REPRESENTATION_CONTEXT() REPRESENTATION_CONTEXT('2D SPACE',''
  ) );
#253 = ORIENTED_EDGE('',*,*,#21,.T.);
#254 = ORIENTED_EDGE('',*,*,#255,.T.);
#255 = EDGE_CURVE('',#24,#206,#256,.T.);
#256 = SURFACE_CURVE('',#257,(#261,#268),.PCURVE_S1.);
#257 = LINE('',#258,#259);
#258 = CARTESIAN_POINT('',(-18.40094323213,-3.540322580645,
    -1.693078486158));
#259 = VECTOR('',#260,1.);
#260 = DIRECTION('',(-1.,0.,0.));
#261 = PCURVE('',#44,#262);
#262 = DEFINITIONAL_REPRESENTATION('',(#263),#267);
#263 = LINE('',#264,#265);
#264 = CARTESIAN_POINT('',(0.,5.2));
#265 = VECTOR('',#266,1.);
#266 = DIRECTION('',(1.,0.));
#267 = ( GEOMETRIC_REPRESENTATION_CONTEXT(2) 
PARAMETRIC_REPRESENTATION_CONTEXT() REPRESENTATION_CONTEXT('2D SPACE',''
  ) );
#268 = PCURVE('',#126,#269);
#269 = DEFINITIONAL_REPRESENTATION('',(#270),#274);
#270 = LINE('',#271,#272);
#271 = CARTESIAN_POINT('',(8.8,-4.));
#272 = VECTOR('',#273,1.);
#273 = DIRECTION('',(-1.,0.));
#274 = ( GEOMETRIC_REPRESENTATION_CONTEXT(2) 
PARAMETRIC_REPRESENTATION_CONTEXT() REPRESENTATION_CONTEXT('2D SPACE',''
  ) );
#275 = ADVANCED_FACE('',(#276,#351,#465),#221,.F.);
#276 = FACE_BOUND('',#277,.T.);
#277 = EDGE_LOOP('',(#278,#308,#329,#330));
#278 = ORIENTED_EDGE('',*,*,#279,.F.);
#279 = EDGE_CURVE('',#280,#282,#284,.T.);
#280 = VERTEX_POINT('',#281);
#281 = CARTESIAN_POINT('',(-19.00094323213,-6.840322580645,
    -6.893078486158));
#282 = VERTEX_POINT('',#283);
#283 = CARTESIAN_POINT('',(-19.00094323213,-6.840322580645,
    -1.693078486158));
#284 = SURFACE_CURVE('',#285,(#289,#296),.PCURVE_S1.);
#285 = LINE('',#286,#287);
#286 = CARTESIAN_POINT('',(-19.00094323213,-6.840322580645,
    -6.893078486158));
#287 = VECTOR('',#288,1.);
#288 = DIRECTION('',(0.,0.,1.));
#289 = PCURVE('',#221,#290);
#290 = DEFINITIONAL_REPRESENTATION('',(#291),#295);
#291 = LINE('',#292,#293);
#292 = CARTESIAN_POINT('',(0.,0.));
#293 = VECTOR('',#294,1.);
#294 = DIRECTION('',(0.,1.));
#295 = ( GEOMETRIC_REPRESENTATION_CONTEXT(2) 
PARAMETRIC_REPRESENTATION_CONTEXT() REPRESENTATION_CONTEXT('2D SPACE',''
  ) );
#296 = PCURVE('',#297,#302);
#297 = PLANE('',#298);
#298 = AXIS2_PLACEMENT_3D('',#299,#300,#301);
#299 = CARTESIAN_POINT('',(-23.50094323213,-6.840322580645,
    -6.893078486158));
#300 = DIRECTION('',(0.,1.,0.));
#301 = DIRECTION('',(-1.,0.,0.));
#302 = DEFINITIONAL_REPRESENTATION('',(#303),#307);
#303 = LINE('',#304,#305);
#304 = CARTESIAN_POINT('',(-4.5,0.));
#305 = VECTOR('',#306,1.);
#306 = DIRECTION('',(0.,1.));
#307 = ( GEOMETRIC_REPRESENTATION_CONTEXT(2) 
PARAMETRIC_REPRESENTATION_CONTEXT() REPRESENTATION_CONTEXT('2D SPACE',''
  ) );
#308 = ORIENTED_EDGE('',*,*,#309,.F.);
#309 = EDGE_CURVE('',#204,#280,#310,.T.);
#310 = SURFACE_CURVE('',#311,(#315,#322),.PCURVE_S1.);
#311 = LINE('',#312,#313);
#312 = CARTESIAN_POINT('',(-19.00094323213,-3.540322580645,
    -6.893078486158));
#313 = VECTOR('',#314,1.);
#314 = DIRECTION('',(0.,-1.,0.));
#315 = PCURVE('',#221,#316);
#316 = DEFINITIONAL_REPRESENTATION('',(#317),#321);
#317 = LINE('',#318,#319);
#318 = CARTESIAN_POINT('',(-3.3,0.));
#319 = VECTOR('',#320,1.);
#320 = DIRECTION('',(1.,0.));
#321 = ( GEOMETRIC_REPRESENTATION_CONTEXT(2) 
PARAMETRIC_REPRESENTATION_CONTEXT() REPRESENTATION_CONTEXT('2D SPACE',''
  ) );
#322 = PCURVE('',#72,#323);
#323 = DEFINITIONAL_REPRESENTATION('',(#324),#328);
#324 = LINE('',#325,#326);
#325 = CARTESIAN_POINT('',(-4.,8.2));
#326 = VECTOR('',#327,1.);
#327 = DIRECTION('',(1.,0.));
#328 = ( GEOMETRIC_REPRESENTATION_CONTEXT(2) 
PARAMETRIC_REPRESENTATION_CONTEXT() REPRESENTATION_CONTEXT('2D SPACE',''
  ) );
#329 = ORIENTED_EDGE('',*,*,#203,.T.);
#330 = ORIENTED_EDGE('',*,*,#331,.T.);
#331 = EDGE_CURVE('',#206,#282,#332,.T.);
#332 = SURFACE_CURVE('',#333,(#337,#344),.PCURVE_S1.);
#333 = LINE('',#334,#335);
#334 = CARTESIAN_POINT('',(-19.00094323213,-3.540322580645,
    -1.693078486158));
#335 = VECTOR('',#336,1.);
#336 = DIRECTION('',(0.,-1.,0.));
#337 = PCURVE('',#221,#338);
#338 = DEFINITIONAL_REPRESENTATION('',(#339),#343);
#339 = LINE('',#340,#341);
#340 = CARTESIAN_POINT('',(-3.3,5.2));
#341 = VECTOR('',#342,1.);
#342 = DIRECTION('',(1.,0.));
#343 = ( GEOMETRIC_REPRESENTATION_CONTEXT(2) 
PARAMETRIC_REPRESENTATION_CONTEXT() REPRESENTATION_CONTEXT('2D SPACE',''
  ) );
#344 = PCURVE('',#126,#345);
#345 = DEFINITIONAL_REPRESENTATION('',(#346),#350);
#346 = LINE('',#347,#348);
#347 = CARTESIAN_POINT('',(8.2,-4.));
#348 = VECTOR('',#349,1.);
#349 = DIRECTION('',(0.,1.));
#350 = ( GEOMETRIC_REPRESENTATION_CONTEXT(2) 
PARAMETRIC_REPRESENTATION_CONTEXT() REPRESENTATION_CONTEXT('2D SPACE',''
  ) );
#351 = FACE_BOUND('',#352,.T.);
#352 = EDGE_LOOP('',(#353,#383,#411,#439));
#353 = ORIENTED_EDGE('',*,*,#354,.T.);
#354 = EDGE_CURVE('',#355,#357,#359,.T.);
#355 = VERTEX_POINT('',#356);
#356 = CARTESIAN_POINT('',(-19.00094323213,-5.390322580645,
    -5.493078486158));
#357 = VERTEX_POINT('',#358);
#358 = CARTESIAN_POINT('',(-19.00094323213,-5.390322580645,
    -5.093078486158));
#359 = SURFACE_CURVE('',#360,(#364,#371),.PCURVE_S1.);
#360 = LINE('',#361,#362);
#361 = CARTESIAN_POINT('',(-19.00094323213,-5.390322580645,
    -5.493078486158));
#362 = VECTOR('',#363,1.);
#363 = DIRECTION('',(0.,1.7763568394E-14,1.));
#364 = PCURVE('',#221,#365);
#365 = DEFINITIONAL_REPRESENTATION('',(#366),#370);
#366 = LINE('',#367,#368);
#367 = CARTESIAN_POINT('',(-1.45,1.4));
#368 = VECTOR('',#369,1.);
#369 = DIRECTION('',(-1.7763568394E-14,1.));
#370 = ( GEOMETRIC_REPRESENTATION_CONTEXT(2) 
PARAMETRIC_REPRESENTATION_CONTEXT() REPRESENTATION_CONTEXT('2D SPACE',''
  ) );
#371 = PCURVE('',#372,#377);
#372 = PLANE('',#373);
#373 = AXIS2_PLACEMENT_3D('',#374,#375,#376);
#374 = CARTESIAN_POINT('',(-25.00094323213,-5.390322580645,
    -5.493078486158));
#375 = DIRECTION('',(0.,-1.,0.));
#376 = DIRECTION('',(0.,0.,1.));
#377 = DEFINITIONAL_REPRESENTATION('',(#378),#382);
#378 = LINE('',#379,#380);
#379 = CARTESIAN_POINT('',(0.,-6.));
#380 = VECTOR('',#381,1.);
#381 = DIRECTION('',(1.,0.));
#382 = ( GEOMETRIC_REPRESENTATION_CONTEXT(2) 
PARAMETRIC_REPRESENTATION_CONTEXT() REPRESENTATION_CONTEXT('2D SPACE',''
  ) );
#383 = ORIENTED_EDGE('',*,*,#384,.T.);
#384 = EDGE_CURVE('',#357,#385,#387,.T.);
#385 = VERTEX_POINT('',#386);
#386 = CARTESIAN_POINT('',(-19.00094323213,-4.990322580645,
    -5.093078486158));
#387 = SURFACE_CURVE('',#388,(#392,#399),.PCURVE_S1.);
#388 = LINE('',#389,#390);
#389 = CARTESIAN_POINT('',(-19.00094323213,-5.390322580645,
    -5.093078486158));
#390 = VECTOR('',#391,1.);
#391 = DIRECTION('',(0.,1.,0.));
#392 = PCURVE('',#221,#393);
#393 = DEFINITIONAL_REPRESENTATION('',(#394),#398);
#394 = LINE('',#395,#396);
#395 = CARTESIAN_POINT('',(-1.45,1.8));
#396 = VECTOR('',#397,1.);
#397 = DIRECTION('',(-1.,0.));
#398 = ( GEOMETRIC_REPRESENTATION_CONTEXT(2) 
PARAMETRIC_REPRESENTATION_CONTEXT() REPRESENTATION_CONTEXT('2D SPACE',''
  ) );
#399 = PCURVE('',#400,#405);
#400 = PLANE('',#401);
#401 = AXIS2_PLACEMENT_3D('',#402,#403,#404);
#402 = CARTESIAN_POINT('',(-25.00094323213,-5.390322580645,
    -5.093078486158));
#403 = DIRECTION('',(0.,0.,1.));
#404 = DIRECTION('',(0.,-1.,0.));
#405 = DEFINITIONAL_REPRESENTATION('',(#406),#410);
#406 = LINE('',#407,#408);
#407 = CARTESIAN_POINT('',(0.,6.));
#408 = VECTOR('',#409,1.);
#409 = DIRECTION('',(-1.,0.));
#410 = ( GEOMETRIC_REPRESENTATION_CONTEXT(2) 
PARAMETRIC_REPRESENTATION_CONTEXT() REPRESENTATION_CONTEXT('2D SPACE',''
  ) );
#411 = ORIENTED_EDGE('',*,*,#412,.T.);
#412 = EDGE_CURVE('',#385,#413,#415,.T.);
#413 = VERTEX_POINT('',#414);
#414 = CARTESIAN_POINT('',(-19.00094323213,-4.990322580645,
    -5.493078486158));
#415 = SURFACE_CURVE('',#416,(#420,#427),.PCURVE_S1.);
#416 = LINE('',#417,#418);
#417 = CARTESIAN_POINT('',(-19.00094323213,-4.990322580645,
    -5.093078486158));
#418 = VECTOR('',#419,1.);
#419 = DIRECTION('',(0.,2.22044604925E-14,-1.));
#420 = PCURVE('',#221,#421);
#421 = DEFINITIONAL_REPRESENTATION('',(#422),#426);
#422 = LINE('',#423,#424);
#423 = CARTESIAN_POINT('',(-1.85,1.8));
#424 = VECTOR('',#425,1.);
#425 = DIRECTION('',(-2.22044604925E-14,-1.));
#426 = ( GEOMETRIC_REPRESENTATION_CONTEXT(2) 
PARAMETRIC_REPRESENTATION_CONTEXT() REPRESENTATION_CONTEXT('2D SPACE',''
  ) );
#427 = PCURVE('',#428,#433);
#428 = PLANE('',#429);
#429 = AXIS2_PLACEMENT_3D('',#430,#431,#432);
#430 = CARTESIAN_POINT('',(-25.00094323213,-4.990322580645,
    -5.493078486158));
#431 = DIRECTION('',(0.,1.,0.));
#432 = DIRECTION('',(-1.,0.,0.));
#433 = DEFINITIONAL_REPRESENTATION('',(#434),#438);
#434 = LINE('',#435,#436);
#435 = CARTESIAN_POINT('',(-6.,0.4));
#436 = VECTOR('',#437,1.);
#437 = DIRECTION('',(0.,-1.));
#438 = ( GEOMETRIC_REPRESENTATION_CONTEXT(2) 
PARAMETRIC_REPRESENTATION_CONTEXT() REPRESENTATION_CONTEXT('2D SPACE',''
  ) );
#439 = ORIENTED_EDGE('',*,*,#440,.T.);
#440 = EDGE_CURVE('',#413,#355,#441,.T.);
#441 = SURFACE_CURVE('',#442,(#446,#453),.PCURVE_S1.);
#442 = LINE('',#443,#444);
#443 = CARTESIAN_POINT('',(-19.00094323213,-4.990322580645,
    -5.493078486158));
#444 = VECTOR('',#445,1.);
#445 = DIRECTION('',(0.,-1.,0.));
#446 = PCURVE('',#221,#447);
#447 = DEFINITIONAL_REPRESENTATION('',(#448),#452);
#448 = LINE('',#449,#450);
#449 = CARTESIAN_POINT('',(-1.85,1.4));
#450 = VECTOR('',#451,1.);
#451 = DIRECTION('',(1.,0.));
#452 = ( GEOMETRIC_REPRESENTATION_CONTEXT(2) 
PARAMETRIC_REPRESENTATION_CONTEXT() REPRESENTATION_CONTEXT('2D SPACE',''
  ) );
#453 = PCURVE('',#454,#459);
#454 = PLANE('',#455);
#455 = AXIS2_PLACEMENT_3D('',#456,#457,#458);
#456 = CARTESIAN_POINT('',(-25.00094323213,-5.390322580645,
    -5.493078486158));
#457 = DIRECTION('',(0.,0.,-1.));
#458 = DIRECTION('',(1.,0.,0.));
#459 = DEFINITIONAL_REPRESENTATION('',(#460),#464);
#460 = LINE('',#461,#462);
#461 = CARTESIAN_POINT('',(6.,-0.4));
#462 = VECTOR('',#463,1.);
#463 = DIRECTION('',(0.,1.));
#464 = ( GEOMETRIC_REPRESENTATION_CONTEXT(2) 
PARAMETRIC_REPRESENTATION_CONTEXT() REPRESENTATION_CONTEXT('2D SPACE',''
  ) );
#465 = FACE_BOUND('',#466,.T.);
#466 = EDGE_LOOP('',(#467,#497,#525,#553));
#467 = ORIENTED_EDGE('',*,*,#468,.T.);
#468 = EDGE_CURVE('',#469,#471,#473,.T.);
#469 = VERTEX_POINT('',#470);
#470 = CARTESIAN_POINT('',(-19.00094323213,-4.990322580645,
    -3.093078486158));
#471 = VERTEX_POINT('',#472);
#472 = CARTESIAN_POINT('',(-19.00094323213,-4.990322580645,
    -3.493078486158));
#473 = SURFACE_CURVE('',#474,(#478,#485),.PCURVE_S1.);
#474 = LINE('',#475,#476);
#475 = CARTESIAN_POINT('',(-19.00094323213,-4.990322580645,
    -3.093078486158));
#476 = VECTOR('',#477,1.);
#477 = DIRECTION('',(0.,-2.220446049251E-14,-1.));
#478 = PCURVE('',#221,#479);
#479 = DEFINITIONAL_REPRESENTATION('',(#480),#484);
#480 = LINE('',#481,#482);
#481 = CARTESIAN_POINT('',(-1.85,3.8));
#482 = VECTOR('',#483,1.);
#483 = DIRECTION('',(2.220446049251E-14,-1.));
#484 = ( GEOMETRIC_REPRESENTATION_CONTEXT(2) 
PARAMETRIC_REPRESENTATION_CONTEXT() REPRESENTATION_CONTEXT('2D SPACE',''
  ) );
#485 = PCURVE('',#486,#491);
#486 = PLANE('',#487);
#487 = AXIS2_PLACEMENT_3D('',#488,#489,#490);
#488 = CARTESIAN_POINT('',(-25.00094323213,-4.990322580645,
    -3.093078486158));
#489 = DIRECTION('',(0.,1.,0.));
#490 = DIRECTION('',(-1.,0.,0.));
#491 = DEFINITIONAL_REPRESENTATION('',(#492),#496);
#492 = LINE('',#493,#494);
#493 = CARTESIAN_POINT('',(-6.,0.));
#494 = VECTOR('',#495,1.);
#495 = DIRECTION('',(0.,-1.));
#496 = ( GEOMETRIC_REPRESENTATION_CONTEXT(2) 
PARAMETRIC_REPRESENTATION_CONTEXT() REPRESENTATION_CONTEXT('2D SPACE',''
  ) );
#497 = ORIENTED_EDGE('',*,*,#498,.T.);
#498 = EDGE_CURVE('',#471,#499,#501,.T.);
#499 = VERTEX_POINT('',#500);
#500 = CARTESIAN_POINT('',(-19.00094323213,-5.390322580645,
    -3.493078486158));
#501 = SURFACE_CURVE('',#502,(#506,#513),.PCURVE_S1.);
#502 = LINE('',#503,#504);
#503 = CARTESIAN_POINT('',(-19.00094323213,-4.990322580645,
    -3.493078486158));
#504 = VECTOR('',#505,1.);
#505 = DIRECTION('',(0.,-1.,-6.439293542826E-14));
#506 = PCURVE('',#221,#507);
#507 = DEFINITIONAL_REPRESENTATION('',(#508),#512);
#508 = LINE('',#509,#510);
#509 = CARTESIAN_POINT('',(-1.85,3.4));
#510 = VECTOR('',#511,1.);
#511 = DIRECTION('',(1.,-6.439293542826E-14));
#512 = ( GEOMETRIC_REPRESENTATION_CONTEXT(2) 
PARAMETRIC_REPRESENTATION_CONTEXT() REPRESENTATION_CONTEXT('2D SPACE',''
  ) );
#513 = PCURVE('',#514,#519);
#514 = PLANE('',#515);
#515 = AXIS2_PLACEMENT_3D('',#516,#517,#518);
#516 = CARTESIAN_POINT('',(-25.00094323213,-5.390322580645,
    -3.493078486158));
#517 = DIRECTION('',(0.,0.,-1.));
#518 = DIRECTION('',(1.,0.,0.));
#519 = DEFINITIONAL_REPRESENTATION('',(#520),#524);
#520 = LINE('',#521,#522);
#521 = CARTESIAN_POINT('',(6.,-0.4));
#522 = VECTOR('',#523,1.);
#523 = DIRECTION('',(0.,1.));
#524 = ( GEOMETRIC_REPRESENTATION_CONTEXT(2) 
PARAMETRIC_REPRESENTATION_CONTEXT() REPRESENTATION_CONTEXT('2D SPACE',''
  ) );
#525 = ORIENTED_EDGE('',*,*,#526,.T.);
#526 = EDGE_CURVE('',#499,#527,#529,.T.);
#527 = VERTEX_POINT('',#528);
#528 = CARTESIAN_POINT('',(-19.00094323213,-5.390322580645,
    -3.093078486158));
#529 = SURFACE_CURVE('',#530,(#534,#541),.PCURVE_S1.);
#530 = LINE('',#531,#532);
#531 = CARTESIAN_POINT('',(-19.00094323213,-5.390322580645,
    -3.493078486158));
#532 = VECTOR('',#533,1.);
#533 = DIRECTION('',(0.,-2.442490654176E-14,1.));
#534 = PCURVE('',#221,#535);
#535 = DEFINITIONAL_REPRESENTATION('',(#536),#540);
#536 = LINE('',#537,#538);
#537 = CARTESIAN_POINT('',(-1.45,3.4));
#538 = VECTOR('',#539,1.);
#539 = DIRECTION('',(2.442490654176E-14,1.));
#540 = ( GEOMETRIC_REPRESENTATION_CONTEXT(2) 
PARAMETRIC_REPRESENTATION_CONTEXT() REPRESENTATION_CONTEXT('2D SPACE',''
  ) );
#541 = PCURVE('',#542,#547);
#542 = PLANE('',#543);
#543 = AXIS2_PLACEMENT_3D('',#544,#545,#546);
#544 = CARTESIAN_POINT('',(-25.00094323213,-5.390322580645,
    -3.093078486158));
#545 = DIRECTION('',(0.,-1.,0.));
#546 = DIRECTION('',(0.,0.,1.));
#547 = DEFINITIONAL_REPRESENTATION('',(#548),#552);
#548 = LINE('',#549,#550);
#549 = CARTESIAN_POINT('',(-0.4,-6.));
#550 = VECTOR('',#551,1.);
#551 = DIRECTION('',(1.,0.));
#552 = ( GEOMETRIC_REPRESENTATION_CONTEXT(2) 
PARAMETRIC_REPRESENTATION_CONTEXT() REPRESENTATION_CONTEXT('2D SPACE',''
  ) );
#553 = ORIENTED_EDGE('',*,*,#554,.T.);
#554 = EDGE_CURVE('',#527,#469,#555,.T.);
#555 = SURFACE_CURVE('',#556,(#560,#567),.PCURVE_S1.);
#556 = LINE('',#557,#558);
#557 = CARTESIAN_POINT('',(-19.00094323213,-5.390322580645,
    -3.093078486158));
#558 = VECTOR('',#559,1.);
#559 = DIRECTION('',(0.,1.,-1.554312234475E-14));
#560 = PCURVE('',#221,#561);
#561 = DEFINITIONAL_REPRESENTATION('',(#562),#566);
#562 = LINE('',#563,#564);
#563 = CARTESIAN_POINT('',(-1.45,3.8));
#564 = VECTOR('',#565,1.);
#565 = DIRECTION('',(-1.,-1.554312234475E-14));
#566 = ( GEOMETRIC_REPRESENTATION_CONTEXT(2) 
PARAMETRIC_REPRESENTATION_CONTEXT() REPRESENTATION_CONTEXT('2D SPACE',''
  ) );
#567 = PCURVE('',#568,#573);
#568 = PLANE('',#569);
#569 = AXIS2_PLACEMENT_3D('',#570,#571,#572);
#570 = CARTESIAN_POINT('',(-25.00094323213,-5.390322580645,
    -3.093078486158));
#571 = DIRECTION('',(0.,0.,1.));
#572 = DIRECTION('',(0.,-1.,0.));
#573 = DEFINITIONAL_REPRESENTATION('',(#574),#578);
#574 = LINE('',#575,#576);
#575 = CARTESIAN_POINT('',(0.,6.));
#576 = VECTOR('',#577,1.);
#577 = DIRECTION('',(-1.,0.));
#578 = ( GEOMETRIC_REPRESENTATION_CONTEXT(2) 
PARAMETRIC_REPRESENTATION_CONTEXT() REPRESENTATION_CONTEXT('2D SPACE',''
  ) );
#579 = ADVANCED_FACE('',(#580),#297,.F.);
#580 = FACE_BOUND('',#581,.T.);
#581 = EDGE_LOOP('',(#582,#583,#606,#634,#662,#690));
#582 = ORIENTED_EDGE('',*,*,#279,.T.);
#583 = ORIENTED_EDGE('',*,*,#584,.T.);
#584 = EDGE_CURVE('',#282,#585,#587,.T.);
#585 = VERTEX_POINT('',#586);
#586 = CARTESIAN_POINT('',(-23.50094323213,-6.840322580645,
    -1.693078486158));
#587 = SURFACE_CURVE('',#588,(#592,#599),.PCURVE_S1.);
#588 = LINE('',#589,#590);
#589 = CARTESIAN_POINT('',(-19.00094323213,-6.840322580645,
    -1.693078486158));
#590 = VECTOR('',#591,1.);
#591 = DIRECTION('',(-1.,0.,0.));
#592 = PCURVE('',#297,#593);
#593 = DEFINITIONAL_REPRESENTATION('',(#594),#598);
#594 = LINE('',#595,#596);
#595 = CARTESIAN_POINT('',(-4.5,5.2));
#596 = VECTOR('',#597,1.);
#597 = DIRECTION('',(1.,0.));
#598 = ( GEOMETRIC_REPRESENTATION_CONTEXT(2) 
PARAMETRIC_REPRESENTATION_CONTEXT() REPRESENTATION_CONTEXT('2D SPACE',''
  ) );
#599 = PCURVE('',#126,#600);
#600 = DEFINITIONAL_REPRESENTATION('',(#601),#605);
#601 = LINE('',#602,#603);
#602 = CARTESIAN_POINT('',(8.2,-0.7));
#603 = VECTOR('',#604,1.);
#604 = DIRECTION('',(-1.,0.));
#605 = ( GEOMETRIC_REPRESENTATION_CONTEXT(2) 
PARAMETRIC_REPRESENTATION_CONTEXT() REPRESENTATION_CONTEXT('2D SPACE',''
  ) );
#606 = ORIENTED_EDGE('',*,*,#607,.F.);
#607 = EDGE_CURVE('',#608,#585,#610,.T.);
#608 = VERTEX_POINT('',#609);
#609 = CARTESIAN_POINT('',(-23.50094323213,-6.840322580645,
    -3.993078486158));
#610 = SURFACE_CURVE('',#611,(#615,#622),.PCURVE_S1.);
#611 = LINE('',#612,#613);
#612 = CARTESIAN_POINT('',(-23.50094323213,-6.840322580645,
    -3.993078486158));
#613 = VECTOR('',#614,1.);
#614 = DIRECTION('',(0.,0.,1.));
#615 = PCURVE('',#297,#616);
#616 = DEFINITIONAL_REPRESENTATION('',(#617),#621);
#617 = LINE('',#618,#619);
#618 = CARTESIAN_POINT('',(0.,2.9));
#619 = VECTOR('',#620,1.);
#620 = DIRECTION('',(0.,1.));
#621 = ( GEOMETRIC_REPRESENTATION_CONTEXT(2) 
PARAMETRIC_REPRESENTATION_CONTEXT() REPRESENTATION_CONTEXT('2D SPACE',''
  ) );
#622 = PCURVE('',#623,#628);
#623 = PLANE('',#624);
#624 = AXIS2_PLACEMENT_3D('',#625,#626,#627);
#625 = CARTESIAN_POINT('',(-24.20094323213,-7.540322580645,
    -6.893078486158));
#626 = DIRECTION('',(-0.707106781187,0.707106781187,0.));
#627 = DIRECTION('',(0.,0.,1.));
#628 = DEFINITIONAL_REPRESENTATION('',(#629),#633);
#629 = LINE('',#630,#631);
#630 = CARTESIAN_POINT('',(2.9,0.989949493661));
#631 = VECTOR('',#632,1.);
#632 = DIRECTION('',(1.,0.));
#633 = ( GEOMETRIC_REPRESENTATION_CONTEXT(2) 
PARAMETRIC_REPRESENTATION_CONTEXT() REPRESENTATION_CONTEXT('2D SPACE',''
  ) );
#634 = ORIENTED_EDGE('',*,*,#635,.F.);
#635 = EDGE_CURVE('',#636,#608,#638,.T.);
#636 = VERTEX_POINT('',#637);
#637 = CARTESIAN_POINT('',(-23.50094323213,-6.840322580645,
    -4.593078486158));
#638 = SURFACE_CURVE('',#639,(#643,#650),.PCURVE_S1.);
#639 = LINE('',#640,#641);
#640 = CARTESIAN_POINT('',(-23.50094323213,-6.840322580645,
    -4.593078486158));
#641 = VECTOR('',#642,1.);
#642 = DIRECTION('',(0.,0.,1.));
#643 = PCURVE('',#297,#644);
#644 = DEFINITIONAL_REPRESENTATION('',(#645),#649);
#645 = LINE('',#646,#647);
#646 = CARTESIAN_POINT('',(0.,2.3));
#647 = VECTOR('',#648,1.);
#648 = DIRECTION('',(0.,1.));
#649 = ( GEOMETRIC_REPRESENTATION_CONTEXT(2) 
PARAMETRIC_REPRESENTATION_CONTEXT() REPRESENTATION_CONTEXT('2D SPACE',''
  ) );
#650 = PCURVE('',#651,#656);
#651 = PLANE('',#652);
#652 = AXIS2_PLACEMENT_3D('',#653,#654,#655);
#653 = CARTESIAN_POINT('',(-23.50094323213,-8.340322580645,
    -4.593078486158));
#654 = DIRECTION('',(-1.,0.,0.));
#655 = DIRECTION('',(0.,-1.,0.));
#656 = DEFINITIONAL_REPRESENTATION('',(#657),#661);
#657 = LINE('',#658,#659);
#658 = CARTESIAN_POINT('',(-1.5,0.));
#659 = VECTOR('',#660,1.);
#660 = DIRECTION('',(0.,1.));
#661 = ( GEOMETRIC_REPRESENTATION_CONTEXT(2) 
PARAMETRIC_REPRESENTATION_CONTEXT() REPRESENTATION_CONTEXT('2D SPACE',''
  ) );
#662 = ORIENTED_EDGE('',*,*,#663,.F.);
#663 = EDGE_CURVE('',#664,#636,#666,.T.);
#664 = VERTEX_POINT('',#665);
#665 = CARTESIAN_POINT('',(-23.50094323213,-6.840322580645,
    -6.893078486158));
#666 = SURFACE_CURVE('',#667,(#671,#678),.PCURVE_S1.);
#667 = LINE('',#668,#669);
#668 = CARTESIAN_POINT('',(-23.50094323213,-6.840322580645,
    -6.893078486158));
#669 = VECTOR('',#670,1.);
#670 = DIRECTION('',(0.,0.,1.));
#671 = PCURVE('',#297,#672);
#672 = DEFINITIONAL_REPRESENTATION('',(#673),#677);
#673 = LINE('',#674,#675);
#674 = CARTESIAN_POINT('',(0.,0.));
#675 = VECTOR('',#676,1.);
#676 = DIRECTION('',(0.,1.));
#677 = ( GEOMETRIC_REPRESENTATION_CONTEXT(2) 
PARAMETRIC_REPRESENTATION_CONTEXT() REPRESENTATION_CONTEXT('2D SPACE',''
  ) );
#678 = PCURVE('',#679,#684);
#679 = PLANE('',#680);
#680 = AXIS2_PLACEMENT_3D('',#681,#682,#683);
#681 = CARTESIAN_POINT('',(-24.20094323213,-7.540322580645,
    -6.893078486158));
#682 = DIRECTION('',(-0.707106781187,0.707106781187,0.));
#683 = DIRECTION('',(0.,0.,1.));
#684 = DEFINITIONAL_REPRESENTATION('',(#685),#689);
#685 = LINE('',#686,#687);
#686 = CARTESIAN_POINT('',(0.,0.989949493661));
#687 = VECTOR('',#688,1.);
#688 = DIRECTION('',(1.,0.));
#689 = ( GEOMETRIC_REPRESENTATION_CONTEXT(2) 
PARAMETRIC_REPRESENTATION_CONTEXT() REPRESENTATION_CONTEXT('2D SPACE',''
  ) );
#690 = ORIENTED_EDGE('',*,*,#691,.F.);
#691 = EDGE_CURVE('',#280,#664,#692,.T.);
#692 = SURFACE_CURVE('',#693,(#697,#704),.PCURVE_S1.);
#693 = LINE('',#694,#695);
#694 = CARTESIAN_POINT('',(-19.00094323213,-6.840322580645,
    -6.893078486158));
#695 = VECTOR('',#696,1.);
#696 = DIRECTION('',(-1.,0.,0.));
#697 = PCURVE('',#297,#698);
#698 = DEFINITIONAL_REPRESENTATION('',(#699),#703);
#699 = LINE('',#700,#701);
#700 = CARTESIAN_POINT('',(-4.5,0.));
#701 = VECTOR('',#702,1.);
#702 = DIRECTION('',(1.,0.));
#703 = ( GEOMETRIC_REPRESENTATION_CONTEXT(2) 
PARAMETRIC_REPRESENTATION_CONTEXT() REPRESENTATION_CONTEXT('2D SPACE',''
  ) );
#704 = PCURVE('',#72,#705);
#705 = DEFINITIONAL_REPRESENTATION('',(#706),#710);
#706 = LINE('',#707,#708);
#707 = CARTESIAN_POINT('',(-0.7,8.2));
#708 = VECTOR('',#709,1.);
#709 = DIRECTION('',(0.,-1.));
#710 = ( GEOMETRIC_REPRESENTATION_CONTEXT(2) 
PARAMETRIC_REPRESENTATION_CONTEXT() REPRESENTATION_CONTEXT('2D SPACE',''
  ) );
#711 = ADVANCED_FACE('',(#712),#72,.F.);
#712 = FACE_BOUND('',#713,.T.);
#713 = EDGE_LOOP('',(#714,#715,#716,#739,#767,#795,#816,#817));
#714 = ORIENTED_EDGE('',*,*,#309,.T.);
#715 = ORIENTED_EDGE('',*,*,#691,.T.);
#716 = ORIENTED_EDGE('',*,*,#717,.T.);
#717 = EDGE_CURVE('',#664,#718,#720,.T.);
#718 = VERTEX_POINT('',#719);
#719 = CARTESIAN_POINT('',(-24.20094323213,-7.540322580645,
    -6.893078486158));
#720 = SURFACE_CURVE('',#721,(#725,#732),.PCURVE_S1.);
#721 = LINE('',#722,#723);
#722 = CARTESIAN_POINT('',(-23.50094323213,-6.840322580645,
    -6.893078486158));
#723 = VECTOR('',#724,1.);
#724 = DIRECTION('',(-0.707106781187,-0.707106781187,0.));
#725 = PCURVE('',#72,#726);
#726 = DEFINITIONAL_REPRESENTATION('',(#727),#731);
#727 = LINE('',#728,#729);
#728 = CARTESIAN_POINT('',(-0.7,3.7));
#729 = VECTOR('',#730,1.);
#730 = DIRECTION('',(0.707106781187,-0.707106781187));
#731 = ( GEOMETRIC_REPRESENTATION_CONTEXT(2) 
PARAMETRIC_REPRESENTATION_CONTEXT() REPRESENTATION_CONTEXT('2D SPACE',''
  ) );
#732 = PCURVE('',#679,#733);
#733 = DEFINITIONAL_REPRESENTATION('',(#734),#738);
#734 = LINE('',#735,#736);
#735 = CARTESIAN_POINT('',(0.,0.989949493661));
#736 = VECTOR('',#737,1.);
#737 = DIRECTION('',(0.,-1.));
#738 = ( GEOMETRIC_REPRESENTATION_CONTEXT(2) 
PARAMETRIC_REPRESENTATION_CONTEXT() REPRESENTATION_CONTEXT('2D SPACE',''
  ) );
#739 = ORIENTED_EDGE('',*,*,#740,.F.);
#740 = EDGE_CURVE('',#741,#718,#743,.T.);
#741 = VERTEX_POINT('',#742);
#742 = CARTESIAN_POINT('',(-27.20094323213,-7.540322580645,
    -6.893078486158));
#743 = SURFACE_CURVE('',#744,(#748,#755),.PCURVE_S1.);
#744 = LINE('',#745,#746);
#745 = CARTESIAN_POINT('',(-27.20094323213,-7.540322580645,
    -6.893078486158));
#746 = VECTOR('',#747,1.);
#747 = DIRECTION('',(1.,0.,0.));
#748 = PCURVE('',#72,#749);
#749 = DEFINITIONAL_REPRESENTATION('',(#750),#754);
#750 = LINE('',#751,#752);
#751 = CARTESIAN_POINT('',(0.,0.));
#752 = VECTOR('',#753,1.);
#753 = DIRECTION('',(0.,1.));
#754 = ( GEOMETRIC_REPRESENTATION_CONTEXT(2) 
PARAMETRIC_REPRESENTATION_CONTEXT() REPRESENTATION_CONTEXT('2D SPACE',''
  ) );
#755 = PCURVE('',#756,#761);
#756 = PLANE('',#757);
#757 = AXIS2_PLACEMENT_3D('',#758,#759,#760);
#758 = CARTESIAN_POINT('',(-27.20094323213,-7.540322580645,
    -6.893078486158));
#759 = DIRECTION('',(0.,1.,0.));
#760 = DIRECTION('',(-1.,0.,0.));
#761 = DEFINITIONAL_REPRESENTATION('',(#762),#766);
#762 = LINE('',#763,#764);
#763 = CARTESIAN_POINT('',(0.,0.));
#764 = VECTOR('',#765,1.);
#765 = DIRECTION('',(-1.,0.));
#766 = ( GEOMETRIC_REPRESENTATION_CONTEXT(2) 
PARAMETRIC_REPRESENTATION_CONTEXT() REPRESENTATION_CONTEXT('2D SPACE',''
  ) );
#767 = ORIENTED_EDGE('',*,*,#768,.F.);
#768 = EDGE_CURVE('',#769,#741,#771,.T.);
#769 = VERTEX_POINT('',#770);
#770 = CARTESIAN_POINT('',(-27.20094323213,6.359677419355,
    -6.893078486158));
#771 = SURFACE_CURVE('',#772,(#776,#783),.PCURVE_S1.);
#772 = LINE('',#773,#774);
#773 = CARTESIAN_POINT('',(-27.20094323213,6.359677419355,
    -6.893078486158));
#774 = VECTOR('',#775,1.);
#775 = DIRECTION('',(0.,-1.,0.));
#776 = PCURVE('',#72,#777);
#777 = DEFINITIONAL_REPRESENTATION('',(#778),#782);
#778 = LINE('',#779,#780);
#779 = CARTESIAN_POINT('',(-13.9,0.));
#780 = VECTOR('',#781,1.);
#781 = DIRECTION('',(1.,0.));
#782 = ( GEOMETRIC_REPRESENTATION_CONTEXT(2) 
PARAMETRIC_REPRESENTATION_CONTEXT() REPRESENTATION_CONTEXT('2D SPACE',''
  ) );
#783 = PCURVE('',#784,#789);
#784 = PLANE('',#785);
#785 = AXIS2_PLACEMENT_3D('',#786,#787,#788);
#786 = CARTESIAN_POINT('',(-27.20094323213,-0.590322580645,
    -4.293078486158));
#787 = DIRECTION('',(-1.,0.,0.));
#788 = DIRECTION('',(0.,-1.,0.));
#789 = DEFINITIONAL_REPRESENTATION('',(#790),#794);
#790 = LINE('',#791,#792);
#791 = CARTESIAN_POINT('',(-6.95,-2.6));
#792 = VECTOR('',#793,1.);
#793 = DIRECTION('',(1.,0.));
#794 = ( GEOMETRIC_REPRESENTATION_CONTEXT(2) 
PARAMETRIC_REPRESENTATION_CONTEXT() REPRESENTATION_CONTEXT('2D SPACE',''
  ) );
#795 = ORIENTED_EDGE('',*,*,#796,.T.);
#796 = EDGE_CURVE('',#769,#57,#797,.T.);
#797 = SURFACE_CURVE('',#798,(#802,#809),.PCURVE_S1.);
#798 = LINE('',#799,#800);
#799 = CARTESIAN_POINT('',(-27.20094323213,6.359677419355,
    -6.893078486158));
#800 = VECTOR('',#801,1.);
#801 = DIRECTION('',(1.,0.,0.));
#802 = PCURVE('',#72,#803);
#803 = DEFINITIONAL_REPRESENTATION('',(#804),#808);
#804 = LINE('',#805,#806);
#805 = CARTESIAN_POINT('',(-13.9,0.));
#806 = VECTOR('',#807,1.);
#807 = DIRECTION('',(0.,1.));
#808 = ( GEOMETRIC_REPRESENTATION_CONTEXT(2) 
PARAMETRIC_REPRESENTATION_CONTEXT() REPRESENTATION_CONTEXT('2D SPACE',''
  ) );
#809 = PCURVE('',#100,#810);
#810 = DEFINITIONAL_REPRESENTATION('',(#811),#815);
#811 = LINE('',#812,#813);
#812 = CARTESIAN_POINT('',(0.,0.));
#813 = VECTOR('',#814,1.);
#814 = DIRECTION('',(0.,-1.));
#815 = ( GEOMETRIC_REPRESENTATION_CONTEXT(2) 
PARAMETRIC_REPRESENTATION_CONTEXT() REPRESENTATION_CONTEXT('2D SPACE',''
  ) );
#816 = ORIENTED_EDGE('',*,*,#56,.T.);
#817 = ORIENTED_EDGE('',*,*,#233,.T.);
#818 = ADVANCED_FACE('',(#819,#867),#100,.F.);
#819 = FACE_BOUND('',#820,.T.);
#820 = EDGE_LOOP('',(#821,#822,#845,#866));
#821 = ORIENTED_EDGE('',*,*,#796,.F.);
#822 = ORIENTED_EDGE('',*,*,#823,.F.);
#823 = EDGE_CURVE('',#824,#769,#826,.T.);
#824 = VERTEX_POINT('',#825);
#825 = CARTESIAN_POINT('',(-27.20094323213,6.359677419355,
    -1.693078486158));
#826 = SURFACE_CURVE('',#827,(#831,#838),.PCURVE_S1.);
#827 = LINE('',#828,#829);
#828 = CARTESIAN_POINT('',(-27.20094323213,6.359677419355,
    -1.693078486158));
#829 = VECTOR('',#830,1.);
#830 = DIRECTION('',(0.,0.,-1.));
#831 = PCURVE('',#100,#832);
#832 = DEFINITIONAL_REPRESENTATION('',(#833),#837);
#833 = LINE('',#834,#835);
#834 = CARTESIAN_POINT('',(5.2,0.));
#835 = VECTOR('',#836,1.);
#836 = DIRECTION('',(-1.,0.));
#837 = ( GEOMETRIC_REPRESENTATION_CONTEXT(2) 
PARAMETRIC_REPRESENTATION_CONTEXT() REPRESENTATION_CONTEXT('2D SPACE',''
  ) );
#838 = PCURVE('',#784,#839);
#839 = DEFINITIONAL_REPRESENTATION('',(#840),#844);
#840 = LINE('',#841,#842);
#841 = CARTESIAN_POINT('',(-6.95,2.6));
#842 = VECTOR('',#843,1.);
#843 = DIRECTION('',(0.,-1.));
#844 = ( GEOMETRIC_REPRESENTATION_CONTEXT(2) 
PARAMETRIC_REPRESENTATION_CONTEXT() REPRESENTATION_CONTEXT('2D SPACE',''
  ) );
#845 = ORIENTED_EDGE('',*,*,#846,.T.);
#846 = EDGE_CURVE('',#824,#85,#847,.T.);
#847 = SURFACE_CURVE('',#848,(#852,#859),.PCURVE_S1.);
#848 = LINE('',#849,#850);
#849 = CARTESIAN_POINT('',(-27.20094323213,6.359677419355,
    -1.693078486158));
#850 = VECTOR('',#851,1.);
#851 = DIRECTION('',(1.,0.,0.));
#852 = PCURVE('',#100,#853);
#853 = DEFINITIONAL_REPRESENTATION('',(#854),#858);
#854 = LINE('',#855,#856);
#855 = CARTESIAN_POINT('',(5.2,0.));
#856 = VECTOR('',#857,1.);
#857 = DIRECTION('',(0.,-1.));
#858 = ( GEOMETRIC_REPRESENTATION_CONTEXT(2) 
PARAMETRIC_REPRESENTATION_CONTEXT() REPRESENTATION_CONTEXT('2D SPACE',''
  ) );
#859 = PCURVE('',#126,#860);
#860 = DEFINITIONAL_REPRESENTATION('',(#861),#865);
#861 = LINE('',#862,#863);
#862 = CARTESIAN_POINT('',(0.,-13.9));
#863 = VECTOR('',#864,1.);
#864 = DIRECTION('',(1.,0.));
#865 = ( GEOMETRIC_REPRESENTATION_CONTEXT(2) 
PARAMETRIC_REPRESENTATION_CONTEXT() REPRESENTATION_CONTEXT('2D SPACE',''
  ) );
#866 = ORIENTED_EDGE('',*,*,#84,.T.);
#867 = FACE_BOUND('',#868,.T.);
#868 = EDGE_LOOP('',(#869,#899,#927,#955));
#869 = ORIENTED_EDGE('',*,*,#870,.T.);
#870 = EDGE_CURVE('',#871,#873,#875,.T.);
#871 = VERTEX_POINT('',#872);
#872 = CARTESIAN_POINT('',(-25.90094323213,6.359677419355,
    -4.593078486158));
#873 = VERTEX_POINT('',#874);
#874 = CARTESIAN_POINT('',(-23.50094323213,6.359677419355,
    -4.593078486158));
#875 = SURFACE_CURVE('',#876,(#880,#887),.PCURVE_S1.);
#876 = LINE('',#877,#878);
#877 = CARTESIAN_POINT('',(-25.90094323213,6.359677419355,
    -4.593078486158));
#878 = VECTOR('',#879,1.);
#879 = DIRECTION('',(1.,0.,0.));
#880 = PCURVE('',#100,#881);
#881 = DEFINITIONAL_REPRESENTATION('',(#882),#886);
#882 = LINE('',#883,#884);
#883 = CARTESIAN_POINT('',(2.3,-1.3));
#884 = VECTOR('',#885,1.);
#885 = DIRECTION('',(0.,-1.));
#886 = ( GEOMETRIC_REPRESENTATION_CONTEXT(2) 
PARAMETRIC_REPRESENTATION_CONTEXT() REPRESENTATION_CONTEXT('2D SPACE',''
  ) );
#887 = PCURVE('',#888,#893);
#888 = PLANE('',#889);
#889 = AXIS2_PLACEMENT_3D('',#890,#891,#892);
#890 = CARTESIAN_POINT('',(-18.40094323213,-0.590322580645,
    -4.593078486158));
#891 = DIRECTION('',(0.,0.,-1.));
#892 = DIRECTION('',(1.,0.,0.));
#893 = DEFINITIONAL_REPRESENTATION('',(#894),#898);
#894 = LINE('',#895,#896);
#895 = CARTESIAN_POINT('',(-7.5,-6.95));
#896 = VECTOR('',#897,1.);
#897 = DIRECTION('',(1.,0.));
#898 = ( GEOMETRIC_REPRESENTATION_CONTEXT(2) 
PARAMETRIC_REPRESENTATION_CONTEXT() REPRESENTATION_CONTEXT('2D SPACE',''
  ) );
#899 = ORIENTED_EDGE('',*,*,#900,.F.);
#900 = EDGE_CURVE('',#901,#873,#903,.T.);
#901 = VERTEX_POINT('',#902);
#902 = CARTESIAN_POINT('',(-23.50094323213,6.359677419355,
    -3.993078486158));
#903 = SURFACE_CURVE('',#904,(#908,#915),.PCURVE_S1.);
#904 = LINE('',#905,#906);
#905 = CARTESIAN_POINT('',(-23.50094323213,6.359677419355,
    -3.993078486158));
#906 = VECTOR('',#907,1.);
#907 = DIRECTION('',(0.,0.,-1.));
#908 = PCURVE('',#100,#909);
#909 = DEFINITIONAL_REPRESENTATION('',(#910),#914);
#910 = LINE('',#911,#912);
#911 = CARTESIAN_POINT('',(2.9,-3.7));
#912 = VECTOR('',#913,1.);
#913 = DIRECTION('',(-1.,0.));
#914 = ( GEOMETRIC_REPRESENTATION_CONTEXT(2) 
PARAMETRIC_REPRESENTATION_CONTEXT() REPRESENTATION_CONTEXT('2D SPACE',''
  ) );
#915 = PCURVE('',#916,#921);
#916 = PLANE('',#917);
#917 = AXIS2_PLACEMENT_3D('',#918,#919,#920);
#918 = CARTESIAN_POINT('',(-23.50094323213,7.159677419355,
    -4.593078486158));
#919 = DIRECTION('',(-1.,0.,0.));
#920 = DIRECTION('',(0.,-1.,0.));
#921 = DEFINITIONAL_REPRESENTATION('',(#922),#926);
#922 = LINE('',#923,#924);
#923 = CARTESIAN_POINT('',(0.8,0.6));
#924 = VECTOR('',#925,1.);
#925 = DIRECTION('',(0.,-1.));
#926 = ( GEOMETRIC_REPRESENTATION_CONTEXT(2) 
PARAMETRIC_REPRESENTATION_CONTEXT() REPRESENTATION_CONTEXT('2D SPACE',''
  ) );
#927 = ORIENTED_EDGE('',*,*,#928,.F.);
#928 = EDGE_CURVE('',#929,#901,#931,.T.);
#929 = VERTEX_POINT('',#930);
#930 = CARTESIAN_POINT('',(-25.90094323213,6.359677419355,
    -3.993078486158));
#931 = SURFACE_CURVE('',#932,(#936,#943),.PCURVE_S1.);
#932 = LINE('',#933,#934);
#933 = CARTESIAN_POINT('',(-25.90094323213,6.359677419355,
    -3.993078486158));
#934 = VECTOR('',#935,1.);
#935 = DIRECTION('',(1.,0.,0.));
#936 = PCURVE('',#100,#937);
#937 = DEFINITIONAL_REPRESENTATION('',(#938),#942);
#938 = LINE('',#939,#940);
#939 = CARTESIAN_POINT('',(2.9,-1.3));
#940 = VECTOR('',#941,1.);
#941 = DIRECTION('',(0.,-1.));
#942 = ( GEOMETRIC_REPRESENTATION_CONTEXT(2) 
PARAMETRIC_REPRESENTATION_CONTEXT() REPRESENTATION_CONTEXT('2D SPACE',''
  ) );
#943 = PCURVE('',#944,#949);
#944 = PLANE('',#945);
#945 = AXIS2_PLACEMENT_3D('',#946,#947,#948);
#946 = CARTESIAN_POINT('',(-18.40094323213,-0.590322580645,
    -3.993078486158));
#947 = DIRECTION('',(0.,0.,-1.));
#948 = DIRECTION('',(1.,0.,0.));
#949 = DEFINITIONAL_REPRESENTATION('',(#950),#954);
#950 = LINE('',#951,#952);
#951 = CARTESIAN_POINT('',(-7.5,-6.95));
#952 = VECTOR('',#953,1.);
#953 = DIRECTION('',(1.,0.));
#954 = ( GEOMETRIC_REPRESENTATION_CONTEXT(2) 
PARAMETRIC_REPRESENTATION_CONTEXT() REPRESENTATION_CONTEXT('2D SPACE',''
  ) );
#955 = ORIENTED_EDGE('',*,*,#956,.F.);
#956 = EDGE_CURVE('',#871,#929,#957,.T.);
#957 = SURFACE_CURVE('',#958,(#962,#969),.PCURVE_S1.);
#958 = LINE('',#959,#960);
#959 = CARTESIAN_POINT('',(-25.90094323213,6.359677419355,
    -4.593078486158));
#960 = VECTOR('',#961,1.);
#961 = DIRECTION('',(0.,0.,1.));
#962 = PCURVE('',#100,#963);
#963 = DEFINITIONAL_REPRESENTATION('',(#964),#968);
#964 = LINE('',#965,#966);
#965 = CARTESIAN_POINT('',(2.3,-1.3));
#966 = VECTOR('',#967,1.);
#967 = DIRECTION('',(1.,0.));
#968 = ( GEOMETRIC_REPRESENTATION_CONTEXT(2) 
PARAMETRIC_REPRESENTATION_CONTEXT() REPRESENTATION_CONTEXT('2D SPACE',''
  ) );
#969 = PCURVE('',#970,#975);
#970 = PLANE('',#971);
#971 = AXIS2_PLACEMENT_3D('',#972,#973,#974);
#972 = CARTESIAN_POINT('',(-25.90094323213,5.359677419355,
    -4.593078486158));
#973 = DIRECTION('',(1.,0.,0.));
#974 = DIRECTION('',(0.,0.,-1.));
#975 = DEFINITIONAL_REPRESENTATION('',(#976),#980);
#976 = LINE('',#977,#978);
#977 = CARTESIAN_POINT('',(0.,1.));
#978 = VECTOR('',#979,1.);
#979 = DIRECTION('',(-1.,0.));
#980 = ( GEOMETRIC_REPRESENTATION_CONTEXT(2) 
PARAMETRIC_REPRESENTATION_CONTEXT() REPRESENTATION_CONTEXT('2D SPACE',''
  ) );
#981 = ADVANCED_FACE('',(#982,#1056,#1450,#1936,#2219,#2798,#2943,#3226,
    #3535,#3726,#4649,#4932,#5241,#5432),#126,.F.);
#982 = FACE_BOUND('',#983,.T.);
#983 = EDGE_LOOP('',(#984,#985,#986,#987,#988,#1011,#1034,#1055));
#984 = ORIENTED_EDGE('',*,*,#331,.F.);
#985 = ORIENTED_EDGE('',*,*,#255,.F.);
#986 = ORIENTED_EDGE('',*,*,#112,.T.);
#987 = ORIENTED_EDGE('',*,*,#846,.F.);
#988 = ORIENTED_EDGE('',*,*,#989,.F.);
#989 = EDGE_CURVE('',#990,#824,#992,.T.);
#990 = VERTEX_POINT('',#991);
#991 = CARTESIAN_POINT('',(-27.20094323213,-7.540322580645,
    -1.693078486158));
#992 = SURFACE_CURVE('',#993,(#997,#1004),.PCURVE_S1.);
#993 = LINE('',#994,#995);
#994 = CARTESIAN_POINT('',(-27.20094323213,-7.540322580645,
    -1.693078486158));
#995 = VECTOR('',#996,1.);
#996 = DIRECTION('',(0.,1.,0.));
#997 = PCURVE('',#126,#998);
#998 = DEFINITIONAL_REPRESENTATION('',(#999),#1003);
#999 = LINE('',#1000,#1001);
#1000 = CARTESIAN_POINT('',(0.,0.));
#1001 = VECTOR('',#1002,1.);
#1002 = DIRECTION('',(0.,-1.));
#1003 = ( GEOMETRIC_REPRESENTATION_CONTEXT(2) 
PARAMETRIC_REPRESENTATION_CONTEXT() REPRESENTATION_CONTEXT('2D SPACE',''
  ) );
#1004 = PCURVE('',#784,#1005);
#1005 = DEFINITIONAL_REPRESENTATION('',(#1006),#1010);
#1006 = LINE('',#1007,#1008);
#1007 = CARTESIAN_POINT('',(6.95,2.6));
#1008 = VECTOR('',#1009,1.);
#1009 = DIRECTION('',(-1.,0.));
#1010 = ( GEOMETRIC_REPRESENTATION_CONTEXT(2) 
PARAMETRIC_REPRESENTATION_CONTEXT() REPRESENTATION_CONTEXT('2D SPACE',''
  ) );
#1011 = ORIENTED_EDGE('',*,*,#1012,.T.);
#1012 = EDGE_CURVE('',#990,#1013,#1015,.T.);
#1013 = VERTEX_POINT('',#1014);
#1014 = CARTESIAN_POINT('',(-24.20094323213,-7.540322580645,
    -1.693078486158));
#1015 = SURFACE_CURVE('',#1016,(#1020,#1027),.PCURVE_S1.);
#1016 = LINE('',#1017,#1018);
#1017 = CARTESIAN_POINT('',(-27.20094323213,-7.540322580645,
    -1.693078486158));
#1018 = VECTOR('',#1019,1.);
#1019 = DIRECTION('',(1.,0.,0.));
#1020 = PCURVE('',#126,#1021);
#1021 = DEFINITIONAL_REPRESENTATION('',(#1022),#1026);
#1022 = LINE('',#1023,#1024);
#1023 = CARTESIAN_POINT('',(0.,0.));
#1024 = VECTOR('',#1025,1.);
#1025 = DIRECTION('',(1.,0.));
#1026 = ( GEOMETRIC_REPRESENTATION_CONTEXT(2) 
PARAMETRIC_REPRESENTATION_CONTEXT() REPRESENTATION_CONTEXT('2D SPACE',''
  ) );
#1027 = PCURVE('',#756,#1028);
#1028 = DEFINITIONAL_REPRESENTATION('',(#1029),#1033);
#1029 = LINE('',#1030,#1031);
#1030 = CARTESIAN_POINT('',(0.,5.2));
#1031 = VECTOR('',#1032,1.);
#1032 = DIRECTION('',(-1.,0.));
#1033 = ( GEOMETRIC_REPRESENTATION_CONTEXT(2) 
PARAMETRIC_REPRESENTATION_CONTEXT() REPRESENTATION_CONTEXT('2D SPACE',''
  ) );
#1034 = ORIENTED_EDGE('',*,*,#1035,.T.);
#1035 = EDGE_CURVE('',#1013,#585,#1036,.T.);
#1036 = SURFACE_CURVE('',#1037,(#1041,#1048),.PCURVE_S1.);
#1037 = LINE('',#1038,#1039);
#1038 = CARTESIAN_POINT('',(-24.20094323213,-7.540322580645,
    -1.693078486158));
#1039 = VECTOR('',#1040,1.);
#1040 = DIRECTION('',(0.707106781187,0.707106781187,0.));
#1041 = PCURVE('',#126,#1042);
#1042 = DEFINITIONAL_REPRESENTATION('',(#1043),#1047);
#1043 = LINE('',#1044,#1045);
#1044 = CARTESIAN_POINT('',(3.,0.));
#1045 = VECTOR('',#1046,1.);
#1046 = DIRECTION('',(0.707106781187,-0.707106781187));
#1047 = ( GEOMETRIC_REPRESENTATION_CONTEXT(2) 
PARAMETRIC_REPRESENTATION_CONTEXT() REPRESENTATION_CONTEXT('2D SPACE',''
  ) );
#1048 = PCURVE('',#623,#1049);
#1049 = DEFINITIONAL_REPRESENTATION('',(#1050),#1054);
#1050 = LINE('',#1051,#1052);
#1051 = CARTESIAN_POINT('',(5.2,0.));
#1052 = VECTOR('',#1053,1.);
#1053 = DIRECTION('',(0.,1.));
#1054 = ( GEOMETRIC_REPRESENTATION_CONTEXT(2) 
PARAMETRIC_REPRESENTATION_CONTEXT() REPRESENTATION_CONTEXT('2D SPACE',''
  ) );
#1055 = ORIENTED_EDGE('',*,*,#584,.F.);
#1056 = FACE_BOUND('',#1057,.F.);
#1057 = EDGE_LOOP('',(#1058,#1088,#1111,#1134,#1187,#1231,#1254,#1298,
    #1360,#1383,#1406,#1429));
#1058 = ORIENTED_EDGE('',*,*,#1059,.T.);
#1059 = EDGE_CURVE('',#1060,#1062,#1064,.T.);
#1060 = VERTEX_POINT('',#1061);
#1061 = CARTESIAN_POINT('',(-20.3517994545,-3.677146700683,
    -1.688078486158));
#1062 = VERTEX_POINT('',#1063);
#1063 = CARTESIAN_POINT('',(-20.3517994545,-3.724628978862,
    -1.688078486158));
#1064 = SURFACE_CURVE('',#1065,(#1069,#1076),.PCURVE_S1.);
#1065 = LINE('',#1066,#1067);
#1066 = CARTESIAN_POINT('',(-20.3517994545,-3.677146700683,
    -1.688078486158));
#1067 = VECTOR('',#1068,1.);
#1068 = DIRECTION('',(0.,-1.,0.));
#1069 = PCURVE('',#126,#1070);
#1070 = DEFINITIONAL_REPRESENTATION('',(#1071),#1075);
#1071 = LINE('',#1072,#1073);
#1072 = CARTESIAN_POINT('',(6.84914377763,-3.863175879962));
#1073 = VECTOR('',#1074,1.);
#1074 = DIRECTION('',(0.,1.));
#1075 = ( GEOMETRIC_REPRESENTATION_CONTEXT(2) 
PARAMETRIC_REPRESENTATION_CONTEXT() REPRESENTATION_CONTEXT('2D SPACE',''
  ) );
#1076 = PCURVE('',#1077,#1082);
#1077 = PLANE('',#1078);
#1078 = AXIS2_PLACEMENT_3D('',#1079,#1080,#1081);
#1079 = CARTESIAN_POINT('',(-20.01504785935,-3.639033074563,
    -1.683078486158));
#1080 = DIRECTION('',(0.,0.,1.));
#1081 = DIRECTION('',(0.,-1.,0.));
#1082 = DEFINITIONAL_REPRESENTATION('',(#1083),#1087);
#1083 = LINE('',#1084,#1085);
#1084 = CARTESIAN_POINT('',(3.811362612E-02,-0.33675159515));
#1085 = VECTOR('',#1086,1.);
#1086 = DIRECTION('',(1.,0.));
#1087 = ( GEOMETRIC_REPRESENTATION_CONTEXT(2) 
PARAMETRIC_REPRESENTATION_CONTEXT() REPRESENTATION_CONTEXT('2D SPACE',''
  ) );
#1088 = ORIENTED_EDGE('',*,*,#1089,.T.);
#1089 = EDGE_CURVE('',#1062,#1090,#1092,.T.);
#1090 = VERTEX_POINT('',#1091);
#1091 = CARTESIAN_POINT('',(-20.11022903194,-3.629664422505,
    -1.688078486158));
#1092 = SURFACE_CURVE('',#1093,(#1097,#1104),.PCURVE_S1.);
#1093 = LINE('',#1094,#1095);
#1094 = CARTESIAN_POINT('',(-20.3517994545,-3.724628978862,
    -1.688078486158));
#1095 = VECTOR('',#1096,1.);
#1096 = DIRECTION('',(0.930670322636,0.365858921669,0.));
#1097 = PCURVE('',#126,#1098);
#1098 = DEFINITIONAL_REPRESENTATION('',(#1099),#1103);
#1099 = LINE('',#1100,#1101);
#1100 = CARTESIAN_POINT('',(6.84914377763,-3.815693601783));
#1101 = VECTOR('',#1102,1.);
#1102 = DIRECTION('',(0.930670322636,-0.365858921669));
#1103 = ( GEOMETRIC_REPRESENTATION_CONTEXT(2) 
PARAMETRIC_REPRESENTATION_CONTEXT() REPRESENTATION_CONTEXT('2D SPACE',''
  ) );
#1104 = PCURVE('',#1077,#1105);
#1105 = DEFINITIONAL_REPRESENTATION('',(#1106),#1110);
#1106 = LINE('',#1107,#1108);
#1107 = CARTESIAN_POINT('',(8.5595904299E-02,-0.33675159515));
#1108 = VECTOR('',#1109,1.);
#1109 = DIRECTION('',(-0.365858921669,0.930670322636));
#1110 = ( GEOMETRIC_REPRESENTATION_CONTEXT(2) 
PARAMETRIC_REPRESENTATION_CONTEXT() REPRESENTATION_CONTEXT('2D SPACE',''
  ) );
#1111 = ORIENTED_EDGE('',*,*,#1112,.T.);
#1112 = EDGE_CURVE('',#1090,#1113,#1115,.T.);
#1113 = VERTEX_POINT('',#1114);
#1114 = CARTESIAN_POINT('',(-20.06621261348,-3.648293418508,
    -1.693078486158));
#1115 = SURFACE_CURVE('',#1116,(#1120,#1127),.PCURVE_S1.);
#1116 = LINE('',#1117,#1118);
#1117 = CARTESIAN_POINT('',(-20.11022903194,-3.629664422505,
    -1.688078486158));
#1118 = VECTOR('',#1119,1.);
#1119 = DIRECTION('',(0.920917203019,-0.389758265061,0.));
#1120 = PCURVE('',#126,#1121);
#1121 = DEFINITIONAL_REPRESENTATION('',(#1122),#1126);
#1122 = LINE('',#1123,#1124);
#1123 = CARTESIAN_POINT('',(7.09071420019,-3.91065815814));
#1124 = VECTOR('',#1125,1.);
#1125 = DIRECTION('',(0.920917203019,0.389758265061));
#1126 = ( GEOMETRIC_REPRESENTATION_CONTEXT(2) 
PARAMETRIC_REPRESENTATION_CONTEXT() REPRESENTATION_CONTEXT('2D SPACE',''
  ) );
#1127 = PCURVE('',#1077,#1128);
#1128 = DEFINITIONAL_REPRESENTATION('',(#1129),#1133);
#1129 = LINE('',#1130,#1131);
#1130 = CARTESIAN_POINT('',(-9.368652058E-03,-9.518117259E-02));
#1131 = VECTOR('',#1132,1.);
#1132 = DIRECTION('',(0.389758265061,0.920917203019));
#1133 = ( GEOMETRIC_REPRESENTATION_CONTEXT(2) 
PARAMETRIC_REPRESENTATION_CONTEXT() REPRESENTATION_CONTEXT('2D SPACE',''
  ) );
#1134 = ORIENTED_EDGE('',*,*,#1135,.T.);
#1135 = EDGE_CURVE('',#1113,#1136,#1138,.T.);
#1136 = VERTEX_POINT('',#1137);
#1137 = CARTESIAN_POINT('',(-20.03207389523,-3.691789958004,
    -1.693078486158));
#1138 = SURFACE_CURVE('',#1139,(#1153,#1170),.PCURVE_S1.);
#1139 = B_SPLINE_CURVE_WITH_KNOTS('',3,(#1140,#1141,#1142,#1143,#1144,
    #1145,#1146,#1147,#1148,#1149,#1150,#1151,#1152),.UNSPECIFIED.,.F.,
  .F.,(4,3,3,3,4),(0.,0.25,0.5,0.75,1.),.PIECEWISE_BEZIER_KNOTS.);
#1140 = CARTESIAN_POINT('',(-20.06621261348,-3.648293418508,
    -1.693078486158));
#1141 = CARTESIAN_POINT('',(-20.06067805912,-3.650602199369,
    -1.693078486158));
#1142 = CARTESIAN_POINT('',(-20.05580298178,-3.653235736233,
    -1.693078486158));
#1143 = CARTESIAN_POINT('',(-20.05158343745,-3.656169281019,
    -1.693078486158));
#1144 = CARTESIAN_POINT('',(-20.04736389311,-3.659102825806,
    -1.693078486158));
#1145 = CARTESIAN_POINT('',(-20.04379988178,-3.662336378514,
    -1.693078486158));
#1146 = CARTESIAN_POINT('',(-20.04090323554,-3.665944183387,
    -1.693078486158));
#1147 = CARTESIAN_POINT('',(-20.03800658929,-3.669551988259,
    -1.693078486158));
#1148 = CARTESIAN_POINT('',(-20.03577730814,-3.673534045295,
    -1.693078486158));
#1149 = CARTESIAN_POINT('',(-20.03429671549,-3.677846542408,
    -1.693078486158));
#1150 = CARTESIAN_POINT('',(-20.03281612284,-3.682159039521,
    -1.693078486158));
#1151 = CARTESIAN_POINT('',(-20.03208421869,-3.68680197671,
    -1.693078486158));
#1152 = CARTESIAN_POINT('',(-20.03207389523,-3.691789958004,
    -1.693078486158));
#1153 = PCURVE('',#126,#1154);
#1154 = DEFINITIONAL_REPRESENTATION('',(#1155),#1169);
#1155 = B_SPLINE_CURVE_WITH_KNOTS('',3,(#1156,#1157,#1158,#1159,#1160,
    #1161,#1162,#1163,#1164,#1165,#1166,#1167,#1168),.UNSPECIFIED.,.F.,
  .F.,(4,3,3,3,4),(0.,0.25,0.5,0.75,1.),.PIECEWISE_BEZIER_KNOTS.);
#1156 = CARTESIAN_POINT('',(7.13473061865,-3.892029162137));
#1157 = CARTESIAN_POINT('',(7.14026517301,-3.889720381276));
#1158 = CARTESIAN_POINT('',(7.145140250345,-3.887086844412));
#1159 = CARTESIAN_POINT('',(7.149359794679,-3.884153299626));
#1160 = CARTESIAN_POINT('',(7.153579339013,-3.881219754839));
#1161 = CARTESIAN_POINT('',(7.157143350347,-3.877986202131));
#1162 = CARTESIAN_POINT('',(7.16003999659,-3.874378397258));
#1163 = CARTESIAN_POINT('',(7.162936642833,-3.870770592386));
#1164 = CARTESIAN_POINT('',(7.165165923987,-3.86678853535));
#1165 = CARTESIAN_POINT('',(7.166646516638,-3.862476038237));
#1166 = CARTESIAN_POINT('',(7.16812710929,-3.858163541125));
#1167 = CARTESIAN_POINT('',(7.16885901344,-3.853520603935));
#1168 = CARTESIAN_POINT('',(7.1688693369,-3.848532622641));
#1169 = ( GEOMETRIC_REPRESENTATION_CONTEXT(2) 
PARAMETRIC_REPRESENTATION_CONTEXT() REPRESENTATION_CONTEXT('2D SPACE',''
  ) );
#1170 = PCURVE('',#1077,#1171);
#1171 = DEFINITIONAL_REPRESENTATION('',(#1172),#1186);
#1172 = B_SPLINE_CURVE_WITH_KNOTS('',3,(#1173,#1174,#1175,#1176,#1177,
    #1178,#1179,#1180,#1181,#1182,#1183,#1184,#1185),.UNSPECIFIED.,.F.,
  .F.,(4,3,3,3,4),(0.,0.25,0.5,0.75,1.),.PIECEWISE_BEZIER_KNOTS.);
#1173 = CARTESIAN_POINT('',(9.260343945E-03,-5.116475413E-02));
#1174 = CARTESIAN_POINT('',(1.1569124806E-02,-4.563019977E-02));
#1175 = CARTESIAN_POINT('',(1.420266167E-02,-4.0755122435E-02));
#1176 = CARTESIAN_POINT('',(1.713620645633E-02,-3.65355781008E-02));
#1177 = CARTESIAN_POINT('',(2.006975124267E-02,-3.23160337667E-02));
#1178 = CARTESIAN_POINT('',(2.330330395133E-02,-2.87520224333E-02));
#1179 = CARTESIAN_POINT('',(2.691110882367E-02,-2.585537619E-02));
#1180 = CARTESIAN_POINT('',(3.0518913696E-02,-2.29587299467E-02));
#1181 = CARTESIAN_POINT('',(3.4500970732E-02,-2.07294487933E-02));
#1182 = CARTESIAN_POINT('',(3.881346784475E-02,-1.92488561417E-02));
#1183 = CARTESIAN_POINT('',(4.31259649575E-02,-1.776826349E-02));
#1184 = CARTESIAN_POINT('',(4.7768902147E-02,-1.703635934E-02));
#1185 = CARTESIAN_POINT('',(5.2756883441E-02,-1.702603588E-02));
#1186 = ( GEOMETRIC_REPRESENTATION_CONTEXT(2) 
PARAMETRIC_REPRESENTATION_CONTEXT() REPRESENTATION_CONTEXT('2D SPACE',''
  ) );
#1187 = ORIENTED_EDGE('',*,*,#1188,.T.);
#1188 = EDGE_CURVE('',#1136,#1189,#1191,.T.);
#1189 = VERTEX_POINT('',#1190);
#1190 = CARTESIAN_POINT('',(-20.03692609884,-3.715877683066,
    -1.693078486158));
#1191 = SURFACE_CURVE('',#1192,(#1203,#1217),.PCURVE_S1.);
#1192 = B_SPLINE_CURVE_WITH_KNOTS('',3,(#1193,#1194,#1195,#1196,#1197,
    #1198,#1199,#1200,#1201,#1202),.UNSPECIFIED.,.F.,.F.,(4,3,3,4),(0.,
    0.333333333333,0.666666666667,1.),.UNSPECIFIED.);
#1193 = CARTESIAN_POINT('',(-20.03207389523,-3.691789958004,
    -1.693078486158));
#1194 = CARTESIAN_POINT('',(-20.03207215139,-3.694412365428,
    -1.693078486158));
#1195 = CARTESIAN_POINT('',(-20.03225062897,-3.697052604088,
    -1.693078486158));
#1196 = CARTESIAN_POINT('',(-20.03260740837,-3.699706059114,
    -1.693078486158));
#1197 = CARTESIAN_POINT('',(-20.03296418777,-3.70235951414,
    -1.693078486158));
#1198 = CARTESIAN_POINT('',(-20.03349926899,-3.705026185531,
    -1.693078486158));
#1199 = CARTESIAN_POINT('',(-20.03421841086,-3.707719917899,
    -1.693078486158));
#1200 = CARTESIAN_POINT('',(-20.03493755274,-3.710413650267,
    -1.693078486158));
#1201 = CARTESIAN_POINT('',(-20.03584075527,-3.713134443613,
    -1.693078486158));
#1202 = CARTESIAN_POINT('',(-20.03692609884,-3.715877683066,
    -1.693078486158));
#1203 = PCURVE('',#126,#1204);
#1204 = DEFINITIONAL_REPRESENTATION('',(#1205),#1216);
#1205 = B_SPLINE_CURVE_WITH_KNOTS('',3,(#1206,#1207,#1208,#1209,#1210,
    #1211,#1212,#1213,#1214,#1215),.UNSPECIFIED.,.F.,.F.,(4,3,3,4),(0.,
    0.333333333333,0.666666666667,1.),.UNSPECIFIED.);
#1206 = CARTESIAN_POINT('',(7.1688693369,-3.848532622641));
#1207 = CARTESIAN_POINT('',(7.16887108074,-3.845910215217));
#1208 = CARTESIAN_POINT('',(7.168692603155,-3.843269976557));
#1209 = CARTESIAN_POINT('',(7.168335823754,-3.840616521531));
#1210 = CARTESIAN_POINT('',(7.167979044353,-3.837963066505));
#1211 = CARTESIAN_POINT('',(7.167443963137,-3.835296395114));
#1212 = CARTESIAN_POINT('',(7.166724821263,-3.832602662746));
#1213 = CARTESIAN_POINT('',(7.16600567939,-3.829908930378));
#1214 = CARTESIAN_POINT('',(7.16510247686,-3.827188137032));
#1215 = CARTESIAN_POINT('',(7.16401713329,-3.824444897579));
#1216 = ( GEOMETRIC_REPRESENTATION_CONTEXT(2) 
PARAMETRIC_REPRESENTATION_CONTEXT() REPRESENTATION_CONTEXT('2D SPACE',''
  ) );
#1217 = PCURVE('',#1077,#1218);
#1218 = DEFINITIONAL_REPRESENTATION('',(#1219),#1230);
#1219 = B_SPLINE_CURVE_WITH_KNOTS('',3,(#1220,#1221,#1222,#1223,#1224,
    #1225,#1226,#1227,#1228,#1229),.UNSPECIFIED.,.F.,.F.,(4,3,3,4),(0.,
    0.333333333333,0.666666666667,1.),.UNSPECIFIED.);
#1220 = CARTESIAN_POINT('',(5.2756883441E-02,-1.702603588E-02));
#1221 = CARTESIAN_POINT('',(5.5379290865E-02,-1.702429204E-02));
#1222 = CARTESIAN_POINT('',(5.80195295255E-02,-1.7202769625E-02));
#1223 = CARTESIAN_POINT('',(6.067298455125E-02,-1.75595490258E-02));
#1224 = CARTESIAN_POINT('',(6.3326439577E-02,-1.79163284267E-02));
#1225 = CARTESIAN_POINT('',(6.5993110968E-02,-1.84514096433E-02));
#1226 = CARTESIAN_POINT('',(6.868684333625E-02,-1.91705515167E-02));
#1227 = CARTESIAN_POINT('',(7.13805757045E-02,-1.988969339E-02));
#1228 = CARTESIAN_POINT('',(7.410136905E-02,-2.079289592E-02));
#1229 = CARTESIAN_POINT('',(7.6844608503E-02,-2.187823949E-02));
#1230 = ( GEOMETRIC_REPRESENTATION_CONTEXT(2) 
PARAMETRIC_REPRESENTATION_CONTEXT() REPRESENTATION_CONTEXT('2D SPACE',''
  ) );
#1231 = ORIENTED_EDGE('',*,*,#1232,.T.);
#1232 = EDGE_CURVE('',#1189,#1233,#1235,.T.);
#1233 = VERTEX_POINT('',#1234);
#1234 = CARTESIAN_POINT('',(-19.99918548738,-3.715877683066,
    -1.693078486158));
#1235 = SURFACE_CURVE('',#1236,(#1240,#1247),.PCURVE_S1.);
#1236 = LINE('',#1237,#1238);
#1237 = CARTESIAN_POINT('',(-20.03692609884,-3.715877683066,
    -1.688078486158));
#1238 = VECTOR('',#1239,1.);
#1239 = DIRECTION('',(1.,1.082552871487E-12,0.));
#1240 = PCURVE('',#126,#1241);
#1241 = DEFINITIONAL_REPRESENTATION('',(#1242),#1246);
#1242 = LINE('',#1243,#1244);
#1243 = CARTESIAN_POINT('',(7.16401713329,-3.824444897579));
#1244 = VECTOR('',#1245,1.);
#1245 = DIRECTION('',(1.,-1.082552871487E-12));
#1246 = ( GEOMETRIC_REPRESENTATION_CONTEXT(2) 
PARAMETRIC_REPRESENTATION_CONTEXT() REPRESENTATION_CONTEXT('2D SPACE',''
  ) );
#1247 = PCURVE('',#1077,#1248);
#1248 = DEFINITIONAL_REPRESENTATION('',(#1249),#1253);
#1249 = LINE('',#1250,#1251);
#1250 = CARTESIAN_POINT('',(7.6844608503E-02,-2.187823949E-02));
#1251 = VECTOR('',#1252,1.);
#1252 = DIRECTION('',(-1.082552871487E-12,1.));
#1253 = ( GEOMETRIC_REPRESENTATION_CONTEXT(2) 
PARAMETRIC_REPRESENTATION_CONTEXT() REPRESENTATION_CONTEXT('2D SPACE',''
  ) );
#1254 = ORIENTED_EDGE('',*,*,#1255,.T.);
#1255 = EDGE_CURVE('',#1233,#1256,#1258,.T.);
#1256 = VERTEX_POINT('',#1257);
#1257 = CARTESIAN_POINT('',(-19.99568236816,-3.68849739127,
    -1.693078486158));
#1258 = SURFACE_CURVE('',#1259,(#1270,#1284),.PCURVE_S1.);
#1259 = B_SPLINE_CURVE_WITH_KNOTS('',3,(#1260,#1261,#1262,#1263,#1264,
    #1265,#1266,#1267,#1268,#1269),.UNSPECIFIED.,.F.,.F.,(4,3,3,4),(0.,
    0.333333333333,0.666666666667,1.),.UNSPECIFIED.);
#1260 = CARTESIAN_POINT('',(-19.99918548738,-3.715877683066,
    -1.693078486158));
#1261 = CARTESIAN_POINT('',(-19.99845090676,-3.71358360914,
    -1.693078486158));
#1262 = CARTESIAN_POINT('',(-19.99783073968,-3.711035761415,
    -1.693078486158));
#1263 = CARTESIAN_POINT('',(-19.99730604566,-3.708115873808,
    -1.693078486158));
#1264 = CARTESIAN_POINT('',(-19.99678135165,-3.7051959862,
    -1.693078486158));
#1265 = CARTESIAN_POINT('',(-19.99635213069,-3.701904058709,
    -1.693078486158));
#1266 = CARTESIAN_POINT('',(-19.99607520428,-3.698594889591,
    -1.693078486158));
#1267 = CARTESIAN_POINT('',(-19.99579827786,-3.695285720473,
    -1.693078486158));
#1268 = CARTESIAN_POINT('',(-19.99567364599,-3.691959309728,
    -1.693078486158));
#1269 = CARTESIAN_POINT('',(-19.99568236816,-3.68849739127,
    -1.693078486158));
#1270 = PCURVE('',#126,#1271);
#1271 = DEFINITIONAL_REPRESENTATION('',(#1272),#1283);
#1272 = B_SPLINE_CURVE_WITH_KNOTS('',3,(#1273,#1274,#1275,#1276,#1277,
    #1278,#1279,#1280,#1281,#1282),.UNSPECIFIED.,.F.,.F.,(4,3,3,4),(0.,
    0.333333333333,0.666666666667,1.),.UNSPECIFIED.);
#1273 = CARTESIAN_POINT('',(7.20175774475,-3.824444897579));
#1274 = CARTESIAN_POINT('',(7.20249232537,-3.826738971505));
#1275 = CARTESIAN_POINT('',(7.203112492445,-3.82928681923));
#1276 = CARTESIAN_POINT('',(7.203637186461,-3.832206706837));
#1277 = CARTESIAN_POINT('',(7.204161880477,-3.835126594445));
#1278 = CARTESIAN_POINT('',(7.204591101433,-3.838418521936));
#1279 = CARTESIAN_POINT('',(7.204868027849,-3.841727691054));
#1280 = CARTESIAN_POINT('',(7.205144954265,-3.845036860172));
#1281 = CARTESIAN_POINT('',(7.20526958614,-3.848363270917));
#1282 = CARTESIAN_POINT('',(7.20526086397,-3.851825189375));
#1283 = ( GEOMETRIC_REPRESENTATION_CONTEXT(2) 
PARAMETRIC_REPRESENTATION_CONTEXT() REPRESENTATION_CONTEXT('2D SPACE',''
  ) );
#1284 = PCURVE('',#1077,#1285);
#1285 = DEFINITIONAL_REPRESENTATION('',(#1286),#1297);
#1286 = B_SPLINE_CURVE_WITH_KNOTS('',3,(#1287,#1288,#1289,#1290,#1291,
    #1292,#1293,#1294,#1295,#1296),.UNSPECIFIED.,.F.,.F.,(4,3,3,4),(0.,
    0.333333333333,0.666666666667,1.),.UNSPECIFIED.);
#1287 = CARTESIAN_POINT('',(7.6844608503E-02,1.586237197E-02));
#1288 = CARTESIAN_POINT('',(7.4550534577E-02,1.659695259E-02));
#1289 = CARTESIAN_POINT('',(7.20026868525E-02,1.7217119665E-02));
#1290 = CARTESIAN_POINT('',(6.908279924475E-02,1.77418136808E-02));
#1291 = CARTESIAN_POINT('',(6.6162911637E-02,1.82665076967E-02));
#1292 = CARTESIAN_POINT('',(6.2870984146E-02,1.86957286533E-02));
#1293 = CARTESIAN_POINT('',(5.9561815028E-02,1.89726550692E-02));
#1294 = CARTESIAN_POINT('',(5.625264591E-02,1.9249581485E-02));
#1295 = CARTESIAN_POINT('',(5.2926235165E-02,1.937421336E-02));
#1296 = CARTESIAN_POINT('',(4.9464316707E-02,1.936549119E-02));
#1297 = ( GEOMETRIC_REPRESENTATION_CONTEXT(2) 
PARAMETRIC_REPRESENTATION_CONTEXT() REPRESENTATION_CONTEXT('2D SPACE',''
  ) );
#1298 = ORIENTED_EDGE('',*,*,#1299,.T.);
#1299 = EDGE_CURVE('',#1256,#1300,#1302,.T.);
#1300 = VERTEX_POINT('',#1301);
#1301 = CARTESIAN_POINT('',(-20.07314433293,-3.602110837719,
    -1.693078486158));
#1302 = SURFACE_CURVE('',#1303,(#1320,#1340),.PCURVE_S1.);
#1303 = B_SPLINE_CURVE_WITH_KNOTS('',3,(#1304,#1305,#1306,#1307,#1308,
    #1309,#1310,#1311,#1312,#1313,#1314,#1315,#1316,#1317,#1318,#1319),
  .UNSPECIFIED.,.F.,.F.,(4,3,3,3,3,4),(0.,0.2,0.4,0.6,0.8,1.),
  .PIECEWISE_BEZIER_KNOTS.);
#1304 = CARTESIAN_POINT('',(-19.99568236816,-3.68849739127,
    -1.693078486158));
#1305 = CARTESIAN_POINT('',(-19.99568957357,-3.680723783501,
    -1.693078486158));
#1306 = CARTESIAN_POINT('',(-19.99680134702,-3.673341765952,
    -1.693078486158));
#1307 = CARTESIAN_POINT('',(-19.9990618374,-3.666304482769,
    -1.693078486158));
#1308 = CARTESIAN_POINT('',(-20.00132232779,-3.659267199586,
    -1.693078486158));
#1309 = CARTESIAN_POINT('',(-20.00473153512,-3.65257465077,
    -1.693078486158));
#1310 = CARTESIAN_POINT('',(-20.00915701269,-3.646367403881,
    -1.693078486158));
#1311 = CARTESIAN_POINT('',(-20.01358249025,-3.640160156992,
    -1.693078486158));
#1312 = CARTESIAN_POINT('',(-20.01902423806,-3.634438212032,
    -1.693078486158));
#1313 = CARTESIAN_POINT('',(-20.02528458484,-3.629176333397,
    -1.693078486158));
#1314 = CARTESIAN_POINT('',(-20.03154493163,-3.623914454763,
    -1.693078486158));
#1315 = CARTESIAN_POINT('',(-20.03862387739,-3.619112642454,
    -1.693078486158));
#1316 = CARTESIAN_POINT('',(-20.04659259408,-3.614618643504,
    -1.693078486158));
#1317 = CARTESIAN_POINT('',(-20.05456131077,-3.610124644554,
    -1.693078486158));
#1318 = CARTESIAN_POINT('',(-20.06341979838,-3.605938458963,
    -1.693078486158));
#1319 = CARTESIAN_POINT('',(-20.07314433293,-3.602110837719,
    -1.693078486158));
#1320 = PCURVE('',#126,#1321);
#1321 = DEFINITIONAL_REPRESENTATION('',(#1322),#1339);
#1322 = B_SPLINE_CURVE_WITH_KNOTS('',3,(#1323,#1324,#1325,#1326,#1327,
    #1328,#1329,#1330,#1331,#1332,#1333,#1334,#1335,#1336,#1337,#1338),
  .UNSPECIFIED.,.F.,.F.,(4,3,3,3,3,4),(0.,0.2,0.4,0.6,0.8,1.),
  .PIECEWISE_BEZIER_KNOTS.);
#1323 = CARTESIAN_POINT('',(7.20526086397,-3.851825189375));
#1324 = CARTESIAN_POINT('',(7.20525365856,-3.859598797144));
#1325 = CARTESIAN_POINT('',(7.20414188511,-3.866980814693));
#1326 = CARTESIAN_POINT('',(7.201881394722,-3.874018097876));
#1327 = CARTESIAN_POINT('',(7.199620904333,-3.881055381059));
#1328 = CARTESIAN_POINT('',(7.196211697007,-3.887747929875));
#1329 = CARTESIAN_POINT('',(7.19178621944,-3.893955176764));
#1330 = CARTESIAN_POINT('',(7.187360741873,-3.900162423653));
#1331 = CARTESIAN_POINT('',(7.181918994067,-3.905884368613));
#1332 = CARTESIAN_POINT('',(7.175658647282,-3.911146247248));
#1333 = CARTESIAN_POINT('',(7.169398300497,-3.916408125882));
#1334 = CARTESIAN_POINT('',(7.162319354733,-3.921209938191));
#1335 = CARTESIAN_POINT('',(7.154350638047,-3.925703937141));
#1336 = CARTESIAN_POINT('',(7.14638192136,-3.930197936091));
#1337 = CARTESIAN_POINT('',(7.13752343375,-3.934384121682));
#1338 = CARTESIAN_POINT('',(7.1277988992,-3.938211742926));
#1339 = ( GEOMETRIC_REPRESENTATION_CONTEXT(2) 
PARAMETRIC_REPRESENTATION_CONTEXT() REPRESENTATION_CONTEXT('2D SPACE',''
  ) );
#1340 = PCURVE('',#1077,#1341);
#1341 = DEFINITIONAL_REPRESENTATION('',(#1342),#1359);
#1342 = B_SPLINE_CURVE_WITH_KNOTS('',3,(#1343,#1344,#1345,#1346,#1347,
    #1348,#1349,#1350,#1351,#1352,#1353,#1354,#1355,#1356,#1357,#1358),
  .UNSPECIFIED.,.F.,.F.,(4,3,3,3,3,4),(0.,0.2,0.4,0.6,0.8,1.),
  .PIECEWISE_BEZIER_KNOTS.);
#1343 = CARTESIAN_POINT('',(4.9464316707E-02,1.936549119E-02));
#1344 = CARTESIAN_POINT('',(4.1690708938E-02,1.935828578E-02));
#1345 = CARTESIAN_POINT('',(3.4308691389E-02,1.824651233E-02));
#1346 = CARTESIAN_POINT('',(2.727140820617E-02,1.59860219417E-02));
#1347 = CARTESIAN_POINT('',(2.023412502333E-02,1.37255315533E-02));
#1348 = CARTESIAN_POINT('',(1.354157620667E-02,1.03163242267E-02));
#1349 = CARTESIAN_POINT('',(7.334329318E-03,5.890846659998E-03));
#1350 = CARTESIAN_POINT('',(1.12708242933E-03,1.4653690933E-03));
#1351 = CARTESIAN_POINT('',(-4.59486253133E-03,-3.9763787133E-03));
#1352 = CARTESIAN_POINT('',(-9.85674116583E-03,-1.02367254983E-02));
#1353 = CARTESIAN_POINT('',(-1.511861980033E-02,-1.64970722833E-02));
#1354 = CARTESIAN_POINT('',(-1.992043210867E-02,-2.35760180467E-02));
#1355 = CARTESIAN_POINT('',(-2.441443105858E-02,-3.15447347333E-02));
#1356 = CARTESIAN_POINT('',(-2.89084300085E-02,-3.951345142E-02));
#1357 = CARTESIAN_POINT('',(-3.30946156E-02,-4.837193903E-02));
#1358 = CARTESIAN_POINT('',(-3.6922236844E-02,-5.809647358E-02));
#1359 = ( GEOMETRIC_REPRESENTATION_CONTEXT(2) 
PARAMETRIC_REPRESENTATION_CONTEXT() REPRESENTATION_CONTEXT('2D SPACE',''
  ) );
#1360 = ORIENTED_EDGE('',*,*,#1361,.T.);
#1361 = EDGE_CURVE('',#1300,#1362,#1364,.T.);
#1362 = VERTEX_POINT('',#1363);
#1363 = CARTESIAN_POINT('',(-20.3517994545,-3.492243084565,
    -1.688078486158));
#1364 = SURFACE_CURVE('',#1365,(#1369,#1376),.PCURVE_S1.);
#1365 = LINE('',#1366,#1367);
#1366 = CARTESIAN_POINT('',(-20.07314433293,-3.602110837719,
    -1.688078486158));
#1367 = VECTOR('',#1368,1.);
#1368 = DIRECTION('',(-0.930300737781,0.366797678952,0.));
#1369 = PCURVE('',#126,#1370);
#1370 = DEFINITIONAL_REPRESENTATION('',(#1371),#1375);
#1371 = LINE('',#1372,#1373);
#1372 = CARTESIAN_POINT('',(7.1277988992,-3.938211742926));
#1373 = VECTOR('',#1374,1.);
#1374 = DIRECTION('',(-0.930300737781,-0.366797678952));
#1375 = ( GEOMETRIC_REPRESENTATION_CONTEXT(2) 
PARAMETRIC_REPRESENTATION_CONTEXT() REPRESENTATION_CONTEXT('2D SPACE',''
  ) );
#1376 = PCURVE('',#1077,#1377);
#1377 = DEFINITIONAL_REPRESENTATION('',(#1378),#1382);
#1378 = LINE('',#1379,#1380);
#1379 = CARTESIAN_POINT('',(-3.6922236844E-02,-5.809647358E-02));
#1380 = VECTOR('',#1381,1.);
#1381 = DIRECTION('',(-0.366797678952,-0.930300737781));
#1382 = ( GEOMETRIC_REPRESENTATION_CONTEXT(2) 
PARAMETRIC_REPRESENTATION_CONTEXT() REPRESENTATION_CONTEXT('2D SPACE',''
  ) );
#1383 = ORIENTED_EDGE('',*,*,#1384,.T.);
#1384 = EDGE_CURVE('',#1362,#1385,#1387,.T.);
#1385 = VERTEX_POINT('',#1386);
#1386 = CARTESIAN_POINT('',(-20.3517994545,-3.536259503021,
    -1.688078486158));
#1387 = SURFACE_CURVE('',#1388,(#1392,#1399),.PCURVE_S1.);
#1388 = LINE('',#1389,#1390);
#1389 = CARTESIAN_POINT('',(-20.3517994545,-3.492243084565,
    -1.688078486158));
#1390 = VECTOR('',#1391,1.);
#1391 = DIRECTION('',(3.228534990731E-13,-1.,0.));
#1392 = PCURVE('',#126,#1393);
#1393 = DEFINITIONAL_REPRESENTATION('',(#1394),#1398);
#1394 = LINE('',#1395,#1396);
#1395 = CARTESIAN_POINT('',(6.84914377763,-4.04807949608));
#1396 = VECTOR('',#1397,1.);
#1397 = DIRECTION('',(3.228534990731E-13,1.));
#1398 = ( GEOMETRIC_REPRESENTATION_CONTEXT(2) 
PARAMETRIC_REPRESENTATION_CONTEXT() REPRESENTATION_CONTEXT('2D SPACE',''
  ) );
#1399 = PCURVE('',#1077,#1400);
#1400 = DEFINITIONAL_REPRESENTATION('',(#1401),#1405);
#1401 = LINE('',#1402,#1403);
#1402 = CARTESIAN_POINT('',(-0.146789989998,-0.33675159515));
#1403 = VECTOR('',#1404,1.);
#1404 = DIRECTION('',(1.,3.228534990731E-13));
#1405 = ( GEOMETRIC_REPRESENTATION_CONTEXT(2) 
PARAMETRIC_REPRESENTATION_CONTEXT() REPRESENTATION_CONTEXT('2D SPACE',''
  ) );
#1406 = ORIENTED_EDGE('',*,*,#1407,.T.);
#1407 = EDGE_CURVE('',#1385,#1408,#1410,.T.);
#1408 = VERTEX_POINT('',#1409);
#1409 = CARTESIAN_POINT('',(-20.15862598481,-3.608173842894,
    -1.688078486158));
#1410 = SURFACE_CURVE('',#1411,(#1415,#1422),.PCURVE_S1.);
#1411 = LINE('',#1412,#1413);
#1412 = CARTESIAN_POINT('',(-20.3517994545,-3.536259503021,
    -1.688078486158));
#1413 = VECTOR('',#1414,1.);
#1414 = DIRECTION('',(0.93716500999,-0.348886434318,0.));
#1415 = PCURVE('',#126,#1416);
#1416 = DEFINITIONAL_REPRESENTATION('',(#1417),#1421);
#1417 = LINE('',#1418,#1419);
#1418 = CARTESIAN_POINT('',(6.84914377763,-4.004063077624));
#1419 = VECTOR('',#1420,1.);
#1420 = DIRECTION('',(0.93716500999,0.348886434318));
#1421 = ( GEOMETRIC_REPRESENTATION_CONTEXT(2) 
PARAMETRIC_REPRESENTATION_CONTEXT() REPRESENTATION_CONTEXT('2D SPACE',''
  ) );
#1422 = PCURVE('',#1077,#1423);
#1423 = DEFINITIONAL_REPRESENTATION('',(#1424),#1428);
#1424 = LINE('',#1425,#1426);
#1425 = CARTESIAN_POINT('',(-0.102773571542,-0.33675159515));
#1426 = VECTOR('',#1427,1.);
#1427 = DIRECTION('',(0.348886434318,0.93716500999));
#1428 = ( GEOMETRIC_REPRESENTATION_CONTEXT(2) 
PARAMETRIC_REPRESENTATION_CONTEXT() REPRESENTATION_CONTEXT('2D SPACE',''
  ) );
#1429 = ORIENTED_EDGE('',*,*,#1430,.T.);
#1430 = EDGE_CURVE('',#1408,#1060,#1431,.T.);
#1431 = SURFACE_CURVE('',#1432,(#1436,#1443),.PCURVE_S1.);
#1432 = LINE('',#1433,#1434);
#1433 = CARTESIAN_POINT('',(-20.15862598481,-3.608173842894,
    -1.688078486158));
#1434 = VECTOR('',#1435,1.);
#1435 = DIRECTION('',(-0.941769189983,-0.336260007729,0.));
#1436 = PCURVE('',#126,#1437);
#1437 = DEFINITIONAL_REPRESENTATION('',(#1438),#1442);
#1438 = LINE('',#1439,#1440);
#1439 = CARTESIAN_POINT('',(7.04231724732,-3.932148737751));
#1440 = VECTOR('',#1441,1.);
#1441 = DIRECTION('',(-0.941769189983,0.336260007729));
#1442 = ( GEOMETRIC_REPRESENTATION_CONTEXT(2) 
PARAMETRIC_REPRESENTATION_CONTEXT() REPRESENTATION_CONTEXT('2D SPACE',''
  ) );
#1443 = PCURVE('',#1077,#1444);
#1444 = DEFINITIONAL_REPRESENTATION('',(#1445),#1449);
#1445 = LINE('',#1446,#1447);
#1446 = CARTESIAN_POINT('',(-3.0859231669E-02,-0.14357812546));
#1447 = VECTOR('',#1448,1.);
#1448 = DIRECTION('',(0.336260007729,-0.941769189983));
#1449 = ( GEOMETRIC_REPRESENTATION_CONTEXT(2) 
PARAMETRIC_REPRESENTATION_CONTEXT() REPRESENTATION_CONTEXT('2D SPACE',''
  ) );
#1450 = FACE_BOUND('',#1451,.F.);
#1451 = EDGE_LOOP('',(#1452,#1503,#1526,#1570,#1599,#1628,#1651,#1695,
    #1723,#1767,#1796,#1825,#1848,#1871,#1894));
#1452 = ORIENTED_EDGE('',*,*,#1453,.T.);
#1453 = EDGE_CURVE('',#1454,#1456,#1458,.T.);
#1454 = VERTEX_POINT('',#1455);
#1455 = CARTESIAN_POINT('',(-20.35734483005,-4.055271996251,
    -1.693078486158));
#1456 = VERTEX_POINT('',#1457);
#1457 = CARTESIAN_POINT('',(-20.33481674187,-4.138625922543,
    -1.693078486158));
#1458 = SURFACE_CURVE('',#1459,(#1470,#1484),.PCURVE_S1.);
#1459 = B_SPLINE_CURVE_WITH_KNOTS('',3,(#1460,#1461,#1462,#1463,#1464,
    #1465,#1466,#1467,#1468,#1469),.UNSPECIFIED.,.F.,.F.,(4,3,3,4),(0.,
    0.333333333333,0.666666666667,1.),.UNSPECIFIED.);
#1460 = CARTESIAN_POINT('',(-20.35734483005,-4.055271996251,
    -1.693078486158));
#1461 = CARTESIAN_POINT('',(-20.35731604912,-4.066093301959,
    -1.693078486158));
#1462 = CARTESIAN_POINT('',(-20.35646132813,-4.076394536647,
    -1.693078486158));
#1463 = CARTESIAN_POINT('',(-20.35474934564,-4.086171607837,
    -1.693078486158));
#1464 = CARTESIAN_POINT('',(-20.35303736315,-4.095948679027,
    -1.693078486158));
#1465 = CARTESIAN_POINT('',(-20.35046811915,-4.10520158672,
    -1.693078486158));
#1466 = CARTESIAN_POINT('',(-20.34713557803,-4.113942608345,
    -1.693078486158));
#1467 = CARTESIAN_POINT('',(-20.34380303692,-4.122683629971,
    -1.693078486158));
#1468 = CARTESIAN_POINT('',(-20.33970719868,-4.130912765529,
    -1.693078486158));
#1469 = CARTESIAN_POINT('',(-20.33481674187,-4.138625922543,
    -1.693078486158));
#1470 = PCURVE('',#126,#1471);
#1471 = DEFINITIONAL_REPRESENTATION('',(#1472),#1483);
#1472 = B_SPLINE_CURVE_WITH_KNOTS('',3,(#1473,#1474,#1475,#1476,#1477,
    #1478,#1479,#1480,#1481,#1482),.UNSPECIFIED.,.F.,.F.,(4,3,3,4),(0.,
    0.333333333333,0.666666666667,1.),.UNSPECIFIED.);
#1473 = CARTESIAN_POINT('',(6.84359840208,-3.485050584394));
#1474 = CARTESIAN_POINT('',(6.84362718301,-3.474229278686));
#1475 = CARTESIAN_POINT('',(6.844481903995,-3.463928043999));
#1476 = CARTESIAN_POINT('',(6.846193886486,-3.454150972808));
#1477 = CARTESIAN_POINT('',(6.847905868977,-3.444373901618));
#1478 = CARTESIAN_POINT('',(6.850475112973,-3.435120993925));
#1479 = CARTESIAN_POINT('',(6.853807654092,-3.4263799723));
#1480 = CARTESIAN_POINT('',(6.85714019521,-3.417638950674));
#1481 = CARTESIAN_POINT('',(6.86123603345,-3.409409815116));
#1482 = CARTESIAN_POINT('',(6.86612649026,-3.401696658102));
#1483 = ( GEOMETRIC_REPRESENTATION_CONTEXT(2) 
PARAMETRIC_REPRESENTATION_CONTEXT() REPRESENTATION_CONTEXT('2D SPACE',''
  ) );
#1484 = PCURVE('',#1485,#1490);
#1485 = PLANE('',#1486);
#1486 = AXIS2_PLACEMENT_3D('',#1487,#1488,#1489);
#1487 = CARTESIAN_POINT('',(-20.35173446963,-4.099775801232,
    -1.683078486158));
#1488 = DIRECTION('',(0.,0.,1.));
#1489 = DIRECTION('',(0.,-1.,0.));
#1490 = DEFINITIONAL_REPRESENTATION('',(#1491),#1502);
#1491 = B_SPLINE_CURVE_WITH_KNOTS('',3,(#1492,#1493,#1494,#1495,#1496,
    #1497,#1498,#1499,#1500,#1501),.UNSPECIFIED.,.F.,.F.,(4,3,3,4),(0.,
    0.333333333333,0.666666666667,1.),.UNSPECIFIED.);
#1492 = CARTESIAN_POINT('',(-4.4503804981E-02,-5.61036042E-03));
#1493 = CARTESIAN_POINT('',(-3.3682499273E-02,-5.581579490002E-03));
#1494 = CARTESIAN_POINT('',(-2.33812645855E-02,-4.726858505002E-03));
#1495 = CARTESIAN_POINT('',(-1.360419339525E-02,-3.014876014202E-03));
#1496 = CARTESIAN_POINT('',(-3.827122205E-03,-1.302893523302E-03));
#1497 = CARTESIAN_POINT('',(5.425785488E-03,1.266350473298E-03));
#1498 = CARTESIAN_POINT('',(1.41668071135E-02,4.598891591698E-03));
#1499 = CARTESIAN_POINT('',(2.2907828739E-02,7.931432709999E-03));
#1500 = CARTESIAN_POINT('',(3.1136964297E-02,1.202727095E-02));
#1501 = CARTESIAN_POINT('',(3.8850121311E-02,1.691772776E-02));
#1502 = ( GEOMETRIC_REPRESENTATION_CONTEXT(2) 
PARAMETRIC_REPRESENTATION_CONTEXT() REPRESENTATION_CONTEXT('2D SPACE',''
  ) );
#1503 = ORIENTED_EDGE('',*,*,#1504,.T.);
#1504 = EDGE_CURVE('',#1456,#1505,#1507,.T.);
#1505 = VERTEX_POINT('',#1506);
#1506 = CARTESIAN_POINT('',(-20.29357301118,-4.138625922543,
    -1.693078486158));
#1507 = SURFACE_CURVE('',#1508,(#1512,#1519),.PCURVE_S1.);
#1508 = LINE('',#1509,#1510);
#1509 = CARTESIAN_POINT('',(-20.33481674187,-4.138625922543,
    -1.688078486158));
#1510 = VECTOR('',#1511,1.);
#1511 = DIRECTION('',(1.,4.953020329331E-13,0.));
#1512 = PCURVE('',#126,#1513);
#1513 = DEFINITIONAL_REPRESENTATION('',(#1514),#1518);
#1514 = LINE('',#1515,#1516);
#1515 = CARTESIAN_POINT('',(6.86612649026,-3.401696658102));
#1516 = VECTOR('',#1517,1.);
#1517 = DIRECTION('',(1.,-4.953020329331E-13));
#1518 = ( GEOMETRIC_REPRESENTATION_CONTEXT(2) 
PARAMETRIC_REPRESENTATION_CONTEXT() REPRESENTATION_CONTEXT('2D SPACE',''
  ) );
#1519 = PCURVE('',#1485,#1520);
#1520 = DEFINITIONAL_REPRESENTATION('',(#1521),#1525);
#1521 = LINE('',#1522,#1523);
#1522 = CARTESIAN_POINT('',(3.8850121311E-02,1.691772776E-02));
#1523 = VECTOR('',#1524,1.);
#1524 = DIRECTION('',(-4.953020329331E-13,1.));
#1525 = ( GEOMETRIC_REPRESENTATION_CONTEXT(2) 
PARAMETRIC_REPRESENTATION_CONTEXT() REPRESENTATION_CONTEXT('2D SPACE',''
  ) );
#1526 = ORIENTED_EDGE('',*,*,#1527,.T.);
#1527 = EDGE_CURVE('',#1505,#1528,#1530,.T.);
#1528 = VERTEX_POINT('',#1529);
#1529 = CARTESIAN_POINT('',(-20.32295570388,-4.058421562355,
    -1.690578486158));
#1530 = SURFACE_CURVE('',#1531,(#1542,#1556),.PCURVE_S1.);
#1531 = B_SPLINE_CURVE_WITH_KNOTS('',3,(#1532,#1533,#1534,#1535,#1536,
    #1537,#1538,#1539,#1540,#1541),.UNSPECIFIED.,.F.,.F.,(4,3,3,4),(0.,
    0.333333333333,0.666666666667,1.),.UNSPECIFIED.);
#1532 = CARTESIAN_POINT('',(-20.29357301118,-4.138625922543,
    -1.693078486158));
#1533 = CARTESIAN_POINT('',(-20.30013862398,-4.130512918819,
    -1.693078486158));
#1534 = CARTESIAN_POINT('',(-20.30560306909,-4.122136547371,
    -1.693078486158));
#1535 = CARTESIAN_POINT('',(-20.30994264133,-4.11357320631,
    -1.693078486158));
#1536 = CARTESIAN_POINT('',(-20.31428221357,-4.105009865249,
    -1.693078486158));
#1537 = CARTESIAN_POINT('',(-20.31749691295,-4.096259554575,
    -1.693078486158));
#1538 = CARTESIAN_POINT('',(-20.31965785498,-4.087093079953,
    -1.693078486158));
#1539 = CARTESIAN_POINT('',(-20.32181879702,-4.077926605332,
    -1.693078486158));
#1540 = CARTESIAN_POINT('',(-20.32292598171,-4.068343966762,
    -1.693078486158));
#1541 = CARTESIAN_POINT('',(-20.32295570388,-4.058421562355,
    -1.693078486158));
#1542 = PCURVE('',#126,#1543);
#1543 = DEFINITIONAL_REPRESENTATION('',(#1544),#1555);
#1544 = B_SPLINE_CURVE_WITH_KNOTS('',3,(#1545,#1546,#1547,#1548,#1549,
    #1550,#1551,#1552,#1553,#1554),.UNSPECIFIED.,.F.,.F.,(4,3,3,4),(0.,
    0.333333333333,0.666666666667,1.),.UNSPECIFIED.);
#1545 = CARTESIAN_POINT('',(6.90737022095,-3.401696658102));
#1546 = CARTESIAN_POINT('',(6.90080460815,-3.409809661826));
#1547 = CARTESIAN_POINT('',(6.89534016304,-3.418186033274));
#1548 = CARTESIAN_POINT('',(6.891000590797,-3.426749374335));
#1549 = CARTESIAN_POINT('',(6.886661018553,-3.435312715396));
#1550 = CARTESIAN_POINT('',(6.883446319177,-3.44406302607));
#1551 = CARTESIAN_POINT('',(6.881285377143,-3.453229500692));
#1552 = CARTESIAN_POINT('',(6.87912443511,-3.462395975314));
#1553 = CARTESIAN_POINT('',(6.87801725042,-3.471978613883));
#1554 = CARTESIAN_POINT('',(6.87798752825,-3.48190101829));
#1555 = ( GEOMETRIC_REPRESENTATION_CONTEXT(2) 
PARAMETRIC_REPRESENTATION_CONTEXT() REPRESENTATION_CONTEXT('2D SPACE',''
  ) );
#1556 = PCURVE('',#1485,#1557);
#1557 = DEFINITIONAL_REPRESENTATION('',(#1558),#1569);
#1558 = B_SPLINE_CURVE_WITH_KNOTS('',3,(#1559,#1560,#1561,#1562,#1563,
    #1564,#1565,#1566,#1567,#1568),.UNSPECIFIED.,.F.,.F.,(4,3,3,4),(0.,
    0.333333333333,0.666666666667,1.),.UNSPECIFIED.);
#1559 = CARTESIAN_POINT('',(3.8850121311E-02,5.816145845E-02));
#1560 = CARTESIAN_POINT('',(3.0737117587E-02,5.159584565E-02));
#1561 = CARTESIAN_POINT('',(2.2360746139E-02,4.613140054E-02));
#1562 = CARTESIAN_POINT('',(1.3797405078E-02,4.17918282967E-02));
#1563 = CARTESIAN_POINT('',(5.234064017E-03,3.74522560533E-02));
#1564 = CARTESIAN_POINT('',(-3.516246657E-03,3.42375566767E-02));
#1565 = CARTESIAN_POINT('',(-1.268272127875E-02,3.20766146433E-02));
#1566 = CARTESIAN_POINT('',(-2.18491959005E-02,2.991567261E-02));
#1567 = CARTESIAN_POINT('',(-3.143183447E-02,2.880848792E-02));
#1568 = CARTESIAN_POINT('',(-4.1354238877E-02,2.877876575E-02));
#1569 = ( GEOMETRIC_REPRESENTATION_CONTEXT(2) 
PARAMETRIC_REPRESENTATION_CONTEXT() REPRESENTATION_CONTEXT('2D SPACE',''
  ) );
#1570 = ORIENTED_EDGE('',*,*,#1571,.T.);
#1571 = EDGE_CURVE('',#1528,#1572,#1574,.T.);
#1572 = VERTEX_POINT('',#1573);
#1573 = CARTESIAN_POINT('',(-20.31307593538,-4.027514575086,
    -1.688078486158));
#1574 = SURFACE_CURVE('',#1575,(#1581,#1590),.PCURVE_S1.);
#1575 = B_SPLINE_CURVE_WITH_KNOTS('',3,(#1576,#1577,#1578,#1579,#1580),
  .UNSPECIFIED.,.F.,.F.,(4,1,4),(0.,0.5,1.),.QUASI_UNIFORM_KNOTS.);
#1576 = CARTESIAN_POINT('',(-20.32295570388,-4.058421562355,
    -1.688078486158));
#1577 = CARTESIAN_POINT('',(-20.32264986786,-4.051405305826,
    -1.688078486158));
#1578 = CARTESIAN_POINT('',(-20.32069740376,-4.039237884752,
    -1.678078486158));
#1579 = CARTESIAN_POINT('',(-20.31606335553,-4.030800647646,
    -1.688078486158));
#1580 = CARTESIAN_POINT('',(-20.31307593538,-4.027514575086,
    -1.688078486158));
#1581 = PCURVE('',#126,#1582);
#1582 = DEFINITIONAL_REPRESENTATION('',(#1583),#1589);
#1583 = B_SPLINE_CURVE_WITH_KNOTS('',3,(#1584,#1585,#1586,#1587,#1588),
  .UNSPECIFIED.,.F.,.F.,(4,1,4),(0.,0.5,1.),.QUASI_UNIFORM_KNOTS.);
#1584 = CARTESIAN_POINT('',(6.87798752825,-3.48190101829));
#1585 = CARTESIAN_POINT('',(6.87829336427,-3.488917274819));
#1586 = CARTESIAN_POINT('',(6.88024582837,-3.501084695893));
#1587 = CARTESIAN_POINT('',(6.8848798766,-3.509521932999));
#1588 = CARTESIAN_POINT('',(6.88786729675,-3.512808005559));
#1589 = ( GEOMETRIC_REPRESENTATION_CONTEXT(2) 
PARAMETRIC_REPRESENTATION_CONTEXT() REPRESENTATION_CONTEXT('2D SPACE',''
  ) );
#1590 = PCURVE('',#1485,#1591);
#1591 = DEFINITIONAL_REPRESENTATION('',(#1592),#1598);
#1592 = B_SPLINE_CURVE_WITH_KNOTS('',3,(#1593,#1594,#1595,#1596,#1597),
  .UNSPECIFIED.,.F.,.F.,(4,1,4),(0.,0.5,1.),.QUASI_UNIFORM_KNOTS.);
#1593 = CARTESIAN_POINT('',(-4.1354238877E-02,2.877876575E-02));
#1594 = CARTESIAN_POINT('',(-4.8370495406E-02,2.908460177E-02));
#1595 = CARTESIAN_POINT('',(-6.053791648E-02,3.103706587E-02));
#1596 = CARTESIAN_POINT('',(-6.8975153586E-02,3.56711141E-02));
#1597 = CARTESIAN_POINT('',(-7.2261226146E-02,3.865853425E-02));
#1598 = ( GEOMETRIC_REPRESENTATION_CONTEXT(2) 
PARAMETRIC_REPRESENTATION_CONTEXT() REPRESENTATION_CONTEXT('2D SPACE',''
  ) );
#1599 = ORIENTED_EDGE('',*,*,#1600,.T.);
#1600 = EDGE_CURVE('',#1572,#1601,#1603,.T.);
#1601 = VERTEX_POINT('',#1602);
#1602 = CARTESIAN_POINT('',(-20.2635933246,-4.010215819877,
    -1.688078486158));
#1603 = SURFACE_CURVE('',#1604,(#1610,#1619),.PCURVE_S1.);
#1604 = B_SPLINE_CURVE_WITH_KNOTS('',3,(#1605,#1606,#1607,#1608,#1609),
  .UNSPECIFIED.,.F.,.F.,(4,1,4),(0.,0.5,1.),.QUASI_UNIFORM_KNOTS.);
#1605 = CARTESIAN_POINT('',(-20.31307593538,-4.027514575086,
    -1.688078486158));
#1606 = CARTESIAN_POINT('',(-20.30718471611,-4.021374719187,
    -1.688078486158));
#1607 = CARTESIAN_POINT('',(-20.29304639505,-4.01235173742,
    -1.678078486158));
#1608 = CARTESIAN_POINT('',(-20.27419630893,-4.009842215715,
    -1.688078486158));
#1609 = CARTESIAN_POINT('',(-20.2635933246,-4.010215819877,
    -1.688078486158));
#1610 = PCURVE('',#126,#1611);
#1611 = DEFINITIONAL_REPRESENTATION('',(#1612),#1618);
#1612 = B_SPLINE_CURVE_WITH_KNOTS('',3,(#1613,#1614,#1615,#1616,#1617),
  .UNSPECIFIED.,.F.,.F.,(4,1,4),(0.,0.5,1.),.QUASI_UNIFORM_KNOTS.);
#1613 = CARTESIAN_POINT('',(6.88786729675,-3.512808005559));
#1614 = CARTESIAN_POINT('',(6.89375851602,-3.518947861458));
#1615 = CARTESIAN_POINT('',(6.90789683708,-3.527970843225));
#1616 = CARTESIAN_POINT('',(6.9267469232,-3.53048036493));
#1617 = CARTESIAN_POINT('',(6.93734990753,-3.530106760768));
#1618 = ( GEOMETRIC_REPRESENTATION_CONTEXT(2) 
PARAMETRIC_REPRESENTATION_CONTEXT() REPRESENTATION_CONTEXT('2D SPACE',''
  ) );
#1619 = PCURVE('',#1485,#1620);
#1620 = DEFINITIONAL_REPRESENTATION('',(#1621),#1627);
#1621 = B_SPLINE_CURVE_WITH_KNOTS('',3,(#1622,#1623,#1624,#1625,#1626),
  .UNSPECIFIED.,.F.,.F.,(4,1,4),(0.,0.5,1.),.QUASI_UNIFORM_KNOTS.);
#1622 = CARTESIAN_POINT('',(-7.2261226146E-02,3.865853425E-02));
#1623 = CARTESIAN_POINT('',(-7.8401082045E-02,4.454975352E-02));
#1624 = CARTESIAN_POINT('',(-8.7424063812E-02,5.868807458E-02));
#1625 = CARTESIAN_POINT('',(-8.9933585517E-02,7.75381607E-02));
#1626 = CARTESIAN_POINT('',(-8.9559981355E-02,8.814114503E-02));
#1627 = ( GEOMETRIC_REPRESENTATION_CONTEXT(2) 
PARAMETRIC_REPRESENTATION_CONTEXT() REPRESENTATION_CONTEXT('2D SPACE',''
  ) );
#1628 = ORIENTED_EDGE('',*,*,#1629,.T.);
#1629 = EDGE_CURVE('',#1601,#1630,#1632,.T.);
#1630 = VERTEX_POINT('',#1631);
#1631 = CARTESIAN_POINT('',(-20.25354233141,-4.081959116105,
    -1.693078486158));
#1632 = SURFACE_CURVE('',#1633,(#1637,#1644),.PCURVE_S1.);
#1633 = LINE('',#1634,#1635);
#1634 = CARTESIAN_POINT('',(-20.2635933246,-4.010215819877,
    -1.688078486158));
#1635 = VECTOR('',#1636,1.);
#1636 = DIRECTION('',(0.138741688482,-0.990328603988,0.));
#1637 = PCURVE('',#126,#1638);
#1638 = DEFINITIONAL_REPRESENTATION('',(#1639),#1643);
#1639 = LINE('',#1640,#1641);
#1640 = CARTESIAN_POINT('',(6.93734990753,-3.530106760768));
#1641 = VECTOR('',#1642,1.);
#1642 = DIRECTION('',(0.138741688482,0.990328603988));
#1643 = ( GEOMETRIC_REPRESENTATION_CONTEXT(2) 
PARAMETRIC_REPRESENTATION_CONTEXT() REPRESENTATION_CONTEXT('2D SPACE',''
  ) );
#1644 = PCURVE('',#1485,#1645);
#1645 = DEFINITIONAL_REPRESENTATION('',(#1646),#1650);
#1646 = LINE('',#1647,#1648);
#1647 = CARTESIAN_POINT('',(-8.9559981355E-02,8.814114503E-02));
#1648 = VECTOR('',#1649,1.);
#1649 = DIRECTION('',(0.990328603988,0.138741688482));
#1650 = ( GEOMETRIC_REPRESENTATION_CONTEXT(2) 
PARAMETRIC_REPRESENTATION_CONTEXT() REPRESENTATION_CONTEXT('2D SPACE',''
  ) );
#1651 = ORIENTED_EDGE('',*,*,#1652,.T.);
#1652 = EDGE_CURVE('',#1630,#1653,#1655,.T.);
#1653 = VERTEX_POINT('',#1654);
#1654 = CARTESIAN_POINT('',(-20.17452072977,-4.162280415139,
    -1.693078486158));
#1655 = SURFACE_CURVE('',#1656,(#1667,#1681),.PCURVE_S1.);
#1656 = B_SPLINE_CURVE_WITH_KNOTS('',3,(#1657,#1658,#1659,#1660,#1661,
    #1662,#1663,#1664,#1665,#1666),.UNSPECIFIED.,.F.,.F.,(4,3,3,4),(0.,
    0.333333333333,0.666666666667,1.),.UNSPECIFIED.);
#1657 = CARTESIAN_POINT('',(-20.25354233141,-4.081959116105,
    -1.693078486158));
#1658 = CARTESIAN_POINT('',(-20.25169415829,-4.098652010815,
    -1.693078486158));
#1659 = CARTESIAN_POINT('',(-20.24752445216,-4.11277488907,
    -1.693078486158));
#1660 = CARTESIAN_POINT('',(-20.24073986556,-4.12485205994,
    -1.693078486158));
#1661 = CARTESIAN_POINT('',(-20.23395527897,-4.13692923081,
    -1.693078486158));
#1662 = CARTESIAN_POINT('',(-20.2245558119,-4.146960694294,
    -1.693078486158));
#1663 = CARTESIAN_POINT('',(-20.21342150677,-4.153373523184,
    -1.693078486158));
#1664 = CARTESIAN_POINT('',(-20.20228720165,-4.159786352073,
    -1.693078486158));
#1665 = CARTESIAN_POINT('',(-20.18941805847,-4.162580546369,
    -1.693078486158));
#1666 = CARTESIAN_POINT('',(-20.17452072977,-4.162280415139,
    -1.693078486158));
#1667 = PCURVE('',#126,#1668);
#1668 = DEFINITIONAL_REPRESENTATION('',(#1669),#1680);
#1669 = B_SPLINE_CURVE_WITH_KNOTS('',3,(#1670,#1671,#1672,#1673,#1674,
    #1675,#1676,#1677,#1678,#1679),.UNSPECIFIED.,.F.,.F.,(4,3,3,4),(0.,
    0.333333333333,0.666666666667,1.),.UNSPECIFIED.);
#1670 = CARTESIAN_POINT('',(6.94740090072,-3.45836346454));
#1671 = CARTESIAN_POINT('',(6.94924907384,-3.44167056983));
#1672 = CARTESIAN_POINT('',(6.953418779965,-3.427547691575));
#1673 = CARTESIAN_POINT('',(6.960203366562,-3.415470520705));
#1674 = CARTESIAN_POINT('',(6.96698795316,-3.403393349835));
#1675 = CARTESIAN_POINT('',(6.97638742023,-3.393361886351));
#1676 = CARTESIAN_POINT('',(6.987521725355,-3.386949057461));
#1677 = CARTESIAN_POINT('',(6.99865603048,-3.380536228572));
#1678 = CARTESIAN_POINT('',(7.01152517366,-3.377742034276));
#1679 = CARTESIAN_POINT('',(7.02642250236,-3.378042165506));
#1680 = ( GEOMETRIC_REPRESENTATION_CONTEXT(2) 
PARAMETRIC_REPRESENTATION_CONTEXT() REPRESENTATION_CONTEXT('2D SPACE',''
  ) );
#1681 = PCURVE('',#1485,#1682);
#1682 = DEFINITIONAL_REPRESENTATION('',(#1683),#1694);
#1683 = B_SPLINE_CURVE_WITH_KNOTS('',3,(#1684,#1685,#1686,#1687,#1688,
    #1689,#1690,#1691,#1692,#1693),.UNSPECIFIED.,.F.,.F.,(4,3,3,4),(0.,
    0.333333333333,0.666666666667,1.),.UNSPECIFIED.);
#1684 = CARTESIAN_POINT('',(-1.7816685127E-02,9.819213822E-02));
#1685 = CARTESIAN_POINT('',(-1.123790417E-03,0.10004031134));
#1686 = CARTESIAN_POINT('',(1.29990878385E-02,0.104210017465));
#1687 = CARTESIAN_POINT('',(2.507625870825E-02,0.110994604062));
#1688 = CARTESIAN_POINT('',(3.7153429578E-02,0.11777919066));
#1689 = CARTESIAN_POINT('',(4.7184893062E-02,0.12717865773));
#1690 = CARTESIAN_POINT('',(5.359772195175E-02,0.138312962855));
#1691 = CARTESIAN_POINT('',(6.00105508415E-02,0.14944726798));
#1692 = CARTESIAN_POINT('',(6.2804745137E-02,0.16231641116));
#1693 = CARTESIAN_POINT('',(6.2504613907E-02,0.17721373986));
#1694 = ( GEOMETRIC_REPRESENTATION_CONTEXT(2) 
PARAMETRIC_REPRESENTATION_CONTEXT() REPRESENTATION_CONTEXT('2D SPACE',''
  ) );
#1695 = ORIENTED_EDGE('',*,*,#1696,.T.);
#1696 = EDGE_CURVE('',#1653,#1697,#1699,.T.);
#1697 = VERTEX_POINT('',#1698);
#1698 = CARTESIAN_POINT('',(-20.12305271291,-4.141485256812,
    -1.693078486158));
#1699 = SURFACE_CURVE('',#1700,(#1705,#1716),.PCURVE_S1.);
#1700 = ELLIPSE('',#1701,2.152801886612,0.358565840682);
#1701 = AXIS2_PLACEMENT_3D('',#1702,#1703,#1704);
#1702 = CARTESIAN_POINT('',(-21.32427991993,-2.35719567727,
    -1.693078486158));
#1703 = DIRECTION('',(0.,0.,1.));
#1704 = DIRECTION('',(0.552649505973,-0.833413776913,0.));
#1705 = PCURVE('',#126,#1706);
#1706 = DEFINITIONAL_REPRESENTATION('',(#1707),#1715);
#1707 = ( BOUNDED_CURVE() B_SPLINE_CURVE(2,(#1708,#1709,#1710,#1711,
#1712,#1713,#1714),.UNSPECIFIED.,.T.,.F.) B_SPLINE_CURVE_WITH_KNOTS((1,2
    ,2,2,2,1),(-2.094395102393,0.,2.094395102393,4.188790204786,
6.28318530718,8.377580409573),.UNSPECIFIED.) CURVE() 
GEOMETRIC_REPRESENTATION_ITEM() RATIONAL_B_SPLINE_CURVE((1.,0.5,1.,0.5,
1.,0.5,1.)) REPRESENTATION_ITEM('') );
#1708 = CARTESIAN_POINT('',(7.066408211288,-3.388952152109));
#1709 = CARTESIAN_POINT('',(7.584003382714,-3.732177478719));
#1710 = CARTESIAN_POINT('',(5.540588448361,-6.251826942313));
#1711 = CARTESIAN_POINT('',(3.497173514007,-8.771476405908));
#1712 = CARTESIAN_POINT('',(5.022993276934,-5.908601615703));
#1713 = CARTESIAN_POINT('',(6.548813039861,-3.045726825498));
#1714 = CARTESIAN_POINT('',(7.066408211288,-3.388952152109));
#1715 = ( GEOMETRIC_REPRESENTATION_CONTEXT(2) 
PARAMETRIC_REPRESENTATION_CONTEXT() REPRESENTATION_CONTEXT('2D SPACE',''
  ) );
#1716 = PCURVE('',#1485,#1717);
#1717 = DEFINITIONAL_REPRESENTATION('',(#1718),#1722);
#1718 = ELLIPSE('',#1719,2.152801886612,0.358565840682);
#1719 = AXIS2_PLACEMENT_2D('',#1720,#1721);
#1720 = CARTESIAN_POINT('',(-1.742580123962,-0.972545450306));
#1721 = DIRECTION('',(0.833413776913,0.552649505973));
#1722 = ( GEOMETRIC_REPRESENTATION_CONTEXT(2) 
PARAMETRIC_REPRESENTATION_CONTEXT() REPRESENTATION_CONTEXT('2D SPACE',''
  ) );
#1723 = ORIENTED_EDGE('',*,*,#1724,.T.);
#1724 = EDGE_CURVE('',#1697,#1725,#1727,.T.);
#1725 = VERTEX_POINT('',#1726);
#1726 = CARTESIAN_POINT('',(-20.10399048444,-4.085511622315,
    -1.690578486158));
#1727 = SURFACE_CURVE('',#1728,(#1739,#1753),.PCURVE_S1.);
#1728 = B_SPLINE_CURVE_WITH_KNOTS('',3,(#1729,#1730,#1731,#1732,#1733,
    #1734,#1735,#1736,#1737,#1738),.UNSPECIFIED.,.F.,.F.,(4,3,3,4),(0.,
    0.333333333333,0.666666666667,1.),.UNSPECIFIED.);
#1729 = CARTESIAN_POINT('',(-20.12305271291,-4.141485256812,
    -1.693078486158));
#1730 = CARTESIAN_POINT('',(-20.11874825624,-4.136727125575,
    -1.693078486158));
#1731 = CARTESIAN_POINT('',(-20.11517332355,-4.131481768529,
    -1.693078486158));
#1732 = CARTESIAN_POINT('',(-20.11234718076,-4.125744542165,
    -1.693078486158));
#1733 = CARTESIAN_POINT('',(-20.10952103796,-4.120007315801,
    -1.693078486158));
#1734 = CARTESIAN_POINT('',(-20.10744368506,-4.113778220121,
    -1.693078486158));
#1735 = CARTESIAN_POINT('',(-20.10605732431,-4.107071185643,
    -1.693078486158));
#1736 = CARTESIAN_POINT('',(-20.10467096356,-4.100364151166,
    -1.693078486158));
#1737 = CARTESIAN_POINT('',(-20.10397559497,-4.093179177892,
    -1.693078486158));
#1738 = CARTESIAN_POINT('',(-20.10399048444,-4.085511622315,
    -1.693078486158));
#1739 = PCURVE('',#126,#1740);
#1740 = DEFINITIONAL_REPRESENTATION('',(#1741),#1752);
#1741 = B_SPLINE_CURVE_WITH_KNOTS('',3,(#1742,#1743,#1744,#1745,#1746,
    #1747,#1748,#1749,#1750,#1751),.UNSPECIFIED.,.F.,.F.,(4,3,3,4),(0.,
    0.333333333333,0.666666666667,1.),.UNSPECIFIED.);
#1742 = CARTESIAN_POINT('',(7.07789051922,-3.398837323833));
#1743 = CARTESIAN_POINT('',(7.08219497589,-3.40359545507));
#1744 = CARTESIAN_POINT('',(7.085769908575,-3.408840812116));
#1745 = CARTESIAN_POINT('',(7.088596051369,-3.41457803848));
#1746 = CARTESIAN_POINT('',(7.091422194163,-3.420315264844));
#1747 = CARTESIAN_POINT('',(7.093499547067,-3.426544360524));
#1748 = CARTESIAN_POINT('',(7.094885907816,-3.433251395002));
#1749 = CARTESIAN_POINT('',(7.096272268565,-3.439958429479));
#1750 = CARTESIAN_POINT('',(7.09696763716,-3.447143402753));
#1751 = CARTESIAN_POINT('',(7.09695274769,-3.45481095833));
#1752 = ( GEOMETRIC_REPRESENTATION_CONTEXT(2) 
PARAMETRIC_REPRESENTATION_CONTEXT() REPRESENTATION_CONTEXT('2D SPACE',''
  ) );
#1753 = PCURVE('',#1485,#1754);
#1754 = DEFINITIONAL_REPRESENTATION('',(#1755),#1766);
#1755 = B_SPLINE_CURVE_WITH_KNOTS('',3,(#1756,#1757,#1758,#1759,#1760,
    #1761,#1762,#1763,#1764,#1765),.UNSPECIFIED.,.F.,.F.,(4,3,3,4),(0.,
    0.333333333333,0.666666666667,1.),.UNSPECIFIED.);
#1756 = CARTESIAN_POINT('',(4.170945558E-02,0.22868175672));
#1757 = CARTESIAN_POINT('',(3.6951324343E-02,0.23298621339));
#1758 = CARTESIAN_POINT('',(3.17059672965E-02,0.236561146075));
#1759 = CARTESIAN_POINT('',(2.596874093292E-02,0.239387288869));
#1760 = CARTESIAN_POINT('',(2.023151456933E-02,0.242213431663));
#1761 = CARTESIAN_POINT('',(1.400241888867E-02,0.244290784567));
#1762 = CARTESIAN_POINT('',(7.29538441133E-03,0.245677145316));
#1763 = CARTESIAN_POINT('',(5.883499339996E-04,0.247063506065));
#1764 = CARTESIAN_POINT('',(-6.59662334E-03,0.24775887466));
#1765 = CARTESIAN_POINT('',(-1.4264178917E-02,0.24774398519));
#1766 = ( GEOMETRIC_REPRESENTATION_CONTEXT(2) 
PARAMETRIC_REPRESENTATION_CONTEXT() REPRESENTATION_CONTEXT('2D SPACE',''
  ) );
#1767 = ORIENTED_EDGE('',*,*,#1768,.T.);
#1768 = EDGE_CURVE('',#1725,#1769,#1771,.T.);
#1769 = VERTEX_POINT('',#1770);
#1770 = CARTESIAN_POINT('',(-20.11406712149,-4.043698439366,
    -1.688078486158));
#1771 = SURFACE_CURVE('',#1772,(#1778,#1787),.PCURVE_S1.);
#1772 = B_SPLINE_CURVE_WITH_KNOTS('',3,(#1773,#1774,#1775,#1776,#1777),
  .UNSPECIFIED.,.F.,.F.,(4,1,4),(0.,0.5,1.),.QUASI_UNIFORM_KNOTS.);
#1773 = CARTESIAN_POINT('',(-20.10399048444,-4.085511622315,
    -1.688078486158));
#1774 = CARTESIAN_POINT('',(-20.10399232845,-4.077609562601,
    -1.688078486158));
#1775 = CARTESIAN_POINT('',(-20.10567361196,-4.062738639062,
    -1.678078486158));
#1776 = CARTESIAN_POINT('',(-20.11071008648,-4.049734107302,
    -1.688078486158));
#1777 = CARTESIAN_POINT('',(-20.11406712149,-4.043698439366,
    -1.688078486158));
#1778 = PCURVE('',#126,#1779);
#1779 = DEFINITIONAL_REPRESENTATION('',(#1780),#1786);
#1780 = B_SPLINE_CURVE_WITH_KNOTS('',3,(#1781,#1782,#1783,#1784,#1785),
  .UNSPECIFIED.,.F.,.F.,(4,1,4),(0.,0.5,1.),.QUASI_UNIFORM_KNOTS.);
#1781 = CARTESIAN_POINT('',(7.09695274769,-3.45481095833));
#1782 = CARTESIAN_POINT('',(7.09695090368,-3.462713018044));
#1783 = CARTESIAN_POINT('',(7.09526962017,-3.477583941583));
#1784 = CARTESIAN_POINT('',(7.09023314565,-3.490588473343));
#1785 = CARTESIAN_POINT('',(7.08687611064,-3.496624141279));
#1786 = ( GEOMETRIC_REPRESENTATION_CONTEXT(2) 
PARAMETRIC_REPRESENTATION_CONTEXT() REPRESENTATION_CONTEXT('2D SPACE',''
  ) );
#1787 = PCURVE('',#1485,#1788);
#1788 = DEFINITIONAL_REPRESENTATION('',(#1789),#1795);
#1789 = B_SPLINE_CURVE_WITH_KNOTS('',3,(#1790,#1791,#1792,#1793,#1794),
  .UNSPECIFIED.,.F.,.F.,(4,1,4),(0.,0.5,1.),.QUASI_UNIFORM_KNOTS.);
#1790 = CARTESIAN_POINT('',(-1.4264178917E-02,0.24774398519));
#1791 = CARTESIAN_POINT('',(-2.2166238631E-02,0.24774214118));
#1792 = CARTESIAN_POINT('',(-3.703716217E-02,0.24606085767));
#1793 = CARTESIAN_POINT('',(-5.004169393E-02,0.24102438315));
#1794 = CARTESIAN_POINT('',(-5.6077361866E-02,0.23766734814));
#1795 = ( GEOMETRIC_REPRESENTATION_CONTEXT(2) 
PARAMETRIC_REPRESENTATION_CONTEXT() REPRESENTATION_CONTEXT('2D SPACE',''
  ) );
#1796 = ORIENTED_EDGE('',*,*,#1797,.T.);
#1797 = EDGE_CURVE('',#1769,#1798,#1800,.T.);
#1798 = VERTEX_POINT('',#1799);
#1799 = CARTESIAN_POINT('',(-20.14922041357,-4.010215819877,
    -1.688078486158));
#1800 = SURFACE_CURVE('',#1801,(#1807,#1816),.PCURVE_S1.);
#1801 = B_SPLINE_CURVE_WITH_KNOTS('',3,(#1802,#1803,#1804,#1805,#1806),
  .UNSPECIFIED.,.F.,.F.,(4,1,4),(0.,0.5,1.),.QUASI_UNIFORM_KNOTS.);
#1802 = CARTESIAN_POINT('',(-20.11406712149,-4.043698439366,
    -1.688078486158));
#1803 = CARTESIAN_POINT('',(-20.11836075187,-4.036423417995,
    -1.688078486158));
#1804 = CARTESIAN_POINT('',(-20.12851326426,-4.023567960044,
    -1.678078486158));
#1805 = CARTESIAN_POINT('',(-20.14179627992,-4.01410167167,
    -1.688078486158));
#1806 = CARTESIAN_POINT('',(-20.14922041357,-4.010215819877,
    -1.688078486158));
#1807 = PCURVE('',#126,#1808);
#1808 = DEFINITIONAL_REPRESENTATION('',(#1809),#1815);
#1809 = B_SPLINE_CURVE_WITH_KNOTS('',3,(#1810,#1811,#1812,#1813,#1814),
  .UNSPECIFIED.,.F.,.F.,(4,1,4),(0.,0.5,1.),.QUASI_UNIFORM_KNOTS.);
#1810 = CARTESIAN_POINT('',(7.08687611064,-3.496624141279));
#1811 = CARTESIAN_POINT('',(7.08258248026,-3.50389916265));
#1812 = CARTESIAN_POINT('',(7.07242996787,-3.516754620601));
#1813 = CARTESIAN_POINT('',(7.05914695221,-3.526220908975));
#1814 = CARTESIAN_POINT('',(7.05172281856,-3.530106760768));
#1815 = ( GEOMETRIC_REPRESENTATION_CONTEXT(2) 
PARAMETRIC_REPRESENTATION_CONTEXT() REPRESENTATION_CONTEXT('2D SPACE',''
  ) );
#1816 = PCURVE('',#1485,#1817);
#1817 = DEFINITIONAL_REPRESENTATION('',(#1818),#1824);
#1818 = B_SPLINE_CURVE_WITH_KNOTS('',3,(#1819,#1820,#1821,#1822,#1823),
  .UNSPECIFIED.,.F.,.F.,(4,1,4),(0.,0.5,1.),.QUASI_UNIFORM_KNOTS.);
#1819 = CARTESIAN_POINT('',(-5.6077361866E-02,0.23766734814));
#1820 = CARTESIAN_POINT('',(-6.3352383237E-02,0.23337371776));
#1821 = CARTESIAN_POINT('',(-7.6207841188E-02,0.22322120537));
#1822 = CARTESIAN_POINT('',(-8.5674129562E-02,0.20993818971));
#1823 = CARTESIAN_POINT('',(-8.9559981355E-02,0.20251405606));
#1824 = ( GEOMETRIC_REPRESENTATION_CONTEXT(2) 
PARAMETRIC_REPRESENTATION_CONTEXT() REPRESENTATION_CONTEXT('2D SPACE',''
  ) );
#1825 = ORIENTED_EDGE('',*,*,#1826,.T.);
#1826 = EDGE_CURVE('',#1798,#1827,#1829,.T.);
#1827 = VERTEX_POINT('',#1828);
#1828 = CARTESIAN_POINT('',(-20.10970915298,-4.010215819877,
    -1.688078486158));
#1829 = SURFACE_CURVE('',#1830,(#1834,#1841),.PCURVE_S1.);
#1830 = LINE('',#1831,#1832);
#1831 = CARTESIAN_POINT('',(-20.14922041357,-4.010215819877,
    -1.688078486158));
#1832 = VECTOR('',#1833,1.);
#1833 = DIRECTION('',(1.,0.,0.));
#1834 = PCURVE('',#126,#1835);
#1835 = DEFINITIONAL_REPRESENTATION('',(#1836),#1840);
#1836 = LINE('',#1837,#1838);
#1837 = CARTESIAN_POINT('',(7.05172281856,-3.530106760768));
#1838 = VECTOR('',#1839,1.);
#1839 = DIRECTION('',(1.,0.));
#1840 = ( GEOMETRIC_REPRESENTATION_CONTEXT(2) 
PARAMETRIC_REPRESENTATION_CONTEXT() REPRESENTATION_CONTEXT('2D SPACE',''
  ) );
#1841 = PCURVE('',#1485,#1842);
#1842 = DEFINITIONAL_REPRESENTATION('',(#1843),#1847);
#1843 = LINE('',#1844,#1845);
#1844 = CARTESIAN_POINT('',(-8.9559981355E-02,0.20251405606));
#1845 = VECTOR('',#1846,1.);
#1846 = DIRECTION('',(0.,1.));
#1847 = ( GEOMETRIC_REPRESENTATION_CONTEXT(2) 
PARAMETRIC_REPRESENTATION_CONTEXT() REPRESENTATION_CONTEXT('2D SPACE',''
  ) );
#1848 = ORIENTED_EDGE('',*,*,#1849,.T.);
#1849 = EDGE_CURVE('',#1827,#1850,#1852,.T.);
#1850 = VERTEX_POINT('',#1851);
#1851 = CARTESIAN_POINT('',(-20.10970915298,-3.967759038294,
    -1.688078486158));
#1852 = SURFACE_CURVE('',#1853,(#1857,#1864),.PCURVE_S1.);
#1853 = LINE('',#1854,#1855);
#1854 = CARTESIAN_POINT('',(-20.10970915298,-4.010215819877,
    -1.688078486158));
#1855 = VECTOR('',#1856,1.);
#1856 = DIRECTION('',(0.,1.,0.));
#1857 = PCURVE('',#126,#1858);
#1858 = DEFINITIONAL_REPRESENTATION('',(#1859),#1863);
#1859 = LINE('',#1860,#1861);
#1860 = CARTESIAN_POINT('',(7.09123407915,-3.530106760768));
#1861 = VECTOR('',#1862,1.);
#1862 = DIRECTION('',(0.,-1.));
#1863 = ( GEOMETRIC_REPRESENTATION_CONTEXT(2) 
PARAMETRIC_REPRESENTATION_CONTEXT() REPRESENTATION_CONTEXT('2D SPACE',''
  ) );
#1864 = PCURVE('',#1485,#1865);
#1865 = DEFINITIONAL_REPRESENTATION('',(#1866),#1870);
#1866 = LINE('',#1867,#1868);
#1867 = CARTESIAN_POINT('',(-8.9559981355E-02,0.24202531665));
#1868 = VECTOR('',#1869,1.);
#1869 = DIRECTION('',(-1.,0.));
#1870 = ( GEOMETRIC_REPRESENTATION_CONTEXT(2) 
PARAMETRIC_REPRESENTATION_CONTEXT() REPRESENTATION_CONTEXT('2D SPACE',''
  ) );
#1871 = ORIENTED_EDGE('',*,*,#1872,.T.);
#1872 = EDGE_CURVE('',#1850,#1873,#1875,.T.);
#1873 = VERTEX_POINT('',#1874);
#1874 = CARTESIAN_POINT('',(-20.26549954744,-3.967759038294,
    -1.693078486158));
#1875 = SURFACE_CURVE('',#1876,(#1880,#1887),.PCURVE_S1.);
#1876 = LINE('',#1877,#1878);
#1877 = CARTESIAN_POINT('',(-20.10970915298,-3.967759038294,
    -1.688078486158));
#1878 = VECTOR('',#1879,1.);
#1879 = DIRECTION('',(-1.,-9.12177850533E-14,0.));
#1880 = PCURVE('',#126,#1881);
#1881 = DEFINITIONAL_REPRESENTATION('',(#1882),#1886);
#1882 = LINE('',#1883,#1884);
#1883 = CARTESIAN_POINT('',(7.09123407915,-3.572563542351));
#1884 = VECTOR('',#1885,1.);
#1885 = DIRECTION('',(-1.,9.12177850533E-14));
#1886 = ( GEOMETRIC_REPRESENTATION_CONTEXT(2) 
PARAMETRIC_REPRESENTATION_CONTEXT() REPRESENTATION_CONTEXT('2D SPACE',''
  ) );
#1887 = PCURVE('',#1485,#1888);
#1888 = DEFINITIONAL_REPRESENTATION('',(#1889),#1893);
#1889 = LINE('',#1890,#1891);
#1890 = CARTESIAN_POINT('',(-0.132016762938,0.24202531665));
#1891 = VECTOR('',#1892,1.);
#1892 = DIRECTION('',(9.12177850533E-14,-1.));
#1893 = ( GEOMETRIC_REPRESENTATION_CONTEXT(2) 
PARAMETRIC_REPRESENTATION_CONTEXT() REPRESENTATION_CONTEXT('2D SPACE',''
  ) );
#1894 = ORIENTED_EDGE('',*,*,#1895,.T.);
#1895 = EDGE_CURVE('',#1873,#1454,#1896,.T.);
#1896 = SURFACE_CURVE('',#1897,(#1908,#1922),.PCURVE_S1.);
#1897 = B_SPLINE_CURVE_WITH_KNOTS('',3,(#1898,#1899,#1900,#1901,#1902,
    #1903,#1904,#1905,#1906,#1907),.UNSPECIFIED.,.F.,.F.,(4,3,3,4),(0.,
    0.333333333333,0.666666666667,1.),.UNSPECIFIED.);
#1898 = CARTESIAN_POINT('',(-20.26549954744,-3.967759038294,
    -1.693078486158));
#1899 = CARTESIAN_POINT('',(-20.28562468124,-3.967259047731,
    -1.693078486158));
#1900 = CARTESIAN_POINT('',(-20.30245953493,-3.970198448911,
    -1.693078486158));
#1901 = CARTESIAN_POINT('',(-20.31644746712,-3.977427945868,
    -1.693078486158));
#1902 = CARTESIAN_POINT('',(-20.33043539931,-3.984657442825,
    -1.693078486158));
#1903 = CARTESIAN_POINT('',(-20.34157641001,-3.996177035558,
    -1.693078486158));
#1904 = CARTESIAN_POINT('',(-20.34854042337,-4.009434611967,
    -1.693078486158));
#1905 = CARTESIAN_POINT('',(-20.35550443673,-4.022692188375,
    -1.693078486158));
#1906 = CARTESIAN_POINT('',(-20.35829145276,-4.037687748458,
    -1.693078486158));
#1907 = CARTESIAN_POINT('',(-20.35734483005,-4.055271996251,
    -1.693078486158));
#1908 = PCURVE('',#126,#1909);
#1909 = DEFINITIONAL_REPRESENTATION('',(#1910),#1921);
#1910 = B_SPLINE_CURVE_WITH_KNOTS('',3,(#1911,#1912,#1913,#1914,#1915,
    #1916,#1917,#1918,#1919,#1920),.UNSPECIFIED.,.F.,.F.,(4,3,3,4),(0.,
    0.333333333333,0.666666666667,1.),.UNSPECIFIED.);
#1911 = CARTESIAN_POINT('',(6.93544368469,-3.572563542351));
#1912 = CARTESIAN_POINT('',(6.91531855089,-3.573063532914));
#1913 = CARTESIAN_POINT('',(6.8984836972,-3.570124131734));
#1914 = CARTESIAN_POINT('',(6.884495765007,-3.562894634777));
#1915 = CARTESIAN_POINT('',(6.870507832813,-3.55566513782));
#1916 = CARTESIAN_POINT('',(6.859366822117,-3.544145545087));
#1917 = CARTESIAN_POINT('',(6.852402808756,-3.530887968678));
#1918 = CARTESIAN_POINT('',(6.845438795395,-3.51763039227));
#1919 = CARTESIAN_POINT('',(6.84265177937,-3.502634832187));
#1920 = CARTESIAN_POINT('',(6.84359840208,-3.485050584394));
#1921 = ( GEOMETRIC_REPRESENTATION_CONTEXT(2) 
PARAMETRIC_REPRESENTATION_CONTEXT() REPRESENTATION_CONTEXT('2D SPACE',''
  ) );
#1922 = PCURVE('',#1485,#1923);
#1923 = DEFINITIONAL_REPRESENTATION('',(#1924),#1935);
#1924 = B_SPLINE_CURVE_WITH_KNOTS('',3,(#1925,#1926,#1927,#1928,#1929,
    #1930,#1931,#1932,#1933,#1934),.UNSPECIFIED.,.F.,.F.,(4,3,3,4),(0.,
    0.333333333333,0.666666666667,1.),.UNSPECIFIED.);
#1925 = CARTESIAN_POINT('',(-0.132016762938,8.623492219E-02));
#1926 = CARTESIAN_POINT('',(-0.132516753501,6.610978839E-02));
#1927 = CARTESIAN_POINT('',(-0.129577352321,4.92749347E-02));
#1928 = CARTESIAN_POINT('',(-0.122347855364,3.52870025067E-02));
#1929 = CARTESIAN_POINT('',(-0.115118358407,2.12990703133E-02));
#1930 = CARTESIAN_POINT('',(-0.103598765674,1.01580596167E-02));
#1931 = CARTESIAN_POINT('',(-9.034118926533E-02,3.1940462558E-03));
#1932 = CARTESIAN_POINT('',(-7.7083612857E-02,-3.769967105001E-03));
#1933 = CARTESIAN_POINT('',(-6.2088052774E-02,-6.55698313E-03));
#1934 = CARTESIAN_POINT('',(-4.4503804981E-02,-5.61036042E-03));
#1935 = ( GEOMETRIC_REPRESENTATION_CONTEXT(2) 
PARAMETRIC_REPRESENTATION_CONTEXT() REPRESENTATION_CONTEXT('2D SPACE',''
  ) );
#1936 = FACE_BOUND('',#1937,.F.);
#1937 = EDGE_LOOP('',(#1938,#1968,#1991,#2014,#2037,#2060,#2083,#2106,
    #2129,#2152,#2175,#2198));
#1938 = ORIENTED_EDGE('',*,*,#1939,.T.);
#1939 = EDGE_CURVE('',#1940,#1942,#1944,.T.);
#1940 = VERTEX_POINT('',#1941);
#1941 = CARTESIAN_POINT('',(-20.10970915298,-4.202917620368,
    -1.688078486158));
#1942 = VERTEX_POINT('',#1943);
#1943 = CARTESIAN_POINT('',(-20.14835348887,-4.202917620368,
    -1.688078486158));
#1944 = SURFACE_CURVE('',#1945,(#1949,#1956),.PCURVE_S1.);
#1945 = LINE('',#1946,#1947);
#1946 = CARTESIAN_POINT('',(-20.10970915298,-4.202917620368,
    -1.688078486158));
#1947 = VECTOR('',#1948,1.);
#1948 = DIRECTION('',(-1.,0.,0.));
#1949 = PCURVE('',#126,#1950);
#1950 = DEFINITIONAL_REPRESENTATION('',(#1951),#1955);
#1951 = LINE('',#1952,#1953);
#1952 = CARTESIAN_POINT('',(7.09123407915,-3.337404960277));
#1953 = VECTOR('',#1954,1.);
#1954 = DIRECTION('',(-1.,0.));
#1955 = ( GEOMETRIC_REPRESENTATION_CONTEXT(2) 
PARAMETRIC_REPRESENTATION_CONTEXT() REPRESENTATION_CONTEXT('2D SPACE',''
  ) );
#1956 = PCURVE('',#1957,#1962);
#1957 = PLANE('',#1958);
#1958 = AXIS2_PLACEMENT_3D('',#1959,#1960,#1961);
#1959 = CARTESIAN_POINT('',(-18.40094323213,-0.590322580645,
    -1.683078486158));
#1960 = DIRECTION('',(0.,0.,-1.));
#1961 = DIRECTION('',(1.,0.,0.));
#1962 = DEFINITIONAL_REPRESENTATION('',(#1963),#1967);
#1963 = LINE('',#1964,#1965);
#1964 = CARTESIAN_POINT('',(-1.70876592085,3.612595039723));
#1965 = VECTOR('',#1966,1.);
#1966 = DIRECTION('',(-1.,0.));
#1967 = ( GEOMETRIC_REPRESENTATION_CONTEXT(2) 
PARAMETRIC_REPRESENTATION_CONTEXT() REPRESENTATION_CONTEXT('2D SPACE',''
  ) );
#1968 = ORIENTED_EDGE('',*,*,#1969,.T.);
#1969 = EDGE_CURVE('',#1942,#1970,#1972,.T.);
#1970 = VERTEX_POINT('',#1971);
#1971 = CARTESIAN_POINT('',(-20.14835348887,-4.341465362718,
    -1.688078486158));
#1972 = SURFACE_CURVE('',#1973,(#1977,#1984),.PCURVE_S1.);
#1973 = LINE('',#1974,#1975);
#1974 = CARTESIAN_POINT('',(-20.14835348887,-4.202917620368,
    -1.688078486158));
#1975 = VECTOR('',#1976,1.);
#1976 = DIRECTION('',(0.,-1.,0.));
#1977 = PCURVE('',#126,#1978);
#1978 = DEFINITIONAL_REPRESENTATION('',(#1979),#1983);
#1979 = LINE('',#1980,#1981);
#1980 = CARTESIAN_POINT('',(7.05258974326,-3.337404960277));
#1981 = VECTOR('',#1982,1.);
#1982 = DIRECTION('',(0.,1.));
#1983 = ( GEOMETRIC_REPRESENTATION_CONTEXT(2) 
PARAMETRIC_REPRESENTATION_CONTEXT() REPRESENTATION_CONTEXT('2D SPACE',''
  ) );
#1984 = PCURVE('',#1957,#1985);
#1985 = DEFINITIONAL_REPRESENTATION('',(#1986),#1990);
#1986 = LINE('',#1987,#1988);
#1987 = CARTESIAN_POINT('',(-1.74741025674,3.612595039723));
#1988 = VECTOR('',#1989,1.);
#1989 = DIRECTION('',(0.,1.));
#1990 = ( GEOMETRIC_REPRESENTATION_CONTEXT(2) 
PARAMETRIC_REPRESENTATION_CONTEXT() REPRESENTATION_CONTEXT('2D SPACE',''
  ) );
#1991 = ORIENTED_EDGE('',*,*,#1992,.T.);
#1992 = EDGE_CURVE('',#1970,#1993,#1995,.T.);
#1993 = VERTEX_POINT('',#1994);
#1994 = CARTESIAN_POINT('',(-20.2623802737,-4.341465362718,
    -1.688078486158));
#1995 = SURFACE_CURVE('',#1996,(#2000,#2007),.PCURVE_S1.);
#1996 = LINE('',#1997,#1998);
#1997 = CARTESIAN_POINT('',(-20.14835348887,-4.341465362718,
    -1.688078486158));
#1998 = VECTOR('',#1999,1.);
#1999 = DIRECTION('',(-1.,0.,0.));
#2000 = PCURVE('',#126,#2001);
#2001 = DEFINITIONAL_REPRESENTATION('',(#2002),#2006);
#2002 = LINE('',#2003,#2004);
#2003 = CARTESIAN_POINT('',(7.05258974326,-3.198857217927));
#2004 = VECTOR('',#2005,1.);
#2005 = DIRECTION('',(-1.,0.));
#2006 = ( GEOMETRIC_REPRESENTATION_CONTEXT(2) 
PARAMETRIC_REPRESENTATION_CONTEXT() REPRESENTATION_CONTEXT('2D SPACE',''
  ) );
#2007 = PCURVE('',#1957,#2008);
#2008 = DEFINITIONAL_REPRESENTATION('',(#2009),#2013);
#2009 = LINE('',#2010,#2011);
#2010 = CARTESIAN_POINT('',(-1.74741025674,3.751142782073));
#2011 = VECTOR('',#2012,1.);
#2012 = DIRECTION('',(-1.,0.));
#2013 = ( GEOMETRIC_REPRESENTATION_CONTEXT(2) 
PARAMETRIC_REPRESENTATION_CONTEXT() REPRESENTATION_CONTEXT('2D SPACE',''
  ) );
#2014 = ORIENTED_EDGE('',*,*,#2015,.T.);
#2015 = EDGE_CURVE('',#1993,#2016,#2018,.T.);
#2016 = VERTEX_POINT('',#2017);
#2017 = CARTESIAN_POINT('',(-20.2623802737,-4.220246918973,
    -1.688078486158));
#2018 = SURFACE_CURVE('',#2019,(#2023,#2030),.PCURVE_S1.);
#2019 = LINE('',#2020,#2021);
#2020 = CARTESIAN_POINT('',(-20.2623802737,-4.341465362718,
    -1.688078486158));
#2021 = VECTOR('',#2022,1.);
#2022 = DIRECTION('',(0.,1.,0.));
#2023 = PCURVE('',#126,#2024);
#2024 = DEFINITIONAL_REPRESENTATION('',(#2025),#2029);
#2025 = LINE('',#2026,#2027);
#2026 = CARTESIAN_POINT('',(6.93856295843,-3.198857217927));
#2027 = VECTOR('',#2028,1.);
#2028 = DIRECTION('',(0.,-1.));
#2029 = ( GEOMETRIC_REPRESENTATION_CONTEXT(2) 
PARAMETRIC_REPRESENTATION_CONTEXT() REPRESENTATION_CONTEXT('2D SPACE',''
  ) );
#2030 = PCURVE('',#1957,#2031);
#2031 = DEFINITIONAL_REPRESENTATION('',(#2032),#2036);
#2032 = LINE('',#2033,#2034);
#2033 = CARTESIAN_POINT('',(-1.86143704157,3.751142782073));
#2034 = VECTOR('',#2035,1.);
#2035 = DIRECTION('',(0.,-1.));
#2036 = ( GEOMETRIC_REPRESENTATION_CONTEXT(2) 
PARAMETRIC_REPRESENTATION_CONTEXT() REPRESENTATION_CONTEXT('2D SPACE',''
  ) );
#2037 = ORIENTED_EDGE('',*,*,#2038,.T.);
#2038 = EDGE_CURVE('',#2016,#2039,#2041,.T.);
#2039 = VERTEX_POINT('',#2040);
#2040 = CARTESIAN_POINT('',(-20.30119790257,-4.220246918973,
    -1.688078486158));
#2041 = SURFACE_CURVE('',#2042,(#2046,#2053),.PCURVE_S1.);
#2042 = LINE('',#2043,#2044);
#2043 = CARTESIAN_POINT('',(-20.2623802737,-4.220246918973,
    -1.688078486158));
#2044 = VECTOR('',#2045,1.);
#2045 = DIRECTION('',(-1.,0.,0.));
#2046 = PCURVE('',#126,#2047);
#2047 = DEFINITIONAL_REPRESENTATION('',(#2048),#2052);
#2048 = LINE('',#2049,#2050);
#2049 = CARTESIAN_POINT('',(6.93856295843,-3.320075661672));
#2050 = VECTOR('',#2051,1.);
#2051 = DIRECTION('',(-1.,0.));
#2052 = ( GEOMETRIC_REPRESENTATION_CONTEXT(2) 
PARAMETRIC_REPRESENTATION_CONTEXT() REPRESENTATION_CONTEXT('2D SPACE',''
  ) );
#2053 = PCURVE('',#1957,#2054);
#2054 = DEFINITIONAL_REPRESENTATION('',(#2055),#2059);
#2055 = LINE('',#2056,#2057);
#2056 = CARTESIAN_POINT('',(-1.86143704157,3.629924338328));
#2057 = VECTOR('',#2058,1.);
#2058 = DIRECTION('',(-1.,0.));
#2059 = ( GEOMETRIC_REPRESENTATION_CONTEXT(2) 
PARAMETRIC_REPRESENTATION_CONTEXT() REPRESENTATION_CONTEXT('2D SPACE',''
  ) );
#2060 = ORIENTED_EDGE('',*,*,#2061,.T.);
#2061 = EDGE_CURVE('',#2039,#2062,#2064,.T.);
#2062 = VERTEX_POINT('',#2063);
#2063 = CARTESIAN_POINT('',(-20.30119790257,-4.341465362718,
    -1.688078486158));
#2064 = SURFACE_CURVE('',#2065,(#2069,#2076),.PCURVE_S1.);
#2065 = LINE('',#2066,#2067);
#2066 = CARTESIAN_POINT('',(-20.30119790257,-4.220246918973,
    -1.688078486158));
#2067 = VECTOR('',#2068,1.);
#2068 = DIRECTION('',(0.,-1.,0.));
#2069 = PCURVE('',#126,#2070);
#2070 = DEFINITIONAL_REPRESENTATION('',(#2071),#2075);
#2071 = LINE('',#2072,#2073);
#2072 = CARTESIAN_POINT('',(6.89974532956,-3.320075661672));
#2073 = VECTOR('',#2074,1.);
#2074 = DIRECTION('',(0.,1.));
#2075 = ( GEOMETRIC_REPRESENTATION_CONTEXT(2) 
PARAMETRIC_REPRESENTATION_CONTEXT() REPRESENTATION_CONTEXT('2D SPACE',''
  ) );
#2076 = PCURVE('',#1957,#2077);
#2077 = DEFINITIONAL_REPRESENTATION('',(#2078),#2082);
#2078 = LINE('',#2079,#2080);
#2079 = CARTESIAN_POINT('',(-1.90025467044,3.629924338328));
#2080 = VECTOR('',#2081,1.);
#2081 = DIRECTION('',(0.,1.));
#2082 = ( GEOMETRIC_REPRESENTATION_CONTEXT(2) 
PARAMETRIC_REPRESENTATION_CONTEXT() REPRESENTATION_CONTEXT('2D SPACE',''
  ) );
#2083 = ORIENTED_EDGE('',*,*,#2084,.T.);
#2084 = EDGE_CURVE('',#2062,#2085,#2087,.T.);
#2085 = VERTEX_POINT('',#2086);
#2086 = CARTESIAN_POINT('',(-20.40967931184,-4.341465362718,
    -1.688078486158));
#2087 = SURFACE_CURVE('',#2088,(#2092,#2099),.PCURVE_S1.);
#2088 = LINE('',#2089,#2090);
#2089 = CARTESIAN_POINT('',(-20.30119790257,-4.341465362718,
    -1.688078486158));
#2090 = VECTOR('',#2091,1.);
#2091 = DIRECTION('',(-1.,0.,0.));
#2092 = PCURVE('',#126,#2093);
#2093 = DEFINITIONAL_REPRESENTATION('',(#2094),#2098);
#2094 = LINE('',#2095,#2096);
#2095 = CARTESIAN_POINT('',(6.89974532956,-3.198857217927));
#2096 = VECTOR('',#2097,1.);
#2097 = DIRECTION('',(-1.,0.));
#2098 = ( GEOMETRIC_REPRESENTATION_CONTEXT(2) 
PARAMETRIC_REPRESENTATION_CONTEXT() REPRESENTATION_CONTEXT('2D SPACE',''
  ) );
#2099 = PCURVE('',#1957,#2100);
#2100 = DEFINITIONAL_REPRESENTATION('',(#2101),#2105);
#2101 = LINE('',#2102,#2103);
#2102 = CARTESIAN_POINT('',(-1.90025467044,3.751142782073));
#2103 = VECTOR('',#2104,1.);
#2104 = DIRECTION('',(-1.,0.));
#2105 = ( GEOMETRIC_REPRESENTATION_CONTEXT(2) 
PARAMETRIC_REPRESENTATION_CONTEXT() REPRESENTATION_CONTEXT('2D SPACE',''
  ) );
#2106 = ORIENTED_EDGE('',*,*,#2107,.T.);
#2107 = EDGE_CURVE('',#2085,#2108,#2110,.T.);
#2108 = VERTEX_POINT('',#2109);
#2109 = CARTESIAN_POINT('',(-20.40967931184,-4.210629158248,
    -1.688078486158));
#2110 = SURFACE_CURVE('',#2111,(#2115,#2122),.PCURVE_S1.);
#2111 = LINE('',#2112,#2113);
#2112 = CARTESIAN_POINT('',(-20.40967931184,-4.341465362718,
    -1.688078486158));
#2113 = VECTOR('',#2114,1.);
#2114 = DIRECTION('',(0.,1.,0.));
#2115 = PCURVE('',#126,#2116);
#2116 = DEFINITIONAL_REPRESENTATION('',(#2117),#2121);
#2117 = LINE('',#2118,#2119);
#2118 = CARTESIAN_POINT('',(6.79126392029,-3.198857217927));
#2119 = VECTOR('',#2120,1.);
#2120 = DIRECTION('',(0.,-1.));
#2121 = ( GEOMETRIC_REPRESENTATION_CONTEXT(2) 
PARAMETRIC_REPRESENTATION_CONTEXT() REPRESENTATION_CONTEXT('2D SPACE',''
  ) );
#2122 = PCURVE('',#1957,#2123);
#2123 = DEFINITIONAL_REPRESENTATION('',(#2124),#2128);
#2124 = LINE('',#2125,#2126);
#2125 = CARTESIAN_POINT('',(-2.00873607971,3.751142782073));
#2126 = VECTOR('',#2127,1.);
#2127 = DIRECTION('',(0.,-1.));
#2128 = ( GEOMETRIC_REPRESENTATION_CONTEXT(2) 
PARAMETRIC_REPRESENTATION_CONTEXT() REPRESENTATION_CONTEXT('2D SPACE',''
  ) );
#2129 = ORIENTED_EDGE('',*,*,#2130,.T.);
#2130 = EDGE_CURVE('',#2108,#2131,#2133,.T.);
#2131 = VERTEX_POINT('',#2132);
#2132 = CARTESIAN_POINT('',(-20.4486702337,-4.210629158248,
    -1.688078486158));
#2133 = SURFACE_CURVE('',#2134,(#2138,#2145),.PCURVE_S1.);
#2134 = LINE('',#2135,#2136);
#2135 = CARTESIAN_POINT('',(-20.40967931184,-4.210629158248,
    -1.688078486158));
#2136 = VECTOR('',#2137,1.);
#2137 = DIRECTION('',(-1.,0.,0.));
#2138 = PCURVE('',#126,#2139);
#2139 = DEFINITIONAL_REPRESENTATION('',(#2140),#2144);
#2140 = LINE('',#2141,#2142);
#2141 = CARTESIAN_POINT('',(6.79126392029,-3.329693422397));
#2142 = VECTOR('',#2143,1.);
#2143 = DIRECTION('',(-1.,0.));
#2144 = ( GEOMETRIC_REPRESENTATION_CONTEXT(2) 
PARAMETRIC_REPRESENTATION_CONTEXT() REPRESENTATION_CONTEXT('2D SPACE',''
  ) );
#2145 = PCURVE('',#1957,#2146);
#2146 = DEFINITIONAL_REPRESENTATION('',(#2147),#2151);
#2147 = LINE('',#2148,#2149);
#2148 = CARTESIAN_POINT('',(-2.00873607971,3.620306577603));
#2149 = VECTOR('',#2150,1.);
#2150 = DIRECTION('',(-1.,0.));
#2151 = ( GEOMETRIC_REPRESENTATION_CONTEXT(2) 
PARAMETRIC_REPRESENTATION_CONTEXT() REPRESENTATION_CONTEXT('2D SPACE',''
  ) );
#2152 = ORIENTED_EDGE('',*,*,#2153,.T.);
#2153 = EDGE_CURVE('',#2131,#2154,#2156,.T.);
#2154 = VERTEX_POINT('',#2155);
#2155 = CARTESIAN_POINT('',(-20.4486702337,-4.385221841696,
    -1.688078486158));
#2156 = SURFACE_CURVE('',#2157,(#2161,#2168),.PCURVE_S1.);
#2157 = LINE('',#2158,#2159);
#2158 = CARTESIAN_POINT('',(-20.4486702337,-4.210629158248,
    -1.688078486158));
#2159 = VECTOR('',#2160,1.);
#2160 = DIRECTION('',(0.,-1.,0.));
#2161 = PCURVE('',#126,#2162);
#2162 = DEFINITIONAL_REPRESENTATION('',(#2163),#2167);
#2163 = LINE('',#2164,#2165);
#2164 = CARTESIAN_POINT('',(6.75227299843,-3.329693422397));
#2165 = VECTOR('',#2166,1.);
#2166 = DIRECTION('',(0.,1.));
#2167 = ( GEOMETRIC_REPRESENTATION_CONTEXT(2) 
PARAMETRIC_REPRESENTATION_CONTEXT() REPRESENTATION_CONTEXT('2D SPACE',''
  ) );
#2168 = PCURVE('',#1957,#2169);
#2169 = DEFINITIONAL_REPRESENTATION('',(#2170),#2174);
#2170 = LINE('',#2171,#2172);
#2171 = CARTESIAN_POINT('',(-2.04772700157,3.620306577603));
#2172 = VECTOR('',#2173,1.);
#2173 = DIRECTION('',(0.,1.));
#2174 = ( GEOMETRIC_REPRESENTATION_CONTEXT(2) 
PARAMETRIC_REPRESENTATION_CONTEXT() REPRESENTATION_CONTEXT('2D SPACE',''
  ) );
#2175 = ORIENTED_EDGE('',*,*,#2176,.T.);
#2176 = EDGE_CURVE('',#2154,#2177,#2179,.T.);
#2177 = VERTEX_POINT('',#2178);
#2178 = CARTESIAN_POINT('',(-20.10970915298,-4.385221841696,
    -1.688078486158));
#2179 = SURFACE_CURVE('',#2180,(#2184,#2191),.PCURVE_S1.);
#2180 = LINE('',#2181,#2182);
#2181 = CARTESIAN_POINT('',(-20.4486702337,-4.385221841696,
    -1.688078486158));
#2182 = VECTOR('',#2183,1.);
#2183 = DIRECTION('',(1.,0.,0.));
#2184 = PCURVE('',#126,#2185);
#2185 = DEFINITIONAL_REPRESENTATION('',(#2186),#2190);
#2186 = LINE('',#2187,#2188);
#2187 = CARTESIAN_POINT('',(6.75227299843,-3.155100738949));
#2188 = VECTOR('',#2189,1.);
#2189 = DIRECTION('',(1.,0.));
#2190 = ( GEOMETRIC_REPRESENTATION_CONTEXT(2) 
PARAMETRIC_REPRESENTATION_CONTEXT() REPRESENTATION_CONTEXT('2D SPACE',''
  ) );
#2191 = PCURVE('',#1957,#2192);
#2192 = DEFINITIONAL_REPRESENTATION('',(#2193),#2197);
#2193 = LINE('',#2194,#2195);
#2194 = CARTESIAN_POINT('',(-2.04772700157,3.794899261051));
#2195 = VECTOR('',#2196,1.);
#2196 = DIRECTION('',(1.,0.));
#2197 = ( GEOMETRIC_REPRESENTATION_CONTEXT(2) 
PARAMETRIC_REPRESENTATION_CONTEXT() REPRESENTATION_CONTEXT('2D SPACE',''
  ) );
#2198 = ORIENTED_EDGE('',*,*,#2199,.T.);
#2199 = EDGE_CURVE('',#2177,#1940,#2200,.T.);
#2200 = SURFACE_CURVE('',#2201,(#2205,#2212),.PCURVE_S1.);
#2201 = LINE('',#2202,#2203);
#2202 = CARTESIAN_POINT('',(-20.10970915298,-4.385221841696,
    -1.688078486158));
#2203 = VECTOR('',#2204,1.);
#2204 = DIRECTION('',(0.,1.,0.));
#2205 = PCURVE('',#126,#2206);
#2206 = DEFINITIONAL_REPRESENTATION('',(#2207),#2211);
#2207 = LINE('',#2208,#2209);
#2208 = CARTESIAN_POINT('',(7.09123407915,-3.155100738949));
#2209 = VECTOR('',#2210,1.);
#2210 = DIRECTION('',(0.,-1.));
#2211 = ( GEOMETRIC_REPRESENTATION_CONTEXT(2) 
PARAMETRIC_REPRESENTATION_CONTEXT() REPRESENTATION_CONTEXT('2D SPACE',''
  ) );
#2212 = PCURVE('',#1957,#2213);
#2213 = DEFINITIONAL_REPRESENTATION('',(#2214),#2218);
#2214 = LINE('',#2215,#2216);
#2215 = CARTESIAN_POINT('',(-1.70876592085,3.794899261051));
#2216 = VECTOR('',#2217,1.);
#2217 = DIRECTION('',(0.,-1.));
#2218 = ( GEOMETRIC_REPRESENTATION_CONTEXT(2) 
PARAMETRIC_REPRESENTATION_CONTEXT() REPRESENTATION_CONTEXT('2D SPACE',''
  ) );
#2219 = FACE_BOUND('',#2220,.F.);
#2220 = EDGE_LOOP('',(#2221,#2272,#2295,#2339,#2368,#2397,#2441,#2469,
    #2513,#2557,#2580,#2624,#2668,#2712,#2756));
#2221 = ORIENTED_EDGE('',*,*,#2222,.T.);
#2222 = EDGE_CURVE('',#2223,#2225,#2227,.T.);
#2223 = VERTEX_POINT('',#2224);
#2224 = CARTESIAN_POINT('',(-20.64171862017,-4.032657261572,
    -1.693078486158));
#2225 = VERTEX_POINT('',#2226);
#2226 = CARTESIAN_POINT('',(-20.66147402058,-3.938819109623,
    -1.693078486158));
#2227 = SURFACE_CURVE('',#2228,(#2239,#2253),.PCURVE_S1.);
#2228 = B_SPLINE_CURVE_WITH_KNOTS('',3,(#2229,#2230,#2231,#2232,#2233,
    #2234,#2235,#2236,#2237,#2238),.UNSPECIFIED.,.F.,.F.,(4,3,3,4),(0.,
    0.333333333333,0.666666666667,1.),.UNSPECIFIED.);
#2229 = CARTESIAN_POINT('',(-20.64171862017,-4.032657261572,
    -1.693078486158));
#2230 = CARTESIAN_POINT('',(-20.64168893669,-4.020532619577,
    -1.693078486158));
#2231 = CARTESIAN_POINT('',(-20.64239924437,-4.00897417408,
    -1.693078486158));
#2232 = CARTESIAN_POINT('',(-20.64380675293,-3.997985604543,
    -1.693078486158));
#2233 = CARTESIAN_POINT('',(-20.64521426148,-3.986997035006,
    -1.693078486158));
#2234 = CARTESIAN_POINT('',(-20.64731897091,-3.976578341428,
    -1.693078486158));
#2235 = CARTESIAN_POINT('',(-20.65024925208,-3.966718485428,
    -1.693078486158));
#2236 = CARTESIAN_POINT('',(-20.65317953326,-3.956858629428,
    -1.693078486158));
#2237 = CARTESIAN_POINT('',(-20.65693538619,-3.947557611006,
    -1.693078486158));
#2238 = CARTESIAN_POINT('',(-20.66147402058,-3.938819109623,
    -1.693078486158));
#2239 = PCURVE('',#126,#2240);
#2240 = DEFINITIONAL_REPRESENTATION('',(#2241),#2252);
#2241 = B_SPLINE_CURVE_WITH_KNOTS('',3,(#2242,#2243,#2244,#2245,#2246,
    #2247,#2248,#2249,#2250,#2251),.UNSPECIFIED.,.F.,.F.,(4,3,3,4),(0.,
    0.333333333333,0.666666666667,1.),.UNSPECIFIED.);
#2242 = CARTESIAN_POINT('',(6.55922461196,-3.507665319073));
#2243 = CARTESIAN_POINT('',(6.55925429544,-3.519789961068));
#2244 = CARTESIAN_POINT('',(6.558543987755,-3.531348406565));
#2245 = CARTESIAN_POINT('',(6.557136479199,-3.542336976102));
#2246 = CARTESIAN_POINT('',(6.555728970643,-3.553325545639));
#2247 = CARTESIAN_POINT('',(6.553624261217,-3.563744239217));
#2248 = CARTESIAN_POINT('',(6.550693980041,-3.573604095217));
#2249 = CARTESIAN_POINT('',(6.547763698865,-3.583463951217));
#2250 = CARTESIAN_POINT('',(6.54400784594,-3.592764969639));
#2251 = CARTESIAN_POINT('',(6.53946921155,-3.601503471022));
#2252 = ( GEOMETRIC_REPRESENTATION_CONTEXT(2) 
PARAMETRIC_REPRESENTATION_CONTEXT() REPRESENTATION_CONTEXT('2D SPACE',''
  ) );
#2253 = PCURVE('',#2254,#2259);
#2254 = PLANE('',#2255);
#2255 = AXIS2_PLACEMENT_3D('',#2256,#2257,#2258);
#2256 = CARTESIAN_POINT('',(-20.64665747027,-3.980994290104,
    -1.683078486158));
#2257 = DIRECTION('',(0.,0.,1.));
#2258 = DIRECTION('',(0.,-1.,0.));
#2259 = DEFINITIONAL_REPRESENTATION('',(#2260),#2271);
#2260 = B_SPLINE_CURVE_WITH_KNOTS('',3,(#2261,#2262,#2263,#2264,#2265,
    #2266,#2267,#2268,#2269,#2270),.UNSPECIFIED.,.F.,.F.,(4,3,3,4),(0.,
    0.333333333333,0.666666666667,1.),.UNSPECIFIED.);
#2261 = CARTESIAN_POINT('',(5.1662971468E-02,4.9388501E-03));
#2262 = CARTESIAN_POINT('',(3.9538329473E-02,4.968533580001E-03));
#2263 = CARTESIAN_POINT('',(2.79798839765E-02,4.258225895001E-03));
#2264 = CARTESIAN_POINT('',(1.699131443925E-02,2.8507173392E-03));
#2265 = CARTESIAN_POINT('',(6.002744902E-03,1.4432087833E-03));
#2266 = CARTESIAN_POINT('',(-4.415948676E-03,-6.615006433002E-04));
#2267 = CARTESIAN_POINT('',(-1.4275804676E-02,-3.5917818192E-03));
#2268 = CARTESIAN_POINT('',(-2.4135660676E-02,-6.522062995E-03));
#2269 = CARTESIAN_POINT('',(-3.3436679098E-02,-1.027791592E-02));
#2270 = CARTESIAN_POINT('',(-4.2175180481E-02,-1.481655031E-02));
#2271 = ( GEOMETRIC_REPRESENTATION_CONTEXT(2) 
PARAMETRIC_REPRESENTATION_CONTEXT() REPRESENTATION_CONTEXT('2D SPACE',''
  ) );
#2272 = ORIENTED_EDGE('',*,*,#2273,.T.);
#2273 = EDGE_CURVE('',#2225,#2274,#2276,.T.);
#2274 = VERTEX_POINT('',#2275);
#2275 = CARTESIAN_POINT('',(-20.70325914089,-3.938819109623,
    -1.693078486158));
#2276 = SURFACE_CURVE('',#2277,(#2281,#2288),.PCURVE_S1.);
#2277 = LINE('',#2278,#2279);
#2278 = CARTESIAN_POINT('',(-20.66147402058,-3.938819109623,
    -1.688078486158));
#2279 = VECTOR('',#2280,1.);
#2280 = DIRECTION('',(-1.,-9.99025141184E-13,0.));
#2281 = PCURVE('',#126,#2282);
#2282 = DEFINITIONAL_REPRESENTATION('',(#2283),#2287);
#2283 = LINE('',#2284,#2285);
#2284 = CARTESIAN_POINT('',(6.53946921155,-3.601503471022));
#2285 = VECTOR('',#2286,1.);
#2286 = DIRECTION('',(-1.,9.99025141184E-13));
#2287 = ( GEOMETRIC_REPRESENTATION_CONTEXT(2) 
PARAMETRIC_REPRESENTATION_CONTEXT() REPRESENTATION_CONTEXT('2D SPACE',''
  ) );
#2288 = PCURVE('',#2254,#2289);
#2289 = DEFINITIONAL_REPRESENTATION('',(#2290),#2294);
#2290 = LINE('',#2291,#2292);
#2291 = CARTESIAN_POINT('',(-4.2175180481E-02,-1.481655031E-02));
#2292 = VECTOR('',#2293,1.);
#2293 = DIRECTION('',(9.99025141184E-13,-1.));
#2294 = ( GEOMETRIC_REPRESENTATION_CONTEXT(2) 
PARAMETRIC_REPRESENTATION_CONTEXT() REPRESENTATION_CONTEXT('2D SPACE',''
  ) );
#2295 = ORIENTED_EDGE('',*,*,#2296,.T.);
#2296 = EDGE_CURVE('',#2274,#2297,#2299,.T.);
#2297 = VERTEX_POINT('',#2298);
#2298 = CARTESIAN_POINT('',(-20.6807646041,-4.025612499524,
    -1.690578486158));
#2299 = SURFACE_CURVE('',#2300,(#2311,#2325),.PCURVE_S1.);
#2300 = B_SPLINE_CURVE_WITH_KNOTS('',3,(#2301,#2302,#2303,#2304,#2305,
    #2306,#2307,#2308,#2309,#2310),.UNSPECIFIED.,.F.,.F.,(4,3,3,4),(0.,
    0.333333333333,0.666666666667,1.),.UNSPECIFIED.);
#2301 = CARTESIAN_POINT('',(-20.70325914089,-3.938819109623,
    -1.693078486158));
#2302 = CARTESIAN_POINT('',(-20.69792351146,-3.948065448834,
    -1.693078486158));
#2303 = CARTESIAN_POINT('',(-20.69353748768,-3.957438334597,
    -1.693078486158));
#2304 = CARTESIAN_POINT('',(-20.69021429394,-3.966778186809,
    -1.693078486158));
#2305 = CARTESIAN_POINT('',(-20.68689110021,-3.976118039021,
    -1.693078486158));
#2306 = CARTESIAN_POINT('',(-20.68463073652,-3.985424857683,
    -1.693078486158));
#2307 = CARTESIAN_POINT('',(-20.68309352968,-3.995177383101,
    -1.693078486158));
#2308 = CARTESIAN_POINT('',(-20.68155632284,-4.00492990852,
    -1.693078486158));
#2309 = CARTESIAN_POINT('',(-20.68074227285,-4.015128140695,
    -1.693078486158));
#2310 = CARTESIAN_POINT('',(-20.6807646041,-4.025612499524,
    -1.693078486158));
#2311 = PCURVE('',#126,#2312);
#2312 = DEFINITIONAL_REPRESENTATION('',(#2313),#2324);
#2313 = B_SPLINE_CURVE_WITH_KNOTS('',3,(#2314,#2315,#2316,#2317,#2318,
    #2319,#2320,#2321,#2322,#2323),.UNSPECIFIED.,.F.,.F.,(4,3,3,4),(0.,
    0.333333333333,0.666666666667,1.),.UNSPECIFIED.);
#2314 = CARTESIAN_POINT('',(6.49768409124,-3.601503471022));
#2315 = CARTESIAN_POINT('',(6.50301972067,-3.592257131811));
#2316 = CARTESIAN_POINT('',(6.50740574445,-3.582884246049));
#2317 = CARTESIAN_POINT('',(6.510728938183,-3.573544393836));
#2318 = CARTESIAN_POINT('',(6.514052131917,-3.564204541624));
#2319 = CARTESIAN_POINT('',(6.516312495603,-3.554897722962));
#2320 = CARTESIAN_POINT('',(6.517849702444,-3.545145197544));
#2321 = CARTESIAN_POINT('',(6.519386909285,-3.535392672125));
#2322 = CARTESIAN_POINT('',(6.52020095928,-3.52519443995));
#2323 = CARTESIAN_POINT('',(6.52017862803,-3.514710081121));
#2324 = ( GEOMETRIC_REPRESENTATION_CONTEXT(2) 
PARAMETRIC_REPRESENTATION_CONTEXT() REPRESENTATION_CONTEXT('2D SPACE',''
  ) );
#2325 = PCURVE('',#2254,#2326);
#2326 = DEFINITIONAL_REPRESENTATION('',(#2327),#2338);
#2327 = B_SPLINE_CURVE_WITH_KNOTS('',3,(#2328,#2329,#2330,#2331,#2332,
    #2333,#2334,#2335,#2336,#2337),.UNSPECIFIED.,.F.,.F.,(4,3,3,4),(0.,
    0.333333333333,0.666666666667,1.),.UNSPECIFIED.);
#2328 = CARTESIAN_POINT('',(-4.2175180481E-02,-5.660167062E-02));
#2329 = CARTESIAN_POINT('',(-3.292884127E-02,-5.126604119E-02));
#2330 = CARTESIAN_POINT('',(-2.35559555075E-02,-4.688001741E-02));
#2331 = CARTESIAN_POINT('',(-1.421610329525E-02,-4.35568236767E-02));
#2332 = CARTESIAN_POINT('',(-4.876251083E-03,-4.02336299433E-02));
#2333 = CARTESIAN_POINT('',(4.430567579E-03,-3.79732662567E-02));
#2334 = CARTESIAN_POINT('',(1.41830929975E-02,-3.64360594158E-02));
#2335 = CARTESIAN_POINT('',(2.3935618416E-02,-3.4898852575E-02));
#2336 = CARTESIAN_POINT('',(3.4133850591E-02,-3.408480258E-02));
#2337 = CARTESIAN_POINT('',(4.461820942E-02,-3.410713383E-02));
#2338 = ( GEOMETRIC_REPRESENTATION_CONTEXT(2) 
PARAMETRIC_REPRESENTATION_CONTEXT() REPRESENTATION_CONTEXT('2D SPACE',''
  ) );
#2339 = ORIENTED_EDGE('',*,*,#2340,.F.);
#2340 = EDGE_CURVE('',#2341,#2297,#2343,.T.);
#2341 = VERTEX_POINT('',#2342);
#2342 = CARTESIAN_POINT('',(-20.69576928729,-4.087521117101,
    -1.688078486158));
#2343 = SURFACE_CURVE('',#2344,(#2350,#2359),.PCURVE_S1.);
#2344 = B_SPLINE_CURVE_WITH_KNOTS('',3,(#2345,#2346,#2347,#2348,#2349),
  .UNSPECIFIED.,.F.,.F.,(4,1,4),(0.,0.5,1.),.QUASI_UNIFORM_KNOTS.);
#2345 = CARTESIAN_POINT('',(-20.69576928729,-4.087521117101,
    -1.688078486158));
#2346 = CARTESIAN_POINT('',(-20.6906336507,-4.078429920334,
    -1.688078486158));
#2347 = CARTESIAN_POINT('',(-20.68299723358,-4.059020620636,
    -1.698078486158));
#2348 = CARTESIAN_POINT('',(-20.68063052857,-4.037157508615,
    -1.688078486158));
#2349 = CARTESIAN_POINT('',(-20.6807646041,-4.025612499524,
    -1.688078486158));
#2350 = PCURVE('',#126,#2351);
#2351 = DEFINITIONAL_REPRESENTATION('',(#2352),#2358);
#2352 = B_SPLINE_CURVE_WITH_KNOTS('',3,(#2353,#2354,#2355,#2356,#2357),
  .UNSPECIFIED.,.F.,.F.,(4,1,4),(0.,0.5,1.),.QUASI_UNIFORM_KNOTS.);
#2353 = CARTESIAN_POINT('',(6.50517394484,-3.452801463544));
#2354 = CARTESIAN_POINT('',(6.51030958143,-3.461892660311));
#2355 = CARTESIAN_POINT('',(6.51794599855,-3.481301960009));
#2356 = CARTESIAN_POINT('',(6.52031270356,-3.50316507203));
#2357 = CARTESIAN_POINT('',(6.52017862803,-3.514710081121));
#2358 = ( GEOMETRIC_REPRESENTATION_CONTEXT(2) 
PARAMETRIC_REPRESENTATION_CONTEXT() REPRESENTATION_CONTEXT('2D SPACE',''
  ) );
#2359 = PCURVE('',#2254,#2360);
#2360 = DEFINITIONAL_REPRESENTATION('',(#2361),#2367);
#2361 = B_SPLINE_CURVE_WITH_KNOTS('',3,(#2362,#2363,#2364,#2365,#2366),
  .UNSPECIFIED.,.F.,.F.,(4,1,4),(0.,0.5,1.),.QUASI_UNIFORM_KNOTS.);
#2362 = CARTESIAN_POINT('',(0.106526826997,-4.911181702E-02));
#2363 = CARTESIAN_POINT('',(9.743563023E-02,-4.397618043E-02));
#2364 = CARTESIAN_POINT('',(7.8026330532E-02,-3.633976331E-02));
#2365 = CARTESIAN_POINT('',(5.6163218511E-02,-3.39730583E-02));
#2366 = CARTESIAN_POINT('',(4.461820942E-02,-3.410713383E-02));
#2367 = ( GEOMETRIC_REPRESENTATION_CONTEXT(2) 
PARAMETRIC_REPRESENTATION_CONTEXT() REPRESENTATION_CONTEXT('2D SPACE',''
  ) );
#2368 = ORIENTED_EDGE('',*,*,#2369,.F.);
#2369 = EDGE_CURVE('',#2370,#2341,#2372,.T.);
#2370 = VERTEX_POINT('',#2371);
#2371 = CARTESIAN_POINT('',(-20.71640789715,-4.113411793072,
    -1.690578486158));
#2372 = SURFACE_CURVE('',#2373,(#2379,#2388),.PCURVE_S1.);
#2373 = B_SPLINE_CURVE_WITH_KNOTS('',3,(#2374,#2375,#2376,#2377,#2378),
  .UNSPECIFIED.,.F.,.F.,(4,1,4),(0.,0.5,1.),.QUASI_UNIFORM_KNOTS.);
#2374 = CARTESIAN_POINT('',(-20.71640789715,-4.113411793072,
    -1.688078486158));
#2375 = CARTESIAN_POINT('',(-20.71221977363,-4.109492843929,
    -1.688078486158));
#2376 = CARTESIAN_POINT('',(-20.7045918818,-4.101258782124,
    -1.698078486158));
#2377 = CARTESIAN_POINT('',(-20.69846070039,-4.092232393282,
    -1.688078486158));
#2378 = CARTESIAN_POINT('',(-20.69576928729,-4.087521117101,
    -1.688078486158));
#2379 = PCURVE('',#126,#2380);
#2380 = DEFINITIONAL_REPRESENTATION('',(#2381),#2387);
#2381 = B_SPLINE_CURVE_WITH_KNOTS('',3,(#2382,#2383,#2384,#2385,#2386),
  .UNSPECIFIED.,.F.,.F.,(4,1,4),(0.,0.5,1.),.QUASI_UNIFORM_KNOTS.);
#2382 = CARTESIAN_POINT('',(6.48453533498,-3.426910787573));
#2383 = CARTESIAN_POINT('',(6.4887234585,-3.430829736716));
#2384 = CARTESIAN_POINT('',(6.49635135033,-3.439063798521));
#2385 = CARTESIAN_POINT('',(6.50248253174,-3.448090187363));
#2386 = CARTESIAN_POINT('',(6.50517394484,-3.452801463544));
#2387 = ( GEOMETRIC_REPRESENTATION_CONTEXT(2) 
PARAMETRIC_REPRESENTATION_CONTEXT() REPRESENTATION_CONTEXT('2D SPACE',''
  ) );
#2388 = PCURVE('',#2254,#2389);
#2389 = DEFINITIONAL_REPRESENTATION('',(#2390),#2396);
#2390 = B_SPLINE_CURVE_WITH_KNOTS('',3,(#2391,#2392,#2393,#2394,#2395),
  .UNSPECIFIED.,.F.,.F.,(4,1,4),(0.,0.5,1.),.QUASI_UNIFORM_KNOTS.);
#2391 = CARTESIAN_POINT('',(0.132417502968,-6.975042688E-02));
#2392 = CARTESIAN_POINT('',(0.128498553825,-6.556230336E-02));
#2393 = CARTESIAN_POINT('',(0.12026449202,-5.793441153E-02));
#2394 = CARTESIAN_POINT('',(0.111238103178,-5.180323012E-02));
#2395 = CARTESIAN_POINT('',(0.106526826997,-4.911181702E-02));
#2396 = ( GEOMETRIC_REPRESENTATION_CONTEXT(2) 
PARAMETRIC_REPRESENTATION_CONTEXT() REPRESENTATION_CONTEXT('2D SPACE',''
  ) );
#2397 = ORIENTED_EDGE('',*,*,#2398,.T.);
#2398 = EDGE_CURVE('',#2370,#2399,#2401,.T.);
#2399 = VERTEX_POINT('',#2400);
#2400 = CARTESIAN_POINT('',(-20.81310538337,-4.146684046393,
    -1.693078486158));
#2401 = SURFACE_CURVE('',#2402,(#2413,#2427),.PCURVE_S1.);
#2402 = B_SPLINE_CURVE_WITH_KNOTS('',3,(#2403,#2404,#2405,#2406,#2407,
    #2408,#2409,#2410,#2411,#2412),.UNSPECIFIED.,.F.,.F.,(4,3,3,4),(0.,
    0.333333333333,0.666666666667,1.),.UNSPECIFIED.);
#2403 = CARTESIAN_POINT('',(-20.71640789715,-4.113411793072,
    -1.693078486158));
#2404 = CARTESIAN_POINT('',(-20.72453580074,-4.120900068438,
    -1.693078486158));
#2405 = CARTESIAN_POINT('',(-20.7335359793,-4.127123570741,
    -1.693078486158));
#2406 = CARTESIAN_POINT('',(-20.74341350316,-4.132055652277,
    -1.693078486158));
#2407 = CARTESIAN_POINT('',(-20.75329102703,-4.136987733814,
    -1.693078486158));
#2408 = CARTESIAN_POINT('',(-20.7640458962,-4.140628394583,
    -1.693078486158));
#2409 = CARTESIAN_POINT('',(-20.77566289967,-4.143057577701,
    -1.693078486158));
#2410 = CARTESIAN_POINT('',(-20.78727990315,-4.145486760818,
    -1.693078486158));
#2411 = CARTESIAN_POINT('',(-20.79975904094,-4.146704466284,
    -1.693078486158));
#2412 = CARTESIAN_POINT('',(-20.81310538337,-4.146684046393,
    -1.693078486158));
#2413 = PCURVE('',#126,#2414);
#2414 = DEFINITIONAL_REPRESENTATION('',(#2415),#2426);
#2415 = B_SPLINE_CURVE_WITH_KNOTS('',3,(#2416,#2417,#2418,#2419,#2420,
    #2421,#2422,#2423,#2424,#2425),.UNSPECIFIED.,.F.,.F.,(4,3,3,4),(0.,
    0.333333333333,0.666666666667,1.),.UNSPECIFIED.);
#2416 = CARTESIAN_POINT('',(6.48453533498,-3.426910787573));
#2417 = CARTESIAN_POINT('',(6.47640743139,-3.419422512207));
#2418 = CARTESIAN_POINT('',(6.46740725283,-3.413199009904));
#2419 = CARTESIAN_POINT('',(6.457529728965,-3.408266928368));
#2420 = CARTESIAN_POINT('',(6.4476522051,-3.403334846831));
#2421 = CARTESIAN_POINT('',(6.43689733593,-3.399694186062));
#2422 = CARTESIAN_POINT('',(6.425280332453,-3.397265002944));
#2423 = CARTESIAN_POINT('',(6.413663328975,-3.394835819827));
#2424 = CARTESIAN_POINT('',(6.40118419119,-3.393618114361));
#2425 = CARTESIAN_POINT('',(6.38783784876,-3.393638534252));
#2426 = ( GEOMETRIC_REPRESENTATION_CONTEXT(2) 
PARAMETRIC_REPRESENTATION_CONTEXT() REPRESENTATION_CONTEXT('2D SPACE',''
  ) );
#2427 = PCURVE('',#2254,#2428);
#2428 = DEFINITIONAL_REPRESENTATION('',(#2429),#2440);
#2429 = B_SPLINE_CURVE_WITH_KNOTS('',3,(#2430,#2431,#2432,#2433,#2434,
    #2435,#2436,#2437,#2438,#2439),.UNSPECIFIED.,.F.,.F.,(4,3,3,4),(0.,
    0.333333333333,0.666666666667,1.),.UNSPECIFIED.);
#2430 = CARTESIAN_POINT('',(0.132417502968,-6.975042688E-02));
#2431 = CARTESIAN_POINT('',(0.139905778334,-7.787833047E-02));
#2432 = CARTESIAN_POINT('',(0.146129280637,-8.687850903E-02));
#2433 = CARTESIAN_POINT('',(0.151061362173,-9.6756032895E-02));
#2434 = CARTESIAN_POINT('',(0.15599344371,-0.10663355676));
#2435 = CARTESIAN_POINT('',(0.159634104479,-0.11738842593));
#2436 = CARTESIAN_POINT('',(0.162063287597,-0.129005429407));
#2437 = CARTESIAN_POINT('',(0.164492470714,-0.140622432885));
#2438 = CARTESIAN_POINT('',(0.16571017618,-0.15310157067));
#2439 = CARTESIAN_POINT('',(0.165689756289,-0.1664479131));
#2440 = ( GEOMETRIC_REPRESENTATION_CONTEXT(2) 
PARAMETRIC_REPRESENTATION_CONTEXT() REPRESENTATION_CONTEXT('2D SPACE',''
  ) );
#2441 = ORIENTED_EDGE('',*,*,#2442,.T.);
#2442 = EDGE_CURVE('',#2399,#2443,#2445,.T.);
#2443 = VERTEX_POINT('',#2444);
#2444 = CARTESIAN_POINT('',(-20.91500165917,-4.11107233776,
    -1.693078486158));
#2445 = SURFACE_CURVE('',#2446,(#2451,#2458),.PCURVE_S1.);
#2446 = ELLIPSE('',#2447,3.132166412094,0.613614537323);
#2447 = AXIS2_PLACEMENT_3D('',#2448,#2449,#2450);
#2448 = CARTESIAN_POINT('',(-19.01925685034,-1.61862347601,
    -1.693078486158));
#2449 = DIRECTION('',(0.,0.,-1.));
#2450 = DIRECTION('',(0.60204201795,0.79846440661,0.));
#2451 = PCURVE('',#126,#2452);
#2452 = DEFINITIONAL_REPRESENTATION('',(#2453),#2457);
#2453 = ELLIPSE('',#2454,3.132166412094,0.613614537323);
#2454 = AXIS2_PLACEMENT_2D('',#2455,#2456);
#2455 = CARTESIAN_POINT('',(8.181686381789,-5.921699104635));
#2456 = DIRECTION('',(0.60204201795,-0.79846440661));
#2457 = ( GEOMETRIC_REPRESENTATION_CONTEXT(2) 
PARAMETRIC_REPRESENTATION_CONTEXT() REPRESENTATION_CONTEXT('2D SPACE',''
  ) );
#2458 = PCURVE('',#2254,#2459);
#2459 = DEFINITIONAL_REPRESENTATION('',(#2460),#2468);
#2460 = ( BOUNDED_CURVE() B_SPLINE_CURVE(2,(#2461,#2462,#2463,#2464,
#2465,#2466,#2467),.UNSPECIFIED.,.T.,.F.) B_SPLINE_CURVE_WITH_KNOTS((1,2
    ,2,2,2,1),(-2.094395102393,0.,2.094395102393,4.188790204786,
6.28318530718,8.377580409573),.UNSPECIFIED.) CURVE() 
GEOMETRIC_REPRESENTATION_ITEM() RATIONAL_B_SPLINE_CURVE((1.,0.5,1.,0.5,
1.,0.5,1.)) REPRESENTATION_ITEM('') );
#2461 = CARTESIAN_POINT('',(-4.863294209731,3.51309640722));
#2462 = CARTESIAN_POINT('',(-4.223436996515,4.361713604747));
#2463 = CARTESIAN_POINT('',(-0.791980509668,1.108861325046));
#2464 = CARTESIAN_POINT('',(2.639475977179,-2.143990954655));
#2465 = CARTESIAN_POINT('',(-1.431837722884,0.26024412752));
#2466 = CARTESIAN_POINT('',(-5.503151422947,2.664479209694));
#2467 = CARTESIAN_POINT('',(-4.863294209731,3.51309640722));
#2468 = ( GEOMETRIC_REPRESENTATION_CONTEXT(2) 
PARAMETRIC_REPRESENTATION_CONTEXT() REPRESENTATION_CONTEXT('2D SPACE',''
  ) );
#2469 = ORIENTED_EDGE('',*,*,#2470,.T.);
#2470 = EDGE_CURVE('',#2443,#2471,#2473,.T.);
#2471 = VERTEX_POINT('',#2472);
#2472 = CARTESIAN_POINT('',(-20.95260623714,-4.018707176195,
    -1.693078486158));
#2473 = SURFACE_CURVE('',#2474,(#2485,#2499),.PCURVE_S1.);
#2474 = B_SPLINE_CURVE_WITH_KNOTS('',3,(#2475,#2476,#2477,#2478,#2479,
    #2480,#2481,#2482,#2483,#2484),.UNSPECIFIED.,.F.,.F.,(4,3,3,4),(0.,
    0.333333333333,0.666666666667,1.),.UNSPECIFIED.);
#2475 = CARTESIAN_POINT('',(-20.91500165917,-4.11107233776,
    -1.693078486158));
#2476 = CARTESIAN_POINT('',(-20.92345434548,-4.103018230876,
    -1.693078486158));
#2477 = CARTESIAN_POINT('',(-20.93048128218,-4.094227685479,
    -1.693078486158));
#2478 = CARTESIAN_POINT('',(-20.93605682879,-4.084695061334,
    -1.693078486158));
#2479 = CARTESIAN_POINT('',(-20.9416323754,-4.075162437188,
    -1.693078486158));
#2480 = CARTESIAN_POINT('',(-20.94575653193,-4.064887734294,
    -1.693078486158));
#2481 = CARTESIAN_POINT('',(-20.94850621982,-4.053887873358,
    -1.693078486158));
#2482 = CARTESIAN_POINT('',(-20.95125590772,-4.042888012423,
    -1.693078486158));
#2483 = CARTESIAN_POINT('',(-20.95263112699,-4.031162993447,
    -1.693078486158));
#2484 = CARTESIAN_POINT('',(-20.95260623714,-4.018707176195,
    -1.693078486158));
#2485 = PCURVE('',#126,#2486);
#2486 = DEFINITIONAL_REPRESENTATION('',(#2487),#2498);
#2487 = B_SPLINE_CURVE_WITH_KNOTS('',3,(#2488,#2489,#2490,#2491,#2492,
    #2493,#2494,#2495,#2496,#2497),.UNSPECIFIED.,.F.,.F.,(4,3,3,4),(0.,
    0.333333333333,0.666666666667,1.),.UNSPECIFIED.);
#2488 = CARTESIAN_POINT('',(6.28594157296,-3.429250242885));
#2489 = CARTESIAN_POINT('',(6.27748888665,-3.437304349769));
#2490 = CARTESIAN_POINT('',(6.27046194995,-3.446094895166));
#2491 = CARTESIAN_POINT('',(6.264886403337,-3.455627519311));
#2492 = CARTESIAN_POINT('',(6.259310856723,-3.465160143457));
#2493 = CARTESIAN_POINT('',(6.255186700197,-3.475434846351));
#2494 = CARTESIAN_POINT('',(6.252437012301,-3.486434707287));
#2495 = CARTESIAN_POINT('',(6.249687324405,-3.497434568222));
#2496 = CARTESIAN_POINT('',(6.24831210514,-3.509159587198));
#2497 = CARTESIAN_POINT('',(6.24833699499,-3.52161540445));
#2498 = ( GEOMETRIC_REPRESENTATION_CONTEXT(2) 
PARAMETRIC_REPRESENTATION_CONTEXT() REPRESENTATION_CONTEXT('2D SPACE',''
  ) );
#2499 = PCURVE('',#2254,#2500);
#2500 = DEFINITIONAL_REPRESENTATION('',(#2501),#2512);
#2501 = B_SPLINE_CURVE_WITH_KNOTS('',3,(#2502,#2503,#2504,#2505,#2506,
    #2507,#2508,#2509,#2510,#2511),.UNSPECIFIED.,.F.,.F.,(4,3,3,4),(0.,
    0.333333333333,0.666666666667,1.),.UNSPECIFIED.);
#2502 = CARTESIAN_POINT('',(0.130078047656,-0.2683441889));
#2503 = CARTESIAN_POINT('',(0.122023940772,-0.27679687521));
#2504 = CARTESIAN_POINT('',(0.113233395376,-0.28382381191));
#2505 = CARTESIAN_POINT('',(0.10370077123,-0.289399358523));
#2506 = CARTESIAN_POINT('',(9.416814708434E-02,-0.294974905137));
#2507 = CARTESIAN_POINT('',(8.389344418967E-02,-0.299099061663));
#2508 = CARTESIAN_POINT('',(7.289358325433E-02,-0.301848749559));
#2509 = CARTESIAN_POINT('',(6.1893722319E-02,-0.304598437455));
#2510 = CARTESIAN_POINT('',(5.0168703343E-02,-0.30597365672));
#2511 = CARTESIAN_POINT('',(3.7712886091E-02,-0.30594876687));
#2512 = ( GEOMETRIC_REPRESENTATION_CONTEXT(2) 
PARAMETRIC_REPRESENTATION_CONTEXT() REPRESENTATION_CONTEXT('2D SPACE',''
  ) );
#2513 = ORIENTED_EDGE('',*,*,#2514,.T.);
#2514 = EDGE_CURVE('',#2471,#2515,#2517,.T.);
#2515 = VERTEX_POINT('',#2516);
#2516 = CARTESIAN_POINT('',(-20.93250425076,-3.938819109623,
    -1.693078486158));
#2517 = SURFACE_CURVE('',#2518,(#2529,#2543),.PCURVE_S1.);
#2518 = B_SPLINE_CURVE_WITH_KNOTS('',3,(#2519,#2520,#2521,#2522,#2523,
    #2524,#2525,#2526,#2527,#2528),.UNSPECIFIED.,.F.,.F.,(4,3,3,4),(0.,
    0.333333333333,0.666666666667,1.),.UNSPECIFIED.);
#2519 = CARTESIAN_POINT('',(-20.95260623714,-4.018707176195,
    -1.693078486158));
#2520 = CARTESIAN_POINT('',(-20.95259220899,-4.008817462966,
    -1.693078486158));
#2521 = CARTESIAN_POINT('',(-20.95183780536,-3.999265742728,
    -1.693078486158));
#2522 = CARTESIAN_POINT('',(-20.9503286217,-3.990058473753,
    -1.693078486158));
#2523 = CARTESIAN_POINT('',(-20.94881943803,-3.980851204778,
    -1.693078486158));
#2524 = CARTESIAN_POINT('',(-20.94655547433,-3.971988387066,
    -1.693078486158));
#2525 = CARTESIAN_POINT('',(-20.94357994431,-3.963450645801,
    -1.693078486158));
#2526 = CARTESIAN_POINT('',(-20.9406044143,-3.954912904537,
    -1.693078486158));
#2527 = CARTESIAN_POINT('',(-20.93691731798,-3.94670023972,
    -1.693078486158));
#2528 = CARTESIAN_POINT('',(-20.93250425076,-3.938819109623,
    -1.693078486158));
#2529 = PCURVE('',#126,#2530);
#2530 = DEFINITIONAL_REPRESENTATION('',(#2531),#2542);
#2531 = B_SPLINE_CURVE_WITH_KNOTS('',3,(#2532,#2533,#2534,#2535,#2536,
    #2537,#2538,#2539,#2540,#2541),.UNSPECIFIED.,.F.,.F.,(4,3,3,4),(0.,
    0.333333333333,0.666666666667,1.),.UNSPECIFIED.);
#2532 = CARTESIAN_POINT('',(6.24833699499,-3.52161540445));
#2533 = CARTESIAN_POINT('',(6.24835102314,-3.531505117679));
#2534 = CARTESIAN_POINT('',(6.249105426765,-3.541056837917));
#2535 = CARTESIAN_POINT('',(6.250614610429,-3.550264106892));
#2536 = CARTESIAN_POINT('',(6.252123794093,-3.559471375867));
#2537 = CARTESIAN_POINT('',(6.254387757797,-3.568334193579));
#2538 = CARTESIAN_POINT('',(6.257363287811,-3.576871934844));
#2539 = CARTESIAN_POINT('',(6.260338817825,-3.585409676109));
#2540 = CARTESIAN_POINT('',(6.26402591415,-3.593622340925));
#2541 = CARTESIAN_POINT('',(6.26843898137,-3.601503471022));
#2542 = ( GEOMETRIC_REPRESENTATION_CONTEXT(2) 
PARAMETRIC_REPRESENTATION_CONTEXT() REPRESENTATION_CONTEXT('2D SPACE',''
  ) );
#2543 = PCURVE('',#2254,#2544);
#2544 = DEFINITIONAL_REPRESENTATION('',(#2545),#2556);
#2545 = B_SPLINE_CURVE_WITH_KNOTS('',3,(#2546,#2547,#2548,#2549,#2550,
    #2551,#2552,#2553,#2554,#2555),.UNSPECIFIED.,.F.,.F.,(4,3,3,4),(0.,
    0.333333333333,0.666666666667,1.),.UNSPECIFIED.);
#2546 = CARTESIAN_POINT('',(3.7712886091E-02,-0.30594876687));
#2547 = CARTESIAN_POINT('',(2.7823172862E-02,-0.30593473872));
#2548 = CARTESIAN_POINT('',(1.82714526245E-02,-0.305180335095));
#2549 = CARTESIAN_POINT('',(9.06418364942E-03,-0.303671151431));
#2550 = CARTESIAN_POINT('',(-1.430853256696E-04,-0.302161967767));
#2551 = CARTESIAN_POINT('',(-9.00590303833E-03,-0.299898004063));
#2552 = CARTESIAN_POINT('',(-1.754364430292E-02,-0.296922474049));
#2553 = CARTESIAN_POINT('',(-2.60813855675E-02,-0.293946944035));
#2554 = CARTESIAN_POINT('',(-3.4294050384E-02,-0.29025984771));
#2555 = CARTESIAN_POINT('',(-4.2175180481E-02,-0.28584678049));
#2556 = ( GEOMETRIC_REPRESENTATION_CONTEXT(2) 
PARAMETRIC_REPRESENTATION_CONTEXT() REPRESENTATION_CONTEXT('2D SPACE',''
  ) );
#2557 = ORIENTED_EDGE('',*,*,#2558,.T.);
#2558 = EDGE_CURVE('',#2515,#2559,#2561,.T.);
#2559 = VERTEX_POINT('',#2560);
#2560 = CARTESIAN_POINT('',(-20.97825359908,-3.938819109623,
    -1.693078486158));
#2561 = SURFACE_CURVE('',#2562,(#2566,#2573),.PCURVE_S1.);
#2562 = LINE('',#2563,#2564);
#2563 = CARTESIAN_POINT('',(-20.93250425076,-3.938819109623,
    -1.688078486158));
#2564 = VECTOR('',#2565,1.);
#2565 = DIRECTION('',(-1.,-5.824203747429E-14,0.));
#2566 = PCURVE('',#126,#2567);
#2567 = DEFINITIONAL_REPRESENTATION('',(#2568),#2572);
#2568 = LINE('',#2569,#2570);
#2569 = CARTESIAN_POINT('',(6.26843898137,-3.601503471022));
#2570 = VECTOR('',#2571,1.);
#2571 = DIRECTION('',(-1.,5.824203747429E-14));
#2572 = ( GEOMETRIC_REPRESENTATION_CONTEXT(2) 
PARAMETRIC_REPRESENTATION_CONTEXT() REPRESENTATION_CONTEXT('2D SPACE',''
  ) );
#2573 = PCURVE('',#2254,#2574);
#2574 = DEFINITIONAL_REPRESENTATION('',(#2575),#2579);
#2575 = LINE('',#2576,#2577);
#2576 = CARTESIAN_POINT('',(-4.2175180481E-02,-0.28584678049));
#2577 = VECTOR('',#2578,1.);
#2578 = DIRECTION('',(5.824203747429E-14,-1.));
#2579 = ( GEOMETRIC_REPRESENTATION_CONTEXT(2) 
PARAMETRIC_REPRESENTATION_CONTEXT() REPRESENTATION_CONTEXT('2D SPACE',''
  ) );
#2580 = ORIENTED_EDGE('',*,*,#2581,.T.);
#2581 = EDGE_CURVE('',#2559,#2582,#2584,.T.);
#2582 = VERTEX_POINT('',#2583);
#2583 = CARTESIAN_POINT('',(-20.99216491942,-4.018735205998,
    -1.693078486158));
#2584 = SURFACE_CURVE('',#2585,(#2596,#2610),.PCURVE_S1.);
#2585 = B_SPLINE_CURVE_WITH_KNOTS('',3,(#2586,#2587,#2588,#2589,#2590,
    #2591,#2592,#2593,#2594,#2595),.UNSPECIFIED.,.F.,.F.,(4,3,3,4),(0.,
    0.333333333333,0.666666666667,1.),.UNSPECIFIED.);
#2586 = CARTESIAN_POINT('',(-20.97825359908,-3.938819109623,
    -1.693078486158));
#2587 = CARTESIAN_POINT('',(-20.98139660834,-3.946229867772,
    -1.693078486158));
#2588 = CARTESIAN_POINT('',(-20.98400537014,-3.954121189085,
    -1.693078486158));
#2589 = CARTESIAN_POINT('',(-20.98603096604,-3.962249005945,
    -1.693078486158));
#2590 = CARTESIAN_POINT('',(-20.98805656194,-3.970376822804,
    -1.693078486158));
#2591 = CARTESIAN_POINT('',(-20.98949899194,-3.978741135211,
    -1.693078486158));
#2592 = CARTESIAN_POINT('',(-20.99050501135,-3.988074146014,
    -1.693078486158));
#2593 = CARTESIAN_POINT('',(-20.99151103077,-3.997407156817,
    -1.693078486158));
#2594 = CARTESIAN_POINT('',(-20.99208063961,-4.007708866017,
    -1.693078486158));
#2595 = CARTESIAN_POINT('',(-20.99216491942,-4.018735205998,
    -1.693078486158));
#2596 = PCURVE('',#126,#2597);
#2597 = DEFINITIONAL_REPRESENTATION('',(#2598),#2609);
#2598 = B_SPLINE_CURVE_WITH_KNOTS('',3,(#2599,#2600,#2601,#2602,#2603,
    #2604,#2605,#2606,#2607,#2608),.UNSPECIFIED.,.F.,.F.,(4,3,3,4),(0.,
    0.333333333333,0.666666666667,1.),.UNSPECIFIED.);
#2599 = CARTESIAN_POINT('',(6.22268963305,-3.601503471022));
#2600 = CARTESIAN_POINT('',(6.21954662379,-3.594092712873));
#2601 = CARTESIAN_POINT('',(6.21693786199,-3.58620139156));
#2602 = CARTESIAN_POINT('',(6.21491226609,-3.5780735747));
#2603 = CARTESIAN_POINT('',(6.21288667019,-3.569945757841));
#2604 = CARTESIAN_POINT('',(6.21144424019,-3.561581445434));
#2605 = CARTESIAN_POINT('',(6.210438220773,-3.552248434631));
#2606 = CARTESIAN_POINT('',(6.209432201355,-3.542915423828));
#2607 = CARTESIAN_POINT('',(6.20886259252,-3.532613714628));
#2608 = CARTESIAN_POINT('',(6.20877831271,-3.521587374647));
#2609 = ( GEOMETRIC_REPRESENTATION_CONTEXT(2) 
PARAMETRIC_REPRESENTATION_CONTEXT() REPRESENTATION_CONTEXT('2D SPACE',''
  ) );
#2610 = PCURVE('',#2254,#2611);
#2611 = DEFINITIONAL_REPRESENTATION('',(#2612),#2623);
#2612 = B_SPLINE_CURVE_WITH_KNOTS('',3,(#2613,#2614,#2615,#2616,#2617,
    #2618,#2619,#2620,#2621,#2622),.UNSPECIFIED.,.F.,.F.,(4,3,3,4),(0.,
    0.333333333333,0.666666666667,1.),.UNSPECIFIED.);
#2613 = CARTESIAN_POINT('',(-4.2175180481E-02,-0.33159612881));
#2614 = CARTESIAN_POINT('',(-3.4764422332E-02,-0.33473913807));
#2615 = CARTESIAN_POINT('',(-2.6873101019E-02,-0.33734789987));
#2616 = CARTESIAN_POINT('',(-1.874528415933E-02,-0.33937349577));
#2617 = CARTESIAN_POINT('',(-1.061746729967E-02,-0.34139909167));
#2618 = CARTESIAN_POINT('',(-2.25315489333E-03,-0.34284152167));
#2619 = CARTESIAN_POINT('',(7.07985590984E-03,-0.343847541087));
#2620 = CARTESIAN_POINT('',(1.6412866713E-02,-0.344853560505));
#2621 = CARTESIAN_POINT('',(2.6714575913E-02,-0.34542316934));
#2622 = CARTESIAN_POINT('',(3.7740915894E-02,-0.34550744915));
#2623 = ( GEOMETRIC_REPRESENTATION_CONTEXT(2) 
PARAMETRIC_REPRESENTATION_CONTEXT() REPRESENTATION_CONTEXT('2D SPACE',''
  ) );
#2624 = ORIENTED_EDGE('',*,*,#2625,.T.);
#2625 = EDGE_CURVE('',#2582,#2626,#2628,.T.);
#2626 = VERTEX_POINT('',#2627);
#2627 = CARTESIAN_POINT('',(-20.94220865798,-4.143651419139,
    -1.693078486158));
#2628 = SURFACE_CURVE('',#2629,(#2640,#2654),.PCURVE_S1.);
#2629 = B_SPLINE_CURVE_WITH_KNOTS('',3,(#2630,#2631,#2632,#2633,#2634,
    #2635,#2636,#2637,#2638,#2639),.UNSPECIFIED.,.F.,.F.,(4,3,3,4),(0.,
    0.333333333333,0.666666666667,1.),.UNSPECIFIED.);
#2630 = CARTESIAN_POINT('',(-20.99216491942,-4.018735205998,
    -1.693078486158));
#2631 = CARTESIAN_POINT('',(-20.99210763809,-4.035932960074,
    -1.693078486158));
#2632 = CARTESIAN_POINT('',(-20.99021813929,-4.052022718563,
    -1.693078486158));
#2633 = CARTESIAN_POINT('',(-20.98646728061,-4.066952174165,
    -1.693078486158));
#2634 = CARTESIAN_POINT('',(-20.98271642193,-4.081881629767,
    -1.693078486158));
#2635 = CARTESIAN_POINT('',(-20.97710420337,-4.095650782483,
    -1.693078486158));
#2636 = CARTESIAN_POINT('',(-20.96971805213,-4.108416554212,
    -1.693078486158));
#2637 = CARTESIAN_POINT('',(-20.9623319009,-4.12118232594,
    -1.693078486158));
#2638 = CARTESIAN_POINT('',(-20.95317181698,-4.132944716683,
    -1.693078486158));
#2639 = CARTESIAN_POINT('',(-20.94220865798,-4.143651419139,
    -1.693078486158));
#2640 = PCURVE('',#126,#2641);
#2641 = DEFINITIONAL_REPRESENTATION('',(#2642),#2653);
#2642 = B_SPLINE_CURVE_WITH_KNOTS('',3,(#2643,#2644,#2645,#2646,#2647,
    #2648,#2649,#2650,#2651,#2652),.UNSPECIFIED.,.F.,.F.,(4,3,3,4),(0.,
    0.333333333333,0.666666666667,1.),.UNSPECIFIED.);
#2643 = CARTESIAN_POINT('',(6.20877831271,-3.521587374647));
#2644 = CARTESIAN_POINT('',(6.20883559404,-3.504389620571));
#2645 = CARTESIAN_POINT('',(6.21072509284,-3.488299862082));
#2646 = CARTESIAN_POINT('',(6.214475951518,-3.47337040648));
#2647 = CARTESIAN_POINT('',(6.218226810197,-3.458440950878));
#2648 = CARTESIAN_POINT('',(6.223839028753,-3.444671798162));
#2649 = CARTESIAN_POINT('',(6.231225179992,-3.431906026433));
#2650 = CARTESIAN_POINT('',(6.23861133123,-3.419140254705));
#2651 = CARTESIAN_POINT('',(6.24777141515,-3.407377863962));
#2652 = CARTESIAN_POINT('',(6.25873457415,-3.396671161506));
#2653 = ( GEOMETRIC_REPRESENTATION_CONTEXT(2) 
PARAMETRIC_REPRESENTATION_CONTEXT() REPRESENTATION_CONTEXT('2D SPACE',''
  ) );
#2654 = PCURVE('',#2254,#2655);
#2655 = DEFINITIONAL_REPRESENTATION('',(#2656),#2667);
#2656 = B_SPLINE_CURVE_WITH_KNOTS('',3,(#2657,#2658,#2659,#2660,#2661,
    #2662,#2663,#2664,#2665,#2666),.UNSPECIFIED.,.F.,.F.,(4,3,3,4),(0.,
    0.333333333333,0.666666666667,1.),.UNSPECIFIED.);
#2657 = CARTESIAN_POINT('',(3.7740915894E-02,-0.34550744915));
#2658 = CARTESIAN_POINT('',(5.493866997E-02,-0.34545016782));
#2659 = CARTESIAN_POINT('',(7.1028428459E-02,-0.34356066902));
#2660 = CARTESIAN_POINT('',(8.595788406116E-02,-0.339809810342));
#2661 = CARTESIAN_POINT('',(0.100887339663,-0.336058951663));
#2662 = CARTESIAN_POINT('',(0.114656492379,-0.330446733107));
#2663 = CARTESIAN_POINT('',(0.127422264108,-0.323060581868));
#2664 = CARTESIAN_POINT('',(0.140188035836,-0.31567443063));
#2665 = CARTESIAN_POINT('',(0.151950426579,-0.30651434671));
#2666 = CARTESIAN_POINT('',(0.162657129035,-0.29555118771));
#2667 = ( GEOMETRIC_REPRESENTATION_CONTEXT(2) 
PARAMETRIC_REPRESENTATION_CONTEXT() REPRESENTATION_CONTEXT('2D SPACE',''
  ) );
#2668 = ORIENTED_EDGE('',*,*,#2669,.T.);
#2669 = EDGE_CURVE('',#2626,#2670,#2672,.T.);
#2670 = VERTEX_POINT('',#2671);
#2671 = CARTESIAN_POINT('',(-20.81050598858,-4.192606687698,
    -1.693078486158));
#2672 = SURFACE_CURVE('',#2673,(#2684,#2698),.PCURVE_S1.);
#2673 = B_SPLINE_CURVE_WITH_KNOTS('',3,(#2674,#2675,#2676,#2677,#2678,
    #2679,#2680,#2681,#2682,#2683),.UNSPECIFIED.,.F.,.F.,(4,3,3,4),(0.,
    0.333333333333,0.666666666667,1.),.UNSPECIFIED.);
#2674 = CARTESIAN_POINT('',(-20.94220865798,-4.143651419139,
    -1.693078486158));
#2675 = CARTESIAN_POINT('',(-20.93096551677,-4.154640002558,
    -1.693078486158));
#2676 = CARTESIAN_POINT('',(-20.91859208223,-4.163777767122,
    -1.693078486158));
#2677 = CARTESIAN_POINT('',(-20.90508483278,-4.171034585956,
    -1.693078486158));
#2678 = CARTESIAN_POINT('',(-20.89157758333,-4.178291404791,
    -1.693078486158));
#2679 = CARTESIAN_POINT('',(-20.87693651897,-4.183667277895,
    -1.693078486158));
#2680 = CARTESIAN_POINT('',(-20.86117220441,-4.187252585894,
    -1.693078486158));
#2681 = CARTESIAN_POINT('',(-20.84540788985,-4.190837893892,
    -1.693078486158));
#2682 = CARTESIAN_POINT('',(-20.8285203251,-4.192632636785,
    -1.693078486158));
#2683 = CARTESIAN_POINT('',(-20.81050598858,-4.192606687698,
    -1.693078486158));
#2684 = PCURVE('',#126,#2685);
#2685 = DEFINITIONAL_REPRESENTATION('',(#2686),#2697);
#2686 = B_SPLINE_CURVE_WITH_KNOTS('',3,(#2687,#2688,#2689,#2690,#2691,
    #2692,#2693,#2694,#2695,#2696),.UNSPECIFIED.,.F.,.F.,(4,3,3,4),(0.,
    0.333333333333,0.666666666667,1.),.UNSPECIFIED.);
#2687 = CARTESIAN_POINT('',(6.25873457415,-3.396671161506));
#2688 = CARTESIAN_POINT('',(6.26997771536,-3.385682578087));
#2689 = CARTESIAN_POINT('',(6.2823511499,-3.376544813523));
#2690 = CARTESIAN_POINT('',(6.29585839935,-3.369287994689));
#2691 = CARTESIAN_POINT('',(6.3093656488,-3.362031175854));
#2692 = CARTESIAN_POINT('',(6.32400671316,-3.35665530275));
#2693 = CARTESIAN_POINT('',(6.339771027718,-3.353069994751));
#2694 = CARTESIAN_POINT('',(6.355535342275,-3.349484686753));
#2695 = CARTESIAN_POINT('',(6.37242290703,-3.34768994386));
#2696 = CARTESIAN_POINT('',(6.39043724355,-3.347715892947));
#2697 = ( GEOMETRIC_REPRESENTATION_CONTEXT(2) 
PARAMETRIC_REPRESENTATION_CONTEXT() REPRESENTATION_CONTEXT('2D SPACE',''
  ) );
#2698 = PCURVE('',#2254,#2699);
#2699 = DEFINITIONAL_REPRESENTATION('',(#2700),#2711);
#2700 = B_SPLINE_CURVE_WITH_KNOTS('',3,(#2701,#2702,#2703,#2704,#2705,
    #2706,#2707,#2708,#2709,#2710),.UNSPECIFIED.,.F.,.F.,(4,3,3,4),(0.,
    0.333333333333,0.666666666667,1.),.UNSPECIFIED.);
#2701 = CARTESIAN_POINT('',(0.162657129035,-0.29555118771));
#2702 = CARTESIAN_POINT('',(0.173645712454,-0.2843080465));
#2703 = CARTESIAN_POINT('',(0.182783477018,-0.27193461196));
#2704 = CARTESIAN_POINT('',(0.190040295852,-0.25842736251));
#2705 = CARTESIAN_POINT('',(0.197297114687,-0.24492011306));
#2706 = CARTESIAN_POINT('',(0.202672987791,-0.2302790487));
#2707 = CARTESIAN_POINT('',(0.20625829579,-0.214514734143));
#2708 = CARTESIAN_POINT('',(0.209843603788,-0.198750419585));
#2709 = CARTESIAN_POINT('',(0.211638346681,-0.18186285483));
#2710 = CARTESIAN_POINT('',(0.211612397594,-0.16384851831));
#2711 = ( GEOMETRIC_REPRESENTATION_CONTEXT(2) 
PARAMETRIC_REPRESENTATION_CONTEXT() REPRESENTATION_CONTEXT('2D SPACE',''
  ) );
#2712 = ORIENTED_EDGE('',*,*,#2713,.T.);
#2713 = EDGE_CURVE('',#2670,#2714,#2716,.T.);
#2714 = VERTEX_POINT('',#2715);
#2715 = CARTESIAN_POINT('',(-20.68798784744,-4.149110148198,
    -1.693078486158));
#2716 = SURFACE_CURVE('',#2717,(#2728,#2742),.PCURVE_S1.);
#2717 = B_SPLINE_CURVE_WITH_KNOTS('',3,(#2718,#2719,#2720,#2721,#2722,
    #2723,#2724,#2725,#2726,#2727),.UNSPECIFIED.,.F.,.F.,(4,3,3,4),(0.,
    0.333333333333,0.666666666667,1.),.UNSPECIFIED.);
#2718 = CARTESIAN_POINT('',(-20.81050598858,-4.192606687698,
    -1.693078486158));
#2719 = CARTESIAN_POINT('',(-20.7932015273,-4.192560209599,
    -1.693078486158));
#2720 = CARTESIAN_POINT('',(-20.77712787656,-4.190916144583,
    -1.693078486158));
#2721 = CARTESIAN_POINT('',(-20.76229491047,-4.1876178825,
    -1.693078486158));
#2722 = CARTESIAN_POINT('',(-20.74746194439,-4.184319620418,
    -1.693078486158));
#2723 = CARTESIAN_POINT('',(-20.73386966296,-4.179367161269,
    -1.693078486158));
#2724 = CARTESIAN_POINT('',(-20.72148844382,-4.172930335502,
    -1.693078486158));
#2725 = CARTESIAN_POINT('',(-20.70910722469,-4.166493509735,
    -1.693078486158));
#2726 = CARTESIAN_POINT('',(-20.69793706786,-4.15857231735,
    -1.693078486158));
#2727 = CARTESIAN_POINT('',(-20.68798784744,-4.149110148198,
    -1.693078486158));
#2728 = PCURVE('',#126,#2729);
#2729 = DEFINITIONAL_REPRESENTATION('',(#2730),#2741);
#2730 = B_SPLINE_CURVE_WITH_KNOTS('',3,(#2731,#2732,#2733,#2734,#2735,
    #2736,#2737,#2738,#2739,#2740),.UNSPECIFIED.,.F.,.F.,(4,3,3,4),(0.,
    0.333333333333,0.666666666667,1.),.UNSPECIFIED.);
#2731 = CARTESIAN_POINT('',(6.39043724355,-3.347715892947));
#2732 = CARTESIAN_POINT('',(6.40774170483,-3.347762371046));
#2733 = CARTESIAN_POINT('',(6.42381535557,-3.349406436062));
#2734 = CARTESIAN_POINT('',(6.438648321655,-3.352704698145));
#2735 = CARTESIAN_POINT('',(6.45348128774,-3.356002960227));
#2736 = CARTESIAN_POINT('',(6.46707356917,-3.360955419376));
#2737 = CARTESIAN_POINT('',(6.479454788303,-3.367392245143));
#2738 = CARTESIAN_POINT('',(6.491836007435,-3.37382907091));
#2739 = CARTESIAN_POINT('',(6.50300616427,-3.381750263295));
#2740 = CARTESIAN_POINT('',(6.51295538469,-3.391212432447));
#2741 = ( GEOMETRIC_REPRESENTATION_CONTEXT(2) 
PARAMETRIC_REPRESENTATION_CONTEXT() REPRESENTATION_CONTEXT('2D SPACE',''
  ) );
#2742 = PCURVE('',#2254,#2743);
#2743 = DEFINITIONAL_REPRESENTATION('',(#2744),#2755);
#2744 = B_SPLINE_CURVE_WITH_KNOTS('',3,(#2745,#2746,#2747,#2748,#2749,
    #2750,#2751,#2752,#2753,#2754),.UNSPECIFIED.,.F.,.F.,(4,3,3,4),(0.,
    0.333333333333,0.666666666667,1.),.UNSPECIFIED.);
#2745 = CARTESIAN_POINT('',(0.211612397594,-0.16384851831));
#2746 = CARTESIAN_POINT('',(0.211565919495,-0.14654405703));
#2747 = CARTESIAN_POINT('',(0.209921854479,-0.13047040629));
#2748 = CARTESIAN_POINT('',(0.206623592396,-0.115637440205));
#2749 = CARTESIAN_POINT('',(0.203325330314,-0.10080447412));
#2750 = CARTESIAN_POINT('',(0.198372871165,-8.721219269E-02));
#2751 = CARTESIAN_POINT('',(0.191936045398,-7.48309735575E-02));
#2752 = CARTESIAN_POINT('',(0.185499219631,-6.2449754425E-02));
#2753 = CARTESIAN_POINT('',(0.177578027246,-5.127959759E-02));
#2754 = CARTESIAN_POINT('',(0.168115858094,-4.133037717E-02));
#2755 = ( GEOMETRIC_REPRESENTATION_CONTEXT(2) 
PARAMETRIC_REPRESENTATION_CONTEXT() REPRESENTATION_CONTEXT('2D SPACE',''
  ) );
#2756 = ORIENTED_EDGE('',*,*,#2757,.T.);
#2757 = EDGE_CURVE('',#2714,#2223,#2758,.T.);
#2758 = SURFACE_CURVE('',#2759,(#2770,#2784),.PCURVE_S1.);
#2759 = B_SPLINE_CURVE_WITH_KNOTS('',3,(#2760,#2761,#2762,#2763,#2764,
    #2765,#2766,#2767,#2768,#2769),.UNSPECIFIED.,.F.,.F.,(4,3,3,4),(0.,
    0.333333333333,0.666666666667,1.),.UNSPECIFIED.);
#2760 = CARTESIAN_POINT('',(-20.68798784744,-4.149110148198,
    -1.693078486158));
#2761 = CARTESIAN_POINT('',(-20.67758386102,-4.139260926149,
    -1.693078486158));
#2762 = CARTESIAN_POINT('',(-20.66893543206,-4.128381331102,
    -1.693078486158));
#2763 = CARTESIAN_POINT('',(-20.66207596153,-4.116461180287,
    -1.693078486158));
#2764 = CARTESIAN_POINT('',(-20.655216491,-4.104541029472,
    -1.693078486158));
#2765 = CARTESIAN_POINT('',(-20.65014597889,-4.091580322891,
    -1.693078486158));
#2766 = CARTESIAN_POINT('',(-20.64676422232,-4.077609608849,
    -1.693078486158));
#2767 = CARTESIAN_POINT('',(-20.64338246575,-4.063638894807,
    -1.693078486158));
#2768 = CARTESIAN_POINT('',(-20.64168946471,-4.048658173304,
    -1.693078486158));
#2769 = CARTESIAN_POINT('',(-20.64171862017,-4.032657261572,
    -1.693078486158));
#2770 = PCURVE('',#126,#2771);
#2771 = DEFINITIONAL_REPRESENTATION('',(#2772),#2783);
#2772 = B_SPLINE_CURVE_WITH_KNOTS('',3,(#2773,#2774,#2775,#2776,#2777,
    #2778,#2779,#2780,#2781,#2782),.UNSPECIFIED.,.F.,.F.,(4,3,3,4),(0.,
    0.333333333333,0.666666666667,1.),.UNSPECIFIED.);
#2773 = CARTESIAN_POINT('',(6.51295538469,-3.391212432447));
#2774 = CARTESIAN_POINT('',(6.52335937111,-3.401061654496));
#2775 = CARTESIAN_POINT('',(6.532007800065,-3.411941249544));
#2776 = CARTESIAN_POINT('',(6.538867270596,-3.423861400358));
#2777 = CARTESIAN_POINT('',(6.545726741127,-3.435781551173));
#2778 = CARTESIAN_POINT('',(6.550797253233,-3.448742257754));
#2779 = CARTESIAN_POINT('',(6.554179009807,-3.462712971796));
#2780 = CARTESIAN_POINT('',(6.55756076638,-3.476683685839));
#2781 = CARTESIAN_POINT('',(6.55925376742,-3.491664407341));
#2782 = CARTESIAN_POINT('',(6.55922461196,-3.507665319073));
#2783 = ( GEOMETRIC_REPRESENTATION_CONTEXT(2) 
PARAMETRIC_REPRESENTATION_CONTEXT() REPRESENTATION_CONTEXT('2D SPACE',''
  ) );
#2784 = PCURVE('',#2254,#2785);
#2785 = DEFINITIONAL_REPRESENTATION('',(#2786),#2797);
#2786 = B_SPLINE_CURVE_WITH_KNOTS('',3,(#2787,#2788,#2789,#2790,#2791,
    #2792,#2793,#2794,#2795,#2796),.UNSPECIFIED.,.F.,.F.,(4,3,3,4),(0.,
    0.333333333333,0.666666666667,1.),.UNSPECIFIED.);
#2787 = CARTESIAN_POINT('',(0.168115858094,-4.133037717E-02));
#2788 = CARTESIAN_POINT('',(0.158266636045,-3.092639075E-02));
#2789 = CARTESIAN_POINT('',(0.147387040998,-2.2277961795E-02));
#2790 = CARTESIAN_POINT('',(0.135466890183,-1.54184912642E-02));
#2791 = CARTESIAN_POINT('',(0.123546739368,-8.559020733301E-03));
#2792 = CARTESIAN_POINT('',(0.110586032787,-3.488508626699E-03));
#2793 = CARTESIAN_POINT('',(9.661531874458E-02,-1.067520532985E-04));
#2794 = CARTESIAN_POINT('',(8.26446047025E-02,3.275004519999E-03));
#2795 = CARTESIAN_POINT('',(6.76638832E-02,4.968005559999E-03));
#2796 = CARTESIAN_POINT('',(5.1662971468E-02,4.9388501E-03));
#2797 = ( GEOMETRIC_REPRESENTATION_CONTEXT(2) 
PARAMETRIC_REPRESENTATION_CONTEXT() REPRESENTATION_CONTEXT('2D SPACE',''
  ) );
#2798 = FACE_BOUND('',#2799,.F.);
#2799 = EDGE_LOOP('',(#2800,#2830,#2853,#2876,#2899,#2922));
#2800 = ORIENTED_EDGE('',*,*,#2801,.T.);
#2801 = EDGE_CURVE('',#2802,#2804,#2806,.T.);
#2802 = VERTEX_POINT('',#2803);
#2803 = CARTESIAN_POINT('',(-20.6474372887,-4.206470126582,
    -1.688078486158));
#2804 = VERTEX_POINT('',#2805);
#2805 = CARTESIAN_POINT('',(-20.6860816246,-4.206470126582,
    -1.688078486158));
#2806 = SURFACE_CURVE('',#2807,(#2811,#2818),.PCURVE_S1.);
#2807 = LINE('',#2808,#2809);
#2808 = CARTESIAN_POINT('',(-20.6474372887,-4.206470126582,
    -1.688078486158));
#2809 = VECTOR('',#2810,1.);
#2810 = DIRECTION('',(-1.,0.,0.));
#2811 = PCURVE('',#126,#2812);
#2812 = DEFINITIONAL_REPRESENTATION('',(#2813),#2817);
#2813 = LINE('',#2814,#2815);
#2814 = CARTESIAN_POINT('',(6.55350594343,-3.333852454063));
#2815 = VECTOR('',#2816,1.);
#2816 = DIRECTION('',(-1.,0.));
#2817 = ( GEOMETRIC_REPRESENTATION_CONTEXT(2) 
PARAMETRIC_REPRESENTATION_CONTEXT() REPRESENTATION_CONTEXT('2D SPACE',''
  ) );
#2818 = PCURVE('',#2819,#2824);
#2819 = PLANE('',#2820);
#2820 = AXIS2_PLACEMENT_3D('',#2821,#2822,#2823);
#2821 = CARTESIAN_POINT('',(-18.40094323213,-0.590322580645,
    -1.683078486158));
#2822 = DIRECTION('',(0.,0.,-1.));
#2823 = DIRECTION('',(1.,0.,0.));
#2824 = DEFINITIONAL_REPRESENTATION('',(#2825),#2829);
#2825 = LINE('',#2826,#2827);
#2826 = CARTESIAN_POINT('',(-2.24649405657,3.616147545937));
#2827 = VECTOR('',#2828,1.);
#2828 = DIRECTION('',(-1.,0.));
#2829 = ( GEOMETRIC_REPRESENTATION_CONTEXT(2) 
PARAMETRIC_REPRESENTATION_CONTEXT() REPRESENTATION_CONTEXT('2D SPACE',''
  ) );
#2830 = ORIENTED_EDGE('',*,*,#2831,.T.);
#2831 = EDGE_CURVE('',#2804,#2832,#2834,.T.);
#2832 = VERTEX_POINT('',#2833);
#2833 = CARTESIAN_POINT('',(-20.6860816246,-4.341465362718,
    -1.688078486158));
#2834 = SURFACE_CURVE('',#2835,(#2839,#2846),.PCURVE_S1.);
#2835 = LINE('',#2836,#2837);
#2836 = CARTESIAN_POINT('',(-20.6860816246,-4.206470126582,
    -1.688078486158));
#2837 = VECTOR('',#2838,1.);
#2838 = DIRECTION('',(0.,-1.,0.));
#2839 = PCURVE('',#126,#2840);
#2840 = DEFINITIONAL_REPRESENTATION('',(#2841),#2845);
#2841 = LINE('',#2842,#2843);
#2842 = CARTESIAN_POINT('',(6.51486160753,-3.333852454063));
#2843 = VECTOR('',#2844,1.);
#2844 = DIRECTION('',(0.,1.));
#2845 = ( GEOMETRIC_REPRESENTATION_CONTEXT(2) 
PARAMETRIC_REPRESENTATION_CONTEXT() REPRESENTATION_CONTEXT('2D SPACE',''
  ) );
#2846 = PCURVE('',#2819,#2847);
#2847 = DEFINITIONAL_REPRESENTATION('',(#2848),#2852);
#2848 = LINE('',#2849,#2850);
#2849 = CARTESIAN_POINT('',(-2.28513839247,3.616147545937));
#2850 = VECTOR('',#2851,1.);
#2851 = DIRECTION('',(0.,1.));
#2852 = ( GEOMETRIC_REPRESENTATION_CONTEXT(2) 
PARAMETRIC_REPRESENTATION_CONTEXT() REPRESENTATION_CONTEXT('2D SPACE',''
  ) );
#2853 = ORIENTED_EDGE('',*,*,#2854,.T.);
#2854 = EDGE_CURVE('',#2832,#2855,#2857,.T.);
#2855 = VERTEX_POINT('',#2856);
#2856 = CARTESIAN_POINT('',(-20.98639836942,-4.341465362718,
    -1.688078486158));
#2857 = SURFACE_CURVE('',#2858,(#2862,#2869),.PCURVE_S1.);
#2858 = LINE('',#2859,#2860);
#2859 = CARTESIAN_POINT('',(-20.6860816246,-4.341465362718,
    -1.688078486158));
#2860 = VECTOR('',#2861,1.);
#2861 = DIRECTION('',(-1.,0.,0.));
#2862 = PCURVE('',#126,#2863);
#2863 = DEFINITIONAL_REPRESENTATION('',(#2864),#2868);
#2864 = LINE('',#2865,#2866);
#2865 = CARTESIAN_POINT('',(6.51486160753,-3.198857217927));
#2866 = VECTOR('',#2867,1.);
#2867 = DIRECTION('',(-1.,0.));
#2868 = ( GEOMETRIC_REPRESENTATION_CONTEXT(2) 
PARAMETRIC_REPRESENTATION_CONTEXT() REPRESENTATION_CONTEXT('2D SPACE',''
  ) );
#2869 = PCURVE('',#2819,#2870);
#2870 = DEFINITIONAL_REPRESENTATION('',(#2871),#2875);
#2871 = LINE('',#2872,#2873);
#2872 = CARTESIAN_POINT('',(-2.28513839247,3.751142782073));
#2873 = VECTOR('',#2874,1.);
#2874 = DIRECTION('',(-1.,0.));
#2875 = ( GEOMETRIC_REPRESENTATION_CONTEXT(2) 
PARAMETRIC_REPRESENTATION_CONTEXT() REPRESENTATION_CONTEXT('2D SPACE',''
  ) );
#2876 = ORIENTED_EDGE('',*,*,#2877,.T.);
#2877 = EDGE_CURVE('',#2855,#2878,#2880,.T.);
#2878 = VERTEX_POINT('',#2879);
#2879 = CARTESIAN_POINT('',(-20.98639836942,-4.385221841696,
    -1.688078486158));
#2880 = SURFACE_CURVE('',#2881,(#2885,#2892),.PCURVE_S1.);
#2881 = LINE('',#2882,#2883);
#2882 = CARTESIAN_POINT('',(-20.98639836942,-4.341465362718,
    -1.688078486158));
#2883 = VECTOR('',#2884,1.);
#2884 = DIRECTION('',(0.,-1.,0.));
#2885 = PCURVE('',#126,#2886);
#2886 = DEFINITIONAL_REPRESENTATION('',(#2887),#2891);
#2887 = LINE('',#2888,#2889);
#2888 = CARTESIAN_POINT('',(6.21454486271,-3.198857217927));
#2889 = VECTOR('',#2890,1.);
#2890 = DIRECTION('',(0.,1.));
#2891 = ( GEOMETRIC_REPRESENTATION_CONTEXT(2) 
PARAMETRIC_REPRESENTATION_CONTEXT() REPRESENTATION_CONTEXT('2D SPACE',''
  ) );
#2892 = PCURVE('',#2819,#2893);
#2893 = DEFINITIONAL_REPRESENTATION('',(#2894),#2898);
#2894 = LINE('',#2895,#2896);
#2895 = CARTESIAN_POINT('',(-2.58545513729,3.751142782073));
#2896 = VECTOR('',#2897,1.);
#2897 = DIRECTION('',(0.,1.));
#2898 = ( GEOMETRIC_REPRESENTATION_CONTEXT(2) 
PARAMETRIC_REPRESENTATION_CONTEXT() REPRESENTATION_CONTEXT('2D SPACE',''
  ) );
#2899 = ORIENTED_EDGE('',*,*,#2900,.T.);
#2900 = EDGE_CURVE('',#2878,#2901,#2903,.T.);
#2901 = VERTEX_POINT('',#2902);
#2902 = CARTESIAN_POINT('',(-20.6474372887,-4.385221841696,
    -1.688078486158));
#2903 = SURFACE_CURVE('',#2904,(#2908,#2915),.PCURVE_S1.);
#2904 = LINE('',#2905,#2906);
#2905 = CARTESIAN_POINT('',(-20.98639836942,-4.385221841696,
    -1.688078486158));
#2906 = VECTOR('',#2907,1.);
#2907 = DIRECTION('',(1.,0.,0.));
#2908 = PCURVE('',#126,#2909);
#2909 = DEFINITIONAL_REPRESENTATION('',(#2910),#2914);
#2910 = LINE('',#2911,#2912);
#2911 = CARTESIAN_POINT('',(6.21454486271,-3.155100738949));
#2912 = VECTOR('',#2913,1.);
#2913 = DIRECTION('',(1.,0.));
#2914 = ( GEOMETRIC_REPRESENTATION_CONTEXT(2) 
PARAMETRIC_REPRESENTATION_CONTEXT() REPRESENTATION_CONTEXT('2D SPACE',''
  ) );
#2915 = PCURVE('',#2819,#2916);
#2916 = DEFINITIONAL_REPRESENTATION('',(#2917),#2921);
#2917 = LINE('',#2918,#2919);
#2918 = CARTESIAN_POINT('',(-2.58545513729,3.794899261051));
#2919 = VECTOR('',#2920,1.);
#2920 = DIRECTION('',(1.,0.));
#2921 = ( GEOMETRIC_REPRESENTATION_CONTEXT(2) 
PARAMETRIC_REPRESENTATION_CONTEXT() REPRESENTATION_CONTEXT('2D SPACE',''
  ) );
#2922 = ORIENTED_EDGE('',*,*,#2923,.T.);
#2923 = EDGE_CURVE('',#2901,#2802,#2924,.T.);
#2924 = SURFACE_CURVE('',#2925,(#2929,#2936),.PCURVE_S1.);
#2925 = LINE('',#2926,#2927);
#2926 = CARTESIAN_POINT('',(-20.6474372887,-4.385221841696,
    -1.688078486158));
#2927 = VECTOR('',#2928,1.);
#2928 = DIRECTION('',(0.,1.,0.));
#2929 = PCURVE('',#126,#2930);
#2930 = DEFINITIONAL_REPRESENTATION('',(#2931),#2935);
#2931 = LINE('',#2932,#2933);
#2932 = CARTESIAN_POINT('',(6.55350594343,-3.155100738949));
#2933 = VECTOR('',#2934,1.);
#2934 = DIRECTION('',(0.,-1.));
#2935 = ( GEOMETRIC_REPRESENTATION_CONTEXT(2) 
PARAMETRIC_REPRESENTATION_CONTEXT() REPRESENTATION_CONTEXT('2D SPACE',''
  ) );
#2936 = PCURVE('',#2819,#2937);
#2937 = DEFINITIONAL_REPRESENTATION('',(#2938),#2942);
#2938 = LINE('',#2939,#2940);
#2939 = CARTESIAN_POINT('',(-2.24649405657,3.794899261051));
#2940 = VECTOR('',#2941,1.);
#2941 = DIRECTION('',(0.,-1.));
#2942 = ( GEOMETRIC_REPRESENTATION_CONTEXT(2) 
PARAMETRIC_REPRESENTATION_CONTEXT() REPRESENTATION_CONTEXT('2D SPACE',''
  ) );
#2943 = FACE_BOUND('',#2944,.F.);
#2944 = EDGE_LOOP('',(#2945,#2975,#2998,#3021,#3044,#3067,#3090,#3113,
    #3136,#3159,#3182,#3205));
#2945 = ORIENTED_EDGE('',*,*,#2946,.T.);
#2946 = EDGE_CURVE('',#2947,#2949,#2951,.T.);
#2947 = VERTEX_POINT('',#2948);
#2948 = CARTESIAN_POINT('',(-20.6474372887,-3.688670684257,
    -1.688078486158));
#2949 = VERTEX_POINT('',#2950);
#2950 = CARTESIAN_POINT('',(-20.6860816246,-3.688670684257,
    -1.688078486158));
#2951 = SURFACE_CURVE('',#2952,(#2956,#2963),.PCURVE_S1.);
#2952 = LINE('',#2953,#2954);
#2953 = CARTESIAN_POINT('',(-20.6474372887,-3.688670684257,
    -1.688078486158));
#2954 = VECTOR('',#2955,1.);
#2955 = DIRECTION('',(-1.,0.,0.));
#2956 = PCURVE('',#126,#2957);
#2957 = DEFINITIONAL_REPRESENTATION('',(#2958),#2962);
#2958 = LINE('',#2959,#2960);
#2959 = CARTESIAN_POINT('',(6.55350594343,-3.851651896388));
#2960 = VECTOR('',#2961,1.);
#2961 = DIRECTION('',(-1.,0.));
#2962 = ( GEOMETRIC_REPRESENTATION_CONTEXT(2) 
PARAMETRIC_REPRESENTATION_CONTEXT() REPRESENTATION_CONTEXT('2D SPACE',''
  ) );
#2963 = PCURVE('',#2964,#2969);
#2964 = PLANE('',#2965);
#2965 = AXIS2_PLACEMENT_3D('',#2966,#2967,#2968);
#2966 = CARTESIAN_POINT('',(-18.40094323213,-0.590322580645,
    -1.683078486158));
#2967 = DIRECTION('',(0.,0.,-1.));
#2968 = DIRECTION('',(1.,0.,0.));
#2969 = DEFINITIONAL_REPRESENTATION('',(#2970),#2974);
#2970 = LINE('',#2971,#2972);
#2971 = CARTESIAN_POINT('',(-2.24649405657,3.098348103612));
#2972 = VECTOR('',#2973,1.);
#2973 = DIRECTION('',(-1.,0.));
#2974 = ( GEOMETRIC_REPRESENTATION_CONTEXT(2) 
PARAMETRIC_REPRESENTATION_CONTEXT() REPRESENTATION_CONTEXT('2D SPACE',''
  ) );
#2975 = ORIENTED_EDGE('',*,*,#2976,.T.);
#2976 = EDGE_CURVE('',#2949,#2977,#2979,.T.);
#2977 = VERTEX_POINT('',#2978);
#2978 = CARTESIAN_POINT('',(-20.6860816246,-3.827218426605,
    -1.688078486158));
#2979 = SURFACE_CURVE('',#2980,(#2984,#2991),.PCURVE_S1.);
#2980 = LINE('',#2981,#2982);
#2981 = CARTESIAN_POINT('',(-20.6860816246,-3.688670684257,
    -1.688078486158));
#2982 = VECTOR('',#2983,1.);
#2983 = DIRECTION('',(0.,-1.,0.));
#2984 = PCURVE('',#126,#2985);
#2985 = DEFINITIONAL_REPRESENTATION('',(#2986),#2990);
#2986 = LINE('',#2987,#2988);
#2987 = CARTESIAN_POINT('',(6.51486160753,-3.851651896388));
#2988 = VECTOR('',#2989,1.);
#2989 = DIRECTION('',(0.,1.));
#2990 = ( GEOMETRIC_REPRESENTATION_CONTEXT(2) 
PARAMETRIC_REPRESENTATION_CONTEXT() REPRESENTATION_CONTEXT('2D SPACE',''
  ) );
#2991 = PCURVE('',#2964,#2992);
#2992 = DEFINITIONAL_REPRESENTATION('',(#2993),#2997);
#2993 = LINE('',#2994,#2995);
#2994 = CARTESIAN_POINT('',(-2.28513839247,3.098348103612));
#2995 = VECTOR('',#2996,1.);
#2996 = DIRECTION('',(0.,1.));
#2997 = ( GEOMETRIC_REPRESENTATION_CONTEXT(2) 
PARAMETRIC_REPRESENTATION_CONTEXT() REPRESENTATION_CONTEXT('2D SPACE',''
  ) );
#2998 = ORIENTED_EDGE('',*,*,#2999,.T.);
#2999 = EDGE_CURVE('',#2977,#3000,#3002,.T.);
#3000 = VERTEX_POINT('',#3001);
#3001 = CARTESIAN_POINT('',(-20.80010840942,-3.827218426605,
    -1.688078486158));
#3002 = SURFACE_CURVE('',#3003,(#3007,#3014),.PCURVE_S1.);
#3003 = LINE('',#3004,#3005);
#3004 = CARTESIAN_POINT('',(-20.6860816246,-3.827218426605,
    -1.688078486158));
#3005 = VECTOR('',#3006,1.);
#3006 = DIRECTION('',(-1.,0.,0.));
#3007 = PCURVE('',#126,#3008);
#3008 = DEFINITIONAL_REPRESENTATION('',(#3009),#3013);
#3009 = LINE('',#3010,#3011);
#3010 = CARTESIAN_POINT('',(6.51486160753,-3.71310415404));
#3011 = VECTOR('',#3012,1.);
#3012 = DIRECTION('',(-1.,0.));
#3013 = ( GEOMETRIC_REPRESENTATION_CONTEXT(2) 
PARAMETRIC_REPRESENTATION_CONTEXT() REPRESENTATION_CONTEXT('2D SPACE',''
  ) );
#3014 = PCURVE('',#2964,#3015);
#3015 = DEFINITIONAL_REPRESENTATION('',(#3016),#3020);
#3016 = LINE('',#3017,#3018);
#3017 = CARTESIAN_POINT('',(-2.28513839247,3.23689584596));
#3018 = VECTOR('',#3019,1.);
#3019 = DIRECTION('',(-1.,0.));
#3020 = ( GEOMETRIC_REPRESENTATION_CONTEXT(2) 
PARAMETRIC_REPRESENTATION_CONTEXT() REPRESENTATION_CONTEXT('2D SPACE',''
  ) );
#3021 = ORIENTED_EDGE('',*,*,#3022,.T.);
#3022 = EDGE_CURVE('',#3000,#3023,#3025,.T.);
#3023 = VERTEX_POINT('',#3024);
#3024 = CARTESIAN_POINT('',(-20.80010840942,-3.705999982862,
    -1.688078486158));
#3025 = SURFACE_CURVE('',#3026,(#3030,#3037),.PCURVE_S1.);
#3026 = LINE('',#3027,#3028);
#3027 = CARTESIAN_POINT('',(-20.80010840942,-3.827218426605,
    -1.688078486158));
#3028 = VECTOR('',#3029,1.);
#3029 = DIRECTION('',(0.,1.,0.));
#3030 = PCURVE('',#126,#3031);
#3031 = DEFINITIONAL_REPRESENTATION('',(#3032),#3036);
#3032 = LINE('',#3033,#3034);
#3033 = CARTESIAN_POINT('',(6.40083482271,-3.71310415404));
#3034 = VECTOR('',#3035,1.);
#3035 = DIRECTION('',(0.,-1.));
#3036 = ( GEOMETRIC_REPRESENTATION_CONTEXT(2) 
PARAMETRIC_REPRESENTATION_CONTEXT() REPRESENTATION_CONTEXT('2D SPACE',''
  ) );
#3037 = PCURVE('',#2964,#3038);
#3038 = DEFINITIONAL_REPRESENTATION('',(#3039),#3043);
#3039 = LINE('',#3040,#3041);
#3040 = CARTESIAN_POINT('',(-2.39916517729,3.23689584596));
#3041 = VECTOR('',#3042,1.);
#3042 = DIRECTION('',(0.,-1.));
#3043 = ( GEOMETRIC_REPRESENTATION_CONTEXT(2) 
PARAMETRIC_REPRESENTATION_CONTEXT() REPRESENTATION_CONTEXT('2D SPACE',''
  ) );
#3044 = ORIENTED_EDGE('',*,*,#3045,.T.);
#3045 = EDGE_CURVE('',#3023,#3046,#3048,.T.);
#3046 = VERTEX_POINT('',#3047);
#3047 = CARTESIAN_POINT('',(-20.83892603829,-3.705999982862,
    -1.688078486158));
#3048 = SURFACE_CURVE('',#3049,(#3053,#3060),.PCURVE_S1.);
#3049 = LINE('',#3050,#3051);
#3050 = CARTESIAN_POINT('',(-20.80010840942,-3.705999982862,
    -1.688078486158));
#3051 = VECTOR('',#3052,1.);
#3052 = DIRECTION('',(-1.,0.,0.));
#3053 = PCURVE('',#126,#3054);
#3054 = DEFINITIONAL_REPRESENTATION('',(#3055),#3059);
#3055 = LINE('',#3056,#3057);
#3056 = CARTESIAN_POINT('',(6.40083482271,-3.834322597783));
#3057 = VECTOR('',#3058,1.);
#3058 = DIRECTION('',(-1.,0.));
#3059 = ( GEOMETRIC_REPRESENTATION_CONTEXT(2) 
PARAMETRIC_REPRESENTATION_CONTEXT() REPRESENTATION_CONTEXT('2D SPACE',''
  ) );
#3060 = PCURVE('',#2964,#3061);
#3061 = DEFINITIONAL_REPRESENTATION('',(#3062),#3066);
#3062 = LINE('',#3063,#3064);
#3063 = CARTESIAN_POINT('',(-2.39916517729,3.115677402217));
#3064 = VECTOR('',#3065,1.);
#3065 = DIRECTION('',(-1.,0.));
#3066 = ( GEOMETRIC_REPRESENTATION_CONTEXT(2) 
PARAMETRIC_REPRESENTATION_CONTEXT() REPRESENTATION_CONTEXT('2D SPACE',''
  ) );
#3067 = ORIENTED_EDGE('',*,*,#3068,.T.);
#3068 = EDGE_CURVE('',#3046,#3069,#3071,.T.);
#3069 = VERTEX_POINT('',#3070);
#3070 = CARTESIAN_POINT('',(-20.83892603829,-3.827218426605,
    -1.688078486158));
#3071 = SURFACE_CURVE('',#3072,(#3076,#3083),.PCURVE_S1.);
#3072 = LINE('',#3073,#3074);
#3073 = CARTESIAN_POINT('',(-20.83892603829,-3.705999982862,
    -1.688078486158));
#3074 = VECTOR('',#3075,1.);
#3075 = DIRECTION('',(0.,-1.,0.));
#3076 = PCURVE('',#126,#3077);
#3077 = DEFINITIONAL_REPRESENTATION('',(#3078),#3082);
#3078 = LINE('',#3079,#3080);
#3079 = CARTESIAN_POINT('',(6.36201719384,-3.834322597783));
#3080 = VECTOR('',#3081,1.);
#3081 = DIRECTION('',(0.,1.));
#3082 = ( GEOMETRIC_REPRESENTATION_CONTEXT(2) 
PARAMETRIC_REPRESENTATION_CONTEXT() REPRESENTATION_CONTEXT('2D SPACE',''
  ) );
#3083 = PCURVE('',#2964,#3084);
#3084 = DEFINITIONAL_REPRESENTATION('',(#3085),#3089);
#3085 = LINE('',#3086,#3087);
#3086 = CARTESIAN_POINT('',(-2.43798280616,3.115677402217));
#3087 = VECTOR('',#3088,1.);
#3088 = DIRECTION('',(0.,1.));
#3089 = ( GEOMETRIC_REPRESENTATION_CONTEXT(2) 
PARAMETRIC_REPRESENTATION_CONTEXT() REPRESENTATION_CONTEXT('2D SPACE',''
  ) );
#3090 = ORIENTED_EDGE('',*,*,#3091,.T.);
#3091 = EDGE_CURVE('',#3069,#3092,#3094,.T.);
#3092 = VERTEX_POINT('',#3093);
#3093 = CARTESIAN_POINT('',(-20.94740744756,-3.827218426605,
    -1.688078486158));
#3094 = SURFACE_CURVE('',#3095,(#3099,#3106),.PCURVE_S1.);
#3095 = LINE('',#3096,#3097);
#3096 = CARTESIAN_POINT('',(-20.83892603829,-3.827218426605,
    -1.688078486158));
#3097 = VECTOR('',#3098,1.);
#3098 = DIRECTION('',(-1.,0.,0.));
#3099 = PCURVE('',#126,#3100);
#3100 = DEFINITIONAL_REPRESENTATION('',(#3101),#3105);
#3101 = LINE('',#3102,#3103);
#3102 = CARTESIAN_POINT('',(6.36201719384,-3.71310415404));
#3103 = VECTOR('',#3104,1.);
#3104 = DIRECTION('',(-1.,0.));
#3105 = ( GEOMETRIC_REPRESENTATION_CONTEXT(2) 
PARAMETRIC_REPRESENTATION_CONTEXT() REPRESENTATION_CONTEXT('2D SPACE',''
  ) );
#3106 = PCURVE('',#2964,#3107);
#3107 = DEFINITIONAL_REPRESENTATION('',(#3108),#3112);
#3108 = LINE('',#3109,#3110);
#3109 = CARTESIAN_POINT('',(-2.43798280616,3.23689584596));
#3110 = VECTOR('',#3111,1.);
#3111 = DIRECTION('',(-1.,0.));
#3112 = ( GEOMETRIC_REPRESENTATION_CONTEXT(2) 
PARAMETRIC_REPRESENTATION_CONTEXT() REPRESENTATION_CONTEXT('2D SPACE',''
  ) );
#3113 = ORIENTED_EDGE('',*,*,#3114,.T.);
#3114 = EDGE_CURVE('',#3092,#3115,#3117,.T.);
#3115 = VERTEX_POINT('',#3116);
#3116 = CARTESIAN_POINT('',(-20.94740744756,-3.696382222135,
    -1.688078486158));
#3117 = SURFACE_CURVE('',#3118,(#3122,#3129),.PCURVE_S1.);
#3118 = LINE('',#3119,#3120);
#3119 = CARTESIAN_POINT('',(-20.94740744756,-3.827218426605,
    -1.688078486158));
#3120 = VECTOR('',#3121,1.);
#3121 = DIRECTION('',(0.,1.,0.));
#3122 = PCURVE('',#126,#3123);
#3123 = DEFINITIONAL_REPRESENTATION('',(#3124),#3128);
#3124 = LINE('',#3125,#3126);
#3125 = CARTESIAN_POINT('',(6.25353578457,-3.71310415404));
#3126 = VECTOR('',#3127,1.);
#3127 = DIRECTION('',(0.,-1.));
#3128 = ( GEOMETRIC_REPRESENTATION_CONTEXT(2) 
PARAMETRIC_REPRESENTATION_CONTEXT() REPRESENTATION_CONTEXT('2D SPACE',''
  ) );
#3129 = PCURVE('',#2964,#3130);
#3130 = DEFINITIONAL_REPRESENTATION('',(#3131),#3135);
#3131 = LINE('',#3132,#3133);
#3132 = CARTESIAN_POINT('',(-2.54646421543,3.23689584596));
#3133 = VECTOR('',#3134,1.);
#3134 = DIRECTION('',(0.,-1.));
#3135 = ( GEOMETRIC_REPRESENTATION_CONTEXT(2) 
PARAMETRIC_REPRESENTATION_CONTEXT() REPRESENTATION_CONTEXT('2D SPACE',''
  ) );
#3136 = ORIENTED_EDGE('',*,*,#3137,.T.);
#3137 = EDGE_CURVE('',#3115,#3138,#3140,.T.);
#3138 = VERTEX_POINT('',#3139);
#3139 = CARTESIAN_POINT('',(-20.98639836942,-3.696382222135,
    -1.688078486158));
#3140 = SURFACE_CURVE('',#3141,(#3145,#3152),.PCURVE_S1.);
#3141 = LINE('',#3142,#3143);
#3142 = CARTESIAN_POINT('',(-20.94740744756,-3.696382222135,
    -1.688078486158));
#3143 = VECTOR('',#3144,1.);
#3144 = DIRECTION('',(-1.,0.,0.));
#3145 = PCURVE('',#126,#3146);
#3146 = DEFINITIONAL_REPRESENTATION('',(#3147),#3151);
#3147 = LINE('',#3148,#3149);
#3148 = CARTESIAN_POINT('',(6.25353578457,-3.84394035851));
#3149 = VECTOR('',#3150,1.);
#3150 = DIRECTION('',(-1.,0.));
#3151 = ( GEOMETRIC_REPRESENTATION_CONTEXT(2) 
PARAMETRIC_REPRESENTATION_CONTEXT() REPRESENTATION_CONTEXT('2D SPACE',''
  ) );
#3152 = PCURVE('',#2964,#3153);
#3153 = DEFINITIONAL_REPRESENTATION('',(#3154),#3158);
#3154 = LINE('',#3155,#3156);
#3155 = CARTESIAN_POINT('',(-2.54646421543,3.10605964149));
#3156 = VECTOR('',#3157,1.);
#3157 = DIRECTION('',(-1.,0.));
#3158 = ( GEOMETRIC_REPRESENTATION_CONTEXT(2) 
PARAMETRIC_REPRESENTATION_CONTEXT() REPRESENTATION_CONTEXT('2D SPACE',''
  ) );
#3159 = ORIENTED_EDGE('',*,*,#3160,.T.);
#3160 = EDGE_CURVE('',#3138,#3161,#3163,.T.);
#3161 = VERTEX_POINT('',#3162);
#3162 = CARTESIAN_POINT('',(-20.98639836942,-3.870974905583,
    -1.688078486158));
#3163 = SURFACE_CURVE('',#3164,(#3168,#3175),.PCURVE_S1.);
#3164 = LINE('',#3165,#3166);
#3165 = CARTESIAN_POINT('',(-20.98639836942,-3.696382222135,
    -1.688078486158));
#3166 = VECTOR('',#3167,1.);
#3167 = DIRECTION('',(0.,-1.,0.));
#3168 = PCURVE('',#126,#3169);
#3169 = DEFINITIONAL_REPRESENTATION('',(#3170),#3174);
#3170 = LINE('',#3171,#3172);
#3171 = CARTESIAN_POINT('',(6.21454486271,-3.84394035851));
#3172 = VECTOR('',#3173,1.);
#3173 = DIRECTION('',(0.,1.));
#3174 = ( GEOMETRIC_REPRESENTATION_CONTEXT(2) 
PARAMETRIC_REPRESENTATION_CONTEXT() REPRESENTATION_CONTEXT('2D SPACE',''
  ) );
#3175 = PCURVE('',#2964,#3176);
#3176 = DEFINITIONAL_REPRESENTATION('',(#3177),#3181);
#3177 = LINE('',#3178,#3179);
#3178 = CARTESIAN_POINT('',(-2.58545513729,3.10605964149));
#3179 = VECTOR('',#3180,1.);
#3180 = DIRECTION('',(0.,1.));
#3181 = ( GEOMETRIC_REPRESENTATION_CONTEXT(2) 
PARAMETRIC_REPRESENTATION_CONTEXT() REPRESENTATION_CONTEXT('2D SPACE',''
  ) );
#3182 = ORIENTED_EDGE('',*,*,#3183,.T.);
#3183 = EDGE_CURVE('',#3161,#3184,#3186,.T.);
#3184 = VERTEX_POINT('',#3185);
#3185 = CARTESIAN_POINT('',(-20.6474372887,-3.870974905583,
    -1.688078486158));
#3186 = SURFACE_CURVE('',#3187,(#3191,#3198),.PCURVE_S1.);
#3187 = LINE('',#3188,#3189);
#3188 = CARTESIAN_POINT('',(-20.98639836942,-3.870974905583,
    -1.688078486158));
#3189 = VECTOR('',#3190,1.);
#3190 = DIRECTION('',(1.,0.,0.));
#3191 = PCURVE('',#126,#3192);
#3192 = DEFINITIONAL_REPRESENTATION('',(#3193),#3197);
#3193 = LINE('',#3194,#3195);
#3194 = CARTESIAN_POINT('',(6.21454486271,-3.669347675062));
#3195 = VECTOR('',#3196,1.);
#3196 = DIRECTION('',(1.,0.));
#3197 = ( GEOMETRIC_REPRESENTATION_CONTEXT(2) 
PARAMETRIC_REPRESENTATION_CONTEXT() REPRESENTATION_CONTEXT('2D SPACE',''
  ) );
#3198 = PCURVE('',#2964,#3199);
#3199 = DEFINITIONAL_REPRESENTATION('',(#3200),#3204);
#3200 = LINE('',#3201,#3202);
#3201 = CARTESIAN_POINT('',(-2.58545513729,3.280652324938));
#3202 = VECTOR('',#3203,1.);
#3203 = DIRECTION('',(1.,0.));
#3204 = ( GEOMETRIC_REPRESENTATION_CONTEXT(2) 
PARAMETRIC_REPRESENTATION_CONTEXT() REPRESENTATION_CONTEXT('2D SPACE',''
  ) );
#3205 = ORIENTED_EDGE('',*,*,#3206,.T.);
#3206 = EDGE_CURVE('',#3184,#2947,#3207,.T.);
#3207 = SURFACE_CURVE('',#3208,(#3212,#3219),.PCURVE_S1.);
#3208 = LINE('',#3209,#3210);
#3209 = CARTESIAN_POINT('',(-20.6474372887,-3.870974905583,
    -1.688078486158));
#3210 = VECTOR('',#3211,1.);
#3211 = DIRECTION('',(0.,1.,0.));
#3212 = PCURVE('',#126,#3213);
#3213 = DEFINITIONAL_REPRESENTATION('',(#3214),#3218);
#3214 = LINE('',#3215,#3216);
#3215 = CARTESIAN_POINT('',(6.55350594343,-3.669347675062));
#3216 = VECTOR('',#3217,1.);
#3217 = DIRECTION('',(0.,-1.));
#3218 = ( GEOMETRIC_REPRESENTATION_CONTEXT(2) 
PARAMETRIC_REPRESENTATION_CONTEXT() REPRESENTATION_CONTEXT('2D SPACE',''
  ) );
#3219 = PCURVE('',#2964,#3220);
#3220 = DEFINITIONAL_REPRESENTATION('',(#3221),#3225);
#3221 = LINE('',#3222,#3223);
#3222 = CARTESIAN_POINT('',(-2.24649405657,3.280652324938));
#3223 = VECTOR('',#3224,1.);
#3224 = DIRECTION('',(0.,-1.));
#3225 = ( GEOMETRIC_REPRESENTATION_CONTEXT(2) 
PARAMETRIC_REPRESENTATION_CONTEXT() REPRESENTATION_CONTEXT('2D SPACE',''
  ) );
#3226 = FACE_BOUND('',#3227,.F.);
#3227 = EDGE_LOOP('',(#3228,#3258,#3302,#3331,#3375,#3403,#3447,#3491,
    #3514));
#3228 = ORIENTED_EDGE('',*,*,#3229,.T.);
#3229 = EDGE_CURVE('',#3230,#3232,#3234,.T.);
#3230 = VERTEX_POINT('',#3231);
#3231 = CARTESIAN_POINT('',(-20.6474372887,-3.624638925909,
    -1.688078486158));
#3232 = VERTEX_POINT('',#3233);
#3233 = CARTESIAN_POINT('',(-20.6474372887,-3.531407299415,
    -1.693078486158));
#3234 = SURFACE_CURVE('',#3235,(#3239,#3246),.PCURVE_S1.);
#3235 = LINE('',#3236,#3237);
#3236 = CARTESIAN_POINT('',(-20.6474372887,-3.624638925909,
    -1.688078486158));
#3237 = VECTOR('',#3238,1.);
#3238 = DIRECTION('',(-5.33488402739E-13,1.,0.));
#3239 = PCURVE('',#126,#3240);
#3240 = DEFINITIONAL_REPRESENTATION('',(#3241),#3245);
#3241 = LINE('',#3242,#3243);
#3242 = CARTESIAN_POINT('',(6.55350594343,-3.915683654736));
#3243 = VECTOR('',#3244,1.);
#3244 = DIRECTION('',(-5.33488402739E-13,-1.));
#3245 = ( GEOMETRIC_REPRESENTATION_CONTEXT(2) 
PARAMETRIC_REPRESENTATION_CONTEXT() REPRESENTATION_CONTEXT('2D SPACE',''
  ) );
#3246 = PCURVE('',#3247,#3252);
#3247 = PLANE('',#3248);
#3248 = AXIS2_PLACEMENT_3D('',#3249,#3250,#3251);
#3249 = CARTESIAN_POINT('',(-20.9751993102,-3.457367871122,
    -1.683078486158));
#3250 = DIRECTION('',(0.,0.,1.));
#3251 = DIRECTION('',(0.,-1.,0.));
#3252 = DEFINITIONAL_REPRESENTATION('',(#3253),#3257);
#3253 = LINE('',#3254,#3255);
#3254 = CARTESIAN_POINT('',(0.167271054787,0.3277620215));
#3255 = VECTOR('',#3256,1.);
#3256 = DIRECTION('',(-1.,-5.33488402739E-13));
#3257 = ( GEOMETRIC_REPRESENTATION_CONTEXT(2) 
PARAMETRIC_REPRESENTATION_CONTEXT() REPRESENTATION_CONTEXT('2D SPACE',''
  ) );
#3258 = ORIENTED_EDGE('',*,*,#3259,.T.);
#3259 = EDGE_CURVE('',#3232,#3260,#3262,.T.);
#3260 = VERTEX_POINT('',#3261);
#3261 = CARTESIAN_POINT('',(-20.67516847211,-3.425484617834,
    -1.690578486158));
#3262 = SURFACE_CURVE('',#3263,(#3274,#3288),.PCURVE_S1.);
#3263 = B_SPLINE_CURVE_WITH_KNOTS('',3,(#3264,#3265,#3266,#3267,#3268,
    #3269,#3270,#3271,#3272,#3273),.UNSPECIFIED.,.F.,.F.,(4,3,3,4),(0.,
    0.333333333333,0.666666666667,1.),.UNSPECIFIED.);
#3264 = CARTESIAN_POINT('',(-20.6474372887,-3.531407299415,
    -1.693078486158));
#3265 = CARTESIAN_POINT('',(-20.64746507883,-3.517446578446,
    -1.693078486158));
#3266 = CARTESIAN_POINT('',(-20.64851182563,-3.504216561869,
    -1.693078486158));
#3267 = CARTESIAN_POINT('',(-20.65060828721,-3.491722461125,
    -1.693078486158));
#3268 = CARTESIAN_POINT('',(-20.6527047488,-3.479228360381,
    -1.693078486158));
#3269 = CARTESIAN_POINT('',(-20.65585092518,-3.46747017547,
    -1.693078486158));
#3270 = CARTESIAN_POINT('',(-20.65995454203,-3.456432272069,
    -1.693078486158));
#3271 = CARTESIAN_POINT('',(-20.66405815888,-3.445394368667,
    -1.693078486158));
#3272 = CARTESIAN_POINT('',(-20.66911921621,-3.435076746775,
    -1.693078486158));
#3273 = CARTESIAN_POINT('',(-20.67516847211,-3.425484617834,
    -1.693078486158));
#3274 = PCURVE('',#126,#3275);
#3275 = DEFINITIONAL_REPRESENTATION('',(#3276),#3287);
#3276 = B_SPLINE_CURVE_WITH_KNOTS('',3,(#3277,#3278,#3279,#3280,#3281,
    #3282,#3283,#3284,#3285,#3286),.UNSPECIFIED.,.F.,.F.,(4,3,3,4),(0.,
    0.333333333333,0.666666666667,1.),.UNSPECIFIED.);
#3277 = CARTESIAN_POINT('',(6.55350594343,-4.00891528123));
#3278 = CARTESIAN_POINT('',(6.5534781533,-4.022876002199));
#3279 = CARTESIAN_POINT('',(6.5524314065,-4.036106018776));
#3280 = CARTESIAN_POINT('',(6.550334944912,-4.04860011952));
#3281 = CARTESIAN_POINT('',(6.548238483323,-4.061094220264));
#3282 = CARTESIAN_POINT('',(6.545092306947,-4.072852405175));
#3283 = CARTESIAN_POINT('',(6.540988690096,-4.083890308576));
#3284 = CARTESIAN_POINT('',(6.536885073245,-4.094928211978));
#3285 = CARTESIAN_POINT('',(6.53182401592,-4.10524583387));
#3286 = CARTESIAN_POINT('',(6.52577476002,-4.114837962811));
#3287 = ( GEOMETRIC_REPRESENTATION_CONTEXT(2) 
PARAMETRIC_REPRESENTATION_CONTEXT() REPRESENTATION_CONTEXT('2D SPACE',''
  ) );
#3288 = PCURVE('',#3247,#3289);
#3289 = DEFINITIONAL_REPRESENTATION('',(#3290),#3301);
#3290 = B_SPLINE_CURVE_WITH_KNOTS('',3,(#3291,#3292,#3293,#3294,#3295,
    #3296,#3297,#3298,#3299,#3300),.UNSPECIFIED.,.F.,.F.,(4,3,3,4),(0.,
    0.333333333333,0.666666666667,1.),.UNSPECIFIED.);
#3291 = CARTESIAN_POINT('',(7.4039428293E-02,0.3277620215));
#3292 = CARTESIAN_POINT('',(6.0078707324E-02,0.32773423137));
#3293 = CARTESIAN_POINT('',(4.6848690747E-02,0.32668748457));
#3294 = CARTESIAN_POINT('',(3.4354590003E-02,0.324591022982));
#3295 = CARTESIAN_POINT('',(2.1860489259E-02,0.322494561393));
#3296 = CARTESIAN_POINT('',(1.0102304348E-02,0.319348385017));
#3297 = CARTESIAN_POINT('',(-9.355990534998E-04,0.315244768166));
#3298 = CARTESIAN_POINT('',(-1.1973502455E-02,0.311141151315));
#3299 = CARTESIAN_POINT('',(-2.2291124347E-02,0.30608009399));
#3300 = CARTESIAN_POINT('',(-3.1883253288E-02,0.30003083809));
#3301 = ( GEOMETRIC_REPRESENTATION_CONTEXT(2) 
PARAMETRIC_REPRESENTATION_CONTEXT() REPRESENTATION_CONTEXT('2D SPACE',''
  ) );
#3302 = ORIENTED_EDGE('',*,*,#3303,.T.);
#3303 = EDGE_CURVE('',#3260,#3304,#3306,.T.);
#3304 = VERTEX_POINT('',#3305);
#3305 = CARTESIAN_POINT('',(-20.69525907968,-3.39939073984,
    -1.690578486158));
#3306 = SURFACE_CURVE('',#3307,(#3313,#3322),.PCURVE_S1.);
#3307 = B_SPLINE_CURVE_WITH_KNOTS('',3,(#3308,#3309,#3310,#3311,#3312),
  .UNSPECIFIED.,.F.,.F.,(4,1,4),(0.,0.5,1.),.QUASI_UNIFORM_KNOTS.);
#3308 = CARTESIAN_POINT('',(-20.67516847211,-3.425484617834,
    -1.688078486158));
#3309 = CARTESIAN_POINT('',(-20.67799128695,-3.420958334441,
    -1.688078486158));
#3310 = CARTESIAN_POINT('',(-20.68416253639,-3.412083071382,
    -1.678078486158));
#3311 = CARTESIAN_POINT('',(-20.69138502534,-3.403562415778,
    -1.688078486158));
#3312 = CARTESIAN_POINT('',(-20.69525907968,-3.39939073984,
    -1.688078486158));
#3313 = PCURVE('',#126,#3314);
#3314 = DEFINITIONAL_REPRESENTATION('',(#3315),#3321);
#3315 = B_SPLINE_CURVE_WITH_KNOTS('',3,(#3316,#3317,#3318,#3319,#3320),
  .UNSPECIFIED.,.F.,.F.,(4,1,4),(0.,0.5,1.),.QUASI_UNIFORM_KNOTS.);
#3316 = CARTESIAN_POINT('',(6.52577476002,-4.114837962811));
#3317 = CARTESIAN_POINT('',(6.52295194518,-4.119364246204));
#3318 = CARTESIAN_POINT('',(6.51678069574,-4.128239509263));
#3319 = CARTESIAN_POINT('',(6.50955820679,-4.136760164867));
#3320 = CARTESIAN_POINT('',(6.50568415245,-4.140931840805));
#3321 = ( GEOMETRIC_REPRESENTATION_CONTEXT(2) 
PARAMETRIC_REPRESENTATION_CONTEXT() REPRESENTATION_CONTEXT('2D SPACE',''
  ) );
#3322 = PCURVE('',#3247,#3323);
#3323 = DEFINITIONAL_REPRESENTATION('',(#3324),#3330);
#3324 = B_SPLINE_CURVE_WITH_KNOTS('',3,(#3325,#3326,#3327,#3328,#3329),
  .UNSPECIFIED.,.F.,.F.,(4,1,4),(0.,0.5,1.),.QUASI_UNIFORM_KNOTS.);
#3325 = CARTESIAN_POINT('',(-3.1883253288E-02,0.30003083809));
#3326 = CARTESIAN_POINT('',(-3.6409536681E-02,0.29720802325));
#3327 = CARTESIAN_POINT('',(-4.528479974E-02,0.29103677381));
#3328 = CARTESIAN_POINT('',(-5.3805455344E-02,0.28381428486));
#3329 = CARTESIAN_POINT('',(-5.7977131282E-02,0.27994023052));
#3330 = ( GEOMETRIC_REPRESENTATION_CONTEXT(2) 
PARAMETRIC_REPRESENTATION_CONTEXT() REPRESENTATION_CONTEXT('2D SPACE',''
  ) );
#3331 = ORIENTED_EDGE('',*,*,#3332,.T.);
#3332 = EDGE_CURVE('',#3304,#3333,#3335,.T.);
#3333 = VERTEX_POINT('',#3334);
#3334 = CARTESIAN_POINT('',(-20.72805361492,-3.372627104187,
    -1.693078486158));
#3335 = SURFACE_CURVE('',#3336,(#3347,#3361),.PCURVE_S1.);
#3336 = B_SPLINE_CURVE_WITH_KNOTS('',3,(#3337,#3338,#3339,#3340,#3341,
    #3342,#3343,#3344,#3345,#3346),.UNSPECIFIED.,.F.,.F.,(4,3,3,4),(0.,
    0.333333333333,0.666666666667,1.),.UNSPECIFIED.);
#3337 = CARTESIAN_POINT('',(-20.69525907968,-3.39939073984,
    -1.693078486158));
#3338 = CARTESIAN_POINT('',(-20.69912671862,-3.395366957589,
    -1.693078486158));
#3339 = CARTESIAN_POINT('',(-20.70291530859,-3.391697967254,
    -1.693078486158));
#3340 = CARTESIAN_POINT('',(-20.7065047427,-3.388512745956,
    -1.693078486158));
#3341 = CARTESIAN_POINT('',(-20.71009417681,-3.385327524659,
    -1.693078486158));
#3342 = CARTESIAN_POINT('',(-20.71348445506,-3.382626072401,
    -1.693078486158));
#3343 = CARTESIAN_POINT('',(-20.71703589813,-3.380021457813,
    -1.693078486158));
#3344 = CARTESIAN_POINT('',(-20.7205873412,-3.377416843226,
    -1.693078486158));
#3345 = CARTESIAN_POINT('',(-20.7242999491,-3.37490906631,
    -1.693078486158));
#3346 = CARTESIAN_POINT('',(-20.72805361492,-3.372627104187,
    -1.693078486158));
#3347 = PCURVE('',#126,#3348);
#3348 = DEFINITIONAL_REPRESENTATION('',(#3349),#3360);
#3349 = B_SPLINE_CURVE_WITH_KNOTS('',3,(#3350,#3351,#3352,#3353,#3354,
    #3355,#3356,#3357,#3358,#3359),.UNSPECIFIED.,.F.,.F.,(4,3,3,4),(0.,
    0.333333333333,0.666666666667,1.),.UNSPECIFIED.);
#3350 = CARTESIAN_POINT('',(6.50568415245,-4.140931840805));
#3351 = CARTESIAN_POINT('',(6.50181651351,-4.144955623056));
#3352 = CARTESIAN_POINT('',(6.49802792354,-4.148624613392));
#3353 = CARTESIAN_POINT('',(6.49443848943,-4.151809834689));
#3354 = CARTESIAN_POINT('',(6.49084905532,-4.154995055986));
#3355 = CARTESIAN_POINT('',(6.48745877707,-4.157696508244));
#3356 = CARTESIAN_POINT('',(6.483907333998,-4.160301122832));
#3357 = CARTESIAN_POINT('',(6.480355890925,-4.162905737419));
#3358 = CARTESIAN_POINT('',(6.47664328303,-4.165413514335));
#3359 = CARTESIAN_POINT('',(6.47288961721,-4.167695476458));
#3360 = ( GEOMETRIC_REPRESENTATION_CONTEXT(2) 
PARAMETRIC_REPRESENTATION_CONTEXT() REPRESENTATION_CONTEXT('2D SPACE',''
  ) );
#3361 = PCURVE('',#3247,#3362);
#3362 = DEFINITIONAL_REPRESENTATION('',(#3363),#3374);
#3363 = B_SPLINE_CURVE_WITH_KNOTS('',3,(#3364,#3365,#3366,#3367,#3368,
    #3369,#3370,#3371,#3372,#3373),.UNSPECIFIED.,.F.,.F.,(4,3,3,4),(0.,
    0.333333333333,0.666666666667,1.),.UNSPECIFIED.);
#3364 = CARTESIAN_POINT('',(-5.7977131282E-02,0.27994023052));
#3365 = CARTESIAN_POINT('',(-6.2000913533E-02,0.27607259158));
#3366 = CARTESIAN_POINT('',(-6.56699038685E-02,0.27228400161));
#3367 = CARTESIAN_POINT('',(-6.885512516558E-02,0.2686945675));
#3368 = CARTESIAN_POINT('',(-7.204034646267E-02,0.26510513339));
#3369 = CARTESIAN_POINT('',(-7.474179872133E-02,0.26171485514));
#3370 = CARTESIAN_POINT('',(-7.734641330867E-02,0.258163412067));
#3371 = CARTESIAN_POINT('',(-7.9951027896E-02,0.254611968995));
#3372 = CARTESIAN_POINT('',(-8.2458804812E-02,0.2508993611));
#3373 = CARTESIAN_POINT('',(-8.4740766935E-02,0.24714569528));
#3374 = ( GEOMETRIC_REPRESENTATION_CONTEXT(2) 
PARAMETRIC_REPRESENTATION_CONTEXT() REPRESENTATION_CONTEXT('2D SPACE',''
  ) );
#3375 = ORIENTED_EDGE('',*,*,#3376,.T.);
#3376 = EDGE_CURVE('',#3333,#3377,#3379,.T.);
#3377 = VERTEX_POINT('',#3378);
#3378 = CARTESIAN_POINT('',(-20.82125015372,-3.34866984562,
    -1.693078486158));
#3379 = SURFACE_CURVE('',#3380,(#3385,#3396),.PCURVE_S1.);
#3380 = ELLIPSE('',#3381,8.220847192307,1.11316933474);
#3381 = AXIS2_PLACEMENT_3D('',#3382,#3383,#3384);
#3382 = CARTESIAN_POINT('',(-25.04615827679,-10.36807289059,
    -1.693078486158));
#3383 = DIRECTION('',(0.,0.,1.));
#3384 = DIRECTION('',(-0.525351154875,-0.850885517606,0.));
#3385 = PCURVE('',#126,#3386);
#3386 = DEFINITIONAL_REPRESENTATION('',(#3387),#3395);
#3387 = ( BOUNDED_CURVE() B_SPLINE_CURVE(2,(#3388,#3389,#3390,#3391,
#3392,#3393,#3394),.UNSPECIFIED.,.T.,.F.) B_SPLINE_CURVE_WITH_KNOTS((1,2
    ,2,2,2,1),(-2.094395102393,0.,2.094395102393,4.188790204786,
6.28318530718,8.377580409573),.UNSPECIFIED.) CURVE() 
GEOMETRIC_REPRESENTATION_ITEM() RATIONAL_B_SPLINE_CURVE((1.,0.5,1.,0.5,
1.,0.5,1.)) REPRESENTATION_ITEM('') );
#3388 = CARTESIAN_POINT('',(-2.164046611199,9.822750128335));
#3389 = CARTESIAN_POINT('',(-0.523483306531,10.835661746785));
#3390 = CARTESIAN_POINT('',(5.134482390933,-0.163293790015));
#3391 = CARTESIAN_POINT('',(10.792448088397,-11.16224932681));
#3392 = CARTESIAN_POINT('',(3.493919086265,-1.176205408465));
#3393 = CARTESIAN_POINT('',(-3.804609915868,8.809838509885));
#3394 = CARTESIAN_POINT('',(-2.164046611199,9.822750128335));
#3395 = ( GEOMETRIC_REPRESENTATION_CONTEXT(2) 
PARAMETRIC_REPRESENTATION_CONTEXT() REPRESENTATION_CONTEXT('2D SPACE',''
  ) );
#3396 = PCURVE('',#3247,#3397);
#3397 = DEFINITIONAL_REPRESENTATION('',(#3398),#3402);
#3398 = ELLIPSE('',#3399,8.220847192307,1.11316933474);
#3399 = AXIS2_PLACEMENT_2D('',#3400,#3401);
#3400 = CARTESIAN_POINT('',(6.910705019475,-4.070958966597));
#3401 = DIRECTION('',(0.850885517606,-0.525351154875));
#3402 = ( GEOMETRIC_REPRESENTATION_CONTEXT(2) 
PARAMETRIC_REPRESENTATION_CONTEXT() REPRESENTATION_CONTEXT('2D SPACE',''
  ) );
#3403 = ORIENTED_EDGE('',*,*,#3404,.T.);
#3404 = EDGE_CURVE('',#3377,#3405,#3407,.T.);
#3405 = VERTEX_POINT('',#3406);
#3406 = CARTESIAN_POINT('',(-20.94151548604,-3.399791276505,
    -1.693078486158));
#3407 = SURFACE_CURVE('',#3408,(#3419,#3433),.PCURVE_S1.);
#3408 = B_SPLINE_CURVE_WITH_KNOTS('',3,(#3409,#3410,#3411,#3412,#3413,
    #3414,#3415,#3416,#3417,#3418),.UNSPECIFIED.,.F.,.F.,(4,3,3,4),(0.,
    0.333333333333,0.666666666667,1.),.UNSPECIFIED.);
#3409 = CARTESIAN_POINT('',(-20.82125015372,-3.34866984562,
    -1.693078486158));
#3410 = CARTESIAN_POINT('',(-20.83816857515,-3.348699270957,
    -1.693078486158));
#3411 = CARTESIAN_POINT('',(-20.85390126574,-3.35061342106,
    -1.693078486158));
#3412 = CARTESIAN_POINT('',(-20.86843395342,-3.354443261769,
    -1.693078486158));
#3413 = CARTESIAN_POINT('',(-20.88296664111,-3.358273102477,
    -1.693078486158));
#3414 = CARTESIAN_POINT('',(-20.89629932589,-3.364018633791,
    -1.693078486158));
#3415 = CARTESIAN_POINT('',(-20.90847482397,-3.371586958193,
    -1.693078486158));
#3416 = CARTESIAN_POINT('',(-20.92065032205,-3.379155282596,
    -1.693078486158));
#3417 = CARTESIAN_POINT('',(-20.93166863343,-3.388546400087,
    -1.693078486158));
#3418 = CARTESIAN_POINT('',(-20.94151548604,-3.399791276505,
    -1.693078486158));
#3419 = PCURVE('',#126,#3420);
#3420 = DEFINITIONAL_REPRESENTATION('',(#3421),#3432);
#3421 = B_SPLINE_CURVE_WITH_KNOTS('',3,(#3422,#3423,#3424,#3425,#3426,
    #3427,#3428,#3429,#3430,#3431),.UNSPECIFIED.,.F.,.F.,(4,3,3,4),(0.,
    0.333333333333,0.666666666667,1.),.UNSPECIFIED.);
#3422 = CARTESIAN_POINT('',(6.37969307841,-4.191652735025));
#3423 = CARTESIAN_POINT('',(6.36277465698,-4.191623309688));
#3424 = CARTESIAN_POINT('',(6.34704196639,-4.189709159585));
#3425 = CARTESIAN_POINT('',(6.332509278705,-4.185879318877));
#3426 = CARTESIAN_POINT('',(6.31797659102,-4.182049478168));
#3427 = CARTESIAN_POINT('',(6.30464390624,-4.176303946854));
#3428 = CARTESIAN_POINT('',(6.29246840816,-4.168735622451));
#3429 = CARTESIAN_POINT('',(6.28029291008,-4.161167298049));
#3430 = CARTESIAN_POINT('',(6.2692745987,-4.151776180558));
#3431 = CARTESIAN_POINT('',(6.25942774609,-4.14053130414));
#3432 = ( GEOMETRIC_REPRESENTATION_CONTEXT(2) 
PARAMETRIC_REPRESENTATION_CONTEXT() REPRESENTATION_CONTEXT('2D SPACE',''
  ) );
#3433 = PCURVE('',#3247,#3434);
#3434 = DEFINITIONAL_REPRESENTATION('',(#3435),#3446);
#3435 = B_SPLINE_CURVE_WITH_KNOTS('',3,(#3436,#3437,#3438,#3439,#3440,
    #3441,#3442,#3443,#3444,#3445),.UNSPECIFIED.,.F.,.F.,(4,3,3,4),(0.,
    0.333333333333,0.666666666667,1.),.UNSPECIFIED.);
#3436 = CARTESIAN_POINT('',(-0.108698025502,0.15394915648));
#3437 = CARTESIAN_POINT('',(-0.108668600165,0.13703073505));
#3438 = CARTESIAN_POINT('',(-0.106754450062,0.12129804446));
#3439 = CARTESIAN_POINT('',(-0.102924609353,0.106765356775));
#3440 = CARTESIAN_POINT('',(-9.9094768645E-02,9.223266909E-02));
#3441 = CARTESIAN_POINT('',(-9.3349237331E-02,7.889998431E-02));
#3442 = CARTESIAN_POINT('',(-8.57809129285E-02,6.672448623E-02));
#3443 = CARTESIAN_POINT('',(-7.8212588526E-02,5.454898815E-02));
#3444 = CARTESIAN_POINT('',(-6.8821471035E-02,4.353067677E-02));
#3445 = CARTESIAN_POINT('',(-5.7576594617E-02,3.368382416E-02));
#3446 = ( GEOMETRIC_REPRESENTATION_CONTEXT(2) 
PARAMETRIC_REPRESENTATION_CONTEXT() REPRESENTATION_CONTEXT('2D SPACE',''
  ) );
#3447 = ORIENTED_EDGE('',*,*,#3448,.T.);
#3448 = EDGE_CURVE('',#3405,#3449,#3451,.T.);
#3449 = VERTEX_POINT('',#3450);
#3450 = CARTESIAN_POINT('',(-20.98639836942,-3.52794143969,
    -1.693078486158));
#3451 = SURFACE_CURVE('',#3452,(#3463,#3477),.PCURVE_S1.);
#3452 = B_SPLINE_CURVE_WITH_KNOTS('',3,(#3453,#3454,#3455,#3456,#3457,
    #3458,#3459,#3460,#3461,#3462),.UNSPECIFIED.,.F.,.F.,(4,3,3,4),(0.,
    0.333333333333,0.666666666667,1.),.UNSPECIFIED.);
#3453 = CARTESIAN_POINT('',(-20.94151548604,-3.399791276505,
    -1.693078486158));
#3454 = CARTESIAN_POINT('',(-20.95152697742,-3.411179291189,
    -1.693078486158));
#3455 = CARTESIAN_POINT('',(-20.95986326392,-3.423517661655,
    -1.693078486158));
#3456 = CARTESIAN_POINT('',(-20.96651435266,-3.436807962998,
    -1.693078486158));
#3457 = CARTESIAN_POINT('',(-20.9731654414,-3.450098264341,
    -1.693078486158));
#3458 = CARTESIAN_POINT('',(-20.97813133239,-3.464340496561,
    -1.693078486158));
#3459 = CARTESIAN_POINT('',(-20.98144200422,-3.479529934374,
    -1.693078486158));
#3460 = CARTESIAN_POINT('',(-20.98475267606,-3.494719372188,
    -1.693078486158));
#3461 = CARTESIAN_POINT('',(-20.98640812875,-3.510856015595,
    -1.693078486158));
#3462 = CARTESIAN_POINT('',(-20.98639836942,-3.52794143969,
    -1.693078486158));
#3463 = PCURVE('',#126,#3464);
#3464 = DEFINITIONAL_REPRESENTATION('',(#3465),#3476);
#3465 = B_SPLINE_CURVE_WITH_KNOTS('',3,(#3466,#3467,#3468,#3469,#3470,
    #3471,#3472,#3473,#3474,#3475),.UNSPECIFIED.,.F.,.F.,(4,3,3,4),(0.,
    0.333333333333,0.666666666667,1.),.UNSPECIFIED.);
#3466 = CARTESIAN_POINT('',(6.25942774609,-4.14053130414));
#3467 = CARTESIAN_POINT('',(6.24941625471,-4.129143289456));
#3468 = CARTESIAN_POINT('',(6.24107996821,-4.11680491899));
#3469 = CARTESIAN_POINT('',(6.234428879467,-4.103514617647));
#3470 = CARTESIAN_POINT('',(6.227777790723,-4.090224316304));
#3471 = CARTESIAN_POINT('',(6.222811899737,-4.075982084084));
#3472 = CARTESIAN_POINT('',(6.219501227901,-4.060792646271));
#3473 = CARTESIAN_POINT('',(6.216190556065,-4.045603208457));
#3474 = CARTESIAN_POINT('',(6.21453510338,-4.02946656505));
#3475 = CARTESIAN_POINT('',(6.21454486271,-4.012381140955));
#3476 = ( GEOMETRIC_REPRESENTATION_CONTEXT(2) 
PARAMETRIC_REPRESENTATION_CONTEXT() REPRESENTATION_CONTEXT('2D SPACE',''
  ) );
#3477 = PCURVE('',#3247,#3478);
#3478 = DEFINITIONAL_REPRESENTATION('',(#3479),#3490);
#3479 = B_SPLINE_CURVE_WITH_KNOTS('',3,(#3480,#3481,#3482,#3483,#3484,
    #3485,#3486,#3487,#3488,#3489),.UNSPECIFIED.,.F.,.F.,(4,3,3,4),(0.,
    0.333333333333,0.666666666667,1.),.UNSPECIFIED.);
#3480 = CARTESIAN_POINT('',(-5.7576594617E-02,3.368382416E-02));
#3481 = CARTESIAN_POINT('',(-4.6188579933E-02,2.367233278E-02));
#3482 = CARTESIAN_POINT('',(-3.3850209467E-02,1.533604628E-02));
#3483 = CARTESIAN_POINT('',(-2.0559908124E-02,8.684957536701E-03));
#3484 = CARTESIAN_POINT('',(-7.269606781E-03,2.033868793301E-03));
#3485 = CARTESIAN_POINT('',(6.972625439E-03,-2.932022193299E-03));
#3486 = CARTESIAN_POINT('',(2.21620632525E-02,-6.242694029201E-03));
#3487 = CARTESIAN_POINT('',(3.7351501066E-02,-9.553365864999E-03));
#3488 = CARTESIAN_POINT('',(5.3488144473E-02,-1.120881855E-02));
#3489 = CARTESIAN_POINT('',(7.0573568568E-02,-1.119905922E-02));
#3490 = ( GEOMETRIC_REPRESENTATION_CONTEXT(2) 
PARAMETRIC_REPRESENTATION_CONTEXT() REPRESENTATION_CONTEXT('2D SPACE',''
  ) );
#3491 = ORIENTED_EDGE('',*,*,#3492,.T.);
#3492 = EDGE_CURVE('',#3449,#3493,#3495,.T.);
#3493 = VERTEX_POINT('',#3494);
#3494 = CARTESIAN_POINT('',(-20.98639836942,-3.624638925909,
    -1.688078486158));
#3495 = SURFACE_CURVE('',#3496,(#3500,#3507),.PCURVE_S1.);
#3496 = LINE('',#3497,#3498);
#3497 = CARTESIAN_POINT('',(-20.98639836942,-3.52794143969,
    -1.688078486158));
#3498 = VECTOR('',#3499,1.);
#3499 = DIRECTION('',(3.306644708107E-13,-1.,0.));
#3500 = PCURVE('',#126,#3501);
#3501 = DEFINITIONAL_REPRESENTATION('',(#3502),#3506);
#3502 = LINE('',#3503,#3504);
#3503 = CARTESIAN_POINT('',(6.21454486271,-4.012381140955));
#3504 = VECTOR('',#3505,1.);
#3505 = DIRECTION('',(3.306644708107E-13,1.));
#3506 = ( GEOMETRIC_REPRESENTATION_CONTEXT(2) 
PARAMETRIC_REPRESENTATION_CONTEXT() REPRESENTATION_CONTEXT('2D SPACE',''
  ) );
#3507 = PCURVE('',#3247,#3508);
#3508 = DEFINITIONAL_REPRESENTATION('',(#3509),#3513);
#3509 = LINE('',#3510,#3511);
#3510 = CARTESIAN_POINT('',(7.0573568568E-02,-1.119905922E-02));
#3511 = VECTOR('',#3512,1.);
#3512 = DIRECTION('',(1.,3.306644708107E-13));
#3513 = ( GEOMETRIC_REPRESENTATION_CONTEXT(2) 
PARAMETRIC_REPRESENTATION_CONTEXT() REPRESENTATION_CONTEXT('2D SPACE',''
  ) );
#3514 = ORIENTED_EDGE('',*,*,#3515,.T.);
#3515 = EDGE_CURVE('',#3493,#3230,#3516,.T.);
#3516 = SURFACE_CURVE('',#3517,(#3521,#3528),.PCURVE_S1.);
#3517 = LINE('',#3518,#3519);
#3518 = CARTESIAN_POINT('',(-20.98639836942,-3.624638925909,
    -1.688078486158));
#3519 = VECTOR('',#3520,1.);
#3520 = DIRECTION('',(1.,0.,0.));
#3521 = PCURVE('',#126,#3522);
#3522 = DEFINITIONAL_REPRESENTATION('',(#3523),#3527);
#3523 = LINE('',#3524,#3525);
#3524 = CARTESIAN_POINT('',(6.21454486271,-3.915683654736));
#3525 = VECTOR('',#3526,1.);
#3526 = DIRECTION('',(1.,0.));
#3527 = ( GEOMETRIC_REPRESENTATION_CONTEXT(2) 
PARAMETRIC_REPRESENTATION_CONTEXT() REPRESENTATION_CONTEXT('2D SPACE',''
  ) );
#3528 = PCURVE('',#3247,#3529);
#3529 = DEFINITIONAL_REPRESENTATION('',(#3530),#3534);
#3530 = LINE('',#3531,#3532);
#3531 = CARTESIAN_POINT('',(0.167271054787,-1.119905922E-02));
#3532 = VECTOR('',#3533,1.);
#3533 = DIRECTION('',(0.,1.));
#3534 = ( GEOMETRIC_REPRESENTATION_CONTEXT(2) 
PARAMETRIC_REPRESENTATION_CONTEXT() REPRESENTATION_CONTEXT('2D SPACE',''
  ) );
#3535 = FACE_BOUND('',#3536,.F.);
#3536 = EDGE_LOOP('',(#3537,#3567,#3590,#3613,#3636,#3659,#3682,#3705));
#3537 = ORIENTED_EDGE('',*,*,#3538,.T.);
#3538 = EDGE_CURVE('',#3539,#3541,#3543,.T.);
#3539 = VERTEX_POINT('',#3540);
#3540 = CARTESIAN_POINT('',(-20.6474372887,-3.02487190118,
    -1.688078486158));
#3541 = VERTEX_POINT('',#3542);
#3542 = CARTESIAN_POINT('',(-20.98639836942,-3.15397517579,
    -1.688078486158));
#3543 = SURFACE_CURVE('',#3544,(#3548,#3555),.PCURVE_S1.);
#3544 = LINE('',#3545,#3546);
#3545 = CARTESIAN_POINT('',(-20.6474372887,-3.02487190118,
    -1.688078486158));
#3546 = VECTOR('',#3547,1.);
#3547 = DIRECTION('',(-0.934510438742,-0.35593572437,0.));
#3548 = PCURVE('',#126,#3549);
#3549 = DEFINITIONAL_REPRESENTATION('',(#3550),#3554);
#3550 = LINE('',#3551,#3552);
#3551 = CARTESIAN_POINT('',(6.55350594343,-4.515450679465));
#3552 = VECTOR('',#3553,1.);
#3553 = DIRECTION('',(-0.934510438742,0.35593572437));
#3554 = ( GEOMETRIC_REPRESENTATION_CONTEXT(2) 
PARAMETRIC_REPRESENTATION_CONTEXT() REPRESENTATION_CONTEXT('2D SPACE',''
  ) );
#3555 = PCURVE('',#3556,#3561);
#3556 = PLANE('',#3557);
#3557 = AXIS2_PLACEMENT_3D('',#3558,#3559,#3560);
#3558 = CARTESIAN_POINT('',(-18.40094323213,-0.590322580645,
    -1.683078486158));
#3559 = DIRECTION('',(0.,0.,-1.));
#3560 = DIRECTION('',(1.,0.,0.));
#3561 = DEFINITIONAL_REPRESENTATION('',(#3562),#3566);
#3562 = LINE('',#3563,#3564);
#3563 = CARTESIAN_POINT('',(-2.24649405657,2.434549320535));
#3564 = VECTOR('',#3565,1.);
#3565 = DIRECTION('',(-0.934510438742,0.35593572437));
#3566 = ( GEOMETRIC_REPRESENTATION_CONTEXT(2) 
PARAMETRIC_REPRESENTATION_CONTEXT() REPRESENTATION_CONTEXT('2D SPACE',''
  ) );
#3567 = ORIENTED_EDGE('',*,*,#3568,.T.);
#3568 = EDGE_CURVE('',#3541,#3569,#3571,.T.);
#3569 = VERTEX_POINT('',#3570);
#3570 = CARTESIAN_POINT('',(-20.98639836942,-3.200764282024,
    -1.688078486158));
#3571 = SURFACE_CURVE('',#3572,(#3576,#3583),.PCURVE_S1.);
#3572 = LINE('',#3573,#3574);
#3573 = CARTESIAN_POINT('',(-20.98639836942,-3.15397517579,
    -1.688078486158));
#3574 = VECTOR('',#3575,1.);
#3575 = DIRECTION('',(-3.796517998243E-13,-1.,0.));
#3576 = PCURVE('',#126,#3577);
#3577 = DEFINITIONAL_REPRESENTATION('',(#3578),#3582);
#3578 = LINE('',#3579,#3580);
#3579 = CARTESIAN_POINT('',(6.21454486271,-4.386347404855));
#3580 = VECTOR('',#3581,1.);
#3581 = DIRECTION('',(-3.796517998243E-13,1.));
#3582 = ( GEOMETRIC_REPRESENTATION_CONTEXT(2) 
PARAMETRIC_REPRESENTATION_CONTEXT() REPRESENTATION_CONTEXT('2D SPACE',''
  ) );
#3583 = PCURVE('',#3556,#3584);
#3584 = DEFINITIONAL_REPRESENTATION('',(#3585),#3589);
#3585 = LINE('',#3586,#3587);
#3586 = CARTESIAN_POINT('',(-2.58545513729,2.563652595145));
#3587 = VECTOR('',#3588,1.);
#3588 = DIRECTION('',(-3.796517998243E-13,1.));
#3589 = ( GEOMETRIC_REPRESENTATION_CONTEXT(2) 
PARAMETRIC_REPRESENTATION_CONTEXT() REPRESENTATION_CONTEXT('2D SPACE',''
  ) );
#3590 = ORIENTED_EDGE('',*,*,#3591,.T.);
#3591 = EDGE_CURVE('',#3569,#3592,#3594,.T.);
#3592 = VERTEX_POINT('',#3593);
#3593 = CARTESIAN_POINT('',(-20.64743728871,-3.329867556632,
    -1.688078486158));
#3594 = SURFACE_CURVE('',#3595,(#3599,#3606),.PCURVE_S1.);
#3595 = LINE('',#3596,#3597);
#3596 = CARTESIAN_POINT('',(-20.98639836942,-3.200764282024,
    -1.688078486158));
#3597 = VECTOR('',#3598,1.);
#3598 = DIRECTION('',(0.934510438744,-0.355935724364,0.));
#3599 = PCURVE('',#126,#3600);
#3600 = DEFINITIONAL_REPRESENTATION('',(#3601),#3605);
#3601 = LINE('',#3602,#3603);
#3602 = CARTESIAN_POINT('',(6.21454486271,-4.339558298621));
#3603 = VECTOR('',#3604,1.);
#3604 = DIRECTION('',(0.934510438744,0.355935724364));
#3605 = ( GEOMETRIC_REPRESENTATION_CONTEXT(2) 
PARAMETRIC_REPRESENTATION_CONTEXT() REPRESENTATION_CONTEXT('2D SPACE',''
  ) );
#3606 = PCURVE('',#3556,#3607);
#3607 = DEFINITIONAL_REPRESENTATION('',(#3608),#3612);
#3608 = LINE('',#3609,#3610);
#3609 = CARTESIAN_POINT('',(-2.58545513729,2.610441701379));
#3610 = VECTOR('',#3611,1.);
#3611 = DIRECTION('',(0.934510438744,0.355935724364));
#3612 = ( GEOMETRIC_REPRESENTATION_CONTEXT(2) 
PARAMETRIC_REPRESENTATION_CONTEXT() REPRESENTATION_CONTEXT('2D SPACE',''
  ) );
#3613 = ORIENTED_EDGE('',*,*,#3614,.T.);
#3614 = EDGE_CURVE('',#3592,#3615,#3617,.T.);
#3615 = VERTEX_POINT('',#3616);
#3616 = CARTESIAN_POINT('',(-20.6474372887,-3.281518813525,
    -1.688078486158));
#3617 = SURFACE_CURVE('',#3618,(#3622,#3629),.PCURVE_S1.);
#3618 = LINE('',#3619,#3620);
#3619 = CARTESIAN_POINT('',(-20.64743728871,-3.329867556632,
    -1.688078486158));
#3620 = VECTOR('',#3621,1.);
#3621 = DIRECTION('',(1.469619870335E-13,1.,0.));
#3622 = PCURVE('',#126,#3623);
#3623 = DEFINITIONAL_REPRESENTATION('',(#3624),#3628);
#3624 = LINE('',#3625,#3626);
#3625 = CARTESIAN_POINT('',(6.55350594342,-4.210455024013));
#3626 = VECTOR('',#3627,1.);
#3627 = DIRECTION('',(1.469619870335E-13,-1.));
#3628 = ( GEOMETRIC_REPRESENTATION_CONTEXT(2) 
PARAMETRIC_REPRESENTATION_CONTEXT() REPRESENTATION_CONTEXT('2D SPACE',''
  ) );
#3629 = PCURVE('',#3556,#3630);
#3630 = DEFINITIONAL_REPRESENTATION('',(#3631),#3635);
#3631 = LINE('',#3632,#3633);
#3632 = CARTESIAN_POINT('',(-2.24649405658,2.739544975987));
#3633 = VECTOR('',#3634,1.);
#3634 = DIRECTION('',(1.469619870335E-13,-1.));
#3635 = ( GEOMETRIC_REPRESENTATION_CONTEXT(2) 
PARAMETRIC_REPRESENTATION_CONTEXT() REPRESENTATION_CONTEXT('2D SPACE',''
  ) );
#3636 = ORIENTED_EDGE('',*,*,#3637,.T.);
#3637 = EDGE_CURVE('',#3615,#3638,#3640,.T.);
#3638 = VERTEX_POINT('',#3639);
#3639 = CARTESIAN_POINT('',(-20.74014903624,-3.248939732147,
    -1.688078486158));
#3640 = SURFACE_CURVE('',#3641,(#3645,#3652),.PCURVE_S1.);
#3641 = LINE('',#3642,#3643);
#3642 = CARTESIAN_POINT('',(-20.6474372887,-3.281518813525,
    -1.688078486158));
#3643 = VECTOR('',#3644,1.);
#3644 = DIRECTION('',(-0.943445233082,0.331528418351,0.));
#3645 = PCURVE('',#126,#3646);
#3646 = DEFINITIONAL_REPRESENTATION('',(#3647),#3651);
#3647 = LINE('',#3648,#3649);
#3648 = CARTESIAN_POINT('',(6.55350594343,-4.25880376712));
#3649 = VECTOR('',#3650,1.);
#3650 = DIRECTION('',(-0.943445233082,-0.331528418351));
#3651 = ( GEOMETRIC_REPRESENTATION_CONTEXT(2) 
PARAMETRIC_REPRESENTATION_CONTEXT() REPRESENTATION_CONTEXT('2D SPACE',''
  ) );
#3652 = PCURVE('',#3556,#3653);
#3653 = DEFINITIONAL_REPRESENTATION('',(#3654),#3658);
#3654 = LINE('',#3655,#3656);
#3655 = CARTESIAN_POINT('',(-2.24649405657,2.69119623288));
#3656 = VECTOR('',#3657,1.);
#3657 = DIRECTION('',(-0.943445233082,-0.331528418351));
#3658 = ( GEOMETRIC_REPRESENTATION_CONTEXT(2) 
PARAMETRIC_REPRESENTATION_CONTEXT() REPRESENTATION_CONTEXT('2D SPACE',''
  ) );
#3659 = ORIENTED_EDGE('',*,*,#3660,.T.);
#3660 = EDGE_CURVE('',#3638,#3661,#3663,.T.);
#3661 = VERTEX_POINT('',#3662);
#3662 = CARTESIAN_POINT('',(-20.74014903624,-3.107792595006,
    -1.688078486158));
#3663 = SURFACE_CURVE('',#3664,(#3668,#3675),.PCURVE_S1.);
#3664 = LINE('',#3665,#3666);
#3665 = CARTESIAN_POINT('',(-20.74014903624,-3.248939732147,
    -1.688078486158));
#3666 = VECTOR('',#3667,1.);
#3667 = DIRECTION('',(1.510217104266E-13,1.,0.));
#3668 = PCURVE('',#126,#3669);
#3669 = DEFINITIONAL_REPRESENTATION('',(#3670),#3674);
#3670 = LINE('',#3671,#3672);
#3671 = CARTESIAN_POINT('',(6.46079419589,-4.291382848498));
#3672 = VECTOR('',#3673,1.);
#3673 = DIRECTION('',(1.510217104266E-13,-1.));
#3674 = ( GEOMETRIC_REPRESENTATION_CONTEXT(2) 
PARAMETRIC_REPRESENTATION_CONTEXT() REPRESENTATION_CONTEXT('2D SPACE',''
  ) );
#3675 = PCURVE('',#3556,#3676);
#3676 = DEFINITIONAL_REPRESENTATION('',(#3677),#3681);
#3677 = LINE('',#3678,#3679);
#3678 = CARTESIAN_POINT('',(-2.33920580411,2.658617151502));
#3679 = VECTOR('',#3680,1.);
#3680 = DIRECTION('',(1.510217104266E-13,-1.));
#3681 = ( GEOMETRIC_REPRESENTATION_CONTEXT(2) 
PARAMETRIC_REPRESENTATION_CONTEXT() REPRESENTATION_CONTEXT('2D SPACE',''
  ) );
#3682 = ORIENTED_EDGE('',*,*,#3683,.T.);
#3683 = EDGE_CURVE('',#3661,#3684,#3686,.T.);
#3684 = VERTEX_POINT('',#3685);
#3685 = CARTESIAN_POINT('',(-20.6474372887,-3.073220644289,
    -1.688078486158));
#3686 = SURFACE_CURVE('',#3687,(#3691,#3698),.PCURVE_S1.);
#3687 = LINE('',#3688,#3689);
#3688 = CARTESIAN_POINT('',(-20.74014903624,-3.107792595006,
    -1.688078486158));
#3689 = VECTOR('',#3690,1.);
#3690 = DIRECTION('',(0.936975345955,0.349395479468,0.));
#3691 = PCURVE('',#126,#3692);
#3692 = DEFINITIONAL_REPRESENTATION('',(#3693),#3697);
#3693 = LINE('',#3694,#3695);
#3694 = CARTESIAN_POINT('',(6.46079419589,-4.432529985639));
#3695 = VECTOR('',#3696,1.);
#3696 = DIRECTION('',(0.936975345955,-0.349395479468));
#3697 = ( GEOMETRIC_REPRESENTATION_CONTEXT(2) 
PARAMETRIC_REPRESENTATION_CONTEXT() REPRESENTATION_CONTEXT('2D SPACE',''
  ) );
#3698 = PCURVE('',#3556,#3699);
#3699 = DEFINITIONAL_REPRESENTATION('',(#3700),#3704);
#3700 = LINE('',#3701,#3702);
#3701 = CARTESIAN_POINT('',(-2.33920580411,2.517470014361));
#3702 = VECTOR('',#3703,1.);
#3703 = DIRECTION('',(0.936975345955,-0.349395479468));
#3704 = ( GEOMETRIC_REPRESENTATION_CONTEXT(2) 
PARAMETRIC_REPRESENTATION_CONTEXT() REPRESENTATION_CONTEXT('2D SPACE',''
  ) );
#3705 = ORIENTED_EDGE('',*,*,#3706,.T.);
#3706 = EDGE_CURVE('',#3684,#3539,#3707,.T.);
#3707 = SURFACE_CURVE('',#3708,(#3712,#3719),.PCURVE_S1.);
#3708 = LINE('',#3709,#3710);
#3709 = CARTESIAN_POINT('',(-20.6474372887,-3.073220644289,
    -1.688078486158));
#3710 = VECTOR('',#3711,1.);
#3711 = DIRECTION('',(-1.469619870275E-13,1.,0.));
#3712 = PCURVE('',#126,#3713);
#3713 = DEFINITIONAL_REPRESENTATION('',(#3714),#3718);
#3714 = LINE('',#3715,#3716);
#3715 = CARTESIAN_POINT('',(6.55350594343,-4.467101936356));
#3716 = VECTOR('',#3717,1.);
#3717 = DIRECTION('',(-1.469619870275E-13,-1.));
#3718 = ( GEOMETRIC_REPRESENTATION_CONTEXT(2) 
PARAMETRIC_REPRESENTATION_CONTEXT() REPRESENTATION_CONTEXT('2D SPACE',''
  ) );
#3719 = PCURVE('',#3556,#3720);
#3720 = DEFINITIONAL_REPRESENTATION('',(#3721),#3725);
#3721 = LINE('',#3722,#3723);
#3722 = CARTESIAN_POINT('',(-2.24649405657,2.482898063644));
#3723 = VECTOR('',#3724,1.);
#3724 = DIRECTION('',(-1.469619870275E-13,-1.));
#3725 = ( GEOMETRIC_REPRESENTATION_CONTEXT(2) 
PARAMETRIC_REPRESENTATION_CONTEXT() REPRESENTATION_CONTEXT('2D SPACE',''
  ) );
#3726 = FACE_BOUND('',#3727,.T.);
#3727 = EDGE_LOOP('',(#3728,#3788,#3832,#3876,#3920,#3982,#4026,#4070,
    #4102,#4146,#4169,#4213,#4257,#4281,#4325,#4396,#4440,#4484,#4508,
    #4552,#4584,#4607));
#3728 = ORIENTED_EDGE('',*,*,#3729,.F.);
#3729 = EDGE_CURVE('',#3730,#3732,#3734,.T.);
#3730 = VERTEX_POINT('',#3731);
#3731 = CARTESIAN_POINT('',(-20.15474015952,-3.794792069269,
    -1.693078486158));
#3732 = VERTEX_POINT('',#3733);
#3733 = CARTESIAN_POINT('',(-20.13864908165,-3.840388693545,
    -1.693078486158));
#3734 = SURFACE_CURVE('',#3735,(#3749,#3766),.PCURVE_S1.);
#3735 = B_SPLINE_CURVE_WITH_KNOTS('',3,(#3736,#3737,#3738,#3739,#3740,
    #3741,#3742,#3743,#3744,#3745,#3746,#3747,#3748),.UNSPECIFIED.,.F.,
  .F.,(4,3,3,3,4),(0.,0.25,0.5,0.75,1.),.PIECEWISE_BEZIER_KNOTS.);
#3736 = CARTESIAN_POINT('',(-20.15474015952,-3.794792069269,
    -1.693078486158));
#3737 = CARTESIAN_POINT('',(-20.1518434266,-3.796717950985,
    -1.693078486158));
#3738 = CARTESIAN_POINT('',(-20.14935077942,-3.799162839191,
    -1.693078486158));
#3739 = CARTESIAN_POINT('',(-20.14725274944,-3.802218265902,
    -1.693078486158));
#3740 = CARTESIAN_POINT('',(-20.14515471947,-3.805273692614,
    -1.693078486158));
#3741 = CARTESIAN_POINT('',(-20.1434513067,-3.808939657833,
    -1.693078486158));
#3742 = CARTESIAN_POINT('',(-20.14217091671,-3.812941565505,
    -1.693078486158));
#3743 = CARTESIAN_POINT('',(-20.14089052673,-3.816943473177,
    -1.693078486158));
#3744 = CARTESIAN_POINT('',(-20.14003315953,-3.821281323303,
    -1.693078486158));
#3745 = CARTESIAN_POINT('',(-20.13946144983,-3.825865771767,
    -1.693078486158));
#3746 = CARTESIAN_POINT('',(-20.13888974013,-3.830450220231,
    -1.693078486158));
#3747 = CARTESIAN_POINT('',(-20.13860368793,-3.835281267033,
    -1.693078486158));
#3748 = CARTESIAN_POINT('',(-20.13864908165,-3.840388693545,
    -1.693078486158));
#3749 = PCURVE('',#126,#3750);
#3750 = DEFINITIONAL_REPRESENTATION('',(#3751),#3765);
#3751 = B_SPLINE_CURVE_WITH_KNOTS('',3,(#3752,#3753,#3754,#3755,#3756,
    #3757,#3758,#3759,#3760,#3761,#3762,#3763,#3764),.UNSPECIFIED.,.F.,
  .F.,(4,3,3,3,4),(0.,0.25,0.5,0.75,1.),.PIECEWISE_BEZIER_KNOTS.);
#3752 = CARTESIAN_POINT('',(7.04620307261,-3.745530511376));
#3753 = CARTESIAN_POINT('',(7.04909980553,-3.74360462966));
#3754 = CARTESIAN_POINT('',(7.05159245271,-3.741159741455));
#3755 = CARTESIAN_POINT('',(7.053690482685,-3.738104314743));
#3756 = CARTESIAN_POINT('',(7.05578851266,-3.735048888031));
#3757 = CARTESIAN_POINT('',(7.05749192543,-3.731382922812));
#3758 = CARTESIAN_POINT('',(7.058772315415,-3.72738101514));
#3759 = CARTESIAN_POINT('',(7.0600527054,-3.723379107468));
#3760 = CARTESIAN_POINT('',(7.0609100726,-3.719041257342));
#3761 = CARTESIAN_POINT('',(7.0614817823,-3.714456808878));
#3762 = CARTESIAN_POINT('',(7.062053492,-3.709872360414));
#3763 = CARTESIAN_POINT('',(7.0623395442,-3.705041313612));
#3764 = CARTESIAN_POINT('',(7.06229415048,-3.6999338871));
#3765 = ( GEOMETRIC_REPRESENTATION_CONTEXT(2) 
PARAMETRIC_REPRESENTATION_CONTEXT() REPRESENTATION_CONTEXT('2D SPACE',''
  ) );
#3766 = PCURVE('',#3767,#3772);
#3767 = PLANE('',#3768);
#3768 = AXIS2_PLACEMENT_3D('',#3769,#3770,#3771);
#3769 = CARTESIAN_POINT('',(-20.14449771993,-3.876541942761,
    -1.683078486158));
#3770 = DIRECTION('',(0.,0.,-1.));
#3771 = DIRECTION('',(1.,0.,0.));
#3772 = DEFINITIONAL_REPRESENTATION('',(#3773),#3787);
#3773 = B_SPLINE_CURVE_WITH_KNOTS('',3,(#3774,#3775,#3776,#3777,#3778,
    #3779,#3780,#3781,#3782,#3783,#3784,#3785,#3786),.UNSPECIFIED.,.F.,
  .F.,(4,3,3,3,4),(0.,0.25,0.5,0.75,1.),.PIECEWISE_BEZIER_KNOTS.);
#3774 = CARTESIAN_POINT('',(-1.024243959E-02,-8.1749873492E-02));
#3775 = CARTESIAN_POINT('',(-7.345706669998E-03,-7.9823991776E-02));
#3776 = CARTESIAN_POINT('',(-4.853059489999E-03,-7.73791035705E-02));
#3777 = CARTESIAN_POINT('',(-2.755029514997E-03,-7.432367685858E-02));
#3778 = CARTESIAN_POINT('',(-6.569995399985E-04,-7.126825014667E-02));
#3779 = CARTESIAN_POINT('',(1.04641323E-03,-6.760228492833E-02));
#3780 = CARTESIAN_POINT('',(2.326803215002E-03,-6.360037725617E-02));
#3781 = CARTESIAN_POINT('',(3.607193200001E-03,-5.9598469584E-02));
#3782 = CARTESIAN_POINT('',(4.464560400002E-03,-5.5260619458E-02));
#3783 = CARTESIAN_POINT('',(5.0362701E-03,-5.0676170994E-02));
#3784 = CARTESIAN_POINT('',(5.607979800001E-03,-4.609172253E-02));
#3785 = CARTESIAN_POINT('',(5.894032E-03,-4.1260675728E-02));
#3786 = CARTESIAN_POINT('',(5.84863828E-03,-3.6153249216E-02));
#3787 = ( GEOMETRIC_REPRESENTATION_CONTEXT(2) 
PARAMETRIC_REPRESENTATION_CONTEXT() REPRESENTATION_CONTEXT('2D SPACE',''
  ) );
#3788 = ORIENTED_EDGE('',*,*,#3789,.F.);
#3789 = EDGE_CURVE('',#3790,#3730,#3792,.T.);
#3790 = VERTEX_POINT('',#3791);
#3791 = CARTESIAN_POINT('',(-20.17140145602,-3.790307020576,
    -1.693078486158));
#3792 = SURFACE_CURVE('',#3793,(#3804,#3818),.PCURVE_S1.);
#3793 = B_SPLINE_CURVE_WITH_KNOTS('',3,(#3794,#3795,#3796,#3797,#3798,
    #3799,#3800,#3801,#3802,#3803),.UNSPECIFIED.,.F.,.F.,(4,3,3,4),(0.,
    0.333333333333,0.666666666667,1.),.UNSPECIFIED.);
#3794 = CARTESIAN_POINT('',(-20.17140145602,-3.790307020576,
    -1.693078486158));
#3795 = CARTESIAN_POINT('',(-20.16925893791,-3.790303642568,
    -1.693078486158));
#3796 = CARTESIAN_POINT('',(-20.16721348919,-3.79046735282,
    -1.693078486158));
#3797 = CARTESIAN_POINT('',(-20.16526461692,-3.790794083597,
    -1.693078486158));
#3798 = CARTESIAN_POINT('',(-20.16331574466,-3.791120814374,
    -1.693078486158));
#3799 = CARTESIAN_POINT('',(-20.16146344886,-3.791610565676,
    -1.693078486158));
#3800 = CARTESIAN_POINT('',(-20.15970920831,-3.792275540709,
    -1.693078486158));
#3801 = CARTESIAN_POINT('',(-20.15795496777,-3.792940515743,
    -1.693078486158));
#3802 = CARTESIAN_POINT('',(-20.15629878248,-3.793780714508,
    -1.693078486158));
#3803 = CARTESIAN_POINT('',(-20.15474015952,-3.794792069269,
    -1.693078486158));
#3804 = PCURVE('',#126,#3805);
#3805 = DEFINITIONAL_REPRESENTATION('',(#3806),#3817);
#3806 = B_SPLINE_CURVE_WITH_KNOTS('',3,(#3807,#3808,#3809,#3810,#3811,
    #3812,#3813,#3814,#3815,#3816),.UNSPECIFIED.,.F.,.F.,(4,3,3,4),(0.,
    0.333333333333,0.666666666667,1.),.UNSPECIFIED.);
#3807 = CARTESIAN_POINT('',(7.02954177611,-3.750015560069));
#3808 = CARTESIAN_POINT('',(7.03168429422,-3.750018938077));
#3809 = CARTESIAN_POINT('',(7.03372974294,-3.749855227825));
#3810 = CARTESIAN_POINT('',(7.035678615202,-3.749528497048));
#3811 = CARTESIAN_POINT('',(7.037627487463,-3.749201766271));
#3812 = CARTESIAN_POINT('',(7.039479783267,-3.748712014969));
#3813 = CARTESIAN_POINT('',(7.041234023813,-3.748047039936));
#3814 = CARTESIAN_POINT('',(7.04298826436,-3.747382064902));
#3815 = CARTESIAN_POINT('',(7.04464444965,-3.746541866137));
#3816 = CARTESIAN_POINT('',(7.04620307261,-3.745530511376));
#3817 = ( GEOMETRIC_REPRESENTATION_CONTEXT(2) 
PARAMETRIC_REPRESENTATION_CONTEXT() REPRESENTATION_CONTEXT('2D SPACE',''
  ) );
#3818 = PCURVE('',#3767,#3819);
#3819 = DEFINITIONAL_REPRESENTATION('',(#3820),#3831);
#3820 = B_SPLINE_CURVE_WITH_KNOTS('',3,(#3821,#3822,#3823,#3824,#3825,
    #3826,#3827,#3828,#3829,#3830),.UNSPECIFIED.,.F.,.F.,(4,3,3,4),(0.,
    0.333333333333,0.666666666667,1.),.UNSPECIFIED.);
#3821 = CARTESIAN_POINT('',(-2.690373609E-02,-8.6234922185E-02));
#3822 = CARTESIAN_POINT('',(-2.476121798E-02,-8.6238300193E-02));
#3823 = CARTESIAN_POINT('',(-2.271576926E-02,-8.6074589941E-02));
#3824 = CARTESIAN_POINT('',(-2.07668969983E-02,-8.5747859164E-02));
#3825 = CARTESIAN_POINT('',(-1.88180247367E-02,-8.5421128387E-02));
#3826 = CARTESIAN_POINT('',(-1.69657289333E-02,-8.4931377085E-02));
#3827 = CARTESIAN_POINT('',(-1.52114883867E-02,-8.42664020515E-02));
#3828 = CARTESIAN_POINT('',(-1.345724784E-02,-8.3601427018E-02));
#3829 = CARTESIAN_POINT('',(-1.180106255E-02,-8.2761228253E-02));
#3830 = CARTESIAN_POINT('',(-1.024243959E-02,-8.1749873492E-02));
#3831 = ( GEOMETRIC_REPRESENTATION_CONTEXT(2) 
PARAMETRIC_REPRESENTATION_CONTEXT() REPRESENTATION_CONTEXT('2D SPACE',''
  ) );
#3832 = ORIENTED_EDGE('',*,*,#3833,.F.);
#3833 = EDGE_CURVE('',#3834,#3790,#3836,.T.);
#3834 = VERTEX_POINT('',#3835);
#3835 = CARTESIAN_POINT('',(-20.19500174079,-3.801733272473,
    -1.693078486158));
#3836 = SURFACE_CURVE('',#3837,(#3848,#3862),.PCURVE_S1.);
#3837 = B_SPLINE_CURVE_WITH_KNOTS('',3,(#3838,#3839,#3840,#3841,#3842,
    #3843,#3844,#3845,#3846,#3847),.UNSPECIFIED.,.F.,.F.,(4,3,3,4),(0.,
    0.333333333333,0.666666666667,1.),.UNSPECIFIED.);
#3838 = CARTESIAN_POINT('',(-20.19500174079,-3.801733272473,
    -1.693078486158));
#3839 = CARTESIAN_POINT('',(-20.19272166686,-3.799064161229,
    -1.693078486158));
#3840 = CARTESIAN_POINT('',(-20.19032977317,-3.796863336018,
    -1.693078486158));
#3841 = CARTESIAN_POINT('',(-20.18788654561,-3.795178770429,
    -1.693078486158));
#3842 = CARTESIAN_POINT('',(-20.18544331806,-3.793494204839,
    -1.693078486158));
#3843 = CARTESIAN_POINT('',(-20.18294875663,-3.792325898869,
    -1.693078486158));
#3844 = CARTESIAN_POINT('',(-20.18022140366,-3.791529931757,
    -1.693078486158));
#3845 = CARTESIAN_POINT('',(-20.17749405069,-3.790733964644,
    -1.693078486158));
#3846 = CARTESIAN_POINT('',(-20.17453390618,-3.790310336388,
    -1.693078486158));
#3847 = CARTESIAN_POINT('',(-20.17140145602,-3.790307020576,
    -1.693078486158));
#3848 = PCURVE('',#126,#3849);
#3849 = DEFINITIONAL_REPRESENTATION('',(#3850),#3861);
#3850 = B_SPLINE_CURVE_WITH_KNOTS('',3,(#3851,#3852,#3853,#3854,#3855,
    #3856,#3857,#3858,#3859,#3860),.UNSPECIFIED.,.F.,.F.,(4,3,3,4),(0.,
    0.333333333333,0.666666666667,1.),.UNSPECIFIED.);
#3851 = CARTESIAN_POINT('',(7.00594149134,-3.738589308172));
#3852 = CARTESIAN_POINT('',(7.00822156527,-3.741258419416));
#3853 = CARTESIAN_POINT('',(7.010613458955,-3.743459244627));
#3854 = CARTESIAN_POINT('',(7.013056686513,-3.745143810216));
#3855 = CARTESIAN_POINT('',(7.01549991407,-3.746828375806));
#3856 = CARTESIAN_POINT('',(7.0179944755,-3.747996681776));
#3857 = CARTESIAN_POINT('',(7.02072182847,-3.748792648888));
#3858 = CARTESIAN_POINT('',(7.02344918144,-3.749588616001));
#3859 = CARTESIAN_POINT('',(7.02640932595,-3.750012244257));
#3860 = CARTESIAN_POINT('',(7.02954177611,-3.750015560069));
#3861 = ( GEOMETRIC_REPRESENTATION_CONTEXT(2) 
PARAMETRIC_REPRESENTATION_CONTEXT() REPRESENTATION_CONTEXT('2D SPACE',''
  ) );
#3862 = PCURVE('',#3767,#3863);
#3863 = DEFINITIONAL_REPRESENTATION('',(#3864),#3875);
#3864 = B_SPLINE_CURVE_WITH_KNOTS('',3,(#3865,#3866,#3867,#3868,#3869,
    #3870,#3871,#3872,#3873,#3874),.UNSPECIFIED.,.F.,.F.,(4,3,3,4),(0.,
    0.333333333333,0.666666666667,1.),.UNSPECIFIED.);
#3865 = CARTESIAN_POINT('',(-5.050402086E-02,-7.4808670288E-02));
#3866 = CARTESIAN_POINT('',(-4.822394693E-02,-7.7477781532E-02));
#3867 = CARTESIAN_POINT('',(-4.5832053245E-02,-7.96786067425E-02));
#3868 = CARTESIAN_POINT('',(-4.33888256875E-02,-8.136317233242E-02));
#3869 = CARTESIAN_POINT('',(-4.094559813E-02,-8.304773792233E-02));
#3870 = CARTESIAN_POINT('',(-3.84510367E-02,-8.421604389167E-02));
#3871 = CARTESIAN_POINT('',(-3.572368373E-02,-8.501201100433E-02));
#3872 = CARTESIAN_POINT('',(-3.299633076E-02,-8.5807978117E-02));
#3873 = CARTESIAN_POINT('',(-3.003618625E-02,-8.6231606373E-02));
#3874 = CARTESIAN_POINT('',(-2.690373609E-02,-8.6234922185E-02));
#3875 = ( GEOMETRIC_REPRESENTATION_CONTEXT(2) 
PARAMETRIC_REPRESENTATION_CONTEXT() REPRESENTATION_CONTEXT('2D SPACE',''
  ) );
#3876 = ORIENTED_EDGE('',*,*,#3877,.F.);
#3877 = EDGE_CURVE('',#3878,#3834,#3880,.T.);
#3878 = VERTEX_POINT('',#3879);
#3879 = CARTESIAN_POINT('',(-20.21527486802,-3.843550397257,
    -1.693078486158));
#3880 = SURFACE_CURVE('',#3881,(#3892,#3906),.PCURVE_S1.);
#3881 = B_SPLINE_CURVE_WITH_KNOTS('',3,(#3882,#3883,#3884,#3885,#3886,
    #3887,#3888,#3889,#3890,#3891),.UNSPECIFIED.,.F.,.F.,(4,3,3,4),(0.,
    0.333333333333,0.666666666667,1.),.UNSPECIFIED.);
#3882 = CARTESIAN_POINT('',(-20.21527486802,-3.843550397257,
    -1.693078486158));
#3883 = CARTESIAN_POINT('',(-20.21367004359,-3.83912664947,
    -1.693078486158));
#3884 = CARTESIAN_POINT('',(-20.21185574257,-3.834632416363,
    -1.693078486158));
#3885 = CARTESIAN_POINT('',(-20.21000580449,-3.830167988982,
    -1.693078486158));
#3886 = CARTESIAN_POINT('',(-20.20815586642,-3.825703561602,
    -1.693078486158));
#3887 = CARTESIAN_POINT('',(-20.20627029129,-3.821268939949,
    -1.693078486158));
#3888 = CARTESIAN_POINT('',(-20.20382756051,-3.81656325088,
    -1.693078486158));
#3889 = CARTESIAN_POINT('',(-20.20138482974,-3.811857561811,
    -1.693078486158));
#3890 = CARTESIAN_POINT('',(-20.19838494332,-3.806880805326,
    -1.693078486158));
#3891 = CARTESIAN_POINT('',(-20.19500174079,-3.801733272473,
    -1.693078486158));
#3892 = PCURVE('',#126,#3893);
#3893 = DEFINITIONAL_REPRESENTATION('',(#3894),#3905);
#3894 = B_SPLINE_CURVE_WITH_KNOTS('',3,(#3895,#3896,#3897,#3898,#3899,
    #3900,#3901,#3902,#3903,#3904),.UNSPECIFIED.,.F.,.F.,(4,3,3,4),(0.,
    0.333333333333,0.666666666667,1.),.UNSPECIFIED.);
#3895 = CARTESIAN_POINT('',(6.98566836411,-3.696772183388));
#3896 = CARTESIAN_POINT('',(6.98727318854,-3.701195931175));
#3897 = CARTESIAN_POINT('',(6.98908748956,-3.705690164283));
#3898 = CARTESIAN_POINT('',(6.990937427635,-3.710154591663));
#3899 = CARTESIAN_POINT('',(6.99278736571,-3.714619019043));
#3900 = CARTESIAN_POINT('',(6.99467294084,-3.719053640696));
#3901 = CARTESIAN_POINT('',(6.997115671615,-3.723759329765));
#3902 = CARTESIAN_POINT('',(6.99955840239,-3.728465018834));
#3903 = CARTESIAN_POINT('',(7.00255828881,-3.733441775319));
#3904 = CARTESIAN_POINT('',(7.00594149134,-3.738589308172));
#3905 = ( GEOMETRIC_REPRESENTATION_CONTEXT(2) 
PARAMETRIC_REPRESENTATION_CONTEXT() REPRESENTATION_CONTEXT('2D SPACE',''
  ) );
#3906 = PCURVE('',#3767,#3907);
#3907 = DEFINITIONAL_REPRESENTATION('',(#3908),#3919);
#3908 = B_SPLINE_CURVE_WITH_KNOTS('',3,(#3909,#3910,#3911,#3912,#3913,
    #3914,#3915,#3916,#3917,#3918),.UNSPECIFIED.,.F.,.F.,(4,3,3,4),(0.,
    0.333333333333,0.666666666667,1.),.UNSPECIFIED.);
#3909 = CARTESIAN_POINT('',(-7.077714809E-02,-3.2991545504E-02));
#3910 = CARTESIAN_POINT('',(-6.917232366E-02,-3.7415293291E-02));
#3911 = CARTESIAN_POINT('',(-6.735802264E-02,-4.19095263985E-02));
#3912 = CARTESIAN_POINT('',(-6.5508084565E-02,-4.637395377875E-02));
#3913 = CARTESIAN_POINT('',(-6.365814649E-02,-5.0838381159E-02));
#3914 = CARTESIAN_POINT('',(-6.177257136E-02,-5.5273002812E-02));
#3915 = CARTESIAN_POINT('',(-5.9329840585E-02,-5.9978691881E-02));
#3916 = CARTESIAN_POINT('',(-5.688710981E-02,-6.468438095E-02));
#3917 = CARTESIAN_POINT('',(-5.388722339E-02,-6.9661137435E-02));
#3918 = CARTESIAN_POINT('',(-5.050402086E-02,-7.4808670288E-02));
#3919 = ( GEOMETRIC_REPRESENTATION_CONTEXT(2) 
PARAMETRIC_REPRESENTATION_CONTEXT() REPRESENTATION_CONTEXT('2D SPACE',''
  ) );
#3920 = ORIENTED_EDGE('',*,*,#3921,.F.);
#3921 = EDGE_CURVE('',#3922,#3878,#3924,.T.);
#3922 = VERTEX_POINT('',#3923);
#3923 = CARTESIAN_POINT('',(-20.24767272575,-3.897627383251,
    -1.693078486158));
#3924 = SURFACE_CURVE('',#3925,(#3942,#3962),.PCURVE_S1.);
#3925 = B_SPLINE_CURVE_WITH_KNOTS('',3,(#3926,#3927,#3928,#3929,#3930,
    #3931,#3932,#3933,#3934,#3935,#3936,#3937,#3938,#3939,#3940,#3941),
  .UNSPECIFIED.,.F.,.F.,(4,3,3,3,3,4),(0.,0.2,0.4,0.6,0.8,1.),
  .PIECEWISE_BEZIER_KNOTS.);
#3926 = CARTESIAN_POINT('',(-20.24767272575,-3.897627383251,
    -1.693078486158));
#3927 = CARTESIAN_POINT('',(-20.24453050727,-3.894866744331,
    -1.693078486158));
#3928 = CARTESIAN_POINT('',(-20.24163806326,-3.891915321964,
    -1.693078486158));
#3929 = CARTESIAN_POINT('',(-20.23908306094,-3.888776210922,
    -1.693078486158));
#3930 = CARTESIAN_POINT('',(-20.23652805862,-3.88563709988,
    -1.693078486158));
#3931 = CARTESIAN_POINT('',(-20.23431049798,-3.882310300164,
    -1.693078486158));
#3932 = CARTESIAN_POINT('',(-20.23216737742,-3.878786527457,
    -1.693078486158));
#3933 = CARTESIAN_POINT('',(-20.23002425687,-3.875262754749,
    -1.693078486158));
#3934 = CARTESIAN_POINT('',(-20.22795557641,-3.871542009052,
    -1.693078486158));
#3935 = CARTESIAN_POINT('',(-20.2259622708,-3.867626989484,
    -1.693078486158));
#3936 = CARTESIAN_POINT('',(-20.2239689652,-3.863711969916,
    -1.693078486158));
#3937 = CARTESIAN_POINT('',(-20.22205103445,-3.859602676479,
    -1.693078486158));
#3938 = CARTESIAN_POINT('',(-20.22026366844,-3.855560830914,
    -1.693078486158));
#3939 = CARTESIAN_POINT('',(-20.21847630243,-3.851518985349,
    -1.693078486158));
#3940 = CARTESIAN_POINT('',(-20.21681950117,-3.847544587657,
    -1.693078486158));
#3941 = CARTESIAN_POINT('',(-20.21527486802,-3.843550397257,
    -1.693078486158));
#3942 = PCURVE('',#126,#3943);
#3943 = DEFINITIONAL_REPRESENTATION('',(#3944),#3961);
#3944 = B_SPLINE_CURVE_WITH_KNOTS('',3,(#3945,#3946,#3947,#3948,#3949,
    #3950,#3951,#3952,#3953,#3954,#3955,#3956,#3957,#3958,#3959,#3960),
  .UNSPECIFIED.,.F.,.F.,(4,3,3,3,3,4),(0.,0.2,0.4,0.6,0.8,1.),
  .PIECEWISE_BEZIER_KNOTS.);
#3945 = CARTESIAN_POINT('',(6.95327050638,-3.642695197394));
#3946 = CARTESIAN_POINT('',(6.95641272486,-3.645455836314));
#3947 = CARTESIAN_POINT('',(6.959305168865,-3.648407258681));
#3948 = CARTESIAN_POINT('',(6.961860171187,-3.651546369723));
#3949 = CARTESIAN_POINT('',(6.96441517351,-3.654685480765));
#3950 = CARTESIAN_POINT('',(6.96663273415,-3.658012280481));
#3951 = CARTESIAN_POINT('',(6.968775854702,-3.661536053189));
#3952 = CARTESIAN_POINT('',(6.970918975253,-3.665059825896));
#3953 = CARTESIAN_POINT('',(6.972987655717,-3.668780571593));
#3954 = CARTESIAN_POINT('',(6.974980961323,-3.672695591161));
#3955 = CARTESIAN_POINT('',(6.97697426693,-3.676610610729));
#3956 = CARTESIAN_POINT('',(6.97889219768,-3.680719904166));
#3957 = CARTESIAN_POINT('',(6.980679563688,-3.684761749731));
#3958 = CARTESIAN_POINT('',(6.982466929695,-3.688803595296));
#3959 = CARTESIAN_POINT('',(6.98412373096,-3.692777992988));
#3960 = CARTESIAN_POINT('',(6.98566836411,-3.696772183388));
#3961 = ( GEOMETRIC_REPRESENTATION_CONTEXT(2) 
PARAMETRIC_REPRESENTATION_CONTEXT() REPRESENTATION_CONTEXT('2D SPACE',''
  ) );
#3962 = PCURVE('',#3767,#3963);
#3963 = DEFINITIONAL_REPRESENTATION('',(#3964),#3981);
#3964 = B_SPLINE_CURVE_WITH_KNOTS('',3,(#3965,#3966,#3967,#3968,#3969,
    #3970,#3971,#3972,#3973,#3974,#3975,#3976,#3977,#3978,#3979,#3980),
  .UNSPECIFIED.,.F.,.F.,(4,3,3,3,3,4),(0.,0.2,0.4,0.6,0.8,1.),
  .PIECEWISE_BEZIER_KNOTS.);
#3965 = CARTESIAN_POINT('',(-0.10317500582,2.108544049E-02));
#3966 = CARTESIAN_POINT('',(-0.10003278734,1.832480157E-02));
#3967 = CARTESIAN_POINT('',(-9.7140343335E-02,1.5373379203E-02));
#3968 = CARTESIAN_POINT('',(-9.45853410125E-02,1.223426816117E-02));
#3969 = CARTESIAN_POINT('',(-9.203033869E-02,9.09515711933E-03));
#3970 = CARTESIAN_POINT('',(-8.981277805E-02,5.76835740267E-03));
#3971 = CARTESIAN_POINT('',(-8.76696574983E-02,2.2445846955E-03));
#3972 = CARTESIAN_POINT('',(-8.55265369467E-02,-1.27918801167E-03));
#3973 = CARTESIAN_POINT('',(-8.34578564833E-02,-4.99993370933E-03));
#3974 = CARTESIAN_POINT('',(-8.14645508767E-02,-8.914953277E-03));
#3975 = CARTESIAN_POINT('',(-7.947124527E-02,-1.282997284467E-02));
#3976 = CARTESIAN_POINT('',(-7.755331452E-02,-1.693926628233E-02));
#3977 = CARTESIAN_POINT('',(-7.57659485125E-02,-2.098111184717E-02));
#3978 = CARTESIAN_POINT('',(-7.3978582505E-02,-2.5022957412E-02));
#3979 = CARTESIAN_POINT('',(-7.232178124E-02,-2.8997355104E-02));
#3980 = CARTESIAN_POINT('',(-7.077714809E-02,-3.2991545504E-02));
#3981 = ( GEOMETRIC_REPRESENTATION_CONTEXT(2) 
PARAMETRIC_REPRESENTATION_CONTEXT() REPRESENTATION_CONTEXT('2D SPACE',''
  ) );
#3982 = ORIENTED_EDGE('',*,*,#3983,.T.);
#3983 = EDGE_CURVE('',#3922,#3984,#3986,.T.);
#3984 = VERTEX_POINT('',#3985);
#3985 = CARTESIAN_POINT('',(-20.28646799876,-3.909965827446,
    -1.693078486158));
#3986 = SURFACE_CURVE('',#3987,(#3998,#4012),.PCURVE_S1.);
#3987 = B_SPLINE_CURVE_WITH_KNOTS('',3,(#3988,#3989,#3990,#3991,#3992,
    #3993,#3994,#3995,#3996,#3997),.UNSPECIFIED.,.F.,.F.,(4,3,3,4),(0.,
    0.333333333333,0.666666666667,1.),.UNSPECIFIED.);
#3988 = CARTESIAN_POINT('',(-20.24767272575,-3.897627383251,
    -1.693078486158));
#3989 = CARTESIAN_POINT('',(-20.25146291938,-3.9004657508,
    -1.693078486158));
#3990 = CARTESIAN_POINT('',(-20.25542488928,-3.902813740228,
    -1.693078486158));
#3991 = CARTESIAN_POINT('',(-20.25951306446,-3.904638006009,
    -1.693078486158));
#3992 = CARTESIAN_POINT('',(-20.26360123964,-3.906462271791,
    -1.693078486158));
#3993 = CARTESIAN_POINT('',(-20.26781562011,-3.907762813926,
    -1.693078486158));
#3994 = CARTESIAN_POINT('',(-20.27229291883,-3.90863966899,
    -1.693078486158));
#3995 = CARTESIAN_POINT('',(-20.27677021755,-3.909516524054,
    -1.693078486158));
#3996 = CARTESIAN_POINT('',(-20.28151043453,-3.909969692048,
    -1.693078486158));
#3997 = CARTESIAN_POINT('',(-20.28646799876,-3.909965827446,
    -1.693078486158));
#3998 = PCURVE('',#126,#3999);
#3999 = DEFINITIONAL_REPRESENTATION('',(#4000),#4011);
#4000 = B_SPLINE_CURVE_WITH_KNOTS('',3,(#4001,#4002,#4003,#4004,#4005,
    #4006,#4007,#4008,#4009,#4010),.UNSPECIFIED.,.F.,.F.,(4,3,3,4),(0.,
    0.333333333333,0.666666666667,1.),.UNSPECIFIED.);
#4001 = CARTESIAN_POINT('',(6.95327050638,-3.642695197394));
#4002 = CARTESIAN_POINT('',(6.94948031275,-3.639856829845));
#4003 = CARTESIAN_POINT('',(6.94551834285,-3.637508840417));
#4004 = CARTESIAN_POINT('',(6.941430167667,-3.635684574636));
#4005 = CARTESIAN_POINT('',(6.937341992483,-3.633860308854));
#4006 = CARTESIAN_POINT('',(6.933127612017,-3.632559766719));
#4007 = CARTESIAN_POINT('',(6.928650313296,-3.631682911655));
#4008 = CARTESIAN_POINT('',(6.924173014575,-3.630806056591));
#4009 = CARTESIAN_POINT('',(6.9194327976,-3.630352888597));
#4010 = CARTESIAN_POINT('',(6.91447523337,-3.630356753199));
#4011 = ( GEOMETRIC_REPRESENTATION_CONTEXT(2) 
PARAMETRIC_REPRESENTATION_CONTEXT() REPRESENTATION_CONTEXT('2D SPACE',''
  ) );
#4012 = PCURVE('',#3767,#4013);
#4013 = DEFINITIONAL_REPRESENTATION('',(#4014),#4025);
#4014 = B_SPLINE_CURVE_WITH_KNOTS('',3,(#4015,#4016,#4017,#4018,#4019,
    #4020,#4021,#4022,#4023,#4024),.UNSPECIFIED.,.F.,.F.,(4,3,3,4),(0.,
    0.333333333333,0.666666666667,1.),.UNSPECIFIED.);
#4015 = CARTESIAN_POINT('',(-0.10317500582,2.108544049E-02));
#4016 = CARTESIAN_POINT('',(-0.10696519945,2.3923808039E-02));
#4017 = CARTESIAN_POINT('',(-0.11092716935,2.6271797467E-02));
#4018 = CARTESIAN_POINT('',(-0.115015344533,2.80960632485E-02));
#4019 = CARTESIAN_POINT('',(-0.119103519717,2.992032903E-02));
#4020 = CARTESIAN_POINT('',(-0.123317900183,3.1220871165E-02));
#4021 = CARTESIAN_POINT('',(-0.127795198904,3.209772622925E-02));
#4022 = CARTESIAN_POINT('',(-0.132272497625,3.29745812935E-02));
#4023 = CARTESIAN_POINT('',(-0.1370127146,3.3427749287E-02));
#4024 = CARTESIAN_POINT('',(-0.14197027883,3.3423884685E-02));
#4025 = ( GEOMETRIC_REPRESENTATION_CONTEXT(2) 
PARAMETRIC_REPRESENTATION_CONTEXT() REPRESENTATION_CONTEXT('2D SPACE',''
  ) );
#4026 = ORIENTED_EDGE('',*,*,#4027,.F.);
#4027 = EDGE_CURVE('',#4028,#3984,#4030,.T.);
#4028 = VERTEX_POINT('',#4029);
#4029 = CARTESIAN_POINT('',(-20.3381093086,-3.882758828634,
    -1.693078486158));
#4030 = SURFACE_CURVE('',#4031,(#4042,#4056),.PCURVE_S1.);
#4031 = B_SPLINE_CURVE_WITH_KNOTS('',3,(#4032,#4033,#4034,#4035,#4036,
    #4037,#4038,#4039,#4040,#4041),.UNSPECIFIED.,.F.,.F.,(4,3,3,4),(0.,
    0.333333333333,0.666666666667,1.),.UNSPECIFIED.);
#4032 = CARTESIAN_POINT('',(-20.3381093086,-3.882758828634,
    -1.693078486158));
#4033 = CARTESIAN_POINT('',(-20.33386412714,-3.888717872292,
    -1.693078486158));
#4034 = CARTESIAN_POINT('',(-20.32912191525,-3.893699045127,
    -1.693078486158));
#4035 = CARTESIAN_POINT('',(-20.323897528,-3.897724229028,
    -1.693078486158));
#4036 = CARTESIAN_POINT('',(-20.31867314075,-3.901749412929,
    -1.693078486158));
#4037 = CARTESIAN_POINT('',(-20.31296657815,-3.904818607896,
    -1.693078486158));
#4038 = CARTESIAN_POINT('',(-20.30673327496,-3.906866168262,
    -1.693078486158));
#4039 = CARTESIAN_POINT('',(-20.30049997178,-3.908913728628,
    -1.693078486158));
#4040 = CARTESIAN_POINT('',(-20.29373992802,-3.909939654393,
    -1.693078486158));
#4041 = CARTESIAN_POINT('',(-20.28646799876,-3.909965827446,
    -1.693078486158));
#4042 = PCURVE('',#126,#4043);
#4043 = DEFINITIONAL_REPRESENTATION('',(#4044),#4055);
#4044 = B_SPLINE_CURVE_WITH_KNOTS('',3,(#4045,#4046,#4047,#4048,#4049,
    #4050,#4051,#4052,#4053,#4054),.UNSPECIFIED.,.F.,.F.,(4,3,3,4),(0.,
    0.333333333333,0.666666666667,1.),.UNSPECIFIED.);
#4045 = CARTESIAN_POINT('',(6.86283392353,-3.657563752011));
#4046 = CARTESIAN_POINT('',(6.86707910499,-3.651604708353));
#4047 = CARTESIAN_POINT('',(6.87182131688,-3.646623535518));
#4048 = CARTESIAN_POINT('',(6.877045704127,-3.642598351617));
#4049 = CARTESIAN_POINT('',(6.882270091373,-3.638573167716));
#4050 = CARTESIAN_POINT('',(6.887976653977,-3.635503972749));
#4051 = CARTESIAN_POINT('',(6.894209957161,-3.633456412383));
#4052 = CARTESIAN_POINT('',(6.900443260345,-3.631408852017));
#4053 = CARTESIAN_POINT('',(6.90720330411,-3.630382926252));
#4054 = CARTESIAN_POINT('',(6.91447523337,-3.630356753199));
#4055 = ( GEOMETRIC_REPRESENTATION_CONTEXT(2) 
PARAMETRIC_REPRESENTATION_CONTEXT() REPRESENTATION_CONTEXT('2D SPACE',''
  ) );
#4056 = PCURVE('',#3767,#4057);
#4057 = DEFINITIONAL_REPRESENTATION('',(#4058),#4069);
#4058 = B_SPLINE_CURVE_WITH_KNOTS('',3,(#4059,#4060,#4061,#4062,#4063,
    #4064,#4065,#4066,#4067,#4068),.UNSPECIFIED.,.F.,.F.,(4,3,3,4),(0.,
    0.333333333333,0.666666666667,1.),.UNSPECIFIED.);
#4059 = CARTESIAN_POINT('',(-0.19361158867,6.216885873E-03));
#4060 = CARTESIAN_POINT('',(-0.18936640721,1.2175929531E-02));
#4061 = CARTESIAN_POINT('',(-0.18462419532,1.7157102366E-02));
#4062 = CARTESIAN_POINT('',(-0.179399808073,2.1182286267E-02));
#4063 = CARTESIAN_POINT('',(-0.174175420827,2.5207470168E-02));
#4064 = CARTESIAN_POINT('',(-0.168468858223,2.8276665135E-02));
#4065 = CARTESIAN_POINT('',(-0.162235555039,3.0324225501E-02));
#4066 = CARTESIAN_POINT('',(-0.156002251855,3.2371785867E-02));
#4067 = CARTESIAN_POINT('',(-0.14924220809,3.3397711632E-02));
#4068 = CARTESIAN_POINT('',(-0.14197027883,3.3423884685E-02));
#4069 = ( GEOMETRIC_REPRESENTATION_CONTEXT(2) 
PARAMETRIC_REPRESENTATION_CONTEXT() REPRESENTATION_CONTEXT('2D SPACE',''
  ) );
#4070 = ORIENTED_EDGE('',*,*,#4071,.F.);
#4071 = EDGE_CURVE('',#4072,#4028,#4074,.T.);
#4072 = VERTEX_POINT('',#4073);
#4073 = CARTESIAN_POINT('',(-20.35734483005,-3.815694443034,
    -1.693078486158));
#4074 = SURFACE_CURVE('',#4075,(#4080,#4091),.PCURVE_S1.);
#4075 = ELLIPSE('',#4076,3.70820252236,0.598622874679);
#4076 = AXIS2_PLACEMENT_3D('',#4077,#4078,#4079);
#4077 = CARTESIAN_POINT('',(-17.24979937382,-1.830242651795,
    -1.693078486158));
#4078 = DIRECTION('',(0.,0.,1.));
#4079 = DIRECTION('',(0.833252691729,0.552892350938,-0.));
#4080 = PCURVE('',#126,#4081);
#4081 = DEFINITIONAL_REPRESENTATION('',(#4082),#4090);
#4082 = ( BOUNDED_CURVE() B_SPLINE_CURVE(2,(#4083,#4084,#4085,#4086,
#4087,#4088,#4089),.UNSPECIFIED.,.T.,.F.) B_SPLINE_CURVE_WITH_KNOTS((1,2
    ,2,2,2,1),(-2.094395102393,0.,2.094395102393,4.188790204786,
6.28318530718,8.377580409573),.UNSPECIFIED.) CURVE() 
GEOMETRIC_REPRESENTATION_ITEM() RATIONAL_B_SPLINE_CURVE((1.,0.5,1.,0.5,
1.,0.5,1.)) REPRESENTATION_ITEM('') );
#4083 = CARTESIAN_POINT('',(13.041013591543,-7.760316739192));
#4084 = CARTESIAN_POINT('',(12.467749792825,-8.624270820926));
#4085 = CARTESIAN_POINT('',(8.119577092333,-5.116938564546));
#4086 = CARTESIAN_POINT('',(3.771404391841,-1.609606308166));
#4087 = CARTESIAN_POINT('',(8.692840891051,-4.252984482812));
#4088 = CARTESIAN_POINT('',(13.614277390261,-6.896362657458));
#4089 = CARTESIAN_POINT('',(13.041013591543,-7.760316739192));
#4090 = ( GEOMETRIC_REPRESENTATION_CONTEXT(2) 
PARAMETRIC_REPRESENTATION_CONTEXT() REPRESENTATION_CONTEXT('2D SPACE',''
  ) );
#4091 = PCURVE('',#3767,#4092);
#4092 = DEFINITIONAL_REPRESENTATION('',(#4093),#4101);
#4093 = ( BOUNDED_CURVE() B_SPLINE_CURVE(2,(#4094,#4095,#4096,#4097,
#4098,#4099,#4100),.UNSPECIFIED.,.T.,.F.) B_SPLINE_CURVE_WITH_KNOTS((1,2
    ,2,2,2,1),(-2.094395102393,0.,2.094395102393,4.188790204786,
6.28318530718,8.377580409573),.UNSPECIFIED.) CURVE() 
GEOMETRIC_REPRESENTATION_ITEM() RATIONAL_B_SPLINE_CURVE((1.,0.5,1.,0.5,
1.,0.5,1.)) REPRESENTATION_ITEM('') );
#4094 = CARTESIAN_POINT('',(5.984568079343,-4.096536101308));
#4095 = CARTESIAN_POINT('',(5.411304280625,-4.960490183042));
#4096 = CARTESIAN_POINT('',(1.063131580133,-1.453157926662));
#4097 = CARTESIAN_POINT('',(-3.285041120359,2.054174329718));
#4098 = CARTESIAN_POINT('',(1.636395378851,-0.589203844928));
#4099 = CARTESIAN_POINT('',(6.557831878061,-3.232582019574));
#4100 = CARTESIAN_POINT('',(5.984568079343,-4.096536101308));
#4101 = ( GEOMETRIC_REPRESENTATION_CONTEXT(2) 
PARAMETRIC_REPRESENTATION_CONTEXT() REPRESENTATION_CONTEXT('2D SPACE',''
  ) );
#4102 = ORIENTED_EDGE('',*,*,#4103,.F.);
#4103 = EDGE_CURVE('',#4104,#4072,#4106,.T.);
#4104 = VERTEX_POINT('',#4105);
#4105 = CARTESIAN_POINT('',(-20.34660066492,-3.758334464649,
    -1.693078486158));
#4106 = SURFACE_CURVE('',#4107,(#4118,#4132),.PCURVE_S1.);
#4107 = B_SPLINE_CURVE_WITH_KNOTS('',3,(#4108,#4109,#4110,#4111,#4112,
    #4113,#4114,#4115,#4116,#4117),.UNSPECIFIED.,.F.,.F.,(4,3,3,4),(0.,
    0.333333333333,0.666666666667,1.),.UNSPECIFIED.);
#4108 = CARTESIAN_POINT('',(-20.34660066492,-3.758334464649,
    -1.693078486158));
#4109 = CARTESIAN_POINT('',(-20.3489943475,-3.764143571066,
    -1.693078486158));
#4110 = CARTESIAN_POINT('',(-20.35098801985,-3.770140588986,
    -1.693078486158));
#4111 = CARTESIAN_POINT('',(-20.35258038367,-3.776321108349,
    -1.693078486158));
#4112 = CARTESIAN_POINT('',(-20.3541727475,-3.782501627713,
    -1.693078486158));
#4113 = CARTESIAN_POINT('',(-20.3553638028,-3.78886564852,
    -1.693078486158));
#4114 = CARTESIAN_POINT('',(-20.35615744444,-3.795426400948,
    -1.693078486158));
#4115 = CARTESIAN_POINT('',(-20.35695108607,-3.801987153375,
    -1.693078486158));
#4116 = CARTESIAN_POINT('',(-20.35734731404,-3.808744637424,
    -1.693078486158));
#4117 = CARTESIAN_POINT('',(-20.35734483005,-3.815694443034,
    -1.693078486158));
#4118 = PCURVE('',#126,#4119);
#4119 = DEFINITIONAL_REPRESENTATION('',(#4120),#4131);
#4120 = B_SPLINE_CURVE_WITH_KNOTS('',3,(#4121,#4122,#4123,#4124,#4125,
    #4126,#4127,#4128,#4129,#4130),.UNSPECIFIED.,.F.,.F.,(4,3,3,4),(0.,
    0.333333333333,0.666666666667,1.),.UNSPECIFIED.);
#4121 = CARTESIAN_POINT('',(6.85434256721,-3.781988115996));
#4122 = CARTESIAN_POINT('',(6.85194888463,-3.776179009579));
#4123 = CARTESIAN_POINT('',(6.84995521228,-3.770181991659));
#4124 = CARTESIAN_POINT('',(6.848362848453,-3.764001472296));
#4125 = CARTESIAN_POINT('',(6.846770484627,-3.757820952932));
#4126 = CARTESIAN_POINT('',(6.845579429323,-3.751456932125));
#4127 = CARTESIAN_POINT('',(6.844785787689,-3.744896179697));
#4128 = CARTESIAN_POINT('',(6.843992146055,-3.73833542727));
#4129 = CARTESIAN_POINT('',(6.84359591809,-3.731577943221));
#4130 = CARTESIAN_POINT('',(6.84359840208,-3.724628137611));
#4131 = ( GEOMETRIC_REPRESENTATION_CONTEXT(2) 
PARAMETRIC_REPRESENTATION_CONTEXT() REPRESENTATION_CONTEXT('2D SPACE',''
  ) );
#4132 = PCURVE('',#3767,#4133);
#4133 = DEFINITIONAL_REPRESENTATION('',(#4134),#4145);
#4134 = B_SPLINE_CURVE_WITH_KNOTS('',3,(#4135,#4136,#4137,#4138,#4139,
    #4140,#4141,#4142,#4143,#4144),.UNSPECIFIED.,.F.,.F.,(4,3,3,4),(0.,
    0.333333333333,0.666666666667,1.),.UNSPECIFIED.);
#4135 = CARTESIAN_POINT('',(-0.20210294499,-0.118207478112));
#4136 = CARTESIAN_POINT('',(-0.20449662757,-0.112398371695));
#4137 = CARTESIAN_POINT('',(-0.20649029992,-0.106401353775));
#4138 = CARTESIAN_POINT('',(-0.208082663747,-0.100220834412));
#4139 = CARTESIAN_POINT('',(-0.209675027573,-9.4040315048E-02));
#4140 = CARTESIAN_POINT('',(-0.210866082877,-8.7676294241E-02));
#4141 = CARTESIAN_POINT('',(-0.211659724511,-8.111554181325E-02));
#4142 = CARTESIAN_POINT('',(-0.212453366145,-7.45547893855E-02));
#4143 = CARTESIAN_POINT('',(-0.21284959411,-6.7797305337E-02));
#4144 = CARTESIAN_POINT('',(-0.21284711012,-6.0847499727E-02));
#4145 = ( GEOMETRIC_REPRESENTATION_CONTEXT(2) 
PARAMETRIC_REPRESENTATION_CONTEXT() REPRESENTATION_CONTEXT('2D SPACE',''
  ) );
#4146 = ORIENTED_EDGE('',*,*,#4147,.F.);
#4147 = EDGE_CURVE('',#4148,#4104,#4150,.T.);
#4148 = VERTEX_POINT('',#4149);
#4149 = CARTESIAN_POINT('',(-20.30535693424,-3.758334464649,
    -1.693078486158));
#4150 = SURFACE_CURVE('',#4151,(#4155,#4162),.PCURVE_S1.);
#4151 = LINE('',#4152,#4153);
#4152 = CARTESIAN_POINT('',(-20.30535693424,-3.758334464649,
    -1.688078486158));
#4153 = VECTOR('',#4154,1.);
#4154 = DIRECTION('',(-1.,-1.292092259934E-12,0.));
#4155 = PCURVE('',#126,#4156);
#4156 = DEFINITIONAL_REPRESENTATION('',(#4157),#4161);
#4157 = LINE('',#4158,#4159);
#4158 = CARTESIAN_POINT('',(6.89558629789,-3.781988115996));
#4159 = VECTOR('',#4160,1.);
#4160 = DIRECTION('',(-1.,1.292092259934E-12));
#4161 = ( GEOMETRIC_REPRESENTATION_CONTEXT(2) 
PARAMETRIC_REPRESENTATION_CONTEXT() REPRESENTATION_CONTEXT('2D SPACE',''
  ) );
#4162 = PCURVE('',#3767,#4163);
#4163 = DEFINITIONAL_REPRESENTATION('',(#4164),#4168);
#4164 = LINE('',#4165,#4166);
#4165 = CARTESIAN_POINT('',(-0.16085921431,-0.118207478112));
#4166 = VECTOR('',#4167,1.);
#4167 = DIRECTION('',(-1.,1.292092259934E-12));
#4168 = ( GEOMETRIC_REPRESENTATION_CONTEXT(2) 
PARAMETRIC_REPRESENTATION_CONTEXT() REPRESENTATION_CONTEXT('2D SPACE',''
  ) );
#4169 = ORIENTED_EDGE('',*,*,#4170,.F.);
#4170 = EDGE_CURVE('',#4171,#4148,#4173,.T.);
#4171 = VERTEX_POINT('',#4172);
#4172 = CARTESIAN_POINT('',(-20.32285952583,-3.819853474699,
    -1.693078486158));
#4173 = SURFACE_CURVE('',#4174,(#4185,#4199),.PCURVE_S1.);
#4174 = B_SPLINE_CURVE_WITH_KNOTS('',3,(#4175,#4176,#4177,#4178,#4179,
    #4180,#4181,#4182,#4183,#4184),.UNSPECIFIED.,.F.,.F.,(4,3,3,4),(0.,
    0.333333333333,0.666666666667,1.),.UNSPECIFIED.);
#4175 = CARTESIAN_POINT('',(-20.32285952583,-3.819853474699,
    -1.693078486158));
#4176 = CARTESIAN_POINT('',(-20.32284018214,-3.812076213843,
    -1.693078486158));
#4177 = CARTESIAN_POINT('',(-20.3221783554,-3.804613156644,
    -1.693078486158));
#4178 = CARTESIAN_POINT('',(-20.32085550178,-3.797471464179,
    -1.693078486158));
#4179 = CARTESIAN_POINT('',(-20.31953264816,-3.790329771714,
    -1.693078486158));
#4180 = CARTESIAN_POINT('',(-20.31754876765,-3.783509443982,
    -1.693078486158));
#4181 = CARTESIAN_POINT('',(-20.31495949178,-3.776988997752,
    -1.693078486158));
#4182 = CARTESIAN_POINT('',(-20.31237021591,-3.770468551523,
    -1.693078486158));
#4183 = CARTESIAN_POINT('',(-20.30917554468,-3.764247986796,
    -1.693078486158));
#4184 = CARTESIAN_POINT('',(-20.30535693424,-3.758334464649,
    -1.693078486158));
#4185 = PCURVE('',#126,#4186);
#4186 = DEFINITIONAL_REPRESENTATION('',(#4187),#4198);
#4187 = B_SPLINE_CURVE_WITH_KNOTS('',3,(#4188,#4189,#4190,#4191,#4192,
    #4193,#4194,#4195,#4196,#4197),.UNSPECIFIED.,.F.,.F.,(4,3,3,4),(0.,
    0.333333333333,0.666666666667,1.),.UNSPECIFIED.);
#4188 = CARTESIAN_POINT('',(6.8780837063,-3.720469105946));
#4189 = CARTESIAN_POINT('',(6.87810304999,-3.728246366802));
#4190 = CARTESIAN_POINT('',(6.878764876725,-3.735709424001));
#4191 = CARTESIAN_POINT('',(6.880087730346,-3.742851116466));
#4192 = CARTESIAN_POINT('',(6.881410583967,-3.749992808931));
#4193 = CARTESIAN_POINT('',(6.883394464473,-3.756813136663));
#4194 = CARTESIAN_POINT('',(6.885983740344,-3.763333582893));
#4195 = CARTESIAN_POINT('',(6.888573016215,-3.769854029122));
#4196 = CARTESIAN_POINT('',(6.89176768745,-3.776074593849));
#4197 = CARTESIAN_POINT('',(6.89558629789,-3.781988115996));
#4198 = ( GEOMETRIC_REPRESENTATION_CONTEXT(2) 
PARAMETRIC_REPRESENTATION_CONTEXT() REPRESENTATION_CONTEXT('2D SPACE',''
  ) );
#4199 = PCURVE('',#3767,#4200);
#4200 = DEFINITIONAL_REPRESENTATION('',(#4201),#4212);
#4201 = B_SPLINE_CURVE_WITH_KNOTS('',3,(#4202,#4203,#4204,#4205,#4206,
    #4207,#4208,#4209,#4210,#4211),.UNSPECIFIED.,.F.,.F.,(4,3,3,4),(0.,
    0.333333333333,0.666666666667,1.),.UNSPECIFIED.);
#4202 = CARTESIAN_POINT('',(-0.1783618059,-5.6688468062E-02));
#4203 = CARTESIAN_POINT('',(-0.17834246221,-6.4465728918E-02));
#4204 = CARTESIAN_POINT('',(-0.177680635475,-7.19287861165E-02));
#4205 = CARTESIAN_POINT('',(-0.176357781854,-7.907047858175E-02));
#4206 = CARTESIAN_POINT('',(-0.175034928233,-8.6212171047E-02));
#4207 = CARTESIAN_POINT('',(-0.173051047727,-9.3032498779E-02));
#4208 = CARTESIAN_POINT('',(-0.170461771856,-9.95529450085E-02));
#4209 = CARTESIAN_POINT('',(-0.167872495985,-0.106073391238));
#4210 = CARTESIAN_POINT('',(-0.16467782475,-0.112293955965));
#4211 = CARTESIAN_POINT('',(-0.16085921431,-0.118207478112));
#4212 = ( GEOMETRIC_REPRESENTATION_CONTEXT(2) 
PARAMETRIC_REPRESENTATION_CONTEXT() REPRESENTATION_CONTEXT('2D SPACE',''
  ) );
#4213 = ORIENTED_EDGE('',*,*,#4214,.F.);
#4214 = EDGE_CURVE('',#4215,#4171,#4217,.T.);
#4215 = VERTEX_POINT('',#4216);
#4216 = CARTESIAN_POINT('',(-20.31384829055,-3.853299021007,
    -1.693078486158));
#4217 = SURFACE_CURVE('',#4218,(#4229,#4243),.PCURVE_S1.);
#4218 = B_SPLINE_CURVE_WITH_KNOTS('',3,(#4219,#4220,#4221,#4222,#4223,
    #4224,#4225,#4226,#4227,#4228),.UNSPECIFIED.,.F.,.F.,(4,3,3,4),(0.,
    0.333333333333,0.666666666667,1.),.UNSPECIFIED.);
#4219 = CARTESIAN_POINT('',(-20.31384829055,-3.853299021007,
    -1.693078486158));
#4220 = CARTESIAN_POINT('',(-20.31593075975,-3.850296449772,
    -1.693078486158));
#4221 = CARTESIAN_POINT('',(-20.31765198523,-3.847055908043,
    -1.693078486158));
#4222 = CARTESIAN_POINT('',(-20.31898937398,-3.843574597659,
    -1.693078486158));
#4223 = CARTESIAN_POINT('',(-20.32032676273,-3.840093287276,
    -1.693078486158));
#4224 = CARTESIAN_POINT('',(-20.32128031475,-3.836371208237,
    -1.693078486158));
#4225 = CARTESIAN_POINT('',(-20.32191780906,-3.832416755024,
    -1.693078486158));
#4226 = CARTESIAN_POINT('',(-20.32255530337,-3.828462301811,
    -1.693078486158));
#4227 = CARTESIAN_POINT('',(-20.32287673996,-3.824275474422,
    -1.693078486158));
#4228 = CARTESIAN_POINT('',(-20.32285952583,-3.819853474699,
    -1.693078486158));
#4229 = PCURVE('',#126,#4230);
#4230 = DEFINITIONAL_REPRESENTATION('',(#4231),#4242);
#4231 = B_SPLINE_CURVE_WITH_KNOTS('',3,(#4232,#4233,#4234,#4235,#4236,
    #4237,#4238,#4239,#4240,#4241),.UNSPECIFIED.,.F.,.F.,(4,3,3,4),(0.,
    0.333333333333,0.666666666667,1.),.UNSPECIFIED.);
#4232 = CARTESIAN_POINT('',(6.88709494158,-3.687023559638));
#4233 = CARTESIAN_POINT('',(6.88501247238,-3.690026130873));
#4234 = CARTESIAN_POINT('',(6.8832912469,-3.693266672602));
#4235 = CARTESIAN_POINT('',(6.881953858148,-3.696747982986));
#4236 = CARTESIAN_POINT('',(6.880616469397,-3.700229293369));
#4237 = CARTESIAN_POINT('',(6.879662917373,-3.703951372408));
#4238 = CARTESIAN_POINT('',(6.879025423067,-3.707905825621));
#4239 = CARTESIAN_POINT('',(6.87838792876,-3.711860278835));
#4240 = CARTESIAN_POINT('',(6.87806649217,-3.716047106223));
#4241 = CARTESIAN_POINT('',(6.8780837063,-3.720469105946));
#4242 = ( GEOMETRIC_REPRESENTATION_CONTEXT(2) 
PARAMETRIC_REPRESENTATION_CONTEXT() REPRESENTATION_CONTEXT('2D SPACE',''
  ) );
#4243 = PCURVE('',#3767,#4244);
#4244 = DEFINITIONAL_REPRESENTATION('',(#4245),#4256);
#4245 = B_SPLINE_CURVE_WITH_KNOTS('',3,(#4246,#4247,#4248,#4249,#4250,
    #4251,#4252,#4253,#4254,#4255),.UNSPECIFIED.,.F.,.F.,(4,3,3,4),(0.,
    0.333333333333,0.666666666667,1.),.UNSPECIFIED.);
#4246 = CARTESIAN_POINT('',(-0.16935057062,-2.3242921754E-02));
#4247 = CARTESIAN_POINT('',(-0.17143303982,-2.6245492989E-02));
#4248 = CARTESIAN_POINT('',(-0.1731542653,-2.9486034718E-02));
#4249 = CARTESIAN_POINT('',(-0.174491654052,-3.296734510166E-02));
#4250 = CARTESIAN_POINT('',(-0.175829042803,-3.644865548533E-02));
#4251 = CARTESIAN_POINT('',(-0.176782594827,-4.017073452367E-02));
#4252 = CARTESIAN_POINT('',(-0.177420089133,-4.412518773708E-02));
#4253 = CARTESIAN_POINT('',(-0.17805758344,-4.80796409505E-02));
#4254 = CARTESIAN_POINT('',(-0.17837902003,-5.2266468339E-02));
#4255 = CARTESIAN_POINT('',(-0.1783618059,-5.6688468062E-02));
#4256 = ( GEOMETRIC_REPRESENTATION_CONTEXT(2) 
PARAMETRIC_REPRESENTATION_CONTEXT() REPRESENTATION_CONTEXT('2D SPACE',''
  ) );
#4257 = ORIENTED_EDGE('',*,*,#4258,.F.);
#4258 = EDGE_CURVE('',#4259,#4215,#4261,.T.);
#4259 = VERTEX_POINT('',#4260);
#4260 = CARTESIAN_POINT('',(-20.29028044445,-3.866209348468,
    -1.693078486158));
#4261 = SURFACE_CURVE('',#4262,(#4267,#4274),.PCURVE_S1.);
#4262 = ELLIPSE('',#4263,0.285396583173,8.561411058251E-02);
#4263 = AXIS2_PLACEMENT_3D('',#4264,#4265,#4266);
#4264 = CARTESIAN_POINT('',(-20.18434362625,-3.603709471082,
    -1.693078486158));
#4265 = DIRECTION('',(0.,0.,-1.));
#4266 = DIRECTION('',(0.411399156353,0.911455283682,0.));
#4267 = PCURVE('',#126,#4268);
#4268 = DEFINITIONAL_REPRESENTATION('',(#4269),#4273);
#4269 = ELLIPSE('',#4270,0.285396583173,8.561411058251E-02);
#4270 = AXIS2_PLACEMENT_2D('',#4271,#4272);
#4271 = CARTESIAN_POINT('',(7.016599605876,-3.936613109563));
#4272 = DIRECTION('',(0.411399156353,-0.911455283682));
#4273 = ( GEOMETRIC_REPRESENTATION_CONTEXT(2) 
PARAMETRIC_REPRESENTATION_CONTEXT() REPRESENTATION_CONTEXT('2D SPACE',''
  ) );
#4274 = PCURVE('',#3767,#4275);
#4275 = DEFINITIONAL_REPRESENTATION('',(#4276),#4280);
#4276 = ELLIPSE('',#4277,0.285396583173,8.561411058251E-02);
#4277 = AXIS2_PLACEMENT_2D('',#4278,#4279);
#4278 = CARTESIAN_POINT('',(-3.98459063245E-02,-0.272832471679));
#4279 = DIRECTION('',(0.411399156353,-0.911455283682));
#4280 = ( GEOMETRIC_REPRESENTATION_CONTEXT(2) 
PARAMETRIC_REPRESENTATION_CONTEXT() REPRESENTATION_CONTEXT('2D SPACE',''
  ) );
#4281 = ORIENTED_EDGE('',*,*,#4282,.F.);
#4282 = EDGE_CURVE('',#4283,#4259,#4285,.T.);
#4283 = VERTEX_POINT('',#4284);
#4284 = CARTESIAN_POINT('',(-20.26949040988,-3.857905165734,
    -1.693078486158));
#4285 = SURFACE_CURVE('',#4286,(#4297,#4311),.PCURVE_S1.);
#4286 = B_SPLINE_CURVE_WITH_KNOTS('',3,(#4287,#4288,#4289,#4290,#4291,
    #4292,#4293,#4294,#4295,#4296),.UNSPECIFIED.,.F.,.F.,(4,3,3,4),(0.,
    0.333333333333,0.666666666667,1.),.UNSPECIFIED.);
#4287 = CARTESIAN_POINT('',(-20.26949040988,-3.857905165734,
    -1.693078486158));
#4288 = CARTESIAN_POINT('',(-20.27050614957,-3.85954674409,
    -1.693078486158));
#4289 = CARTESIAN_POINT('',(-20.27195983021,-3.860951601045,
    -1.693078486158));
#4290 = CARTESIAN_POINT('',(-20.27402748022,-3.862198281251,
    -1.693078486158));
#4291 = CARTESIAN_POINT('',(-20.27609513024,-3.863444961457,
    -1.693078486158));
#4292 = CARTESIAN_POINT('',(-20.27877674962,-3.864533464914,
    -1.693078486158));
#4293 = CARTESIAN_POINT('',(-20.28154425313,-3.865228157668,
    -1.693078486158));
#4294 = CARTESIAN_POINT('',(-20.28431175664,-3.865922850421,
    -1.693078486158));
#4295 = CARTESIAN_POINT('',(-20.28716514428,-3.866223732471,
    -1.693078486158));
#4296 = CARTESIAN_POINT('',(-20.29028044445,-3.866209348468,
    -1.693078486158));
#4297 = PCURVE('',#126,#4298);
#4298 = DEFINITIONAL_REPRESENTATION('',(#4299),#4310);
#4299 = B_SPLINE_CURVE_WITH_KNOTS('',3,(#4300,#4301,#4302,#4303,#4304,
    #4305,#4306,#4307,#4308,#4309),.UNSPECIFIED.,.F.,.F.,(4,3,3,4),(0.,
    0.333333333333,0.666666666667,1.),.UNSPECIFIED.);
#4300 = CARTESIAN_POINT('',(6.93145282225,-3.682417414911));
#4301 = CARTESIAN_POINT('',(6.93043708256,-3.680775836555));
#4302 = CARTESIAN_POINT('',(6.928983401915,-3.6793709796));
#4303 = CARTESIAN_POINT('',(6.926915751901,-3.678124299394));
#4304 = CARTESIAN_POINT('',(6.924848101887,-3.676877619188));
#4305 = CARTESIAN_POINT('',(6.922166482503,-3.675789115731));
#4306 = CARTESIAN_POINT('',(6.919398978994,-3.675094422978));
#4307 = CARTESIAN_POINT('',(6.916631475485,-3.674399730224));
#4308 = CARTESIAN_POINT('',(6.91377808785,-3.674098848174));
#4309 = CARTESIAN_POINT('',(6.91066278768,-3.674113232177));
#4310 = ( GEOMETRIC_REPRESENTATION_CONTEXT(2) 
PARAMETRIC_REPRESENTATION_CONTEXT() REPRESENTATION_CONTEXT('2D SPACE',''
  ) );
#4311 = PCURVE('',#3767,#4312);
#4312 = DEFINITIONAL_REPRESENTATION('',(#4313),#4324);
#4313 = B_SPLINE_CURVE_WITH_KNOTS('',3,(#4314,#4315,#4316,#4317,#4318,
    #4319,#4320,#4321,#4322,#4323),.UNSPECIFIED.,.F.,.F.,(4,3,3,4),(0.,
    0.333333333333,0.666666666667,1.),.UNSPECIFIED.);
#4314 = CARTESIAN_POINT('',(-0.12499268995,-1.8636777027E-02));
#4315 = CARTESIAN_POINT('',(-0.12600842964,-1.6995198671E-02));
#4316 = CARTESIAN_POINT('',(-0.127462110285,-1.5590341716E-02));
#4317 = CARTESIAN_POINT('',(-0.129529760299,-1.434366151E-02));
#4318 = CARTESIAN_POINT('',(-0.131597410313,-1.3096981304E-02));
#4319 = CARTESIAN_POINT('',(-0.134279029697,-1.2008477847E-02));
#4320 = CARTESIAN_POINT('',(-0.137046533206,-1.13137850935E-02));
#4321 = CARTESIAN_POINT('',(-0.139814036715,-1.061909234E-02));
#4322 = CARTESIAN_POINT('',(-0.14266742435,-1.031821029E-02));
#4323 = CARTESIAN_POINT('',(-0.14578272452,-1.0332594293E-02));
#4324 = ( GEOMETRIC_REPRESENTATION_CONTEXT(2) 
PARAMETRIC_REPRESENTATION_CONTEXT() REPRESENTATION_CONTEXT('2D SPACE',''
  ) );
#4325 = ORIENTED_EDGE('',*,*,#4326,.F.);
#4326 = EDGE_CURVE('',#4327,#4283,#4329,.T.);
#4327 = VERTEX_POINT('',#4328);
#4328 = CARTESIAN_POINT('',(-20.2468369172,-3.815406531835,
    -1.693078486158));
#4329 = SURFACE_CURVE('',#4330,(#4350,#4373),.PCURVE_S1.);
#4330 = B_SPLINE_CURVE_WITH_KNOTS('',3,(#4331,#4332,#4333,#4334,#4335,
    #4336,#4337,#4338,#4339,#4340,#4341,#4342,#4343,#4344,#4345,#4346,
    #4347,#4348,#4349),.UNSPECIFIED.,.F.,.F.,(4,3,3,3,3,3,4),(0.,0.2,0.4
    ,0.6,0.8,0.9,1.),.UNSPECIFIED.);
#4331 = CARTESIAN_POINT('',(-20.2468369172,-3.815406531835,
    -1.693078486158));
#4332 = CARTESIAN_POINT('',(-20.24852853959,-3.819750529649,
    -1.693078486158));
#4333 = CARTESIAN_POINT('',(-20.25018911432,-3.823838088094,
    -1.693078486158));
#4334 = CARTESIAN_POINT('',(-20.25181542447,-3.827649270086,
    -1.693078486158));
#4335 = CARTESIAN_POINT('',(-20.25344173462,-3.831460452078,
    -1.693078486158));
#4336 = CARTESIAN_POINT('',(-20.25503378018,-3.834995257617,
    -1.693078486158));
#4337 = CARTESIAN_POINT('',(-20.25660121195,-3.838313497956,
    -1.693078486158));
#4338 = CARTESIAN_POINT('',(-20.25816864373,-3.841631738294,
    -1.693078486158));
#4339 = CARTESIAN_POINT('',(-20.25971146171,-3.844733413433,
    -1.693078486158));
#4340 = CARTESIAN_POINT('',(-20.26155047047,-3.847870512663,
    -1.693078486158));
#4341 = CARTESIAN_POINT('',(-20.26338947924,-3.851007611894,
    -1.693078486158));
#4342 = CARTESIAN_POINT('',(-20.26552467879,-3.854180135216,
    -1.693078486158));
#4343 = CARTESIAN_POINT('',(-20.26695880873,-3.856006127918,
    -1.693078486158));
#4344 = CARTESIAN_POINT('',(-20.2676758737,-3.856919124269,
    -1.693078486158));
#4345 = CARTESIAN_POINT('',(-20.26821767127,-3.857495487965,
    -1.693078486158));
#4346 = CARTESIAN_POINT('',(-20.26862575395,-3.857792800452,
    -1.693078486158));
#4347 = CARTESIAN_POINT('',(-20.26903383664,-3.85809011294,
    -1.693078486158));
#4348 = CARTESIAN_POINT('',(-20.26930820444,-3.858108374218,
    -1.693078486158));
#4349 = CARTESIAN_POINT('',(-20.26949040988,-3.857905165734,
    -1.693078486158));
#4350 = PCURVE('',#126,#4351);
#4351 = DEFINITIONAL_REPRESENTATION('',(#4352),#4372);
#4352 = B_SPLINE_CURVE_WITH_KNOTS('',3,(#4353,#4354,#4355,#4356,#4357,
    #4358,#4359,#4360,#4361,#4362,#4363,#4364,#4365,#4366,#4367,#4368,
    #4369,#4370,#4371),.UNSPECIFIED.,.F.,.F.,(4,3,3,3,3,3,4),(0.,0.2,0.4
    ,0.6,0.8,0.9,1.),.UNSPECIFIED.);
#4353 = CARTESIAN_POINT('',(6.95410631493,-3.72491604881));
#4354 = CARTESIAN_POINT('',(6.95241469254,-3.720572050996));
#4355 = CARTESIAN_POINT('',(6.950754117805,-3.716484492551));
#4356 = CARTESIAN_POINT('',(6.949127807656,-3.712673310559));
#4357 = CARTESIAN_POINT('',(6.947501497507,-3.708862128567));
#4358 = CARTESIAN_POINT('',(6.945909451943,-3.705327323028));
#4359 = CARTESIAN_POINT('',(6.944342020172,-3.702009082689));
#4360 = CARTESIAN_POINT('',(6.9427745884,-3.698690842351));
#4361 = CARTESIAN_POINT('',(6.94123177042,-3.695589167212));
#4362 = CARTESIAN_POINT('',(6.939392761655,-3.692452067982));
#4363 = CARTESIAN_POINT('',(6.93755375289,-3.689314968751));
#4364 = CARTESIAN_POINT('',(6.93541855334,-3.686142445429));
#4365 = CARTESIAN_POINT('',(6.933984423398,-3.684316452727));
#4366 = CARTESIAN_POINT('',(6.933267358426,-3.683403456376));
#4367 = CARTESIAN_POINT('',(6.932725560857,-3.68282709268));
#4368 = CARTESIAN_POINT('',(6.932317478172,-3.682529780193));
#4369 = CARTESIAN_POINT('',(6.931909395486,-3.682232467705));
#4370 = CARTESIAN_POINT('',(6.931635027685,-3.682214206427));
#4371 = CARTESIAN_POINT('',(6.93145282225,-3.682417414911));
#4372 = ( GEOMETRIC_REPRESENTATION_CONTEXT(2) 
PARAMETRIC_REPRESENTATION_CONTEXT() REPRESENTATION_CONTEXT('2D SPACE',''
  ) );
#4373 = PCURVE('',#3767,#4374);
#4374 = DEFINITIONAL_REPRESENTATION('',(#4375),#4395);
#4375 = B_SPLINE_CURVE_WITH_KNOTS('',3,(#4376,#4377,#4378,#4379,#4380,
    #4381,#4382,#4383,#4384,#4385,#4386,#4387,#4388,#4389,#4390,#4391,
    #4392,#4393,#4394),.UNSPECIFIED.,.F.,.F.,(4,3,3,3,3,3,4),(0.,0.2,0.4
    ,0.6,0.8,0.9,1.),.UNSPECIFIED.);
#4376 = CARTESIAN_POINT('',(-0.10233919727,-6.1135410926E-02));
#4377 = CARTESIAN_POINT('',(-0.10403081966,-5.6791413112E-02));
#4378 = CARTESIAN_POINT('',(-0.105691394395,-5.2703854667E-02));
#4379 = CARTESIAN_POINT('',(-0.107317704544,-4.8892672675E-02));
#4380 = CARTESIAN_POINT('',(-0.108944014693,-4.5081490683E-02));
#4381 = CARTESIAN_POINT('',(-0.110536060257,-4.1546685144E-02));
#4382 = CARTESIAN_POINT('',(-0.112103492028,-3.822844480533E-02));
#4383 = CARTESIAN_POINT('',(-0.1136709238,-3.491020446667E-02));
#4384 = CARTESIAN_POINT('',(-0.11521374178,-3.180852932833E-02));
#4385 = CARTESIAN_POINT('',(-0.117052750545,-2.867143009783E-02));
#4386 = CARTESIAN_POINT('',(-0.11889175931,-2.553433086733E-02));
#4387 = CARTESIAN_POINT('',(-0.12102695886,-2.236180754467E-02));
#4388 = CARTESIAN_POINT('',(-0.122461088802,-2.053581484258E-02));
#4389 = CARTESIAN_POINT('',(-0.123178153774,-1.962281849154E-02));
#4390 = CARTESIAN_POINT('',(-0.123719951343,-1.904645479565E-02));
#4391 = CARTESIAN_POINT('',(-0.124128034028,-1.874914230851E-02));
#4392 = CARTESIAN_POINT('',(-0.124536116714,-1.845182982137E-02));
#4393 = CARTESIAN_POINT('',(-0.124810484515,-1.8433568543E-02));
#4394 = CARTESIAN_POINT('',(-0.12499268995,-1.8636777027E-02));
#4395 = ( GEOMETRIC_REPRESENTATION_CONTEXT(2) 
PARAMETRIC_REPRESENTATION_CONTEXT() REPRESENTATION_CONTEXT('2D SPACE',''
  ) );
#4396 = ORIENTED_EDGE('',*,*,#4397,.F.);
#4397 = EDGE_CURVE('',#4398,#4327,#4400,.T.);
#4398 = VERTEX_POINT('',#4399);
#4399 = CARTESIAN_POINT('',(-20.21204501971,-3.756677126393,
    -1.693078486158));
#4400 = SURFACE_CURVE('',#4401,(#4412,#4426),.PCURVE_S1.);
#4401 = B_SPLINE_CURVE_WITH_KNOTS('',3,(#4402,#4403,#4404,#4405,#4406,
    #4407,#4408,#4409,#4410,#4411),.UNSPECIFIED.,.F.,.F.,(4,3,3,4),(0.,
    0.333333333333,0.666666666667,1.),.UNSPECIFIED.);
#4402 = CARTESIAN_POINT('',(-20.21204501971,-3.756677126393,
    -1.693078486158));
#4403 = CARTESIAN_POINT('',(-20.21824182369,-3.763112528478,
    -1.693078486158));
#4404 = CARTESIAN_POINT('',(-20.2236444497,-3.76956317209,
    -1.693078486158));
#4405 = CARTESIAN_POINT('',(-20.22778943087,-3.775629791805,
    -1.693078486158));
#4406 = CARTESIAN_POINT('',(-20.23193441205,-3.78169641152,
    -1.693078486158));
#4407 = CARTESIAN_POINT('',(-20.23482174839,-3.787379007337,
    -1.693078486158));
#4408 = CARTESIAN_POINT('',(-20.23784184049,-3.793875375533,
    -1.693078486158));
#4409 = CARTESIAN_POINT('',(-20.24086193259,-3.800371743729,
    -1.693078486158));
#4410 = CARTESIAN_POINT('',(-20.24401478045,-3.807681884305,
    -1.693078486158));
#4411 = CARTESIAN_POINT('',(-20.2468369172,-3.815406531835,
    -1.693078486158));
#4412 = PCURVE('',#126,#4413);
#4413 = DEFINITIONAL_REPRESENTATION('',(#4414),#4425);
#4414 = B_SPLINE_CURVE_WITH_KNOTS('',3,(#4415,#4416,#4417,#4418,#4419,
    #4420,#4421,#4422,#4423,#4424),.UNSPECIFIED.,.F.,.F.,(4,3,3,4),(0.,
    0.333333333333,0.666666666667,1.),.UNSPECIFIED.);
#4415 = CARTESIAN_POINT('',(6.98889821242,-3.783645454252));
#4416 = CARTESIAN_POINT('',(6.98270140844,-3.777210052167));
#4417 = CARTESIAN_POINT('',(6.97729878243,-3.770759408555));
#4418 = CARTESIAN_POINT('',(6.973153801255,-3.76469278884));
#4419 = CARTESIAN_POINT('',(6.96900882008,-3.758626169125));
#4420 = CARTESIAN_POINT('',(6.96612148374,-3.752943573308));
#4421 = CARTESIAN_POINT('',(6.96310139164,-3.746447205112));
#4422 = CARTESIAN_POINT('',(6.96008129954,-3.739950836916));
#4423 = CARTESIAN_POINT('',(6.95692845168,-3.73264069634));
#4424 = CARTESIAN_POINT('',(6.95410631493,-3.72491604881));
#4425 = ( GEOMETRIC_REPRESENTATION_CONTEXT(2) 
PARAMETRIC_REPRESENTATION_CONTEXT() REPRESENTATION_CONTEXT('2D SPACE',''
  ) );
#4426 = PCURVE('',#3767,#4427);
#4427 = DEFINITIONAL_REPRESENTATION('',(#4428),#4439);
#4428 = B_SPLINE_CURVE_WITH_KNOTS('',3,(#4429,#4430,#4431,#4432,#4433,
    #4434,#4435,#4436,#4437,#4438),.UNSPECIFIED.,.F.,.F.,(4,3,3,4),(0.,
    0.333333333333,0.666666666667,1.),.UNSPECIFIED.);
#4429 = CARTESIAN_POINT('',(-6.754729978E-02,-0.119864816368));
#4430 = CARTESIAN_POINT('',(-7.374410376E-02,-0.113429414283));
#4431 = CARTESIAN_POINT('',(-7.914672977E-02,-0.106978770671));
#4432 = CARTESIAN_POINT('',(-8.3291710945E-02,-0.100912150956));
#4433 = CARTESIAN_POINT('',(-8.743669212E-02,-9.4845531241E-02));
#4434 = CARTESIAN_POINT('',(-9.032402846E-02,-8.9162935424E-02));
#4435 = CARTESIAN_POINT('',(-9.334412056E-02,-8.266656722775E-02));
#4436 = CARTESIAN_POINT('',(-9.636421266E-02,-7.61701990315E-02));
#4437 = CARTESIAN_POINT('',(-9.951706052E-02,-6.8860058456E-02));
#4438 = CARTESIAN_POINT('',(-0.10233919727,-6.1135410926E-02));
#4439 = ( GEOMETRIC_REPRESENTATION_CONTEXT(2) 
PARAMETRIC_REPRESENTATION_CONTEXT() REPRESENTATION_CONTEXT('2D SPACE',''
  ) );
#4440 = ORIENTED_EDGE('',*,*,#4441,.F.);
#4441 = EDGE_CURVE('',#4442,#4398,#4444,.T.);
#4442 = VERTEX_POINT('',#4443);
#4443 = CARTESIAN_POINT('',(-20.17556048768,-3.746723834584,
    -1.693078486158));
#4444 = SURFACE_CURVE('',#4445,(#4456,#4470),.PCURVE_S1.);
#4445 = B_SPLINE_CURVE_WITH_KNOTS('',3,(#4446,#4447,#4448,#4449,#4450,
    #4451,#4452,#4453,#4454,#4455),.UNSPECIFIED.,.F.,.F.,(4,3,3,4),(0.,
    0.333333333333,0.666666666667,1.),.UNSPECIFIED.);
#4446 = CARTESIAN_POINT('',(-20.17556048768,-3.746723834584,
    -1.693078486158));
#4447 = CARTESIAN_POINT('',(-20.17931770467,-3.746725144406,
    -1.693078486158));
#4448 = CARTESIAN_POINT('',(-20.18314931633,-3.747084112583,
    -1.693078486158));
#4449 = CARTESIAN_POINT('',(-20.18639439962,-3.747516011315,
    -1.693078486158));
#4450 = CARTESIAN_POINT('',(-20.18963948292,-3.747947910047,
    -1.693078486158));
#4451 = CARTESIAN_POINT('',(-20.19229803785,-3.748452739334,
    -1.693078486158));
#4452 = CARTESIAN_POINT('',(-20.19635283352,-3.749884682579,
    -1.693078486158));
#4453 = CARTESIAN_POINT('',(-20.20040762919,-3.751316625825,
    -1.693078486158));
#4454 = CARTESIAN_POINT('',(-20.2058586656,-3.75367568303,
    -1.693078486158));
#4455 = CARTESIAN_POINT('',(-20.21204501971,-3.756677126393,
    -1.693078486158));
#4456 = PCURVE('',#126,#4457);
#4457 = DEFINITIONAL_REPRESENTATION('',(#4458),#4469);
#4458 = B_SPLINE_CURVE_WITH_KNOTS('',3,(#4459,#4460,#4461,#4462,#4463,
    #4464,#4465,#4466,#4467,#4468),.UNSPECIFIED.,.F.,.F.,(4,3,3,4),(0.,
    0.333333333333,0.666666666667,1.),.UNSPECIFIED.);
#4459 = CARTESIAN_POINT('',(7.02538274445,-3.793598746061));
#4460 = CARTESIAN_POINT('',(7.02162552746,-3.793597436239));
#4461 = CARTESIAN_POINT('',(7.0177939158,-3.793238468062));
#4462 = CARTESIAN_POINT('',(7.014548832505,-3.79280656933));
#4463 = CARTESIAN_POINT('',(7.01130374921,-3.792374670598));
#4464 = CARTESIAN_POINT('',(7.00864519428,-3.791869841311));
#4465 = CARTESIAN_POINT('',(7.00459039861,-3.790437898066));
#4466 = CARTESIAN_POINT('',(7.00053560294,-3.78900595482));
#4467 = CARTESIAN_POINT('',(6.99508456653,-3.786646897615));
#4468 = CARTESIAN_POINT('',(6.98889821242,-3.783645454252));
#4469 = ( GEOMETRIC_REPRESENTATION_CONTEXT(2) 
PARAMETRIC_REPRESENTATION_CONTEXT() REPRESENTATION_CONTEXT('2D SPACE',''
  ) );
#4470 = PCURVE('',#3767,#4471);
#4471 = DEFINITIONAL_REPRESENTATION('',(#4472),#4483);
#4472 = B_SPLINE_CURVE_WITH_KNOTS('',3,(#4473,#4474,#4475,#4476,#4477,
    #4478,#4479,#4480,#4481,#4482),.UNSPECIFIED.,.F.,.F.,(4,3,3,4),(0.,
    0.333333333333,0.666666666667,1.),.UNSPECIFIED.);
#4473 = CARTESIAN_POINT('',(-3.106276775E-02,-0.129818108177));
#4474 = CARTESIAN_POINT('',(-3.481998474E-02,-0.129816798355));
#4475 = CARTESIAN_POINT('',(-3.86515964E-02,-0.129457830178));
#4476 = CARTESIAN_POINT('',(-4.1896679695E-02,-0.129025931446));
#4477 = CARTESIAN_POINT('',(-4.514176299E-02,-0.128594032714));
#4478 = CARTESIAN_POINT('',(-4.780031792E-02,-0.128089203427));
#4479 = CARTESIAN_POINT('',(-5.185511359E-02,-0.126657260182));
#4480 = CARTESIAN_POINT('',(-5.590990926E-02,-0.125225316936));
#4481 = CARTESIAN_POINT('',(-6.136094567E-02,-0.122866259731));
#4482 = CARTESIAN_POINT('',(-6.754729978E-02,-0.119864816368));
#4483 = ( GEOMETRIC_REPRESENTATION_CONTEXT(2) 
PARAMETRIC_REPRESENTATION_CONTEXT() REPRESENTATION_CONTEXT('2D SPACE',''
  ) );
#4484 = ORIENTED_EDGE('',*,*,#4485,.T.);
#4485 = EDGE_CURVE('',#4442,#4486,#4488,.T.);
#4486 = VERTEX_POINT('',#4487);
#4487 = CARTESIAN_POINT('',(-20.1232260059,-3.774017479886,
    -1.693078486158));
#4488 = SURFACE_CURVE('',#4489,(#4494,#4501),.PCURVE_S1.);
#4489 = ELLIPSE('',#4490,6.130938350545,0.588882836009);
#4490 = AXIS2_PLACEMENT_3D('',#4491,#4492,#4493);
#4491 = CARTESIAN_POINT('',(-23.00500532055,-9.176963205513,
    -1.693078486158));
#4492 = DIRECTION('',(0.,0.,-1.));
#4493 = DIRECTION('',(0.466393496752,0.884577360205,0.));
#4494 = PCURVE('',#126,#4495);
#4495 = DEFINITIONAL_REPRESENTATION('',(#4496),#4500);
#4496 = ELLIPSE('',#4497,6.130938350545,0.588882836009);
#4497 = AXIS2_PLACEMENT_2D('',#4498,#4499);
#4498 = CARTESIAN_POINT('',(4.195937911579,1.636640624868));
#4499 = DIRECTION('',(0.466393496752,-0.884577360205));
#4500 = ( GEOMETRIC_REPRESENTATION_CONTEXT(2) 
PARAMETRIC_REPRESENTATION_CONTEXT() REPRESENTATION_CONTEXT('2D SPACE',''
  ) );
#4501 = PCURVE('',#3767,#4502);
#4502 = DEFINITIONAL_REPRESENTATION('',(#4503),#4507);
#4503 = ELLIPSE('',#4504,6.130938350545,0.588882836009);
#4504 = AXIS2_PLACEMENT_2D('',#4505,#4506);
#4505 = CARTESIAN_POINT('',(-2.860507600621,5.300421262752));
#4506 = DIRECTION('',(0.466393496752,-0.884577360205));
#4507 = ( GEOMETRIC_REPRESENTATION_CONTEXT(2) 
PARAMETRIC_REPRESENTATION_CONTEXT() REPRESENTATION_CONTEXT('2D SPACE',''
  ) );
#4508 = ORIENTED_EDGE('',*,*,#4509,.F.);
#4509 = EDGE_CURVE('',#4510,#4486,#4512,.T.);
#4510 = VERTEX_POINT('',#4511);
#4511 = CARTESIAN_POINT('',(-20.10399048444,-3.84454772521,
    -1.693078486158));
#4512 = SURFACE_CURVE('',#4513,(#4524,#4538),.PCURVE_S1.);
#4513 = B_SPLINE_CURVE_WITH_KNOTS('',3,(#4514,#4515,#4516,#4517,#4518,
    #4519,#4520,#4521,#4522,#4523),.UNSPECIFIED.,.F.,.F.,(4,3,3,4),(0.,
    0.333333333333,0.666666666667,1.),.UNSPECIFIED.);
#4514 = CARTESIAN_POINT('',(-20.10399048444,-3.84454772521,
    -1.693078486158));
#4515 = CARTESIAN_POINT('',(-20.10397112353,-3.835131186049,
    -1.693078486158));
#4516 = CARTESIAN_POINT('',(-20.10466965233,-3.826241053045,
    -1.693078486158));
#4517 = CARTESIAN_POINT('',(-20.10605932363,-3.817871685317,
    -1.693078486158));
#4518 = CARTESIAN_POINT('',(-20.10744899493,-3.809502317589,
    -1.693078486158));
#4519 = CARTESIAN_POINT('',(-20.10952980872,-3.801653715137,
    -1.693078486158));
#4520 = CARTESIAN_POINT('',(-20.11238200669,-3.794342800604,
    -1.693078486158));
#4521 = CARTESIAN_POINT('',(-20.11523420466,-3.787031886072,
    -1.693078486158));
#4522 = CARTESIAN_POINT('',(-20.11885778681,-3.78025865946,
    -1.693078486158));
#4523 = CARTESIAN_POINT('',(-20.1232260059,-3.774017479886,
    -1.693078486158));
#4524 = PCURVE('',#126,#4525);
#4525 = DEFINITIONAL_REPRESENTATION('',(#4526),#4537);
#4526 = B_SPLINE_CURVE_WITH_KNOTS('',3,(#4527,#4528,#4529,#4530,#4531,
    #4532,#4533,#4534,#4535,#4536),.UNSPECIFIED.,.F.,.F.,(4,3,3,4),(0.,
    0.333333333333,0.666666666667,1.),.UNSPECIFIED.);
#4527 = CARTESIAN_POINT('',(7.09695274769,-3.695774855435));
#4528 = CARTESIAN_POINT('',(7.0969721086,-3.705191394596));
#4529 = CARTESIAN_POINT('',(7.096273579795,-3.7140815276));
#4530 = CARTESIAN_POINT('',(7.094883908496,-3.722450895328));
#4531 = CARTESIAN_POINT('',(7.093494237197,-3.730820263056));
#4532 = CARTESIAN_POINT('',(7.091413423403,-3.738668865508));
#4533 = CARTESIAN_POINT('',(7.088561225434,-3.745979780041));
#4534 = CARTESIAN_POINT('',(7.085709027465,-3.753290694573));
#4535 = CARTESIAN_POINT('',(7.08208544532,-3.760063921185));
#4536 = CARTESIAN_POINT('',(7.07771722623,-3.766305100759));
#4537 = ( GEOMETRIC_REPRESENTATION_CONTEXT(2) 
PARAMETRIC_REPRESENTATION_CONTEXT() REPRESENTATION_CONTEXT('2D SPACE',''
  ) );
#4538 = PCURVE('',#3767,#4539);
#4539 = DEFINITIONAL_REPRESENTATION('',(#4540),#4551);
#4540 = B_SPLINE_CURVE_WITH_KNOTS('',3,(#4541,#4542,#4543,#4544,#4545,
    #4546,#4547,#4548,#4549,#4550),.UNSPECIFIED.,.F.,.F.,(4,3,3,4),(0.,
    0.333333333333,0.666666666667,1.),.UNSPECIFIED.);
#4541 = CARTESIAN_POINT('',(4.050723549E-02,-3.1994217551E-02));
#4542 = CARTESIAN_POINT('',(4.05265964E-02,-4.1410756712E-02));
#4543 = CARTESIAN_POINT('',(3.9828067595E-02,-5.03008897155E-02));
#4544 = CARTESIAN_POINT('',(3.84383962958E-02,-5.867025744358E-02));
#4545 = CARTESIAN_POINT('',(3.70487249967E-02,-6.703962517167E-02));
#4546 = CARTESIAN_POINT('',(3.49679112033E-02,-7.488822762433E-02));
#4547 = CARTESIAN_POINT('',(3.21157132342E-02,-8.219914215667E-02));
#4548 = CARTESIAN_POINT('',(2.9263515265E-02,-8.9510056689E-02));
#4549 = CARTESIAN_POINT('',(2.563993312E-02,-9.6283283301E-02));
#4550 = CARTESIAN_POINT('',(2.127171403E-02,-0.102524462875));
#4551 = ( GEOMETRIC_REPRESENTATION_CONTEXT(2) 
PARAMETRIC_REPRESENTATION_CONTEXT() REPRESENTATION_CONTEXT('2D SPACE',''
  ) );
#4552 = ORIENTED_EDGE('',*,*,#4553,.F.);
#4553 = EDGE_CURVE('',#4554,#4510,#4556,.T.);
#4554 = VERTEX_POINT('',#4555);
#4555 = CARTESIAN_POINT('',(-20.1182005093,-3.910225766925,
    -1.693078486168));
#4556 = SURFACE_CURVE('',#4557,(#4562,#4573),.PCURVE_S1.);
#4557 = ELLIPSE('',#4558,4.44977477566,0.727661707081);
#4558 = AXIS2_PLACEMENT_3D('',#4559,#4560,#4561);
#4559 = CARTESIAN_POINT('',(-23.87772284152,-1.530949628221,
    -1.693078486158));
#4560 = DIRECTION('',(0.,0.,1.));
#4561 = DIRECTION('',(0.843512130001,-0.537110125152,0.));
#4562 = PCURVE('',#126,#4563);
#4563 = DEFINITIONAL_REPRESENTATION('',(#4564),#4572);
#4564 = ( BOUNDED_CURVE() B_SPLINE_CURVE(2,(#4565,#4566,#4567,#4568,
#4569,#4570,#4571),.UNSPECIFIED.,.T.,.F.) B_SPLINE_CURVE_WITH_KNOTS((1,2
    ,2,2,2,1),(-2.094395102393,0.,2.094395102393,4.188790204786,
6.28318530718,8.377580409573),.UNSPECIFIED.) CURVE() 
GEOMETRIC_REPRESENTATION_ITEM() RATIONAL_B_SPLINE_CURVE((1.,0.5,1.,0.5,
1.,0.5,1.)) REPRESENTATION_ITEM('') );
#4565 = CARTESIAN_POINT('',(7.076659389647,-3.61935386577));
#4566 = CARTESIAN_POINT('',(7.753604550005,-4.682471888251));
#4567 = CARTESIAN_POINT('',(1.784973471263,-7.735941506992));
#4568 = CARTESIAN_POINT('',(-4.183657607478,-10.78941112573));
#4569 = CARTESIAN_POINT('',(1.108028310906,-6.67282348451));
#4570 = CARTESIAN_POINT('',(6.39971422929,-2.556235843288));
#4571 = CARTESIAN_POINT('',(7.076659389647,-3.61935386577));
#4572 = ( GEOMETRIC_REPRESENTATION_CONTEXT(2) 
PARAMETRIC_REPRESENTATION_CONTEXT() REPRESENTATION_CONTEXT('2D SPACE',''
  ) );
#4573 = PCURVE('',#3767,#4574);
#4574 = DEFINITIONAL_REPRESENTATION('',(#4575),#4583);
#4575 = ( BOUNDED_CURVE() B_SPLINE_CURVE(2,(#4576,#4577,#4578,#4579,
#4580,#4581,#4582),.UNSPECIFIED.,.T.,.F.) B_SPLINE_CURVE_WITH_KNOTS((1,2
    ,2,2,2,1),(-2.094395102393,0.,2.094395102393,4.188790204786,
6.28318530718,8.377580409573),.UNSPECIFIED.) CURVE() 
GEOMETRIC_REPRESENTATION_ITEM() RATIONAL_B_SPLINE_CURVE((1.,0.5,1.,0.5,
1.,0.5,1.)) REPRESENTATION_ITEM('') );
#4576 = CARTESIAN_POINT('',(2.02138774475E-02,4.44267721145E-02));
#4577 = CARTESIAN_POINT('',(0.697159037805,-1.018691250367));
#4578 = CARTESIAN_POINT('',(-5.271472040937,-4.072160869108));
#4579 = CARTESIAN_POINT('',(-11.24010311967,-7.125630487848));
#4580 = CARTESIAN_POINT('',(-5.948417201294,-3.009042846626));
#4581 = CARTESIAN_POINT('',(-0.65673128291,1.107544794596));
#4582 = CARTESIAN_POINT('',(2.02138774475E-02,4.44267721145E-02));
#4583 = ( GEOMETRIC_REPRESENTATION_CONTEXT(2) 
PARAMETRIC_REPRESENTATION_CONTEXT() REPRESENTATION_CONTEXT('2D SPACE',''
  ) );
#4584 = ORIENTED_EDGE('',*,*,#4585,.F.);
#4585 = EDGE_CURVE('',#4586,#4554,#4588,.T.);
#4586 = VERTEX_POINT('',#4587);
#4587 = CARTESIAN_POINT('',(-20.16204363477,-3.910225766925,
    -1.693078486158));
#4588 = SURFACE_CURVE('',#4589,(#4593,#4600),.PCURVE_S1.);
#4589 = LINE('',#4590,#4591);
#4590 = CARTESIAN_POINT('',(-20.16204363477,-3.910225766925,
    -1.688078486158));
#4591 = VECTOR('',#4592,1.);
#4592 = DIRECTION('',(1.,-5.874848997441E-13,0.));
#4593 = PCURVE('',#126,#4594);
#4594 = DEFINITIONAL_REPRESENTATION('',(#4595),#4599);
#4595 = LINE('',#4596,#4597);
#4596 = CARTESIAN_POINT('',(7.03889959736,-3.63009681372));
#4597 = VECTOR('',#4598,1.);
#4598 = DIRECTION('',(1.,5.874848997441E-13));
#4599 = ( GEOMETRIC_REPRESENTATION_CONTEXT(2) 
PARAMETRIC_REPRESENTATION_CONTEXT() REPRESENTATION_CONTEXT('2D SPACE',''
  ) );
#4600 = PCURVE('',#3767,#4601);
#4601 = DEFINITIONAL_REPRESENTATION('',(#4602),#4606);
#4602 = LINE('',#4603,#4604);
#4603 = CARTESIAN_POINT('',(-1.754591484E-02,3.3683824164E-02));
#4604 = VECTOR('',#4605,1.);
#4605 = DIRECTION('',(1.,5.874848997441E-13));
#4606 = ( GEOMETRIC_REPRESENTATION_CONTEXT(2) 
PARAMETRIC_REPRESENTATION_CONTEXT() REPRESENTATION_CONTEXT('2D SPACE',''
  ) );
#4607 = ORIENTED_EDGE('',*,*,#4608,.F.);
#4608 = EDGE_CURVE('',#3732,#4586,#4609,.T.);
#4609 = SURFACE_CURVE('',#4610,(#4621,#4635),.PCURVE_S1.);
#4610 = B_SPLINE_CURVE_WITH_KNOTS('',3,(#4611,#4612,#4613,#4614,#4615,
    #4616,#4617,#4618,#4619,#4620),.UNSPECIFIED.,.F.,.F.,(4,3,3,4),(0.,
    0.333333333333,0.666666666667,1.),.UNSPECIFIED.);
#4611 = CARTESIAN_POINT('',(-20.13864908165,-3.840388693545,
    -1.693078486158));
#4612 = CARTESIAN_POINT('',(-20.13864721351,-3.848689739572,
    -1.693078486158));
#4613 = CARTESIAN_POINT('',(-20.13951237714,-3.856810208002,
    -1.693078486158));
#4614 = CARTESIAN_POINT('',(-20.14124306398,-3.864746844565,
    -1.693078486158));
#4615 = CARTESIAN_POINT('',(-20.14297375083,-3.872683481129,
    -1.693078486158));
#4616 = CARTESIAN_POINT('',(-20.14556996088,-3.880436285825,
    -1.693078486158));
#4617 = CARTESIAN_POINT('',(-20.14903621982,-3.888015021462,
    -1.693078486158));
#4618 = CARTESIAN_POINT('',(-20.15250247876,-3.895593757099,
    -1.693078486158));
#4619 = CARTESIAN_POINT('',(-20.1568387866,-3.902998423677,
    -1.693078486158));
#4620 = CARTESIAN_POINT('',(-20.16204363477,-3.910225766925,
    -1.693078486158));
#4621 = PCURVE('',#126,#4622);
#4622 = DEFINITIONAL_REPRESENTATION('',(#4623),#4634);
#4623 = B_SPLINE_CURVE_WITH_KNOTS('',3,(#4624,#4625,#4626,#4627,#4628,
    #4629,#4630,#4631,#4632,#4633),.UNSPECIFIED.,.F.,.F.,(4,3,3,4),(0.,
    0.333333333333,0.666666666667,1.),.UNSPECIFIED.);
#4624 = CARTESIAN_POINT('',(7.06229415048,-3.6999338871));
#4625 = CARTESIAN_POINT('',(7.06229601862,-3.691632841073));
#4626 = CARTESIAN_POINT('',(7.061430854985,-3.683512372643));
#4627 = CARTESIAN_POINT('',(7.059700168143,-3.67557573608));
#4628 = CARTESIAN_POINT('',(7.0579694813,-3.667639099516));
#4629 = CARTESIAN_POINT('',(7.05537327125,-3.65988629482));
#4630 = CARTESIAN_POINT('',(7.051907012308,-3.652307559183));
#4631 = CARTESIAN_POINT('',(7.048440753365,-3.644728823546));
#4632 = CARTESIAN_POINT('',(7.04410444553,-3.637324156968));
#4633 = CARTESIAN_POINT('',(7.03889959736,-3.63009681372));
#4634 = ( GEOMETRIC_REPRESENTATION_CONTEXT(2) 
PARAMETRIC_REPRESENTATION_CONTEXT() REPRESENTATION_CONTEXT('2D SPACE',''
  ) );
#4635 = PCURVE('',#3767,#4636);
#4636 = DEFINITIONAL_REPRESENTATION('',(#4637),#4648);
#4637 = B_SPLINE_CURVE_WITH_KNOTS('',3,(#4638,#4639,#4640,#4641,#4642,
    #4643,#4644,#4645,#4646,#4647),.UNSPECIFIED.,.F.,.F.,(4,3,3,4),(0.,
    0.333333333333,0.666666666667,1.),.UNSPECIFIED.);
#4638 = CARTESIAN_POINT('',(5.84863828E-03,-3.6153249216E-02));
#4639 = CARTESIAN_POINT('',(5.85050642E-03,-2.7852203189E-02));
#4640 = CARTESIAN_POINT('',(4.985342785002E-03,-1.9731734759E-02));
#4641 = CARTESIAN_POINT('',(3.254655942502E-03,-1.179509819567E-02));
#4642 = CARTESIAN_POINT('',(1.523969100003E-03,-3.85846163234E-03));
#4643 = CARTESIAN_POINT('',(-1.072240949998E-03,3.89434306433E-03));
#4644 = CARTESIAN_POINT('',(-4.538499892497E-03,1.147307870142E-02));
#4645 = CARTESIAN_POINT('',(-8.004758835E-03,1.90518143385E-02));
#4646 = CARTESIAN_POINT('',(-1.234106667E-02,2.6456480916E-02));
#4647 = CARTESIAN_POINT('',(-1.754591484E-02,3.3683824164E-02));
#4648 = ( GEOMETRIC_REPRESENTATION_CONTEXT(2) 
PARAMETRIC_REPRESENTATION_CONTEXT() REPRESENTATION_CONTEXT('2D SPACE',''
  ) );
#4649 = FACE_BOUND('',#4650,.F.);
#4650 = EDGE_LOOP('',(#4651,#4681,#4704,#4727,#4750,#4773,#4796,#4819,
    #4842,#4865,#4888,#4911));
#4651 = ORIENTED_EDGE('',*,*,#4652,.T.);
#4652 = EDGE_CURVE('',#4653,#4655,#4657,.T.);
#4653 = VERTEX_POINT('',#4654);
#4654 = CARTESIAN_POINT('',(-20.10970915298,-3.264189514919,
    -1.688078486158));
#4655 = VERTEX_POINT('',#4656);
#4656 = CARTESIAN_POINT('',(-20.14835348887,-3.264189514919,
    -1.688078486158));
#4657 = SURFACE_CURVE('',#4658,(#4662,#4669),.PCURVE_S1.);
#4658 = LINE('',#4659,#4660);
#4659 = CARTESIAN_POINT('',(-20.10970915298,-3.264189514919,
    -1.688078486158));
#4660 = VECTOR('',#4661,1.);
#4661 = DIRECTION('',(-1.,0.,0.));
#4662 = PCURVE('',#126,#4663);
#4663 = DEFINITIONAL_REPRESENTATION('',(#4664),#4668);
#4664 = LINE('',#4665,#4666);
#4665 = CARTESIAN_POINT('',(7.09123407915,-4.276133065726));
#4666 = VECTOR('',#4667,1.);
#4667 = DIRECTION('',(-1.,0.));
#4668 = ( GEOMETRIC_REPRESENTATION_CONTEXT(2) 
PARAMETRIC_REPRESENTATION_CONTEXT() REPRESENTATION_CONTEXT('2D SPACE',''
  ) );
#4669 = PCURVE('',#4670,#4675);
#4670 = PLANE('',#4671);
#4671 = AXIS2_PLACEMENT_3D('',#4672,#4673,#4674);
#4672 = CARTESIAN_POINT('',(-18.40094323213,-0.590322580645,
    -1.683078486158));
#4673 = DIRECTION('',(0.,0.,-1.));
#4674 = DIRECTION('',(1.,0.,0.));
#4675 = DEFINITIONAL_REPRESENTATION('',(#4676),#4680);
#4676 = LINE('',#4677,#4678);
#4677 = CARTESIAN_POINT('',(-1.70876592085,2.673866934274));
#4678 = VECTOR('',#4679,1.);
#4679 = DIRECTION('',(-1.,0.));
#4680 = ( GEOMETRIC_REPRESENTATION_CONTEXT(2) 
PARAMETRIC_REPRESENTATION_CONTEXT() REPRESENTATION_CONTEXT('2D SPACE',''
  ) );
#4681 = ORIENTED_EDGE('',*,*,#4682,.T.);
#4682 = EDGE_CURVE('',#4655,#4683,#4685,.T.);
#4683 = VERTEX_POINT('',#4684);
#4684 = CARTESIAN_POINT('',(-20.14835348887,-3.402737257267,
    -1.688078486158));
#4685 = SURFACE_CURVE('',#4686,(#4690,#4697),.PCURVE_S1.);
#4686 = LINE('',#4687,#4688);
#4687 = CARTESIAN_POINT('',(-20.14835348887,-3.264189514919,
    -1.688078486158));
#4688 = VECTOR('',#4689,1.);
#4689 = DIRECTION('',(0.,-1.,0.));
#4690 = PCURVE('',#126,#4691);
#4691 = DEFINITIONAL_REPRESENTATION('',(#4692),#4696);
#4692 = LINE('',#4693,#4694);
#4693 = CARTESIAN_POINT('',(7.05258974326,-4.276133065726));
#4694 = VECTOR('',#4695,1.);
#4695 = DIRECTION('',(0.,1.));
#4696 = ( GEOMETRIC_REPRESENTATION_CONTEXT(2) 
PARAMETRIC_REPRESENTATION_CONTEXT() REPRESENTATION_CONTEXT('2D SPACE',''
  ) );
#4697 = PCURVE('',#4670,#4698);
#4698 = DEFINITIONAL_REPRESENTATION('',(#4699),#4703);
#4699 = LINE('',#4700,#4701);
#4700 = CARTESIAN_POINT('',(-1.74741025674,2.673866934274));
#4701 = VECTOR('',#4702,1.);
#4702 = DIRECTION('',(0.,1.));
#4703 = ( GEOMETRIC_REPRESENTATION_CONTEXT(2) 
PARAMETRIC_REPRESENTATION_CONTEXT() REPRESENTATION_CONTEXT('2D SPACE',''
  ) );
#4704 = ORIENTED_EDGE('',*,*,#4705,.T.);
#4705 = EDGE_CURVE('',#4683,#4706,#4708,.T.);
#4706 = VERTEX_POINT('',#4707);
#4707 = CARTESIAN_POINT('',(-20.2623802737,-3.402737257267,
    -1.688078486158));
#4708 = SURFACE_CURVE('',#4709,(#4713,#4720),.PCURVE_S1.);
#4709 = LINE('',#4710,#4711);
#4710 = CARTESIAN_POINT('',(-20.14835348887,-3.402737257267,
    -1.688078486158));
#4711 = VECTOR('',#4712,1.);
#4712 = DIRECTION('',(-1.,0.,0.));
#4713 = PCURVE('',#126,#4714);
#4714 = DEFINITIONAL_REPRESENTATION('',(#4715),#4719);
#4715 = LINE('',#4716,#4717);
#4716 = CARTESIAN_POINT('',(7.05258974326,-4.137585323378));
#4717 = VECTOR('',#4718,1.);
#4718 = DIRECTION('',(-1.,0.));
#4719 = ( GEOMETRIC_REPRESENTATION_CONTEXT(2) 
PARAMETRIC_REPRESENTATION_CONTEXT() REPRESENTATION_CONTEXT('2D SPACE',''
  ) );
#4720 = PCURVE('',#4670,#4721);
#4721 = DEFINITIONAL_REPRESENTATION('',(#4722),#4726);
#4722 = LINE('',#4723,#4724);
#4723 = CARTESIAN_POINT('',(-1.74741025674,2.812414676622));
#4724 = VECTOR('',#4725,1.);
#4725 = DIRECTION('',(-1.,0.));
#4726 = ( GEOMETRIC_REPRESENTATION_CONTEXT(2) 
PARAMETRIC_REPRESENTATION_CONTEXT() REPRESENTATION_CONTEXT('2D SPACE',''
  ) );
#4727 = ORIENTED_EDGE('',*,*,#4728,.T.);
#4728 = EDGE_CURVE('',#4706,#4729,#4731,.T.);
#4729 = VERTEX_POINT('',#4730);
#4730 = CARTESIAN_POINT('',(-20.2623802737,-3.281518813525,
    -1.688078486158));
#4731 = SURFACE_CURVE('',#4732,(#4736,#4743),.PCURVE_S1.);
#4732 = LINE('',#4733,#4734);
#4733 = CARTESIAN_POINT('',(-20.2623802737,-3.402737257267,
    -1.688078486158));
#4734 = VECTOR('',#4735,1.);
#4735 = DIRECTION('',(0.,1.,0.));
#4736 = PCURVE('',#126,#4737);
#4737 = DEFINITIONAL_REPRESENTATION('',(#4738),#4742);
#4738 = LINE('',#4739,#4740);
#4739 = CARTESIAN_POINT('',(6.93856295843,-4.137585323378));
#4740 = VECTOR('',#4741,1.);
#4741 = DIRECTION('',(0.,-1.));
#4742 = ( GEOMETRIC_REPRESENTATION_CONTEXT(2) 
PARAMETRIC_REPRESENTATION_CONTEXT() REPRESENTATION_CONTEXT('2D SPACE',''
  ) );
#4743 = PCURVE('',#4670,#4744);
#4744 = DEFINITIONAL_REPRESENTATION('',(#4745),#4749);
#4745 = LINE('',#4746,#4747);
#4746 = CARTESIAN_POINT('',(-1.86143704157,2.812414676622));
#4747 = VECTOR('',#4748,1.);
#4748 = DIRECTION('',(0.,-1.));
#4749 = ( GEOMETRIC_REPRESENTATION_CONTEXT(2) 
PARAMETRIC_REPRESENTATION_CONTEXT() REPRESENTATION_CONTEXT('2D SPACE',''
  ) );
#4750 = ORIENTED_EDGE('',*,*,#4751,.T.);
#4751 = EDGE_CURVE('',#4729,#4752,#4754,.T.);
#4752 = VERTEX_POINT('',#4753);
#4753 = CARTESIAN_POINT('',(-20.30119790257,-3.281518813525,
    -1.688078486158));
#4754 = SURFACE_CURVE('',#4755,(#4759,#4766),.PCURVE_S1.);
#4755 = LINE('',#4756,#4757);
#4756 = CARTESIAN_POINT('',(-20.2623802737,-3.281518813525,
    -1.688078486158));
#4757 = VECTOR('',#4758,1.);
#4758 = DIRECTION('',(-1.,0.,0.));
#4759 = PCURVE('',#126,#4760);
#4760 = DEFINITIONAL_REPRESENTATION('',(#4761),#4765);
#4761 = LINE('',#4762,#4763);
#4762 = CARTESIAN_POINT('',(6.93856295843,-4.25880376712));
#4763 = VECTOR('',#4764,1.);
#4764 = DIRECTION('',(-1.,0.));
#4765 = ( GEOMETRIC_REPRESENTATION_CONTEXT(2) 
PARAMETRIC_REPRESENTATION_CONTEXT() REPRESENTATION_CONTEXT('2D SPACE',''
  ) );
#4766 = PCURVE('',#4670,#4767);
#4767 = DEFINITIONAL_REPRESENTATION('',(#4768),#4772);
#4768 = LINE('',#4769,#4770);
#4769 = CARTESIAN_POINT('',(-1.86143704157,2.69119623288));
#4770 = VECTOR('',#4771,1.);
#4771 = DIRECTION('',(-1.,0.));
#4772 = ( GEOMETRIC_REPRESENTATION_CONTEXT(2) 
PARAMETRIC_REPRESENTATION_CONTEXT() REPRESENTATION_CONTEXT('2D SPACE',''
  ) );
#4773 = ORIENTED_EDGE('',*,*,#4774,.T.);
#4774 = EDGE_CURVE('',#4752,#4775,#4777,.T.);
#4775 = VERTEX_POINT('',#4776);
#4776 = CARTESIAN_POINT('',(-20.30119790257,-3.402737257267,
    -1.688078486158));
#4777 = SURFACE_CURVE('',#4778,(#4782,#4789),.PCURVE_S1.);
#4778 = LINE('',#4779,#4780);
#4779 = CARTESIAN_POINT('',(-20.30119790257,-3.281518813525,
    -1.688078486158));
#4780 = VECTOR('',#4781,1.);
#4781 = DIRECTION('',(0.,-1.,0.));
#4782 = PCURVE('',#126,#4783);
#4783 = DEFINITIONAL_REPRESENTATION('',(#4784),#4788);
#4784 = LINE('',#4785,#4786);
#4785 = CARTESIAN_POINT('',(6.89974532956,-4.25880376712));
#4786 = VECTOR('',#4787,1.);
#4787 = DIRECTION('',(0.,1.));
#4788 = ( GEOMETRIC_REPRESENTATION_CONTEXT(2) 
PARAMETRIC_REPRESENTATION_CONTEXT() REPRESENTATION_CONTEXT('2D SPACE',''
  ) );
#4789 = PCURVE('',#4670,#4790);
#4790 = DEFINITIONAL_REPRESENTATION('',(#4791),#4795);
#4791 = LINE('',#4792,#4793);
#4792 = CARTESIAN_POINT('',(-1.90025467044,2.69119623288));
#4793 = VECTOR('',#4794,1.);
#4794 = DIRECTION('',(0.,1.));
#4795 = ( GEOMETRIC_REPRESENTATION_CONTEXT(2) 
PARAMETRIC_REPRESENTATION_CONTEXT() REPRESENTATION_CONTEXT('2D SPACE',''
  ) );
#4796 = ORIENTED_EDGE('',*,*,#4797,.T.);
#4797 = EDGE_CURVE('',#4775,#4798,#4800,.T.);
#4798 = VERTEX_POINT('',#4799);
#4799 = CARTESIAN_POINT('',(-20.40967931184,-3.402737257267,
    -1.688078486158));
#4800 = SURFACE_CURVE('',#4801,(#4805,#4812),.PCURVE_S1.);
#4801 = LINE('',#4802,#4803);
#4802 = CARTESIAN_POINT('',(-20.30119790257,-3.402737257267,
    -1.688078486158));
#4803 = VECTOR('',#4804,1.);
#4804 = DIRECTION('',(-1.,0.,0.));
#4805 = PCURVE('',#126,#4806);
#4806 = DEFINITIONAL_REPRESENTATION('',(#4807),#4811);
#4807 = LINE('',#4808,#4809);
#4808 = CARTESIAN_POINT('',(6.89974532956,-4.137585323378));
#4809 = VECTOR('',#4810,1.);
#4810 = DIRECTION('',(-1.,0.));
#4811 = ( GEOMETRIC_REPRESENTATION_CONTEXT(2) 
PARAMETRIC_REPRESENTATION_CONTEXT() REPRESENTATION_CONTEXT('2D SPACE',''
  ) );
#4812 = PCURVE('',#4670,#4813);
#4813 = DEFINITIONAL_REPRESENTATION('',(#4814),#4818);
#4814 = LINE('',#4815,#4816);
#4815 = CARTESIAN_POINT('',(-1.90025467044,2.812414676622));
#4816 = VECTOR('',#4817,1.);
#4817 = DIRECTION('',(-1.,0.));
#4818 = ( GEOMETRIC_REPRESENTATION_CONTEXT(2) 
PARAMETRIC_REPRESENTATION_CONTEXT() REPRESENTATION_CONTEXT('2D SPACE',''
  ) );
#4819 = ORIENTED_EDGE('',*,*,#4820,.T.);
#4820 = EDGE_CURVE('',#4798,#4821,#4823,.T.);
#4821 = VERTEX_POINT('',#4822);
#4822 = CARTESIAN_POINT('',(-20.40967931184,-3.271901052799,
    -1.688078486158));
#4823 = SURFACE_CURVE('',#4824,(#4828,#4835),.PCURVE_S1.);
#4824 = LINE('',#4825,#4826);
#4825 = CARTESIAN_POINT('',(-20.40967931184,-3.402737257267,
    -1.688078486158));
#4826 = VECTOR('',#4827,1.);
#4827 = DIRECTION('',(0.,1.,0.));
#4828 = PCURVE('',#126,#4829);
#4829 = DEFINITIONAL_REPRESENTATION('',(#4830),#4834);
#4830 = LINE('',#4831,#4832);
#4831 = CARTESIAN_POINT('',(6.79126392029,-4.137585323378));
#4832 = VECTOR('',#4833,1.);
#4833 = DIRECTION('',(0.,-1.));
#4834 = ( GEOMETRIC_REPRESENTATION_CONTEXT(2) 
PARAMETRIC_REPRESENTATION_CONTEXT() REPRESENTATION_CONTEXT('2D SPACE',''
  ) );
#4835 = PCURVE('',#4670,#4836);
#4836 = DEFINITIONAL_REPRESENTATION('',(#4837),#4841);
#4837 = LINE('',#4838,#4839);
#4838 = CARTESIAN_POINT('',(-2.00873607971,2.812414676622));
#4839 = VECTOR('',#4840,1.);
#4840 = DIRECTION('',(0.,-1.));
#4841 = ( GEOMETRIC_REPRESENTATION_CONTEXT(2) 
PARAMETRIC_REPRESENTATION_CONTEXT() REPRESENTATION_CONTEXT('2D SPACE',''
  ) );
#4842 = ORIENTED_EDGE('',*,*,#4843,.T.);
#4843 = EDGE_CURVE('',#4821,#4844,#4846,.T.);
#4844 = VERTEX_POINT('',#4845);
#4845 = CARTESIAN_POINT('',(-20.4486702337,-3.271901052799,
    -1.688078486158));
#4846 = SURFACE_CURVE('',#4847,(#4851,#4858),.PCURVE_S1.);
#4847 = LINE('',#4848,#4849);
#4848 = CARTESIAN_POINT('',(-20.40967931184,-3.271901052799,
    -1.688078486158));
#4849 = VECTOR('',#4850,1.);
#4850 = DIRECTION('',(-1.,0.,0.));
#4851 = PCURVE('',#126,#4852);
#4852 = DEFINITIONAL_REPRESENTATION('',(#4853),#4857);
#4853 = LINE('',#4854,#4855);
#4854 = CARTESIAN_POINT('',(6.79126392029,-4.268421527846));
#4855 = VECTOR('',#4856,1.);
#4856 = DIRECTION('',(-1.,0.));
#4857 = ( GEOMETRIC_REPRESENTATION_CONTEXT(2) 
PARAMETRIC_REPRESENTATION_CONTEXT() REPRESENTATION_CONTEXT('2D SPACE',''
  ) );
#4858 = PCURVE('',#4670,#4859);
#4859 = DEFINITIONAL_REPRESENTATION('',(#4860),#4864);
#4860 = LINE('',#4861,#4862);
#4861 = CARTESIAN_POINT('',(-2.00873607971,2.681578472154));
#4862 = VECTOR('',#4863,1.);
#4863 = DIRECTION('',(-1.,0.));
#4864 = ( GEOMETRIC_REPRESENTATION_CONTEXT(2) 
PARAMETRIC_REPRESENTATION_CONTEXT() REPRESENTATION_CONTEXT('2D SPACE',''
  ) );
#4865 = ORIENTED_EDGE('',*,*,#4866,.T.);
#4866 = EDGE_CURVE('',#4844,#4867,#4869,.T.);
#4867 = VERTEX_POINT('',#4868);
#4868 = CARTESIAN_POINT('',(-20.4486702337,-3.446493736247,
    -1.688078486158));
#4869 = SURFACE_CURVE('',#4870,(#4874,#4881),.PCURVE_S1.);
#4870 = LINE('',#4871,#4872);
#4871 = CARTESIAN_POINT('',(-20.4486702337,-3.271901052799,
    -1.688078486158));
#4872 = VECTOR('',#4873,1.);
#4873 = DIRECTION('',(0.,-1.,0.));
#4874 = PCURVE('',#126,#4875);
#4875 = DEFINITIONAL_REPRESENTATION('',(#4876),#4880);
#4876 = LINE('',#4877,#4878);
#4877 = CARTESIAN_POINT('',(6.75227299843,-4.268421527846));
#4878 = VECTOR('',#4879,1.);
#4879 = DIRECTION('',(0.,1.));
#4880 = ( GEOMETRIC_REPRESENTATION_CONTEXT(2) 
PARAMETRIC_REPRESENTATION_CONTEXT() REPRESENTATION_CONTEXT('2D SPACE',''
  ) );
#4881 = PCURVE('',#4670,#4882);
#4882 = DEFINITIONAL_REPRESENTATION('',(#4883),#4887);
#4883 = LINE('',#4884,#4885);
#4884 = CARTESIAN_POINT('',(-2.04772700157,2.681578472154));
#4885 = VECTOR('',#4886,1.);
#4886 = DIRECTION('',(0.,1.));
#4887 = ( GEOMETRIC_REPRESENTATION_CONTEXT(2) 
PARAMETRIC_REPRESENTATION_CONTEXT() REPRESENTATION_CONTEXT('2D SPACE',''
  ) );
#4888 = ORIENTED_EDGE('',*,*,#4889,.T.);
#4889 = EDGE_CURVE('',#4867,#4890,#4892,.T.);
#4890 = VERTEX_POINT('',#4891);
#4891 = CARTESIAN_POINT('',(-20.10970915298,-3.446493736247,
    -1.688078486158));
#4892 = SURFACE_CURVE('',#4893,(#4897,#4904),.PCURVE_S1.);
#4893 = LINE('',#4894,#4895);
#4894 = CARTESIAN_POINT('',(-20.4486702337,-3.446493736247,
    -1.688078486158));
#4895 = VECTOR('',#4896,1.);
#4896 = DIRECTION('',(1.,0.,0.));
#4897 = PCURVE('',#126,#4898);
#4898 = DEFINITIONAL_REPRESENTATION('',(#4899),#4903);
#4899 = LINE('',#4900,#4901);
#4900 = CARTESIAN_POINT('',(6.75227299843,-4.093828844398));
#4901 = VECTOR('',#4902,1.);
#4902 = DIRECTION('',(1.,0.));
#4903 = ( GEOMETRIC_REPRESENTATION_CONTEXT(2) 
PARAMETRIC_REPRESENTATION_CONTEXT() REPRESENTATION_CONTEXT('2D SPACE',''
  ) );
#4904 = PCURVE('',#4670,#4905);
#4905 = DEFINITIONAL_REPRESENTATION('',(#4906),#4910);
#4906 = LINE('',#4907,#4908);
#4907 = CARTESIAN_POINT('',(-2.04772700157,2.856171155602));
#4908 = VECTOR('',#4909,1.);
#4909 = DIRECTION('',(1.,0.));
#4910 = ( GEOMETRIC_REPRESENTATION_CONTEXT(2) 
PARAMETRIC_REPRESENTATION_CONTEXT() REPRESENTATION_CONTEXT('2D SPACE',''
  ) );
#4911 = ORIENTED_EDGE('',*,*,#4912,.T.);
#4912 = EDGE_CURVE('',#4890,#4653,#4913,.T.);
#4913 = SURFACE_CURVE('',#4914,(#4918,#4925),.PCURVE_S1.);
#4914 = LINE('',#4915,#4916);
#4915 = CARTESIAN_POINT('',(-20.10970915298,-3.446493736247,
    -1.688078486158));
#4916 = VECTOR('',#4917,1.);
#4917 = DIRECTION('',(0.,1.,0.));
#4918 = PCURVE('',#126,#4919);
#4919 = DEFINITIONAL_REPRESENTATION('',(#4920),#4924);
#4920 = LINE('',#4921,#4922);
#4921 = CARTESIAN_POINT('',(7.09123407915,-4.093828844398));
#4922 = VECTOR('',#4923,1.);
#4923 = DIRECTION('',(0.,-1.));
#4924 = ( GEOMETRIC_REPRESENTATION_CONTEXT(2) 
PARAMETRIC_REPRESENTATION_CONTEXT() REPRESENTATION_CONTEXT('2D SPACE',''
  ) );
#4925 = PCURVE('',#4670,#4926);
#4926 = DEFINITIONAL_REPRESENTATION('',(#4927),#4931);
#4927 = LINE('',#4928,#4929);
#4928 = CARTESIAN_POINT('',(-1.70876592085,2.856171155602));
#4929 = VECTOR('',#4930,1.);
#4930 = DIRECTION('',(0.,-1.));
#4931 = ( GEOMETRIC_REPRESENTATION_CONTEXT(2) 
PARAMETRIC_REPRESENTATION_CONTEXT() REPRESENTATION_CONTEXT('2D SPACE',''
  ) );
#4932 = FACE_BOUND('',#4933,.F.);
#4933 = EDGE_LOOP('',(#4934,#4964,#5008,#5037,#5081,#5109,#5153,#5197,
    #5220));
#4934 = ORIENTED_EDGE('',*,*,#4935,.T.);
#4935 = EDGE_CURVE('',#4936,#4938,#4940,.T.);
#4936 = VERTEX_POINT('',#4937);
#4937 = CARTESIAN_POINT('',(-20.10970915298,-3.200157756571,
    -1.688078486158));
#4938 = VERTEX_POINT('',#4939);
#4939 = CARTESIAN_POINT('',(-20.10970915298,-3.106926130077,
    -1.693078486158));
#4940 = SURFACE_CURVE('',#4941,(#4945,#4952),.PCURVE_S1.);
#4941 = LINE('',#4942,#4943);
#4942 = CARTESIAN_POINT('',(-20.10970915298,-3.200157756571,
    -1.688078486158));
#4943 = VECTOR('',#4944,1.);
#4944 = DIRECTION('',(-4.9538208826E-13,1.,0.));
#4945 = PCURVE('',#126,#4946);
#4946 = DEFINITIONAL_REPRESENTATION('',(#4947),#4951);
#4947 = LINE('',#4948,#4949);
#4948 = CARTESIAN_POINT('',(7.09123407915,-4.340164824074));
#4949 = VECTOR('',#4950,1.);
#4950 = DIRECTION('',(-4.9538208826E-13,-1.));
#4951 = ( GEOMETRIC_REPRESENTATION_CONTEXT(2) 
PARAMETRIC_REPRESENTATION_CONTEXT() REPRESENTATION_CONTEXT('2D SPACE',''
  ) );
#4952 = PCURVE('',#4953,#4958);
#4953 = PLANE('',#4954);
#4954 = AXIS2_PLACEMENT_3D('',#4955,#4956,#4957);
#4955 = CARTESIAN_POINT('',(-20.43747117448,-3.032886701785,
    -1.683078486158));
#4956 = DIRECTION('',(0.,0.,1.));
#4957 = DIRECTION('',(0.,-1.,0.));
#4958 = DEFINITIONAL_REPRESENTATION('',(#4959),#4963);
#4959 = LINE('',#4960,#4961);
#4960 = CARTESIAN_POINT('',(0.167271054786,0.3277620215));
#4961 = VECTOR('',#4962,1.);
#4962 = DIRECTION('',(-1.,-4.9538208826E-13));
#4963 = ( GEOMETRIC_REPRESENTATION_CONTEXT(2) 
PARAMETRIC_REPRESENTATION_CONTEXT() REPRESENTATION_CONTEXT('2D SPACE',''
  ) );
#4964 = ORIENTED_EDGE('',*,*,#4965,.T.);
#4965 = EDGE_CURVE('',#4938,#4966,#4968,.T.);
#4966 = VERTEX_POINT('',#4967);
#4967 = CARTESIAN_POINT('',(-20.13744033641,-3.001003448465,
    -1.690578486158));
#4968 = SURFACE_CURVE('',#4969,(#4980,#4994),.PCURVE_S1.);
#4969 = B_SPLINE_CURVE_WITH_KNOTS('',3,(#4970,#4971,#4972,#4973,#4974,
    #4975,#4976,#4977,#4978,#4979),.UNSPECIFIED.,.F.,.F.,(4,3,3,4),(0.,
    0.333333333333,0.666666666667,1.),.UNSPECIFIED.);
#4970 = CARTESIAN_POINT('',(-20.10970915298,-3.106926130077,
    -1.693078486158));
#4971 = CARTESIAN_POINT('',(-20.10973694311,-3.092965409102,
    -1.693078486158));
#4972 = CARTESIAN_POINT('',(-20.11078368991,-3.079735392519,
    -1.693078486158));
#4973 = CARTESIAN_POINT('',(-20.1128801515,-3.067241291771,
    -1.693078486158));
#4974 = CARTESIAN_POINT('',(-20.11497661309,-3.054747191023,
    -1.693078486158));
#4975 = CARTESIAN_POINT('',(-20.11812278947,-3.042989006108,
    -1.693078486158));
#4976 = CARTESIAN_POINT('',(-20.12222640632,-3.031951102704,
    -1.693078486158));
#4977 = CARTESIAN_POINT('',(-20.12633002317,-3.0209131993,
    -1.693078486158));
#4978 = CARTESIAN_POINT('',(-20.1313910805,-3.010595577407,
    -1.693078486158));
#4979 = CARTESIAN_POINT('',(-20.13744033641,-3.001003448465,
    -1.693078486158));
#4980 = PCURVE('',#126,#4981);
#4981 = DEFINITIONAL_REPRESENTATION('',(#4982),#4993);
#4982 = B_SPLINE_CURVE_WITH_KNOTS('',3,(#4983,#4984,#4985,#4986,#4987,
    #4988,#4989,#4990,#4991,#4992),.UNSPECIFIED.,.F.,.F.,(4,3,3,4),(0.,
    0.333333333333,0.666666666667,1.),.UNSPECIFIED.);
#4983 = CARTESIAN_POINT('',(7.09123407915,-4.433396450568));
#4984 = CARTESIAN_POINT('',(7.09120628902,-4.447357171543));
#4985 = CARTESIAN_POINT('',(7.09015954222,-4.460587188126));
#4986 = CARTESIAN_POINT('',(7.08806308063,-4.473081288874));
#4987 = CARTESIAN_POINT('',(7.08596661904,-4.485575389622));
#4988 = CARTESIAN_POINT('',(7.08282044266,-4.497333574537));
#4989 = CARTESIAN_POINT('',(7.078716825808,-4.508371477941));
#4990 = CARTESIAN_POINT('',(7.074613208955,-4.519409381345));
#4991 = CARTESIAN_POINT('',(7.06955215163,-4.529727003238));
#4992 = CARTESIAN_POINT('',(7.06350289572,-4.53931913218));
#4993 = ( GEOMETRIC_REPRESENTATION_CONTEXT(2) 
PARAMETRIC_REPRESENTATION_CONTEXT() REPRESENTATION_CONTEXT('2D SPACE',''
  ) );
#4994 = PCURVE('',#4953,#4995);
#4995 = DEFINITIONAL_REPRESENTATION('',(#4996),#5007);
#4996 = B_SPLINE_CURVE_WITH_KNOTS('',3,(#4997,#4998,#4999,#5000,#5001,
    #5002,#5003,#5004,#5005,#5006),.UNSPECIFIED.,.F.,.F.,(4,3,3,4),(0.,
    0.333333333333,0.666666666667,1.),.UNSPECIFIED.);
#4997 = CARTESIAN_POINT('',(7.4039428292E-02,0.3277620215));
#4998 = CARTESIAN_POINT('',(6.0078707317E-02,0.32773423137));
#4999 = CARTESIAN_POINT('',(4.68486907345E-02,0.32668748457));
#5000 = CARTESIAN_POINT('',(3.435458998609E-02,0.32459102298));
#5001 = CARTESIAN_POINT('',(2.186048923767E-02,0.32249456139));
#5002 = CARTESIAN_POINT('',(1.010230432333E-02,0.31934838501));
#5003 = CARTESIAN_POINT('',(-9.355990805799E-04,0.315244768157));
#5004 = CARTESIAN_POINT('',(-1.19735024845E-02,0.311141151305));
#5005 = CARTESIAN_POINT('',(-2.2291124378E-02,0.30608009398));
#5006 = CARTESIAN_POINT('',(-3.188325332E-02,0.30003083807));
#5007 = ( GEOMETRIC_REPRESENTATION_CONTEXT(2) 
PARAMETRIC_REPRESENTATION_CONTEXT() REPRESENTATION_CONTEXT('2D SPACE',''
  ) );
#5008 = ORIENTED_EDGE('',*,*,#5009,.T.);
#5009 = EDGE_CURVE('',#4966,#5010,#5012,.T.);
#5010 = VERTEX_POINT('',#5011);
#5011 = CARTESIAN_POINT('',(-20.15753094358,-2.974909570955,
    -1.690578486158));
#5012 = SURFACE_CURVE('',#5013,(#5019,#5028),.PCURVE_S1.);
#5013 = B_SPLINE_CURVE_WITH_KNOTS('',3,(#5014,#5015,#5016,#5017,#5018),
  .UNSPECIFIED.,.F.,.F.,(4,1,4),(0.,0.5,1.),.QUASI_UNIFORM_KNOTS.);
#5014 = CARTESIAN_POINT('',(-20.13744033641,-3.001003448465,
    -1.688078486158));
#5015 = CARTESIAN_POINT('',(-20.14026315131,-2.996477165003,
    -1.688078486158));
#5016 = CARTESIAN_POINT('',(-20.14643440075,-2.987601901956,
    -1.678078486158));
#5017 = CARTESIAN_POINT('',(-20.15365688943,-2.979081246663,
    -1.688078486158));
#5018 = CARTESIAN_POINT('',(-20.15753094358,-2.974909570955,
    -1.688078486158));
#5019 = PCURVE('',#126,#5020);
#5020 = DEFINITIONAL_REPRESENTATION('',(#5021),#5027);
#5021 = B_SPLINE_CURVE_WITH_KNOTS('',3,(#5022,#5023,#5024,#5025,#5026),
  .UNSPECIFIED.,.F.,.F.,(4,1,4),(0.,0.5,1.),.QUASI_UNIFORM_KNOTS.);
#5022 = CARTESIAN_POINT('',(7.06350289572,-4.53931913218));
#5023 = CARTESIAN_POINT('',(7.06068008082,-4.543845415642));
#5024 = CARTESIAN_POINT('',(7.05450883138,-4.552720678689));
#5025 = CARTESIAN_POINT('',(7.0472863427,-4.561241333982));
#5026 = CARTESIAN_POINT('',(7.04341228855,-4.56541300969));
#5027 = ( GEOMETRIC_REPRESENTATION_CONTEXT(2) 
PARAMETRIC_REPRESENTATION_CONTEXT() REPRESENTATION_CONTEXT('2D SPACE',''
  ) );
#5028 = PCURVE('',#4953,#5029);
#5029 = DEFINITIONAL_REPRESENTATION('',(#5030),#5036);
#5030 = B_SPLINE_CURVE_WITH_KNOTS('',3,(#5031,#5032,#5033,#5034,#5035),
  .UNSPECIFIED.,.F.,.F.,(4,1,4),(0.,0.5,1.),.QUASI_UNIFORM_KNOTS.);
#5031 = CARTESIAN_POINT('',(-3.188325332E-02,0.30003083807));
#5032 = CARTESIAN_POINT('',(-3.6409536782E-02,0.29720802317));
#5033 = CARTESIAN_POINT('',(-4.5284799829E-02,0.29103677373));
#5034 = CARTESIAN_POINT('',(-5.3805455122E-02,0.28381428505));
#5035 = CARTESIAN_POINT('',(-5.797713083E-02,0.2799402309));
#5036 = ( GEOMETRIC_REPRESENTATION_CONTEXT(2) 
PARAMETRIC_REPRESENTATION_CONTEXT() REPRESENTATION_CONTEXT('2D SPACE',''
  ) );
#5037 = ORIENTED_EDGE('',*,*,#5038,.T.);
#5038 = EDGE_CURVE('',#5010,#5039,#5041,.T.);
#5039 = VERTEX_POINT('',#5040);
#5040 = CARTESIAN_POINT('',(-20.19032547923,-2.948145934838,
    -1.693078486158));
#5041 = SURFACE_CURVE('',#5042,(#5053,#5067),.PCURVE_S1.);
#5042 = B_SPLINE_CURVE_WITH_KNOTS('',3,(#5043,#5044,#5045,#5046,#5047,
    #5048,#5049,#5050,#5051,#5052),.UNSPECIFIED.,.F.,.F.,(4,3,3,4),(0.,
    0.333333333333,0.666666666667,1.),.UNSPECIFIED.);
#5043 = CARTESIAN_POINT('',(-20.15753094358,-2.974909570955,
    -1.693078486158));
#5044 = CARTESIAN_POINT('',(-20.16139858195,-2.970885789163,
    -1.693078486158));
#5045 = CARTESIAN_POINT('',(-20.16518717156,-2.967216799112,
    -1.693078486158));
#5046 = CARTESIAN_POINT('',(-20.16877660567,-2.964031577771,
    -1.693078486158));
#5047 = CARTESIAN_POINT('',(-20.17236603979,-2.960846356431,
    -1.693078486158));
#5048 = CARTESIAN_POINT('',(-20.1757563184,-2.958144903803,
    -1.693078486158));
#5049 = CARTESIAN_POINT('',(-20.17930776174,-2.955540288971,
    -1.693078486158));
#5050 = CARTESIAN_POINT('',(-20.18285920508,-2.952935674139,
    -1.693078486158));
#5051 = CARTESIAN_POINT('',(-20.18657181316,-2.950427897104,
    -1.693078486158));
#5052 = CARTESIAN_POINT('',(-20.19032547923,-2.948145934838,
    -1.693078486158));
#5053 = PCURVE('',#126,#5054);
#5054 = DEFINITIONAL_REPRESENTATION('',(#5055),#5066);
#5055 = B_SPLINE_CURVE_WITH_KNOTS('',3,(#5056,#5057,#5058,#5059,#5060,
    #5061,#5062,#5063,#5064,#5065),.UNSPECIFIED.,.F.,.F.,(4,3,3,4),(0.,
    0.333333333333,0.666666666667,1.),.UNSPECIFIED.);
#5056 = CARTESIAN_POINT('',(7.04341228855,-4.56541300969));
#5057 = CARTESIAN_POINT('',(7.03954465018,-4.569436791482));
#5058 = CARTESIAN_POINT('',(7.035756060565,-4.573105781534));
#5059 = CARTESIAN_POINT('',(7.032166626453,-4.576291002874));
#5060 = CARTESIAN_POINT('',(7.02857719234,-4.579476224214));
#5061 = CARTESIAN_POINT('',(7.02518691373,-4.582177676842));
#5062 = CARTESIAN_POINT('',(7.021635470388,-4.584782291674));
#5063 = CARTESIAN_POINT('',(7.018084027045,-4.587386906506));
#5064 = CARTESIAN_POINT('',(7.01437141897,-4.589894683541));
#5065 = CARTESIAN_POINT('',(7.0106177529,-4.592176645807));
#5066 = ( GEOMETRIC_REPRESENTATION_CONTEXT(2) 
PARAMETRIC_REPRESENTATION_CONTEXT() REPRESENTATION_CONTEXT('2D SPACE',''
  ) );
#5067 = PCURVE('',#4953,#5068);
#5068 = DEFINITIONAL_REPRESENTATION('',(#5069),#5080);
#5069 = B_SPLINE_CURVE_WITH_KNOTS('',3,(#5070,#5071,#5072,#5073,#5074,
    #5075,#5076,#5077,#5078,#5079),.UNSPECIFIED.,.F.,.F.,(4,3,3,4),(0.,
    0.333333333333,0.666666666667,1.),.UNSPECIFIED.);
#5070 = CARTESIAN_POINT('',(-5.797713083E-02,0.2799402309));
#5071 = CARTESIAN_POINT('',(-6.2000912622E-02,0.27607259253));
#5072 = CARTESIAN_POINT('',(-6.56699026735E-02,0.272284002915));
#5073 = CARTESIAN_POINT('',(-6.885512401358E-02,0.268694568802));
#5074 = CARTESIAN_POINT('',(-7.204034535367E-02,0.26510513469));
#5075 = CARTESIAN_POINT('',(-7.474179798233E-02,0.26171485608));
#5076 = CARTESIAN_POINT('',(-7.734641281417E-02,0.258163412737));
#5077 = CARTESIAN_POINT('',(-7.9951027646E-02,0.254611969395));
#5078 = CARTESIAN_POINT('',(-8.2458804681E-02,0.25089936132));
#5079 = CARTESIAN_POINT('',(-8.4740766947E-02,0.24714569525));
#5080 = ( GEOMETRIC_REPRESENTATION_CONTEXT(2) 
PARAMETRIC_REPRESENTATION_CONTEXT() REPRESENTATION_CONTEXT('2D SPACE',''
  ) );
#5081 = ORIENTED_EDGE('',*,*,#5082,.T.);
#5082 = EDGE_CURVE('',#5039,#5083,#5085,.T.);
#5083 = VERTEX_POINT('',#5084);
#5084 = CARTESIAN_POINT('',(-20.28352201799,-2.924188676282,
    -1.693078486158));
#5085 = SURFACE_CURVE('',#5086,(#5091,#5102),.PCURVE_S1.);
#5086 = ELLIPSE('',#5087,8.220822730882,1.113167673669);
#5087 = AXIS2_PLACEMENT_3D('',#5088,#5089,#5090);
#5088 = CARTESIAN_POINT('',(-24.50841742395,-9.943570824836,
    -1.693078486158));
#5089 = DIRECTION('',(0.,0.,1.));
#5090 = DIRECTION('',(-0.525351171432,-0.850885507383,0.));
#5091 = PCURVE('',#126,#5092);
#5092 = DEFINITIONAL_REPRESENTATION('',(#5093),#5101);
#5093 = ( BOUNDED_CURVE() B_SPLINE_CURVE(2,(#5094,#5095,#5096,#5097,
#5098,#5099,#5100),.UNSPECIFIED.,.T.,.F.) B_SPLINE_CURVE_WITH_KNOTS((1,2
    ,2,2,2,1),(-2.094395102393,0.,2.094395102393,4.188790204786,
6.28318530718,8.377580409573),.UNSPECIFIED.) CURVE() 
GEOMETRIC_REPRESENTATION_ITEM() RATIONAL_B_SPLINE_CURVE((1.,0.5,1.,0.5,
1.,0.5,1.)) REPRESENTATION_ITEM('') );
#5094 = CARTESIAN_POINT('',(-1.626293043631,9.398227164666));
#5095 = CARTESIAN_POINT('',(1.426779328066E-02,10.411137303572));
#5096 = CARTESIAN_POINT('',(5.672215652532,-0.587786146594));
#5097 = CARTESIAN_POINT('',(11.330163511782,-11.58670959676));
#5098 = CARTESIAN_POINT('',(4.03165481562,-1.6006962855));
#5099 = CARTESIAN_POINT('',(-3.266853880542,8.38531702576));
#5100 = CARTESIAN_POINT('',(-1.626293043631,9.398227164666));
#5101 = ( GEOMETRIC_REPRESENTATION_CONTEXT(2) 
PARAMETRIC_REPRESENTATION_CONTEXT() REPRESENTATION_CONTEXT('2D SPACE',''
  ) );
#5102 = PCURVE('',#4953,#5103);
#5103 = DEFINITIONAL_REPRESENTATION('',(#5104),#5108);
#5104 = ELLIPSE('',#5105,8.220822730882,1.113167673669);
#5105 = AXIS2_PLACEMENT_2D('',#5106,#5107);
#5106 = CARTESIAN_POINT('',(6.910684123051,-4.070946249476));
#5107 = DIRECTION('',(0.850885507383,-0.525351171432));
#5108 = ( GEOMETRIC_REPRESENTATION_CONTEXT(2) 
PARAMETRIC_REPRESENTATION_CONTEXT() REPRESENTATION_CONTEXT('2D SPACE',''
  ) );
#5109 = ORIENTED_EDGE('',*,*,#5110,.T.);
#5110 = EDGE_CURVE('',#5083,#5111,#5113,.T.);
#5111 = VERTEX_POINT('',#5112);
#5112 = CARTESIAN_POINT('',(-20.40378735031,-2.97531010717,
    -1.693078486158));
#5113 = SURFACE_CURVE('',#5114,(#5125,#5139),.PCURVE_S1.);
#5114 = B_SPLINE_CURVE_WITH_KNOTS('',3,(#5115,#5116,#5117,#5118,#5119,
    #5120,#5121,#5122,#5123,#5124),.UNSPECIFIED.,.F.,.F.,(4,3,3,4),(0.,
    0.333333333333,0.666666666667,1.),.UNSPECIFIED.);
#5115 = CARTESIAN_POINT('',(-20.28352201799,-2.924188676282,
    -1.693078486158));
#5116 = CARTESIAN_POINT('',(-20.30044043942,-2.924218101619,
    -1.693078486158));
#5117 = CARTESIAN_POINT('',(-20.31617313001,-2.926132251722,
    -1.693078486158));
#5118 = CARTESIAN_POINT('',(-20.33070581769,-2.929962092431,
    -1.693078486158));
#5119 = CARTESIAN_POINT('',(-20.34523850538,-2.933791933139,
    -1.693078486158));
#5120 = CARTESIAN_POINT('',(-20.35857119016,-2.939537464454,
    -1.693078486158));
#5121 = CARTESIAN_POINT('',(-20.37074668824,-2.947105788857,
    -1.693078486158));
#5122 = CARTESIAN_POINT('',(-20.38292218632,-2.954674113259,
    -1.693078486158));
#5123 = CARTESIAN_POINT('',(-20.3939404977,-2.964065230751,
    -1.693078486158));
#5124 = CARTESIAN_POINT('',(-20.40378735031,-2.97531010717,
    -1.693078486158));
#5125 = PCURVE('',#126,#5126);
#5126 = DEFINITIONAL_REPRESENTATION('',(#5127),#5138);
#5127 = B_SPLINE_CURVE_WITH_KNOTS('',3,(#5128,#5129,#5130,#5131,#5132,
    #5133,#5134,#5135,#5136,#5137),.UNSPECIFIED.,.F.,.F.,(4,3,3,4),(0.,
    0.333333333333,0.666666666667,1.),.UNSPECIFIED.);
#5128 = CARTESIAN_POINT('',(6.91742121414,-4.616133904363));
#5129 = CARTESIAN_POINT('',(6.90050279271,-4.616104479026));
#5130 = CARTESIAN_POINT('',(6.88477010212,-4.614190328923));
#5131 = CARTESIAN_POINT('',(6.870237414435,-4.610360488214));
#5132 = CARTESIAN_POINT('',(6.85570472675,-4.606530647506));
#5133 = CARTESIAN_POINT('',(6.84237204197,-4.600785116191));
#5134 = CARTESIAN_POINT('',(6.83019654389,-4.593216791788));
#5135 = CARTESIAN_POINT('',(6.81802104581,-4.585648467386));
#5136 = CARTESIAN_POINT('',(6.80700273443,-4.576257349894));
#5137 = CARTESIAN_POINT('',(6.79715588182,-4.565012473475));
#5138 = ( GEOMETRIC_REPRESENTATION_CONTEXT(2) 
PARAMETRIC_REPRESENTATION_CONTEXT() REPRESENTATION_CONTEXT('2D SPACE',''
  ) );
#5139 = PCURVE('',#4953,#5140);
#5140 = DEFINITIONAL_REPRESENTATION('',(#5141),#5152);
#5141 = B_SPLINE_CURVE_WITH_KNOTS('',3,(#5142,#5143,#5144,#5145,#5146,
    #5147,#5148,#5149,#5150,#5151),.UNSPECIFIED.,.F.,.F.,(4,3,3,4),(0.,
    0.333333333333,0.666666666667,1.),.UNSPECIFIED.);
#5142 = CARTESIAN_POINT('',(-0.108698025503,0.15394915649));
#5143 = CARTESIAN_POINT('',(-0.108668600166,0.13703073506));
#5144 = CARTESIAN_POINT('',(-0.106754450063,0.12129804447));
#5145 = CARTESIAN_POINT('',(-0.102924609354,0.106765356785));
#5146 = CARTESIAN_POINT('',(-9.909476864567E-02,9.22326691E-02));
#5147 = CARTESIAN_POINT('',(-9.334923733133E-02,7.889998432E-02));
#5148 = CARTESIAN_POINT('',(-8.578091292841E-02,6.672448624E-02));
#5149 = CARTESIAN_POINT('',(-7.82125885255E-02,5.454898816E-02));
#5150 = CARTESIAN_POINT('',(-6.8821471034E-02,4.353067678E-02));
#5151 = CARTESIAN_POINT('',(-5.7576594615E-02,3.368382417E-02));
#5152 = ( GEOMETRIC_REPRESENTATION_CONTEXT(2) 
PARAMETRIC_REPRESENTATION_CONTEXT() REPRESENTATION_CONTEXT('2D SPACE',''
  ) );
#5153 = ORIENTED_EDGE('',*,*,#5154,.T.);
#5154 = EDGE_CURVE('',#5111,#5155,#5157,.T.);
#5155 = VERTEX_POINT('',#5156);
#5156 = CARTESIAN_POINT('',(-20.4486702337,-3.103460270354,
    -1.693078486158));
#5157 = SURFACE_CURVE('',#5158,(#5169,#5183),.PCURVE_S1.);
#5158 = B_SPLINE_CURVE_WITH_KNOTS('',3,(#5159,#5160,#5161,#5162,#5163,
    #5164,#5165,#5166,#5167,#5168),.UNSPECIFIED.,.F.,.F.,(4,3,3,4),(0.,
    0.333333333333,0.666666666667,1.),.UNSPECIFIED.);
#5159 = CARTESIAN_POINT('',(-20.40378735031,-2.97531010717,
    -1.693078486158));
#5160 = CARTESIAN_POINT('',(-20.4137988417,-2.986698121852,
    -1.693078486158));
#5161 = CARTESIAN_POINT('',(-20.4221351282,-2.999036492317,
    -1.693078486158));
#5162 = CARTESIAN_POINT('',(-20.42878621694,-3.012326793661,
    -1.693078486158));
#5163 = CARTESIAN_POINT('',(-20.43543730568,-3.025617095004,
    -1.693078486158));
#5164 = CARTESIAN_POINT('',(-20.44040319667,-3.039859327224,
    -1.693078486158));
#5165 = CARTESIAN_POINT('',(-20.4437138685,-3.055048765038,
    -1.693078486158));
#5166 = CARTESIAN_POINT('',(-20.44702454034,-3.070238202852,
    -1.693078486158));
#5167 = CARTESIAN_POINT('',(-20.44867999303,-3.086374846259,
    -1.693078486158));
#5168 = CARTESIAN_POINT('',(-20.4486702337,-3.103460270354,
    -1.693078486158));
#5169 = PCURVE('',#126,#5170);
#5170 = DEFINITIONAL_REPRESENTATION('',(#5171),#5182);
#5171 = B_SPLINE_CURVE_WITH_KNOTS('',3,(#5172,#5173,#5174,#5175,#5176,
    #5177,#5178,#5179,#5180,#5181),.UNSPECIFIED.,.F.,.F.,(4,3,3,4),(0.,
    0.333333333333,0.666666666667,1.),.UNSPECIFIED.);
#5172 = CARTESIAN_POINT('',(6.79715588182,-4.565012473475));
#5173 = CARTESIAN_POINT('',(6.78714439043,-4.553624458793));
#5174 = CARTESIAN_POINT('',(6.77880810393,-4.541286088328));
#5175 = CARTESIAN_POINT('',(6.772157015187,-4.527995786984));
#5176 = CARTESIAN_POINT('',(6.765505926443,-4.514705485641));
#5177 = CARTESIAN_POINT('',(6.760540035457,-4.500463253421));
#5178 = CARTESIAN_POINT('',(6.757229363621,-4.485273815607));
#5179 = CARTESIAN_POINT('',(6.753918691785,-4.470084377793));
#5180 = CARTESIAN_POINT('',(6.7522632391,-4.453947734386));
#5181 = CARTESIAN_POINT('',(6.75227299843,-4.436862310291));
#5182 = ( GEOMETRIC_REPRESENTATION_CONTEXT(2) 
PARAMETRIC_REPRESENTATION_CONTEXT() REPRESENTATION_CONTEXT('2D SPACE',''
  ) );
#5183 = PCURVE('',#4953,#5184);
#5184 = DEFINITIONAL_REPRESENTATION('',(#5185),#5196);
#5185 = B_SPLINE_CURVE_WITH_KNOTS('',3,(#5186,#5187,#5188,#5189,#5190,
    #5191,#5192,#5193,#5194,#5195),.UNSPECIFIED.,.F.,.F.,(4,3,3,4),(0.,
    0.333333333333,0.666666666667,1.),.UNSPECIFIED.);
#5186 = CARTESIAN_POINT('',(-5.7576594615E-02,3.368382417E-02));
#5187 = CARTESIAN_POINT('',(-4.6188579933E-02,2.367233278E-02));
#5188 = CARTESIAN_POINT('',(-3.38502094675E-02,1.533604628E-02));
#5189 = CARTESIAN_POINT('',(-2.055990812442E-02,8.684957536698E-03));
#5190 = CARTESIAN_POINT('',(-7.26960678133E-03,2.033868793298E-03));
#5191 = CARTESIAN_POINT('',(6.97262543933E-03,-2.932022193303E-03));
#5192 = CARTESIAN_POINT('',(2.216206325317E-02,-6.242694029201E-03));
#5193 = CARTESIAN_POINT('',(3.7351501067E-02,-9.553365865003E-03));
#5194 = CARTESIAN_POINT('',(5.3488144474E-02,-1.120881855E-02));
#5195 = CARTESIAN_POINT('',(7.0573568569E-02,-1.119905922E-02));
#5196 = ( GEOMETRIC_REPRESENTATION_CONTEXT(2) 
PARAMETRIC_REPRESENTATION_CONTEXT() REPRESENTATION_CONTEXT('2D SPACE',''
  ) );
#5197 = ORIENTED_EDGE('',*,*,#5198,.T.);
#5198 = EDGE_CURVE('',#5155,#5199,#5201,.T.);
#5199 = VERTEX_POINT('',#5200);
#5200 = CARTESIAN_POINT('',(-20.4486702337,-3.200157756571,
    -1.688078486158));
#5201 = SURFACE_CURVE('',#5202,(#5206,#5213),.PCURVE_S1.);
#5202 = LINE('',#5203,#5204);
#5203 = CARTESIAN_POINT('',(-20.4486702337,-3.103460270354,
    -1.688078486158));
#5204 = VECTOR('',#5205,1.);
#5205 = DIRECTION('',(2.939239740599E-13,-1.,0.));
#5206 = PCURVE('',#126,#5207);
#5207 = DEFINITIONAL_REPRESENTATION('',(#5208),#5212);
#5208 = LINE('',#5209,#5210);
#5209 = CARTESIAN_POINT('',(6.75227299843,-4.436862310291));
#5210 = VECTOR('',#5211,1.);
#5211 = DIRECTION('',(2.939239740599E-13,1.));
#5212 = ( GEOMETRIC_REPRESENTATION_CONTEXT(2) 
PARAMETRIC_REPRESENTATION_CONTEXT() REPRESENTATION_CONTEXT('2D SPACE',''
  ) );
#5213 = PCURVE('',#4953,#5214);
#5214 = DEFINITIONAL_REPRESENTATION('',(#5215),#5219);
#5215 = LINE('',#5216,#5217);
#5216 = CARTESIAN_POINT('',(7.0573568569E-02,-1.119905922E-02));
#5217 = VECTOR('',#5218,1.);
#5218 = DIRECTION('',(1.,2.939239740599E-13));
#5219 = ( GEOMETRIC_REPRESENTATION_CONTEXT(2) 
PARAMETRIC_REPRESENTATION_CONTEXT() REPRESENTATION_CONTEXT('2D SPACE',''
  ) );
#5220 = ORIENTED_EDGE('',*,*,#5221,.T.);
#5221 = EDGE_CURVE('',#5199,#4936,#5222,.T.);
#5222 = SURFACE_CURVE('',#5223,(#5227,#5234),.PCURVE_S1.);
#5223 = LINE('',#5224,#5225);
#5224 = CARTESIAN_POINT('',(-20.4486702337,-3.200157756571,
    -1.688078486158));
#5225 = VECTOR('',#5226,1.);
#5226 = DIRECTION('',(1.,0.,0.));
#5227 = PCURVE('',#126,#5228);
#5228 = DEFINITIONAL_REPRESENTATION('',(#5229),#5233);
#5229 = LINE('',#5230,#5231);
#5230 = CARTESIAN_POINT('',(6.75227299843,-4.340164824074));
#5231 = VECTOR('',#5232,1.);
#5232 = DIRECTION('',(1.,0.));
#5233 = ( GEOMETRIC_REPRESENTATION_CONTEXT(2) 
PARAMETRIC_REPRESENTATION_CONTEXT() REPRESENTATION_CONTEXT('2D SPACE',''
  ) );
#5234 = PCURVE('',#4953,#5235);
#5235 = DEFINITIONAL_REPRESENTATION('',(#5236),#5240);
#5236 = LINE('',#5237,#5238);
#5237 = CARTESIAN_POINT('',(0.167271054786,-1.119905922E-02));
#5238 = VECTOR('',#5239,1.);
#5239 = DIRECTION('',(0.,1.));
#5240 = ( GEOMETRIC_REPRESENTATION_CONTEXT(2) 
PARAMETRIC_REPRESENTATION_CONTEXT() REPRESENTATION_CONTEXT('2D SPACE',''
  ) );
#5241 = FACE_BOUND('',#5242,.F.);
#5242 = EDGE_LOOP('',(#5243,#5273,#5296,#5319,#5342,#5365,#5388,#5411));
#5243 = ORIENTED_EDGE('',*,*,#5244,.T.);
#5244 = EDGE_CURVE('',#5245,#5247,#5249,.T.);
#5245 = VERTEX_POINT('',#5246);
#5246 = CARTESIAN_POINT('',(-20.10970915298,-2.600390731844,
    -1.688078486158));
#5247 = VERTEX_POINT('',#5248);
#5248 = CARTESIAN_POINT('',(-20.4486702337,-2.729494006452,
    -1.688078486158));
#5249 = SURFACE_CURVE('',#5250,(#5254,#5261),.PCURVE_S1.);
#5250 = LINE('',#5251,#5252);
#5251 = CARTESIAN_POINT('',(-20.10970915298,-2.600390731844,
    -1.688078486158));
#5252 = VECTOR('',#5253,1.);
#5253 = DIRECTION('',(-0.934510438744,-0.355935724364,0.));
#5254 = PCURVE('',#126,#5255);
#5255 = DEFINITIONAL_REPRESENTATION('',(#5256),#5260);
#5256 = LINE('',#5257,#5258);
#5257 = CARTESIAN_POINT('',(7.09123407915,-4.939931848801));
#5258 = VECTOR('',#5259,1.);
#5259 = DIRECTION('',(-0.934510438744,0.355935724364));
#5260 = ( GEOMETRIC_REPRESENTATION_CONTEXT(2) 
PARAMETRIC_REPRESENTATION_CONTEXT() REPRESENTATION_CONTEXT('2D SPACE',''
  ) );
#5261 = PCURVE('',#5262,#5267);
#5262 = PLANE('',#5263);
#5263 = AXIS2_PLACEMENT_3D('',#5264,#5265,#5266);
#5264 = CARTESIAN_POINT('',(-18.40094323213,-0.590322580645,
    -1.683078486158));
#5265 = DIRECTION('',(0.,0.,-1.));
#5266 = DIRECTION('',(1.,0.,0.));
#5267 = DEFINITIONAL_REPRESENTATION('',(#5268),#5272);
#5268 = LINE('',#5269,#5270);
#5269 = CARTESIAN_POINT('',(-1.70876592085,2.010068151199));
#5270 = VECTOR('',#5271,1.);
#5271 = DIRECTION('',(-0.934510438744,0.355935724364));
#5272 = ( GEOMETRIC_REPRESENTATION_CONTEXT(2) 
PARAMETRIC_REPRESENTATION_CONTEXT() REPRESENTATION_CONTEXT('2D SPACE',''
  ) );
#5273 = ORIENTED_EDGE('',*,*,#5274,.T.);
#5274 = EDGE_CURVE('',#5247,#5275,#5277,.T.);
#5275 = VERTEX_POINT('',#5276);
#5276 = CARTESIAN_POINT('',(-20.4486702337,-2.776283112689,
    -1.688078486158));
#5277 = SURFACE_CURVE('',#5278,(#5282,#5289),.PCURVE_S1.);
#5278 = LINE('',#5279,#5280);
#5279 = CARTESIAN_POINT('',(-20.4486702337,-2.729494006452,
    -1.688078486158));
#5280 = VECTOR('',#5281,1.);
#5281 = DIRECTION('',(2.277910798818E-13,-1.,0.));
#5282 = PCURVE('',#126,#5283);
#5283 = DEFINITIONAL_REPRESENTATION('',(#5284),#5288);
#5284 = LINE('',#5285,#5286);
#5285 = CARTESIAN_POINT('',(6.75227299843,-4.810828574193));
#5286 = VECTOR('',#5287,1.);
#5287 = DIRECTION('',(2.277910798818E-13,1.));
#5288 = ( GEOMETRIC_REPRESENTATION_CONTEXT(2) 
PARAMETRIC_REPRESENTATION_CONTEXT() REPRESENTATION_CONTEXT('2D SPACE',''
  ) );
#5289 = PCURVE('',#5262,#5290);
#5290 = DEFINITIONAL_REPRESENTATION('',(#5291),#5295);
#5291 = LINE('',#5292,#5293);
#5292 = CARTESIAN_POINT('',(-2.04772700157,2.139171425807));
#5293 = VECTOR('',#5294,1.);
#5294 = DIRECTION('',(2.277910798818E-13,1.));
#5295 = ( GEOMETRIC_REPRESENTATION_CONTEXT(2) 
PARAMETRIC_REPRESENTATION_CONTEXT() REPRESENTATION_CONTEXT('2D SPACE',''
  ) );
#5296 = ORIENTED_EDGE('',*,*,#5297,.T.);
#5297 = EDGE_CURVE('',#5275,#5298,#5300,.T.);
#5298 = VERTEX_POINT('',#5299);
#5299 = CARTESIAN_POINT('',(-20.10970915298,-2.905386387299,
    -1.688078486158));
#5300 = SURFACE_CURVE('',#5301,(#5305,#5312),.PCURVE_S1.);
#5301 = LINE('',#5302,#5303);
#5302 = CARTESIAN_POINT('',(-20.4486702337,-2.776283112689,
    -1.688078486158));
#5303 = VECTOR('',#5304,1.);
#5304 = DIRECTION('',(0.934510438742,-0.35593572437,0.));
#5305 = PCURVE('',#126,#5306);
#5306 = DEFINITIONAL_REPRESENTATION('',(#5307),#5311);
#5307 = LINE('',#5308,#5309);
#5308 = CARTESIAN_POINT('',(6.75227299843,-4.764039467956));
#5309 = VECTOR('',#5310,1.);
#5310 = DIRECTION('',(0.934510438742,0.35593572437));
#5311 = ( GEOMETRIC_REPRESENTATION_CONTEXT(2) 
PARAMETRIC_REPRESENTATION_CONTEXT() REPRESENTATION_CONTEXT('2D SPACE',''
  ) );
#5312 = PCURVE('',#5262,#5313);
#5313 = DEFINITIONAL_REPRESENTATION('',(#5314),#5318);
#5314 = LINE('',#5315,#5316);
#5315 = CARTESIAN_POINT('',(-2.04772700157,2.185960532044));
#5316 = VECTOR('',#5317,1.);
#5317 = DIRECTION('',(0.934510438742,0.35593572437));
#5318 = ( GEOMETRIC_REPRESENTATION_CONTEXT(2) 
PARAMETRIC_REPRESENTATION_CONTEXT() REPRESENTATION_CONTEXT('2D SPACE',''
  ) );
#5319 = ORIENTED_EDGE('',*,*,#5320,.T.);
#5320 = EDGE_CURVE('',#5298,#5321,#5323,.T.);
#5321 = VERTEX_POINT('',#5322);
#5322 = CARTESIAN_POINT('',(-20.10970915298,-2.85703764419,
    -1.688078486158));
#5323 = SURFACE_CURVE('',#5324,(#5328,#5335),.PCURVE_S1.);
#5324 = LINE('',#5325,#5326);
#5325 = CARTESIAN_POINT('',(-20.10970915298,-2.905386387299,
    -1.688078486158));
#5326 = VECTOR('',#5327,1.);
#5327 = DIRECTION('',(7.348099351389E-14,1.,0.));
#5328 = PCURVE('',#126,#5329);
#5329 = DEFINITIONAL_REPRESENTATION('',(#5330),#5334);
#5330 = LINE('',#5331,#5332);
#5331 = CARTESIAN_POINT('',(7.09123407915,-4.634936193346));
#5332 = VECTOR('',#5333,1.);
#5333 = DIRECTION('',(7.348099351389E-14,-1.));
#5334 = ( GEOMETRIC_REPRESENTATION_CONTEXT(2) 
PARAMETRIC_REPRESENTATION_CONTEXT() REPRESENTATION_CONTEXT('2D SPACE',''
  ) );
#5335 = PCURVE('',#5262,#5336);
#5336 = DEFINITIONAL_REPRESENTATION('',(#5337),#5341);
#5337 = LINE('',#5338,#5339);
#5338 = CARTESIAN_POINT('',(-1.70876592085,2.315063806654));
#5339 = VECTOR('',#5340,1.);
#5340 = DIRECTION('',(7.348099351389E-14,-1.));
#5341 = ( GEOMETRIC_REPRESENTATION_CONTEXT(2) 
PARAMETRIC_REPRESENTATION_CONTEXT() REPRESENTATION_CONTEXT('2D SPACE',''
  ) );
#5342 = ORIENTED_EDGE('',*,*,#5343,.T.);
#5343 = EDGE_CURVE('',#5321,#5344,#5346,.T.);
#5344 = VERTEX_POINT('',#5345);
#5345 = CARTESIAN_POINT('',(-20.20242090052,-2.824458562812,
    -1.688078486158));
#5346 = SURFACE_CURVE('',#5347,(#5351,#5358),.PCURVE_S1.);
#5347 = LINE('',#5348,#5349);
#5348 = CARTESIAN_POINT('',(-20.10970915298,-2.85703764419,
    -1.688078486158));
#5349 = VECTOR('',#5350,1.);
#5350 = DIRECTION('',(-0.94344523308,0.331528418358,0.));
#5351 = PCURVE('',#126,#5352);
#5352 = DEFINITIONAL_REPRESENTATION('',(#5353),#5357);
#5353 = LINE('',#5354,#5355);
#5354 = CARTESIAN_POINT('',(7.09123407915,-4.683284936455));
#5355 = VECTOR('',#5356,1.);
#5356 = DIRECTION('',(-0.94344523308,-0.331528418358));
#5357 = ( GEOMETRIC_REPRESENTATION_CONTEXT(2) 
PARAMETRIC_REPRESENTATION_CONTEXT() REPRESENTATION_CONTEXT('2D SPACE',''
  ) );
#5358 = PCURVE('',#5262,#5359);
#5359 = DEFINITIONAL_REPRESENTATION('',(#5360),#5364);
#5360 = LINE('',#5361,#5362);
#5361 = CARTESIAN_POINT('',(-1.70876592085,2.266715063545));
#5362 = VECTOR('',#5363,1.);
#5363 = DIRECTION('',(-0.94344523308,-0.331528418358));
#5364 = ( GEOMETRIC_REPRESENTATION_CONTEXT(2) 
PARAMETRIC_REPRESENTATION_CONTEXT() REPRESENTATION_CONTEXT('2D SPACE',''
  ) );
#5365 = ORIENTED_EDGE('',*,*,#5366,.T.);
#5366 = EDGE_CURVE('',#5344,#5367,#5369,.T.);
#5367 = VERTEX_POINT('',#5368);
#5368 = CARTESIAN_POINT('',(-20.20242090052,-2.683311425671,
    -1.688078486158));
#5369 = SURFACE_CURVE('',#5370,(#5374,#5381),.PCURVE_S1.);
#5370 = LINE('',#5371,#5372);
#5371 = CARTESIAN_POINT('',(-20.20242090052,-2.824458562812,
    -1.688078486158));
#5372 = VECTOR('',#5373,1.);
#5373 = DIRECTION('',(-5.034057014204E-14,1.,0.));
#5374 = PCURVE('',#126,#5375);
#5375 = DEFINITIONAL_REPRESENTATION('',(#5376),#5380);
#5376 = LINE('',#5377,#5378);
#5377 = CARTESIAN_POINT('',(6.99852233161,-4.715864017833));
#5378 = VECTOR('',#5379,1.);
#5379 = DIRECTION('',(-5.034057014204E-14,-1.));
#5380 = ( GEOMETRIC_REPRESENTATION_CONTEXT(2) 
PARAMETRIC_REPRESENTATION_CONTEXT() REPRESENTATION_CONTEXT('2D SPACE',''
  ) );
#5381 = PCURVE('',#5262,#5382);
#5382 = DEFINITIONAL_REPRESENTATION('',(#5383),#5387);
#5383 = LINE('',#5384,#5385);
#5384 = CARTESIAN_POINT('',(-1.80147766839,2.234135982167));
#5385 = VECTOR('',#5386,1.);
#5386 = DIRECTION('',(-5.034057014204E-14,-1.));
#5387 = ( GEOMETRIC_REPRESENTATION_CONTEXT(2) 
PARAMETRIC_REPRESENTATION_CONTEXT() REPRESENTATION_CONTEXT('2D SPACE',''
  ) );
#5388 = ORIENTED_EDGE('',*,*,#5389,.T.);
#5389 = EDGE_CURVE('',#5367,#5390,#5392,.T.);
#5390 = VERTEX_POINT('',#5391);
#5391 = CARTESIAN_POINT('',(-20.10970915298,-2.648739474951,
    -1.688078486158));
#5392 = SURFACE_CURVE('',#5393,(#5397,#5404),.PCURVE_S1.);
#5393 = LINE('',#5394,#5395);
#5394 = CARTESIAN_POINT('',(-20.20242090052,-2.683311425671,
    -1.688078486158));
#5395 = VECTOR('',#5396,1.);
#5396 = DIRECTION('',(0.936975345944,0.349395479497,0.));
#5397 = PCURVE('',#126,#5398);
#5398 = DEFINITIONAL_REPRESENTATION('',(#5399),#5403);
#5399 = LINE('',#5400,#5401);
#5400 = CARTESIAN_POINT('',(6.99852233161,-4.857011154974));
#5401 = VECTOR('',#5402,1.);
#5402 = DIRECTION('',(0.936975345944,-0.349395479497));
#5403 = ( GEOMETRIC_REPRESENTATION_CONTEXT(2) 
PARAMETRIC_REPRESENTATION_CONTEXT() REPRESENTATION_CONTEXT('2D SPACE',''
  ) );
#5404 = PCURVE('',#5262,#5405);
#5405 = DEFINITIONAL_REPRESENTATION('',(#5406),#5410);
#5406 = LINE('',#5407,#5408);
#5407 = CARTESIAN_POINT('',(-1.80147766839,2.092988845026));
#5408 = VECTOR('',#5409,1.);
#5409 = DIRECTION('',(0.936975345944,-0.349395479497));
#5410 = ( GEOMETRIC_REPRESENTATION_CONTEXT(2) 
PARAMETRIC_REPRESENTATION_CONTEXT() REPRESENTATION_CONTEXT('2D SPACE',''
  ) );
#5411 = ORIENTED_EDGE('',*,*,#5412,.T.);
#5412 = EDGE_CURVE('',#5390,#5245,#5413,.T.);
#5413 = SURFACE_CURVE('',#5414,(#5418,#5425),.PCURVE_S1.);
#5414 = LINE('',#5415,#5416);
#5415 = CARTESIAN_POINT('',(-20.10970915298,-2.648739474951,
    -1.688078486158));
#5416 = VECTOR('',#5417,1.);
#5417 = DIRECTION('',(2.939239740695E-13,1.,0.));
#5418 = PCURVE('',#126,#5419);
#5419 = DEFINITIONAL_REPRESENTATION('',(#5420),#5424);
#5420 = LINE('',#5421,#5422);
#5421 = CARTESIAN_POINT('',(7.09123407915,-4.891583105694));
#5422 = VECTOR('',#5423,1.);
#5423 = DIRECTION('',(2.939239740695E-13,-1.));
#5424 = ( GEOMETRIC_REPRESENTATION_CONTEXT(2) 
PARAMETRIC_REPRESENTATION_CONTEXT() REPRESENTATION_CONTEXT('2D SPACE',''
  ) );
#5425 = PCURVE('',#5262,#5426);
#5426 = DEFINITIONAL_REPRESENTATION('',(#5427),#5431);
#5427 = LINE('',#5428,#5429);
#5428 = CARTESIAN_POINT('',(-1.70876592085,2.058416894306));
#5429 = VECTOR('',#5430,1.);
#5430 = DIRECTION('',(2.939239740695E-13,-1.));
#5431 = ( GEOMETRIC_REPRESENTATION_CONTEXT(2) 
PARAMETRIC_REPRESENTATION_CONTEXT() REPRESENTATION_CONTEXT('2D SPACE',''
  ) );
#5432 = FACE_BOUND('',#5433,.F.);
#5433 = EDGE_LOOP('',(#5434,#5485,#5529,#5573,#5602,#5626,#5670,#5714,
    #5743,#5772,#5816,#5860,#5904,#5948,#6001,#6024,#6047,#6070,#6093,
    #6137,#6181,#6225,#6278,#6322,#6366,#6419,#6442,#6495,#6539,#6562,
    #6606,#6650,#6694,#6717,#6746,#6778));
#5434 = ORIENTED_EDGE('',*,*,#5435,.T.);
#5435 = EDGE_CURVE('',#5436,#5438,#5440,.T.);
#5436 = VERTEX_POINT('',#5437);
#5437 = CARTESIAN_POINT('',(-20.44592774802,-4.662823885706,
    -1.693078486158));
#5438 = VERTEX_POINT('',#5439);
#5439 = CARTESIAN_POINT('',(-20.76163770322,-4.901412220172,
    -1.693078486158));
#5440 = SURFACE_CURVE('',#5441,(#5452,#5466),.PCURVE_S1.);
#5441 = B_SPLINE_CURVE_WITH_KNOTS('',3,(#5442,#5443,#5444,#5445,#5446,
    #5447,#5448,#5449,#5450,#5451),.UNSPECIFIED.,.F.,.F.,(4,3,3,4),(0.,
    0.333333333333,0.666666666667,1.),.UNSPECIFIED.);
#5442 = CARTESIAN_POINT('',(-20.44592774802,-4.662823885706,
    -1.693078486158));
#5443 = CARTESIAN_POINT('',(-20.49431727321,-4.664491172324,
    -1.693078486158));
#5444 = CARTESIAN_POINT('',(-20.53833990393,-4.674484752753,
    -1.693078486158));
#5445 = CARTESIAN_POINT('',(-20.57988526117,-4.694031804979,
    -1.693078486158));
#5446 = CARTESIAN_POINT('',(-20.62143061841,-4.713578857206,
    -1.693078486158));
#5447 = CARTESIAN_POINT('',(-20.66049870216,-4.742679381229,
    -1.693078486158));
#5448 = CARTESIAN_POINT('',(-20.69142064949,-4.77765184309,
    -1.693078486158));
#5449 = CARTESIAN_POINT('',(-20.72234259682,-4.812624304952,
    -1.693078486158));
#5450 = CARTESIAN_POINT('',(-20.74511840774,-4.85346870465,
    -1.693078486158));
#5451 = CARTESIAN_POINT('',(-20.76163770322,-4.901412220172,
    -1.693078486158));
#5452 = PCURVE('',#126,#5453);
#5453 = DEFINITIONAL_REPRESENTATION('',(#5454),#5465);
#5454 = B_SPLINE_CURVE_WITH_KNOTS('',3,(#5455,#5456,#5457,#5458,#5459,
    #5460,#5461,#5462,#5463,#5464),.UNSPECIFIED.,.F.,.F.,(4,3,3,4),(0.,
    0.333333333333,0.666666666667,1.),.UNSPECIFIED.);
#5455 = CARTESIAN_POINT('',(6.75501548411,-2.877498694939));
#5456 = CARTESIAN_POINT('',(6.70662595892,-2.875831408321));
#5457 = CARTESIAN_POINT('',(6.662603328195,-2.865837827892));
#5458 = CARTESIAN_POINT('',(6.621057970958,-2.846290775666));
#5459 = CARTESIAN_POINT('',(6.57951261372,-2.826743723439));
#5460 = CARTESIAN_POINT('',(6.54044452997,-2.797643199416));
#5461 = CARTESIAN_POINT('',(6.509522582638,-2.762670737555));
#5462 = CARTESIAN_POINT('',(6.478600635305,-2.727698275693));
#5463 = CARTESIAN_POINT('',(6.45582482439,-2.686853875995));
#5464 = CARTESIAN_POINT('',(6.43930552891,-2.638910360473));
#5465 = ( GEOMETRIC_REPRESENTATION_CONTEXT(2) 
PARAMETRIC_REPRESENTATION_CONTEXT() REPRESENTATION_CONTEXT('2D SPACE',''
  ) );
#5466 = PCURVE('',#5467,#5472);
#5467 = PLANE('',#5468);
#5468 = AXIS2_PLACEMENT_3D('',#5469,#5470,#5471);
#5469 = CARTESIAN_POINT('',(-20.64174128078,-4.731508769,-1.683078486158
    ));
#5470 = DIRECTION('',(0.,0.,-1.));
#5471 = DIRECTION('',(1.,0.,0.));
#5472 = DEFINITIONAL_REPRESENTATION('',(#5473),#5484);
#5473 = B_SPLINE_CURVE_WITH_KNOTS('',3,(#5474,#5475,#5476,#5477,#5478,
    #5479,#5480,#5481,#5482,#5483),.UNSPECIFIED.,.F.,.F.,(4,3,3,4),(0.,
    0.333333333333,0.666666666667,1.),.UNSPECIFIED.);
#5474 = CARTESIAN_POINT('',(0.19581353276,-6.8684883294E-02));
#5475 = CARTESIAN_POINT('',(0.14742400757,-6.7017596676E-02));
#5476 = CARTESIAN_POINT('',(0.103401376845,-5.7024016247E-02));
#5477 = CARTESIAN_POINT('',(6.18560196075E-02,-3.747696402067E-02));
#5478 = CARTESIAN_POINT('',(2.031066237E-02,-1.792991179434E-02));
#5479 = CARTESIAN_POINT('',(-1.875742138E-02,1.117061222934E-02));
#5480 = CARTESIAN_POINT('',(-4.96793687125E-02,4.614307409043E-02));
#5481 = CARTESIAN_POINT('',(-8.0601316045E-02,8.111553595151E-02));
#5482 = CARTESIAN_POINT('',(-0.10337712696,0.12195993565));
#5483 = CARTESIAN_POINT('',(-0.11989642244,0.169903451172));
#5484 = ( GEOMETRIC_REPRESENTATION_CONTEXT(2) 
PARAMETRIC_REPRESENTATION_CONTEXT() REPRESENTATION_CONTEXT('2D SPACE',''
  ) );
#5485 = ORIENTED_EDGE('',*,*,#5486,.T.);
#5486 = EDGE_CURVE('',#5438,#5487,#5489,.T.);
#5487 = VERTEX_POINT('',#5488);
#5488 = CARTESIAN_POINT('',(-20.95241284741,-5.032117779367,
    -1.693078486158));
#5489 = SURFACE_CURVE('',#5490,(#5501,#5515),.PCURVE_S1.);
#5490 = B_SPLINE_CURVE_WITH_KNOTS('',3,(#5491,#5492,#5493,#5494,#5495,
    #5496,#5497,#5498,#5499,#5500),.UNSPECIFIED.,.F.,.F.,(4,3,3,4),(0.,
    0.333333333333,0.666666666667,1.),.UNSPECIFIED.);
#5491 = CARTESIAN_POINT('',(-20.76163770322,-4.901412220172,
    -1.693078486158));
#5492 = CARTESIAN_POINT('',(-20.78458385864,-4.909727870668,
    -1.693078486158));
#5493 = CARTESIAN_POINT('',(-20.80696462829,-4.920123115704,
    -1.693078486158));
#5494 = CARTESIAN_POINT('',(-20.82925485108,-4.932882303118,
    -1.693078486158));
#5495 = CARTESIAN_POINT('',(-20.85154507387,-4.945641490532,
    -1.693078486158));
#5496 = CARTESIAN_POINT('',(-20.8737447498,-4.960764620324,
    -1.693078486158));
#5497 = CARTESIAN_POINT('',(-20.89442936215,-4.977398648979,
    -1.693078486158));
#5498 = CARTESIAN_POINT('',(-20.91511397451,-4.994032677634,
    -1.693078486158));
#5499 = CARTESIAN_POINT('',(-20.9342835233,-5.01217760515,
    -1.693078486158));
#5500 = CARTESIAN_POINT('',(-20.95241284741,-5.032117779367,
    -1.693078486158));
#5501 = PCURVE('',#126,#5502);
#5502 = DEFINITIONAL_REPRESENTATION('',(#5503),#5514);
#5503 = B_SPLINE_CURVE_WITH_KNOTS('',3,(#5504,#5505,#5506,#5507,#5508,
    #5509,#5510,#5511,#5512,#5513),.UNSPECIFIED.,.F.,.F.,(4,3,3,4),(0.,
    0.333333333333,0.666666666667,1.),.UNSPECIFIED.);
#5504 = CARTESIAN_POINT('',(6.43930552891,-2.638910360473));
#5505 = CARTESIAN_POINT('',(6.41635937349,-2.630594709977));
#5506 = CARTESIAN_POINT('',(6.39397860384,-2.620199464941));
#5507 = CARTESIAN_POINT('',(6.37168838105,-2.607440277527));
#5508 = CARTESIAN_POINT('',(6.34939815826,-2.594681090113));
#5509 = CARTESIAN_POINT('',(6.32719848233,-2.579557960321));
#5510 = CARTESIAN_POINT('',(6.306513869973,-2.562923931666));
#5511 = CARTESIAN_POINT('',(6.285829257615,-2.546289903012));
#5512 = CARTESIAN_POINT('',(6.26665970883,-2.528144975495));
#5513 = CARTESIAN_POINT('',(6.24853038472,-2.508204801278));
#5514 = ( GEOMETRIC_REPRESENTATION_CONTEXT(2) 
PARAMETRIC_REPRESENTATION_CONTEXT() REPRESENTATION_CONTEXT('2D SPACE',''
  ) );
#5515 = PCURVE('',#5467,#5516);
#5516 = DEFINITIONAL_REPRESENTATION('',(#5517),#5528);
#5517 = B_SPLINE_CURVE_WITH_KNOTS('',3,(#5518,#5519,#5520,#5521,#5522,
    #5523,#5524,#5525,#5526,#5527),.UNSPECIFIED.,.F.,.F.,(4,3,3,4),(0.,
    0.333333333333,0.666666666667,1.),.UNSPECIFIED.);
#5518 = CARTESIAN_POINT('',(-0.11989642244,0.169903451172));
#5519 = CARTESIAN_POINT('',(-0.14284257786,0.178219101668));
#5520 = CARTESIAN_POINT('',(-0.16522334751,0.188614346703));
#5521 = CARTESIAN_POINT('',(-0.1875135703,0.201373534118));
#5522 = CARTESIAN_POINT('',(-0.20980379309,0.214132721532));
#5523 = CARTESIAN_POINT('',(-0.23200346902,0.229255851324));
#5524 = CARTESIAN_POINT('',(-0.252688081377,0.245889879979));
#5525 = CARTESIAN_POINT('',(-0.273372693735,0.262523908633));
#5526 = CARTESIAN_POINT('',(-0.29254224252,0.28066883615));
#5527 = CARTESIAN_POINT('',(-0.31067156663,0.300609010367));
#5528 = ( GEOMETRIC_REPRESENTATION_CONTEXT(2) 
PARAMETRIC_REPRESENTATION_CONTEXT() REPRESENTATION_CONTEXT('2D SPACE',''
  ) );
#5529 = ORIENTED_EDGE('',*,*,#5530,.T.);
#5530 = EDGE_CURVE('',#5487,#5531,#5533,.T.);
#5531 = VERTEX_POINT('',#5532);
#5532 = CARTESIAN_POINT('',(-21.07736709191,-5.359488622953,
    -1.690578486158));
#5533 = SURFACE_CURVE('',#5534,(#5545,#5559),.PCURVE_S1.);
#5534 = B_SPLINE_CURVE_WITH_KNOTS('',3,(#5535,#5536,#5537,#5538,#5539,
    #5540,#5541,#5542,#5543,#5544),.UNSPECIFIED.,.F.,.F.,(4,3,3,4),(0.,
    0.333333333333,0.666666666667,1.),.UNSPECIFIED.);
#5535 = CARTESIAN_POINT('',(-20.95241284741,-5.032117779367,
    -1.693078486158));
#5536 = CARTESIAN_POINT('',(-20.97965363199,-5.06383371604,
    -1.693078486158));
#5537 = CARTESIAN_POINT('',(-21.0024476699,-5.097122142995,
    -1.693078486158));
#5538 = CARTESIAN_POINT('',(-21.02094561805,-5.132512884289,
    -1.693078486158));
#5539 = CARTESIAN_POINT('',(-21.03944356621,-5.167903625584,
    -1.693078486158));
#5540 = CARTESIAN_POINT('',(-21.05364542461,-5.205396681218,
    -1.693078486158));
#5541 = CARTESIAN_POINT('',(-21.06309922256,-5.243402579015,
    -1.693078486158));
#5542 = CARTESIAN_POINT('',(-21.0725530205,-5.281408476813,
    -1.693078486158));
#5543 = CARTESIAN_POINT('',(-21.07725875799,-5.319927216772,
    -1.693078486158));
#5544 = CARTESIAN_POINT('',(-21.07736709191,-5.359488622953,
    -1.693078486158));
#5545 = PCURVE('',#126,#5546);
#5546 = DEFINITIONAL_REPRESENTATION('',(#5547),#5558);
#5547 = B_SPLINE_CURVE_WITH_KNOTS('',3,(#5548,#5549,#5550,#5551,#5552,
    #5553,#5554,#5555,#5556,#5557),.UNSPECIFIED.,.F.,.F.,(4,3,3,4),(0.,
    0.333333333333,0.666666666667,1.),.UNSPECIFIED.);
#5548 = CARTESIAN_POINT('',(6.24853038472,-2.508204801278));
#5549 = CARTESIAN_POINT('',(6.22128960014,-2.476488864605));
#5550 = CARTESIAN_POINT('',(6.19849556223,-2.44320043765));
#5551 = CARTESIAN_POINT('',(6.179997614073,-2.407809696356));
#5552 = CARTESIAN_POINT('',(6.161499665917,-2.372418955061));
#5553 = CARTESIAN_POINT('',(6.147297807513,-2.334925899427));
#5554 = CARTESIAN_POINT('',(6.137844009569,-2.29692000163));
#5555 = CARTESIAN_POINT('',(6.128390211625,-2.258914103832));
#5556 = CARTESIAN_POINT('',(6.12368447414,-2.220395363873));
#5557 = CARTESIAN_POINT('',(6.12357614022,-2.180833957692));
#5558 = ( GEOMETRIC_REPRESENTATION_CONTEXT(2) 
PARAMETRIC_REPRESENTATION_CONTEXT() REPRESENTATION_CONTEXT('2D SPACE',''
  ) );
#5559 = PCURVE('',#5467,#5560);
#5560 = DEFINITIONAL_REPRESENTATION('',(#5561),#5572);
#5561 = B_SPLINE_CURVE_WITH_KNOTS('',3,(#5562,#5563,#5564,#5565,#5566,
    #5567,#5568,#5569,#5570,#5571),.UNSPECIFIED.,.F.,.F.,(4,3,3,4),(0.,
    0.333333333333,0.666666666667,1.),.UNSPECIFIED.);
#5562 = CARTESIAN_POINT('',(-0.31067156663,0.300609010367));
#5563 = CARTESIAN_POINT('',(-0.33791235121,0.33232494704));
#5564 = CARTESIAN_POINT('',(-0.36070638912,0.365613373995));
#5565 = CARTESIAN_POINT('',(-0.379204337277,0.401004115289));
#5566 = CARTESIAN_POINT('',(-0.397702285433,0.436394856584));
#5567 = CARTESIAN_POINT('',(-0.411904143837,0.473887912218));
#5568 = CARTESIAN_POINT('',(-0.421357941781,0.511893810015));
#5569 = CARTESIAN_POINT('',(-0.430811739725,0.549899707813));
#5570 = CARTESIAN_POINT('',(-0.43551747721,0.588418447772));
#5571 = CARTESIAN_POINT('',(-0.43562581113,0.627979853953));
#5572 = ( GEOMETRIC_REPRESENTATION_CONTEXT(2) 
PARAMETRIC_REPRESENTATION_CONTEXT() REPRESENTATION_CONTEXT('2D SPACE',''
  ) );
#5573 = ORIENTED_EDGE('',*,*,#5574,.F.);
#5574 = EDGE_CURVE('',#5575,#5531,#5577,.T.);
#5575 = VERTEX_POINT('',#5576);
#5576 = CARTESIAN_POINT('',(-21.0669896502,-5.459738885152,
    -1.690578486158));
#5577 = SURFACE_CURVE('',#5578,(#5584,#5593),.PCURVE_S1.);
#5578 = B_SPLINE_CURVE_WITH_KNOTS('',3,(#5579,#5580,#5581,#5582,#5583),
  .UNSPECIFIED.,.F.,.F.,(4,1,4),(0.,0.5,1.),.QUASI_UNIFORM_KNOTS.);
#5579 = CARTESIAN_POINT('',(-21.0669896502,-5.459738885152,
    -1.688078486158));
#5580 = CARTESIAN_POINT('',(-21.07041214304,-5.443459790323,
    -1.688078486158));
#5581 = CARTESIAN_POINT('',(-21.07556420949,-5.410472318461,
    -1.698078486158));
#5582 = CARTESIAN_POINT('',(-21.07733043751,-5.37662628219,
    -1.688078486158));
#5583 = CARTESIAN_POINT('',(-21.07736709191,-5.359488622953,
    -1.688078486158));
#5584 = PCURVE('',#126,#5585);
#5585 = DEFINITIONAL_REPRESENTATION('',(#5586),#5592);
#5586 = B_SPLINE_CURVE_WITH_KNOTS('',3,(#5587,#5588,#5589,#5590,#5591),
  .UNSPECIFIED.,.F.,.F.,(4,1,4),(0.,0.5,1.),.QUASI_UNIFORM_KNOTS.);
#5587 = CARTESIAN_POINT('',(6.13395358193,-2.080583695493));
#5588 = CARTESIAN_POINT('',(6.13053108909,-2.096862790322));
#5589 = CARTESIAN_POINT('',(6.12537902264,-2.129850262184));
#5590 = CARTESIAN_POINT('',(6.12361279462,-2.163696298455));
#5591 = CARTESIAN_POINT('',(6.12357614022,-2.180833957692));
#5592 = ( GEOMETRIC_REPRESENTATION_CONTEXT(2) 
PARAMETRIC_REPRESENTATION_CONTEXT() REPRESENTATION_CONTEXT('2D SPACE',''
  ) );
#5593 = PCURVE('',#5467,#5594);
#5594 = DEFINITIONAL_REPRESENTATION('',(#5595),#5601);
#5595 = B_SPLINE_CURVE_WITH_KNOTS('',3,(#5596,#5597,#5598,#5599,#5600),
  .UNSPECIFIED.,.F.,.F.,(4,1,4),(0.,0.5,1.),.QUASI_UNIFORM_KNOTS.);
#5596 = CARTESIAN_POINT('',(-0.42524836942,0.728230116152));
#5597 = CARTESIAN_POINT('',(-0.42867086226,0.711951021323));
#5598 = CARTESIAN_POINT('',(-0.43382292871,0.678963549461));
#5599 = CARTESIAN_POINT('',(-0.43558915673,0.64511751319));
#5600 = CARTESIAN_POINT('',(-0.43562581113,0.627979853953));
#5601 = ( GEOMETRIC_REPRESENTATION_CONTEXT(2) 
PARAMETRIC_REPRESENTATION_CONTEXT() REPRESENTATION_CONTEXT('2D SPACE',''
  ) );
#5602 = ORIENTED_EDGE('',*,*,#5603,.F.);
#5603 = EDGE_CURVE('',#5604,#5575,#5606,.T.);
#5604 = VERTEX_POINT('',#5605);
#5605 = CARTESIAN_POINT('',(-20.98335574293,-5.648505591634,
    -1.693078486158));
#5606 = SURFACE_CURVE('',#5607,(#5612,#5619),.PCURVE_S1.);
#5607 = ELLIPSE('',#5608,1.749863883518,0.924086183605);
#5608 = AXIS2_PLACEMENT_3D('',#5609,#5610,#5611);
#5609 = CARTESIAN_POINT('',(-19.37958069601,-5.000828116256,
    -1.693078486158));
#5610 = DIRECTION('',(0.,0.,-1.));
#5611 = DIRECTION('',(0.958744445382,0.284269394149,0.));
#5612 = PCURVE('',#126,#5613);
#5613 = DEFINITIONAL_REPRESENTATION('',(#5614),#5618);
#5614 = ELLIPSE('',#5615,1.749863883518,0.924086183605);
#5615 = AXIS2_PLACEMENT_2D('',#5616,#5617);
#5616 = CARTESIAN_POINT('',(7.821362536119,-2.539494464389));
#5617 = DIRECTION('',(0.958744445382,-0.284269394149));
#5618 = ( GEOMETRIC_REPRESENTATION_CONTEXT(2) 
PARAMETRIC_REPRESENTATION_CONTEXT() REPRESENTATION_CONTEXT('2D SPACE',''
  ) );
#5619 = PCURVE('',#5467,#5620);
#5620 = DEFINITIONAL_REPRESENTATION('',(#5621),#5625);
#5621 = ELLIPSE('',#5622,1.749863883518,0.924086183605);
#5622 = AXIS2_PLACEMENT_2D('',#5623,#5624);
#5623 = CARTESIAN_POINT('',(1.262160584769,0.269319347256));
#5624 = DIRECTION('',(0.958744445382,-0.284269394149));
#5625 = ( GEOMETRIC_REPRESENTATION_CONTEXT(2) 
PARAMETRIC_REPRESENTATION_CONTEXT() REPRESENTATION_CONTEXT('2D SPACE',''
  ) );
#5626 = ORIENTED_EDGE('',*,*,#5627,.T.);
#5627 = EDGE_CURVE('',#5604,#5628,#5630,.T.);
#5628 = VERTEX_POINT('',#5629);
#5629 = CARTESIAN_POINT('',(-20.87731668146,-5.754544641617,
    -1.693078486158));
#5630 = SURFACE_CURVE('',#5631,(#5642,#5656),.PCURVE_S1.);
#5631 = B_SPLINE_CURVE_WITH_KNOTS('',3,(#5632,#5633,#5634,#5635,#5636,
    #5637,#5638,#5639,#5640,#5641),.UNSPECIFIED.,.F.,.F.,(4,3,3,4),(0.,
    0.333333333333,0.666666666667,1.),.UNSPECIFIED.);
#5632 = CARTESIAN_POINT('',(-20.98335574293,-5.648505591634,
    -1.693078486158));
#5633 = CARTESIAN_POINT('',(-20.9741376819,-5.661477073625,
    -1.693078486158));
#5634 = CARTESIAN_POINT('',(-20.96406407448,-5.674049376527,
    -1.693078486158));
#5635 = CARTESIAN_POINT('',(-20.95311168033,-5.686148952867,
    -1.693078486158));
#5636 = CARTESIAN_POINT('',(-20.94215928619,-5.698248529208,
    -1.693078486158));
#5637 = CARTESIAN_POINT('',(-20.93032810531,-5.709875378987,
    -1.693078486158));
#5638 = CARTESIAN_POINT('',(-20.91768785871,-5.721250144621,
    -1.693078486158));
#5639 = CARTESIAN_POINT('',(-20.90504761212,-5.732624910255,
    -1.693078486158));
#5640 = CARTESIAN_POINT('',(-20.89159829982,-5.743747591745,
    -1.693078486158));
#5641 = CARTESIAN_POINT('',(-20.87731668146,-5.754544641617,
    -1.693078486158));
#5642 = PCURVE('',#126,#5643);
#5643 = DEFINITIONAL_REPRESENTATION('',(#5644),#5655);
#5644 = B_SPLINE_CURVE_WITH_KNOTS('',3,(#5645,#5646,#5647,#5648,#5649,
    #5650,#5651,#5652,#5653,#5654),.UNSPECIFIED.,.F.,.F.,(4,3,3,4),(0.,
    0.333333333333,0.666666666667,1.),.UNSPECIFIED.);
#5645 = CARTESIAN_POINT('',(6.2175874892,-1.891816989011));
#5646 = CARTESIAN_POINT('',(6.22680555023,-1.87884550702));
#5647 = CARTESIAN_POINT('',(6.236879157645,-1.866273204118));
#5648 = CARTESIAN_POINT('',(6.247831551793,-1.854173627778));
#5649 = CARTESIAN_POINT('',(6.25878394594,-1.842074051437));
#5650 = CARTESIAN_POINT('',(6.27061512682,-1.830447201658));
#5651 = CARTESIAN_POINT('',(6.283255373413,-1.819072436024));
#5652 = CARTESIAN_POINT('',(6.295895620005,-1.80769767039));
#5653 = CARTESIAN_POINT('',(6.30934493231,-1.7965749889));
#5654 = CARTESIAN_POINT('',(6.32362655067,-1.785777939028));
#5655 = ( GEOMETRIC_REPRESENTATION_CONTEXT(2) 
PARAMETRIC_REPRESENTATION_CONTEXT() REPRESENTATION_CONTEXT('2D SPACE',''
  ) );
#5656 = PCURVE('',#5467,#5657);
#5657 = DEFINITIONAL_REPRESENTATION('',(#5658),#5669);
#5658 = B_SPLINE_CURVE_WITH_KNOTS('',3,(#5659,#5660,#5661,#5662,#5663,
    #5664,#5665,#5666,#5667,#5668),.UNSPECIFIED.,.F.,.F.,(4,3,3,4),(0.,
    0.333333333333,0.666666666667,1.),.UNSPECIFIED.);
#5659 = CARTESIAN_POINT('',(-0.34161446215,0.916996822634));
#5660 = CARTESIAN_POINT('',(-0.33239640112,0.929968304625));
#5661 = CARTESIAN_POINT('',(-0.322322793705,0.942540607527));
#5662 = CARTESIAN_POINT('',(-0.311370399558,0.954640183867));
#5663 = CARTESIAN_POINT('',(-0.30041800541,0.966739760208));
#5664 = CARTESIAN_POINT('',(-0.28858682453,0.978366609987));
#5665 = CARTESIAN_POINT('',(-0.275946577937,0.989741375621));
#5666 = CARTESIAN_POINT('',(-0.263306331345,1.001116141255));
#5667 = CARTESIAN_POINT('',(-0.24985701904,1.012238822745));
#5668 = CARTESIAN_POINT('',(-0.23557540068,1.023035872617));
#5669 = ( GEOMETRIC_REPRESENTATION_CONTEXT(2) 
PARAMETRIC_REPRESENTATION_CONTEXT() REPRESENTATION_CONTEXT('2D SPACE',''
  ) );
#5670 = ORIENTED_EDGE('',*,*,#5671,.T.);
#5671 = EDGE_CURVE('',#5628,#5672,#5674,.T.);
#5672 = VERTEX_POINT('',#5673);
#5673 = CARTESIAN_POINT('',(-20.8821366341,-5.809974131434,
    -1.690578486158));
#5674 = SURFACE_CURVE('',#5675,(#5686,#5700),.PCURVE_S1.);
#5675 = B_SPLINE_CURVE_WITH_KNOTS('',3,(#5676,#5677,#5678,#5679,#5680,
    #5681,#5682,#5683,#5684,#5685),.UNSPECIFIED.,.F.,.F.,(4,3,3,4),(0.,
    0.333333333333,0.666666666667,1.),.UNSPECIFIED.);
#5676 = CARTESIAN_POINT('',(-20.87731668146,-5.754544641617,
    -1.693078486158));
#5677 = CARTESIAN_POINT('',(-20.87819508506,-5.760972491618,
    -1.693078486158));
#5678 = CARTESIAN_POINT('',(-20.87896107044,-5.767306719543,
    -1.693078486158));
#5679 = CARTESIAN_POINT('',(-20.87966502538,-5.773440689555,
    -1.693078486158));
#5680 = CARTESIAN_POINT('',(-20.88036898033,-5.779574659566,
    -1.693078486158));
#5681 = CARTESIAN_POINT('',(-20.88101090483,-5.785508371662,
    -1.693078486158));
#5682 = CARTESIAN_POINT('',(-20.88143963554,-5.791561733363,
    -1.693078486158));
#5683 = CARTESIAN_POINT('',(-20.88186836625,-5.797615095063,
    -1.693078486158));
#5684 = CARTESIAN_POINT('',(-20.88208390318,-5.803788106367,
    -1.693078486158));
#5685 = CARTESIAN_POINT('',(-20.8821366341,-5.809974131434,
    -1.693078486158));
#5686 = PCURVE('',#126,#5687);
#5687 = DEFINITIONAL_REPRESENTATION('',(#5688),#5699);
#5688 = B_SPLINE_CURVE_WITH_KNOTS('',3,(#5689,#5690,#5691,#5692,#5693,
    #5694,#5695,#5696,#5697,#5698),.UNSPECIFIED.,.F.,.F.,(4,3,3,4),(0.,
    0.333333333333,0.666666666667,1.),.UNSPECIFIED.);
#5689 = CARTESIAN_POINT('',(6.32362655067,-1.785777939028));
#5690 = CARTESIAN_POINT('',(6.32274814707,-1.779350089027));
#5691 = CARTESIAN_POINT('',(6.321982161685,-1.773015861102));
#5692 = CARTESIAN_POINT('',(6.321278206743,-1.76688189109));
#5693 = CARTESIAN_POINT('',(6.3205742518,-1.760747921079));
#5694 = CARTESIAN_POINT('',(6.3199323273,-1.754814208983));
#5695 = CARTESIAN_POINT('',(6.319503596588,-1.748760847282));
#5696 = CARTESIAN_POINT('',(6.319074865875,-1.742707485582));
#5697 = CARTESIAN_POINT('',(6.31885932895,-1.736534474278));
#5698 = CARTESIAN_POINT('',(6.31880659803,-1.730348449211));
#5699 = ( GEOMETRIC_REPRESENTATION_CONTEXT(2) 
PARAMETRIC_REPRESENTATION_CONTEXT() REPRESENTATION_CONTEXT('2D SPACE',''
  ) );
#5700 = PCURVE('',#5467,#5701);
#5701 = DEFINITIONAL_REPRESENTATION('',(#5702),#5713);
#5702 = B_SPLINE_CURVE_WITH_KNOTS('',3,(#5703,#5704,#5705,#5706,#5707,
    #5708,#5709,#5710,#5711,#5712),.UNSPECIFIED.,.F.,.F.,(4,3,3,4),(0.,
    0.333333333333,0.666666666667,1.),.UNSPECIFIED.);
#5703 = CARTESIAN_POINT('',(-0.23557540068,1.023035872617));
#5704 = CARTESIAN_POINT('',(-0.23645380428,1.029463722618));
#5705 = CARTESIAN_POINT('',(-0.237219789665,1.035797950543));
#5706 = CARTESIAN_POINT('',(-0.237923744607,1.041931920555));
#5707 = CARTESIAN_POINT('',(-0.23862769955,1.048065890566));
#5708 = CARTESIAN_POINT('',(-0.23926962405,1.053999602662));
#5709 = CARTESIAN_POINT('',(-0.239698354762,1.060052964363));
#5710 = CARTESIAN_POINT('',(-0.240127085475,1.066106326063));
#5711 = CARTESIAN_POINT('',(-0.2403426224,1.072279337367));
#5712 = CARTESIAN_POINT('',(-0.24039535332,1.078465362434));
#5713 = ( GEOMETRIC_REPRESENTATION_CONTEXT(2) 
PARAMETRIC_REPRESENTATION_CONTEXT() REPRESENTATION_CONTEXT('2D SPACE',''
  ) );
#5714 = ORIENTED_EDGE('',*,*,#5715,.F.);
#5715 = EDGE_CURVE('',#5716,#5672,#5718,.T.);
#5716 = VERTEX_POINT('',#5717);
#5717 = CARTESIAN_POINT('',(-20.86852160814,-5.912117528389,
    -1.688078486158));
#5718 = SURFACE_CURVE('',#5719,(#5725,#5734),.PCURVE_S1.);
#5719 = B_SPLINE_CURVE_WITH_KNOTS('',3,(#5720,#5721,#5722,#5723,#5724),
  .UNSPECIFIED.,.F.,.F.,(4,1,4),(0.,0.5,1.),.QUASI_UNIFORM_KNOTS.);
#5720 = CARTESIAN_POINT('',(-20.86852160814,-5.912117528389,
    -1.688078486158));
#5721 = CARTESIAN_POINT('',(-20.87302299254,-5.895654129629,
    -1.688078486158));
#5722 = CARTESIAN_POINT('',(-20.87979354793,-5.862166831377,
    -1.698078486158));
#5723 = CARTESIAN_POINT('',(-20.88209967651,-5.827558531659,
    -1.688078486158));
#5724 = CARTESIAN_POINT('',(-20.8821366341,-5.809974131434,
    -1.688078486158));
#5725 = PCURVE('',#126,#5726);
#5726 = DEFINITIONAL_REPRESENTATION('',(#5727),#5733);
#5727 = B_SPLINE_CURVE_WITH_KNOTS('',3,(#5728,#5729,#5730,#5731,#5732),
  .UNSPECIFIED.,.F.,.F.,(4,1,4),(0.,0.5,1.),.QUASI_UNIFORM_KNOTS.);
#5728 = CARTESIAN_POINT('',(6.33242162399,-1.628205052256));
#5729 = CARTESIAN_POINT('',(6.32792023959,-1.644668451016));
#5730 = CARTESIAN_POINT('',(6.3211496842,-1.678155749268));
#5731 = CARTESIAN_POINT('',(6.31884355562,-1.712764048986));
#5732 = CARTESIAN_POINT('',(6.31880659803,-1.730348449211));
#5733 = ( GEOMETRIC_REPRESENTATION_CONTEXT(2) 
PARAMETRIC_REPRESENTATION_CONTEXT() REPRESENTATION_CONTEXT('2D SPACE',''
  ) );
#5734 = PCURVE('',#5467,#5735);
#5735 = DEFINITIONAL_REPRESENTATION('',(#5736),#5742);
#5736 = B_SPLINE_CURVE_WITH_KNOTS('',3,(#5737,#5738,#5739,#5740,#5741),
  .UNSPECIFIED.,.F.,.F.,(4,1,4),(0.,0.5,1.),.QUASI_UNIFORM_KNOTS.);
#5737 = CARTESIAN_POINT('',(-0.22678032736,1.180608759389));
#5738 = CARTESIAN_POINT('',(-0.23128171176,1.164145360629));
#5739 = CARTESIAN_POINT('',(-0.23805226715,1.130658062377));
#5740 = CARTESIAN_POINT('',(-0.24035839573,1.096049762659));
#5741 = CARTESIAN_POINT('',(-0.24039535332,1.078465362434));
#5742 = ( GEOMETRIC_REPRESENTATION_CONTEXT(2) 
PARAMETRIC_REPRESENTATION_CONTEXT() REPRESENTATION_CONTEXT('2D SPACE',''
  ) );
#5743 = ORIENTED_EDGE('',*,*,#5744,.F.);
#5744 = EDGE_CURVE('',#5745,#5716,#5747,.T.);
#5745 = VERTEX_POINT('',#5746);
#5746 = CARTESIAN_POINT('',(-20.76645765585,-6.087121672463,
    -1.690578486158));
#5747 = SURFACE_CURVE('',#5748,(#5754,#5763),.PCURVE_S1.);
#5748 = B_SPLINE_CURVE_WITH_KNOTS('',3,(#5749,#5750,#5751,#5752,#5753),
  .UNSPECIFIED.,.F.,.F.,(4,1,4),(0.,0.5,1.),.QUASI_UNIFORM_KNOTS.);
#5749 = CARTESIAN_POINT('',(-20.76645765585,-6.087121672463,
    -1.688078486158));
#5750 = CARTESIAN_POINT('',(-20.79133391501,-6.062021512522,
    -1.688078486158));
#5751 = CARTESIAN_POINT('',(-20.83322083288,-6.007753995235,
    -1.698078486158));
#5752 = CARTESIAN_POINT('',(-20.85937654987,-5.945352083139,
    -1.688078486158));
#5753 = CARTESIAN_POINT('',(-20.86852160814,-5.912117528389,
    -1.688078486158));
#5754 = PCURVE('',#126,#5755);
#5755 = DEFINITIONAL_REPRESENTATION('',(#5756),#5762);
#5756 = B_SPLINE_CURVE_WITH_KNOTS('',3,(#5757,#5758,#5759,#5760,#5761),
  .UNSPECIFIED.,.F.,.F.,(4,1,4),(0.,0.5,1.),.QUASI_UNIFORM_KNOTS.);
#5757 = CARTESIAN_POINT('',(6.43448557628,-1.453200908182));
#5758 = CARTESIAN_POINT('',(6.40960931712,-1.478301068123));
#5759 = CARTESIAN_POINT('',(6.36772239925,-1.53256858541));
#5760 = CARTESIAN_POINT('',(6.34156668226,-1.594970497506));
#5761 = CARTESIAN_POINT('',(6.33242162399,-1.628205052256));
#5762 = ( GEOMETRIC_REPRESENTATION_CONTEXT(2) 
PARAMETRIC_REPRESENTATION_CONTEXT() REPRESENTATION_CONTEXT('2D SPACE',''
  ) );
#5763 = PCURVE('',#5467,#5764);
#5764 = DEFINITIONAL_REPRESENTATION('',(#5765),#5771);
#5765 = B_SPLINE_CURVE_WITH_KNOTS('',3,(#5766,#5767,#5768,#5769,#5770),
  .UNSPECIFIED.,.F.,.F.,(4,1,4),(0.,0.5,1.),.QUASI_UNIFORM_KNOTS.);
#5766 = CARTESIAN_POINT('',(-0.12471637507,1.355612903463));
#5767 = CARTESIAN_POINT('',(-0.14959263423,1.330512743522));
#5768 = CARTESIAN_POINT('',(-0.1914795521,1.276245226235));
#5769 = CARTESIAN_POINT('',(-0.21763526909,1.213843314139));
#5770 = CARTESIAN_POINT('',(-0.22678032736,1.180608759389));
#5771 = ( GEOMETRIC_REPRESENTATION_CONTEXT(2) 
PARAMETRIC_REPRESENTATION_CONTEXT() REPRESENTATION_CONTEXT('2D SPACE',''
  ) );
#5772 = ORIENTED_EDGE('',*,*,#5773,.T.);
#5773 = EDGE_CURVE('',#5745,#5774,#5776,.T.);
#5774 = VERTEX_POINT('',#5775);
#5775 = CARTESIAN_POINT('',(-20.49172012563,-6.200390731844,
    -1.693078486158));
#5776 = SURFACE_CURVE('',#5777,(#5788,#5802),.PCURVE_S1.);
#5777 = B_SPLINE_CURVE_WITH_KNOTS('',3,(#5778,#5779,#5780,#5781,#5782,
    #5783,#5784,#5785,#5786,#5787),.UNSPECIFIED.,.F.,.F.,(4,3,3,4),(0.,
    0.333333333333,0.666666666667,1.),.UNSPECIFIED.);
#5778 = CARTESIAN_POINT('',(-20.76645765585,-6.087121672463,
    -1.693078486158));
#5779 = CARTESIAN_POINT('',(-20.74207512747,-6.111325035633,
    -1.693078486158));
#5780 = CARTESIAN_POINT('',(-20.71562074043,-6.131666421795,
    -1.693078486158));
#5781 = CARTESIAN_POINT('',(-20.68644908586,-6.148433660884,
    -1.693078486158));
#5782 = CARTESIAN_POINT('',(-20.65727743129,-6.165200899972,
    -1.693078486158));
#5783 = CARTESIAN_POINT('',(-20.6253885092,-6.178393991985,
    -1.693078486158));
#5784 = CARTESIAN_POINT('',(-20.5927185462,-6.187149447123,
    -1.693078486158));
#5785 = CARTESIAN_POINT('',(-20.5600485832,-6.195904902261,
    -1.693078486158));
#5786 = CARTESIAN_POINT('',(-20.5265975793,-6.200222720524,
    -1.693078486158));
#5787 = CARTESIAN_POINT('',(-20.49172012563,-6.200390731844,
    -1.693078486158));
#5788 = PCURVE('',#126,#5789);
#5789 = DEFINITIONAL_REPRESENTATION('',(#5790),#5801);
#5790 = B_SPLINE_CURVE_WITH_KNOTS('',3,(#5791,#5792,#5793,#5794,#5795,
    #5796,#5797,#5798,#5799,#5800),.UNSPECIFIED.,.F.,.F.,(4,3,3,4),(0.,
    0.333333333333,0.666666666667,1.),.UNSPECIFIED.);
#5791 = CARTESIAN_POINT('',(6.43448557628,-1.453200908182));
#5792 = CARTESIAN_POINT('',(6.45886810466,-1.428997545012));
#5793 = CARTESIAN_POINT('',(6.4853224917,-1.40865615885));
#5794 = CARTESIAN_POINT('',(6.514494146267,-1.391888919761));
#5795 = CARTESIAN_POINT('',(6.543665800833,-1.375121680673));
#5796 = CARTESIAN_POINT('',(6.575554722927,-1.36192858866));
#5797 = CARTESIAN_POINT('',(6.608224685926,-1.353173133522));
#5798 = CARTESIAN_POINT('',(6.640894648925,-1.344417678384));
#5799 = CARTESIAN_POINT('',(6.67434565283,-1.340099860121));
#5800 = CARTESIAN_POINT('',(6.7092231065,-1.339931848801));
#5801 = ( GEOMETRIC_REPRESENTATION_CONTEXT(2) 
PARAMETRIC_REPRESENTATION_CONTEXT() REPRESENTATION_CONTEXT('2D SPACE',''
  ) );
#5802 = PCURVE('',#5467,#5803);
#5803 = DEFINITIONAL_REPRESENTATION('',(#5804),#5815);
#5804 = B_SPLINE_CURVE_WITH_KNOTS('',3,(#5805,#5806,#5807,#5808,#5809,
    #5810,#5811,#5812,#5813,#5814),.UNSPECIFIED.,.F.,.F.,(4,3,3,4),(0.,
    0.333333333333,0.666666666667,1.),.UNSPECIFIED.);
#5805 = CARTESIAN_POINT('',(-0.12471637507,1.355612903463));
#5806 = CARTESIAN_POINT('',(-0.10033384669,1.379816266633));
#5807 = CARTESIAN_POINT('',(-7.387945965E-02,1.400157652795));
#5808 = CARTESIAN_POINT('',(-4.47078050833E-02,1.416924891884));
#5809 = CARTESIAN_POINT('',(-1.55361505167E-02,1.433692130972));
#5810 = CARTESIAN_POINT('',(1.63527715767E-02,1.446885222985));
#5811 = CARTESIAN_POINT('',(4.90227345758E-02,1.455640678123));
#5812 = CARTESIAN_POINT('',(8.1692697575E-02,1.464396133261));
#5813 = CARTESIAN_POINT('',(0.11514370148,1.468713951524));
#5814 = CARTESIAN_POINT('',(0.15002115515,1.468881962844));
#5815 = ( GEOMETRIC_REPRESENTATION_CONTEXT(2) 
PARAMETRIC_REPRESENTATION_CONTEXT() REPRESENTATION_CONTEXT('2D SPACE',''
  ) );
#5816 = ORIENTED_EDGE('',*,*,#5817,.T.);
#5817 = EDGE_CURVE('',#5774,#5818,#5820,.T.);
#5818 = VERTEX_POINT('',#5819);
#5819 = CARTESIAN_POINT('',(-20.22904817509,-6.099183130478,
    -1.693078486158));
#5820 = SURFACE_CURVE('',#5821,(#5832,#5846),.PCURVE_S1.);
#5821 = B_SPLINE_CURVE_WITH_KNOTS('',3,(#5822,#5823,#5824,#5825,#5826,
    #5827,#5828,#5829,#5830,#5831),.UNSPECIFIED.,.F.,.F.,(4,3,3,4),(0.,
    0.333333333333,0.666666666667,1.),.UNSPECIFIED.);
#5822 = CARTESIAN_POINT('',(-20.49172012563,-6.200390731844,
    -1.693078486158));
#5823 = CARTESIAN_POINT('',(-20.45940231627,-6.200288811612,
    -1.693078486158));
#5824 = CARTESIAN_POINT('',(-20.42810706955,-6.196464804541,
    -1.693078486158));
#5825 = CARTESIAN_POINT('',(-20.39725524311,-6.188712685278,
    -1.693078486158));
#5826 = CARTESIAN_POINT('',(-20.36640341667,-6.180960566014,
    -1.693078486158));
#5827 = CARTESIAN_POINT('',(-20.3359950105,-6.169280334556,
    -1.693078486158));
#5828 = CARTESIAN_POINT('',(-20.3077674517,-6.154290066971,
    -1.693078486158));
#5829 = CARTESIAN_POINT('',(-20.27953989291,-6.139299799387,
    -1.693078486158));
#5830 = CARTESIAN_POINT('',(-20.2534931815,-6.120999495674,
    -1.693078486158));
#5831 = CARTESIAN_POINT('',(-20.22904817509,-6.099183130478,
    -1.693078486158));
#5832 = PCURVE('',#126,#5833);
#5833 = DEFINITIONAL_REPRESENTATION('',(#5834),#5845);
#5834 = B_SPLINE_CURVE_WITH_KNOTS('',3,(#5835,#5836,#5837,#5838,#5839,
    #5840,#5841,#5842,#5843,#5844),.UNSPECIFIED.,.F.,.F.,(4,3,3,4),(0.,
    0.333333333333,0.666666666667,1.),.UNSPECIFIED.);
#5835 = CARTESIAN_POINT('',(6.7092231065,-1.339931848801));
#5836 = CARTESIAN_POINT('',(6.74154091586,-1.340033769033));
#5837 = CARTESIAN_POINT('',(6.772836162575,-1.343857776104));
#5838 = CARTESIAN_POINT('',(6.803687989018,-1.351609895367));
#5839 = CARTESIAN_POINT('',(6.83453981546,-1.359362014631));
#5840 = CARTESIAN_POINT('',(6.86494822163,-1.371042246089));
#5841 = CARTESIAN_POINT('',(6.893175780422,-1.386032513674));
#5842 = CARTESIAN_POINT('',(6.921403339215,-1.401022781258));
#5843 = CARTESIAN_POINT('',(6.94745005063,-1.419323084971));
#5844 = CARTESIAN_POINT('',(6.97189505704,-1.441139450167));
#5845 = ( GEOMETRIC_REPRESENTATION_CONTEXT(2) 
PARAMETRIC_REPRESENTATION_CONTEXT() REPRESENTATION_CONTEXT('2D SPACE',''
  ) );
#5846 = PCURVE('',#5467,#5847);
#5847 = DEFINITIONAL_REPRESENTATION('',(#5848),#5859);
#5848 = B_SPLINE_CURVE_WITH_KNOTS('',3,(#5849,#5850,#5851,#5852,#5853,
    #5854,#5855,#5856,#5857,#5858),.UNSPECIFIED.,.F.,.F.,(4,3,3,4),(0.,
    0.333333333333,0.666666666667,1.),.UNSPECIFIED.);
#5849 = CARTESIAN_POINT('',(0.15002115515,1.468881962844));
#5850 = CARTESIAN_POINT('',(0.18233896451,1.468780042612));
#5851 = CARTESIAN_POINT('',(0.213634211225,1.464956035541));
#5852 = CARTESIAN_POINT('',(0.244486037667,1.457203916278));
#5853 = CARTESIAN_POINT('',(0.27533786411,1.449451797014));
#5854 = CARTESIAN_POINT('',(0.30574627028,1.437771565556));
#5855 = CARTESIAN_POINT('',(0.333973829072,1.422781297971));
#5856 = CARTESIAN_POINT('',(0.362201387865,1.407791030386));
#5857 = CARTESIAN_POINT('',(0.38824809928,1.389490726674));
#5858 = CARTESIAN_POINT('',(0.41269310569,1.367674361478));
#5859 = ( GEOMETRIC_REPRESENTATION_CONTEXT(2) 
PARAMETRIC_REPRESENTATION_CONTEXT() REPRESENTATION_CONTEXT('2D SPACE',''
  ) );
#5860 = ORIENTED_EDGE('',*,*,#5861,.T.);
#5861 = EDGE_CURVE('',#5818,#5862,#5864,.T.);
#5862 = VERTEX_POINT('',#5863);
#5863 = CARTESIAN_POINT('',(-20.11335333372,-5.906373255515,
    -1.693078486158));
#5864 = SURFACE_CURVE('',#5865,(#5876,#5890),.PCURVE_S1.);
#5865 = B_SPLINE_CURVE_WITH_KNOTS('',3,(#5866,#5867,#5868,#5869,#5870,
    #5871,#5872,#5873,#5874,#5875),.UNSPECIFIED.,.F.,.F.,(4,3,3,4),(0.,
    0.333333333333,0.666666666667,1.),.UNSPECIFIED.);
#5866 = CARTESIAN_POINT('',(-20.22904817509,-6.099183130478,
    -1.693078486158));
#5867 = CARTESIAN_POINT('',(-20.21020506747,-6.081796503129,
    -1.693078486158));
#5868 = CARTESIAN_POINT('',(-20.19335273843,-6.063055518584,
    -1.693078486158));
#5869 = CARTESIAN_POINT('',(-20.17834908221,-6.042722761378,
    -1.693078486158));
#5870 = CARTESIAN_POINT('',(-20.16334542599,-6.022390004172,
    -1.693078486158));
#5871 = CARTESIAN_POINT('',(-20.15019044259,-6.000465474306,
    -1.693078486158));
#5872 = CARTESIAN_POINT('',(-20.13931044926,-5.977661418174,
    -1.693078486158));
#5873 = CARTESIAN_POINT('',(-20.12843045593,-5.954857362042,
    -1.693078486158));
#5874 = CARTESIAN_POINT('',(-20.11982545267,-5.931173779644,
    -1.693078486158));
#5875 = CARTESIAN_POINT('',(-20.11335333372,-5.906373255515,
    -1.693078486158));
#5876 = PCURVE('',#126,#5877);
#5877 = DEFINITIONAL_REPRESENTATION('',(#5878),#5889);
#5878 = B_SPLINE_CURVE_WITH_KNOTS('',3,(#5879,#5880,#5881,#5882,#5883,
    #5884,#5885,#5886,#5887,#5888),.UNSPECIFIED.,.F.,.F.,(4,3,3,4),(0.,
    0.333333333333,0.666666666667,1.),.UNSPECIFIED.);
#5879 = CARTESIAN_POINT('',(6.97189505704,-1.441139450167));
#5880 = CARTESIAN_POINT('',(6.99073816466,-1.458526077516));
#5881 = CARTESIAN_POINT('',(7.0075904937,-1.477267062061));
#5882 = CARTESIAN_POINT('',(7.022594149918,-1.497599819267));
#5883 = CARTESIAN_POINT('',(7.037597806137,-1.517932576473));
#5884 = CARTESIAN_POINT('',(7.050752789533,-1.539857106339));
#5885 = CARTESIAN_POINT('',(7.061632782864,-1.562661162471));
#5886 = CARTESIAN_POINT('',(7.072512776195,-1.585465218603));
#5887 = CARTESIAN_POINT('',(7.08111777946,-1.609148801001));
#5888 = CARTESIAN_POINT('',(7.08758989841,-1.63394932513));
#5889 = ( GEOMETRIC_REPRESENTATION_CONTEXT(2) 
PARAMETRIC_REPRESENTATION_CONTEXT() REPRESENTATION_CONTEXT('2D SPACE',''
  ) );
#5890 = PCURVE('',#5467,#5891);
#5891 = DEFINITIONAL_REPRESENTATION('',(#5892),#5903);
#5892 = B_SPLINE_CURVE_WITH_KNOTS('',3,(#5893,#5894,#5895,#5896,#5897,
    #5898,#5899,#5900,#5901,#5902),.UNSPECIFIED.,.F.,.F.,(4,3,3,4),(0.,
    0.333333333333,0.666666666667,1.),.UNSPECIFIED.);
#5893 = CARTESIAN_POINT('',(0.41269310569,1.367674361478));
#5894 = CARTESIAN_POINT('',(0.43153621331,1.350287734129));
#5895 = CARTESIAN_POINT('',(0.44838854235,1.331546749584));
#5896 = CARTESIAN_POINT('',(0.463392198568,1.311213992378));
#5897 = CARTESIAN_POINT('',(0.478395854787,1.290881235172));
#5898 = CARTESIAN_POINT('',(0.491550838183,1.268956705306));
#5899 = CARTESIAN_POINT('',(0.502430831514,1.246152649174));
#5900 = CARTESIAN_POINT('',(0.513310824845,1.223348593042));
#5901 = CARTESIAN_POINT('',(0.52191582811,1.199665010644));
#5902 = CARTESIAN_POINT('',(0.52838794706,1.174864486515));
#5903 = ( GEOMETRIC_REPRESENTATION_CONTEXT(2) 
PARAMETRIC_REPRESENTATION_CONTEXT() REPRESENTATION_CONTEXT('2D SPACE',''
  ) );
#5904 = ORIENTED_EDGE('',*,*,#5905,.T.);
#5905 = EDGE_CURVE('',#5862,#5906,#5908,.T.);
#5906 = VERTEX_POINT('',#5907);
#5907 = CARTESIAN_POINT('',(-19.9494750499,-5.677448253938,
    -1.693078486158));
#5908 = SURFACE_CURVE('',#5909,(#5920,#5934),.PCURVE_S1.);
#5909 = B_SPLINE_CURVE_WITH_KNOTS('',3,(#5910,#5911,#5912,#5913,#5914,
    #5915,#5916,#5917,#5918,#5919),.UNSPECIFIED.,.F.,.F.,(4,3,3,4),(0.,
    0.333333333333,0.666666666667,1.),.UNSPECIFIED.);
#5910 = CARTESIAN_POINT('',(-20.11335333372,-5.906373255515,
    -1.693078486158));
#5911 = CARTESIAN_POINT('',(-20.07999169525,-5.894586603324,
    -1.693078486158));
#5912 = CARTESIAN_POINT('',(-20.05165240787,-5.878212567701,
    -1.693078486158));
#5913 = CARTESIAN_POINT('',(-20.02756248876,-5.856236927839,
    -1.693078486158));
#5914 = CARTESIAN_POINT('',(-20.00347256964,-5.834261287977,
    -1.693078486158));
#5915 = CARTESIAN_POINT('',(-19.98363201879,-5.806684043877,
    -1.693078486158));
#5916 = CARTESIAN_POINT('',(-19.9703597847,-5.776547857958,
    -1.693078486158));
#5917 = CARTESIAN_POINT('',(-19.95708755061,-5.746411672038,
    -1.693078486158));
#5918 = CARTESIAN_POINT('',(-19.95038363329,-5.713716544301,
    -1.693078486158));
#5919 = CARTESIAN_POINT('',(-19.9494750499,-5.677448253938,
    -1.693078486158));
#5920 = PCURVE('',#126,#5921);
#5921 = DEFINITIONAL_REPRESENTATION('',(#5922),#5933);
#5922 = B_SPLINE_CURVE_WITH_KNOTS('',3,(#5923,#5924,#5925,#5926,#5927,
    #5928,#5929,#5930,#5931,#5932),.UNSPECIFIED.,.F.,.F.,(4,3,3,4),(0.,
    0.333333333333,0.666666666667,1.),.UNSPECIFIED.);
#5923 = CARTESIAN_POINT('',(7.08758989841,-1.63394932513));
#5924 = CARTESIAN_POINT('',(7.12095153688,-1.645735977321));
#5925 = CARTESIAN_POINT('',(7.149290824255,-1.662110012944));
#5926 = CARTESIAN_POINT('',(7.173380743369,-1.684085652806));
#5927 = CARTESIAN_POINT('',(7.197470662483,-1.706061292668));
#5928 = CARTESIAN_POINT('',(7.217311213337,-1.733638536768));
#5929 = CARTESIAN_POINT('',(7.230583447426,-1.763774722687));
#5930 = CARTESIAN_POINT('',(7.243855681515,-1.793910908607));
#5931 = CARTESIAN_POINT('',(7.25055959884,-1.826606036344));
#5932 = CARTESIAN_POINT('',(7.25146818223,-1.862874326707));
#5933 = ( GEOMETRIC_REPRESENTATION_CONTEXT(2) 
PARAMETRIC_REPRESENTATION_CONTEXT() REPRESENTATION_CONTEXT('2D SPACE',''
  ) );
#5934 = PCURVE('',#5467,#5935);
#5935 = DEFINITIONAL_REPRESENTATION('',(#5936),#5947);
#5936 = B_SPLINE_CURVE_WITH_KNOTS('',3,(#5937,#5938,#5939,#5940,#5941,
    #5942,#5943,#5944,#5945,#5946),.UNSPECIFIED.,.F.,.F.,(4,3,3,4),(0.,
    0.333333333333,0.666666666667,1.),.UNSPECIFIED.);
#5937 = CARTESIAN_POINT('',(0.52838794706,1.174864486515));
#5938 = CARTESIAN_POINT('',(0.56174958553,1.163077834324));
#5939 = CARTESIAN_POINT('',(0.590088872905,1.146703798701));
#5940 = CARTESIAN_POINT('',(0.614178792019,1.124728158839));
#5941 = CARTESIAN_POINT('',(0.638268711133,1.102752518977));
#5942 = CARTESIAN_POINT('',(0.658109261987,1.075175274877));
#5943 = CARTESIAN_POINT('',(0.671381496076,1.045039088958));
#5944 = CARTESIAN_POINT('',(0.684653730165,1.014902903038));
#5945 = CARTESIAN_POINT('',(0.69135764749,0.982207775301));
#5946 = CARTESIAN_POINT('',(0.69226623088,0.945939484938));
#5947 = ( GEOMETRIC_REPRESENTATION_CONTEXT(2) 
PARAMETRIC_REPRESENTATION_CONTEXT() REPRESENTATION_CONTEXT('2D SPACE',''
  ) );
#5948 = ORIENTED_EDGE('',*,*,#5949,.T.);
#5949 = EDGE_CURVE('',#5906,#5950,#5952,.T.);
#5950 = VERTEX_POINT('',#5951);
#5951 = CARTESIAN_POINT('',(-20.19047289035,-5.43642749167,
    -1.693078486158));
#5952 = SURFACE_CURVE('',#5953,(#5967,#5984),.PCURVE_S1.);
#5953 = B_SPLINE_CURVE_WITH_KNOTS('',3,(#5954,#5955,#5956,#5957,#5958,
    #5959,#5960,#5961,#5962,#5963,#5964,#5965,#5966),.UNSPECIFIED.,.F.,
  .F.,(4,3,3,3,4),(0.,0.25,0.5,0.75,1.),.PIECEWISE_BEZIER_KNOTS.);
#5954 = CARTESIAN_POINT('',(-19.9494750499,-5.677448253938,
    -1.693078486158));
#5955 = CARTESIAN_POINT('',(-19.95014499068,-5.643892137208,
    -1.693078486158));
#5956 = CARTESIAN_POINT('',(-19.956198624,-5.613173346411,
    -1.693078486158));
#5957 = CARTESIAN_POINT('',(-19.96813006646,-5.584513026777,
    -1.693078486158));
#5958 = CARTESIAN_POINT('',(-19.98006150892,-5.555852707143,
    -1.693078486158));
#5959 = CARTESIAN_POINT('',(-19.99787076053,-5.529250858673,
    -1.693078486158));
#5960 = CARTESIAN_POINT('',(-20.02007547147,-5.50704404567,
    -1.693078486158));
#5961 = CARTESIAN_POINT('',(-20.0422801824,-5.484837232667,
    -1.693078486158));
#5962 = CARTESIAN_POINT('',(-20.06888035267,-5.467025455132,
    -1.693078486158));
#5963 = CARTESIAN_POINT('',(-20.09753952846,-5.455091297825,
    -1.693078486158));
#5964 = CARTESIAN_POINT('',(-20.12619870426,-5.443157140518,
    -1.693078486158));
#5965 = CARTESIAN_POINT('',(-20.15691688558,-5.43710060344,
    -1.693078486158));
#5966 = CARTESIAN_POINT('',(-20.19047289035,-5.43642749167,
    -1.693078486158));
#5967 = PCURVE('',#126,#5968);
#5968 = DEFINITIONAL_REPRESENTATION('',(#5969),#5983);
#5969 = B_SPLINE_CURVE_WITH_KNOTS('',3,(#5970,#5971,#5972,#5973,#5974,
    #5975,#5976,#5977,#5978,#5979,#5980,#5981,#5982),.UNSPECIFIED.,.F.,
  .F.,(4,3,3,3,4),(0.,0.25,0.5,0.75,1.),.PIECEWISE_BEZIER_KNOTS.);
#5970 = CARTESIAN_POINT('',(7.25146818223,-1.862874326707));
#5971 = CARTESIAN_POINT('',(7.25079824145,-1.896430443437));
#5972 = CARTESIAN_POINT('',(7.24474460813,-1.927149234235));
#5973 = CARTESIAN_POINT('',(7.232813165667,-1.955809553868));
#5974 = CARTESIAN_POINT('',(7.220881723203,-1.984469873502));
#5975 = CARTESIAN_POINT('',(7.203072471597,-2.011071721972));
#5976 = CARTESIAN_POINT('',(7.18086776066,-2.033278534975));
#5977 = CARTESIAN_POINT('',(7.158663049723,-2.055485347978));
#5978 = CARTESIAN_POINT('',(7.132062879457,-2.073297125513));
#5979 = CARTESIAN_POINT('',(7.103403703663,-2.08523128282));
#5980 = CARTESIAN_POINT('',(7.07474452787,-2.097165440127));
#5981 = CARTESIAN_POINT('',(7.04402634655,-2.103221977205));
#5982 = CARTESIAN_POINT('',(7.01047034178,-2.103895088975));
#5983 = ( GEOMETRIC_REPRESENTATION_CONTEXT(2) 
PARAMETRIC_REPRESENTATION_CONTEXT() REPRESENTATION_CONTEXT('2D SPACE',''
  ) );
#5984 = PCURVE('',#5467,#5985);
#5985 = DEFINITIONAL_REPRESENTATION('',(#5986),#6000);
#5986 = B_SPLINE_CURVE_WITH_KNOTS('',3,(#5987,#5988,#5989,#5990,#5991,
    #5992,#5993,#5994,#5995,#5996,#5997,#5998,#5999),.UNSPECIFIED.,.F.,
  .F.,(4,3,3,3,4),(0.,0.25,0.5,0.75,1.),.PIECEWISE_BEZIER_KNOTS.);
#5987 = CARTESIAN_POINT('',(0.69226623088,0.945939484938));
#5988 = CARTESIAN_POINT('',(0.6915962901,0.912383368208));
#5989 = CARTESIAN_POINT('',(0.68554265678,0.88166457741));
#5990 = CARTESIAN_POINT('',(0.673611214317,0.853004257777));
#5991 = CARTESIAN_POINT('',(0.661679771853,0.824343938143));
#5992 = CARTESIAN_POINT('',(0.643870520247,0.797742089673));
#5993 = CARTESIAN_POINT('',(0.62166580931,0.77553527667));
#5994 = CARTESIAN_POINT('',(0.599461098373,0.753328463667));
#5995 = CARTESIAN_POINT('',(0.572860928107,0.735516686132));
#5996 = CARTESIAN_POINT('',(0.544201752313,0.723582528825));
#5997 = CARTESIAN_POINT('',(0.51554257652,0.711648371518));
#5998 = CARTESIAN_POINT('',(0.4848243952,0.70559183444));
#5999 = CARTESIAN_POINT('',(0.45126839043,0.70491872267));
#6000 = ( GEOMETRIC_REPRESENTATION_CONTEXT(2) 
PARAMETRIC_REPRESENTATION_CONTEXT() REPRESENTATION_CONTEXT('2D SPACE',''
  ) );
#6001 = ORIENTED_EDGE('',*,*,#6002,.T.);
#6002 = EDGE_CURVE('',#5950,#6003,#6005,.T.);
#6003 = VERTEX_POINT('',#6004);
#6004 = CARTESIAN_POINT('',(-20.21457267653,-5.43642749167,
    -1.688078486158));
#6005 = SURFACE_CURVE('',#6006,(#6010,#6017),.PCURVE_S1.);
#6006 = LINE('',#6007,#6008);
#6007 = CARTESIAN_POINT('',(-20.19047289035,-5.43642749167,
    -1.688078486158));
#6008 = VECTOR('',#6009,1.);
#6009 = DIRECTION('',(-1.,-1.10562609957E-13,0.));
#6010 = PCURVE('',#126,#6011);
#6011 = DEFINITIONAL_REPRESENTATION('',(#6012),#6016);
#6012 = LINE('',#6013,#6014);
#6013 = CARTESIAN_POINT('',(7.01047034178,-2.103895088975));
#6014 = VECTOR('',#6015,1.);
#6015 = DIRECTION('',(-1.,1.10562609957E-13));
#6016 = ( GEOMETRIC_REPRESENTATION_CONTEXT(2) 
PARAMETRIC_REPRESENTATION_CONTEXT() REPRESENTATION_CONTEXT('2D SPACE',''
  ) );
#6017 = PCURVE('',#5467,#6018);
#6018 = DEFINITIONAL_REPRESENTATION('',(#6019),#6023);
#6019 = LINE('',#6020,#6021);
#6020 = CARTESIAN_POINT('',(0.45126839043,0.70491872267));
#6021 = VECTOR('',#6022,1.);
#6022 = DIRECTION('',(-1.,1.10562609957E-13));
#6023 = ( GEOMETRIC_REPRESENTATION_CONTEXT(2) 
PARAMETRIC_REPRESENTATION_CONTEXT() REPRESENTATION_CONTEXT('2D SPACE',''
  ) );
#6024 = ORIENTED_EDGE('',*,*,#6025,.T.);
#6025 = EDGE_CURVE('',#6003,#6026,#6028,.T.);
#6026 = VERTEX_POINT('',#6027);
#6027 = CARTESIAN_POINT('',(-20.39291108504,-5.099030485203,
    -1.688078486158));
#6028 = SURFACE_CURVE('',#6029,(#6033,#6040),.PCURVE_S1.);
#6029 = LINE('',#6030,#6031);
#6030 = CARTESIAN_POINT('',(-20.21457267653,-5.43642749167,
    -1.688078486158));
#6031 = VECTOR('',#6032,1.);
#6032 = DIRECTION('',(-0.467307306755,0.884094950248,0.));
#6033 = PCURVE('',#126,#6034);
#6034 = DEFINITIONAL_REPRESENTATION('',(#6035),#6039);
#6035 = LINE('',#6036,#6037);
#6036 = CARTESIAN_POINT('',(6.9863705556,-2.103895088975));
#6037 = VECTOR('',#6038,1.);
#6038 = DIRECTION('',(-0.467307306755,-0.884094950248));
#6039 = ( GEOMETRIC_REPRESENTATION_CONTEXT(2) 
PARAMETRIC_REPRESENTATION_CONTEXT() REPRESENTATION_CONTEXT('2D SPACE',''
  ) );
#6040 = PCURVE('',#5467,#6041);
#6041 = DEFINITIONAL_REPRESENTATION('',(#6042),#6046);
#6042 = LINE('',#6043,#6044);
#6043 = CARTESIAN_POINT('',(0.42716860425,0.70491872267));
#6044 = VECTOR('',#6045,1.);
#6045 = DIRECTION('',(-0.467307306755,-0.884094950248));
#6046 = ( GEOMETRIC_REPRESENTATION_CONTEXT(2) 
PARAMETRIC_REPRESENTATION_CONTEXT() REPRESENTATION_CONTEXT('2D SPACE',''
  ) );
#6047 = ORIENTED_EDGE('',*,*,#6048,.T.);
#6048 = EDGE_CURVE('',#6026,#6049,#6051,.T.);
#6049 = VERTEX_POINT('',#6050);
#6050 = CARTESIAN_POINT('',(-20.52063997935,-5.173739785577,
    -1.688078486158));
#6051 = SURFACE_CURVE('',#6052,(#6056,#6063),.PCURVE_S1.);
#6052 = LINE('',#6053,#6054);
#6053 = CARTESIAN_POINT('',(-20.39291108504,-5.099030485203,
    -1.688078486158));
#6054 = VECTOR('',#6055,1.);
#6055 = DIRECTION('',(-0.863187758941,-0.50488304865,0.));
#6056 = PCURVE('',#126,#6057);
#6057 = DEFINITIONAL_REPRESENTATION('',(#6058),#6062);
#6058 = LINE('',#6059,#6060);
#6059 = CARTESIAN_POINT('',(6.80803214709,-2.441292095442));
#6060 = VECTOR('',#6061,1.);
#6061 = DIRECTION('',(-0.863187758941,0.50488304865));
#6062 = ( GEOMETRIC_REPRESENTATION_CONTEXT(2) 
PARAMETRIC_REPRESENTATION_CONTEXT() REPRESENTATION_CONTEXT('2D SPACE',''
  ) );
#6063 = PCURVE('',#5467,#6064);
#6064 = DEFINITIONAL_REPRESENTATION('',(#6065),#6069);
#6065 = LINE('',#6066,#6067);
#6066 = CARTESIAN_POINT('',(0.24883019574,0.367521716203));
#6067 = VECTOR('',#6068,1.);
#6068 = DIRECTION('',(-0.863187758941,0.50488304865));
#6069 = ( GEOMETRIC_REPRESENTATION_CONTEXT(2) 
PARAMETRIC_REPRESENTATION_CONTEXT() REPRESENTATION_CONTEXT('2D SPACE',''
  ) );
#6070 = ORIENTED_EDGE('',*,*,#6071,.T.);
#6071 = EDGE_CURVE('',#6049,#6072,#6074,.T.);
#6072 = VERTEX_POINT('',#6073);
#6073 = CARTESIAN_POINT('',(-20.35194147612,-5.496676911144,
    -1.693078486158));
#6074 = SURFACE_CURVE('',#6075,(#6079,#6086),.PCURVE_S1.);
#6075 = LINE('',#6076,#6077);
#6076 = CARTESIAN_POINT('',(-20.52063997935,-5.173739785577,
    -1.688078486158));
#6077 = VECTOR('',#6078,1.);
#6078 = DIRECTION('',(0.463018065387,-0.886348842796,0.));
#6079 = PCURVE('',#126,#6080);
#6080 = DEFINITIONAL_REPRESENTATION('',(#6081),#6085);
#6081 = LINE('',#6082,#6083);
#6082 = CARTESIAN_POINT('',(6.68030325278,-2.366582795068));
#6083 = VECTOR('',#6084,1.);
#6084 = DIRECTION('',(0.463018065387,0.886348842796));
#6085 = ( GEOMETRIC_REPRESENTATION_CONTEXT(2) 
PARAMETRIC_REPRESENTATION_CONTEXT() REPRESENTATION_CONTEXT('2D SPACE',''
  ) );
#6086 = PCURVE('',#5467,#6087);
#6087 = DEFINITIONAL_REPRESENTATION('',(#6088),#6092);
#6088 = LINE('',#6089,#6090);
#6089 = CARTESIAN_POINT('',(0.12110130143,0.442231016577));
#6090 = VECTOR('',#6091,1.);
#6091 = DIRECTION('',(0.463018065387,0.886348842796));
#6092 = ( GEOMETRIC_REPRESENTATION_CONTEXT(2) 
PARAMETRIC_REPRESENTATION_CONTEXT() REPRESENTATION_CONTEXT('2D SPACE',''
  ) );
#6093 = ORIENTED_EDGE('',*,*,#6094,.T.);
#6094 = EDGE_CURVE('',#6072,#6095,#6097,.T.);
#6095 = VERTEX_POINT('',#6096);
#6096 = CARTESIAN_POINT('',(-20.43388073993,-5.677425307466,
    -1.693078486158));
#6097 = SURFACE_CURVE('',#6098,(#6109,#6123),.PCURVE_S1.);
#6098 = B_SPLINE_CURVE_WITH_KNOTS('',3,(#6099,#6100,#6101,#6102,#6103,
    #6104,#6105,#6106,#6107,#6108),.UNSPECIFIED.,.F.,.F.,(4,3,3,4),(0.,
    0.333333333333,0.666666666667,1.),.UNSPECIFIED.);
#6099 = CARTESIAN_POINT('',(-20.35194147612,-5.496676911144,
    -1.693078486158));
#6100 = CARTESIAN_POINT('',(-20.36916224443,-5.511561557894,
    -1.693078486158));
#6101 = CARTESIAN_POINT('',(-20.38368699658,-5.528191221513,
    -1.693078486158));
#6102 = CARTESIAN_POINT('',(-20.39577094732,-5.546894781896,
    -1.693078486158));
#6103 = CARTESIAN_POINT('',(-20.40785489807,-5.565598342278,
    -1.693078486158));
#6104 = CARTESIAN_POINT('',(-20.4174980474,-5.586375799425,
    -1.693078486158));
#6105 = CARTESIAN_POINT('',(-20.42393475108,-5.608240513651,
    -1.693078486158));
#6106 = CARTESIAN_POINT('',(-20.43037145477,-5.630105227878,
    -1.693078486158));
#6107 = CARTESIAN_POINT('',(-20.4336017128,-5.653057199185,
    -1.693078486158));
#6108 = CARTESIAN_POINT('',(-20.43388073993,-5.677425307466,
    -1.693078486158));
#6109 = PCURVE('',#126,#6110);
#6110 = DEFINITIONAL_REPRESENTATION('',(#6111),#6122);
#6111 = B_SPLINE_CURVE_WITH_KNOTS('',3,(#6112,#6113,#6114,#6115,#6116,
    #6117,#6118,#6119,#6120,#6121),.UNSPECIFIED.,.F.,.F.,(4,3,3,4),(0.,
    0.333333333333,0.666666666667,1.),.UNSPECIFIED.);
#6112 = CARTESIAN_POINT('',(6.84900175601,-2.043645669501));
#6113 = CARTESIAN_POINT('',(6.8317809877,-2.028761022751));
#6114 = CARTESIAN_POINT('',(6.817256235545,-2.012131359132));
#6115 = CARTESIAN_POINT('',(6.805172284801,-1.993427798749));
#6116 = CARTESIAN_POINT('',(6.793088334057,-1.974724238367));
#6117 = CARTESIAN_POINT('',(6.783445184723,-1.95394678122));
#6118 = CARTESIAN_POINT('',(6.777008481042,-1.932082066994));
#6119 = CARTESIAN_POINT('',(6.77057177736,-1.910217352767));
#6120 = CARTESIAN_POINT('',(6.76734151933,-1.88726538146));
#6121 = CARTESIAN_POINT('',(6.7670624922,-1.862897273179));
#6122 = ( GEOMETRIC_REPRESENTATION_CONTEXT(2) 
PARAMETRIC_REPRESENTATION_CONTEXT() REPRESENTATION_CONTEXT('2D SPACE',''
  ) );
#6123 = PCURVE('',#5467,#6124);
#6124 = DEFINITIONAL_REPRESENTATION('',(#6125),#6136);
#6125 = B_SPLINE_CURVE_WITH_KNOTS('',3,(#6126,#6127,#6128,#6129,#6130,
    #6131,#6132,#6133,#6134,#6135),.UNSPECIFIED.,.F.,.F.,(4,3,3,4),(0.,
    0.333333333333,0.666666666667,1.),.UNSPECIFIED.);
#6126 = CARTESIAN_POINT('',(0.28979980466,0.765168142144));
#6127 = CARTESIAN_POINT('',(0.27257903635,0.780052788894));
#6128 = CARTESIAN_POINT('',(0.258054284195,0.796682452513));
#6129 = CARTESIAN_POINT('',(0.245970333451,0.815386012896));
#6130 = CARTESIAN_POINT('',(0.233886382707,0.834089573278));
#6131 = CARTESIAN_POINT('',(0.224243233373,0.854867030425));
#6132 = CARTESIAN_POINT('',(0.217806529692,0.876731744651));
#6133 = CARTESIAN_POINT('',(0.21136982601,0.898596458878));
#6134 = CARTESIAN_POINT('',(0.20813956798,0.921548430185));
#6135 = CARTESIAN_POINT('',(0.20786054085,0.945916538466));
#6136 = ( GEOMETRIC_REPRESENTATION_CONTEXT(2) 
PARAMETRIC_REPRESENTATION_CONTEXT() REPRESENTATION_CONTEXT('2D SPACE',''
  ) );
#6137 = ORIENTED_EDGE('',*,*,#6138,.T.);
#6138 = EDGE_CURVE('',#6095,#6139,#6141,.T.);
#6139 = VERTEX_POINT('',#6140);
#6140 = CARTESIAN_POINT('',(-20.27482214197,-5.90396328833,
    -1.693078486158));
#6141 = SURFACE_CURVE('',#6142,(#6153,#6167),.PCURVE_S1.);
#6142 = B_SPLINE_CURVE_WITH_KNOTS('',3,(#6143,#6144,#6145,#6146,#6147,
    #6148,#6149,#6150,#6151,#6152),.UNSPECIFIED.,.F.,.F.,(4,3,3,4),(0.,
    0.333333333333,0.666666666667,1.),.UNSPECIFIED.);
#6143 = CARTESIAN_POINT('',(-20.43388073993,-5.677425307466,
    -1.693078486158));
#6144 = CARTESIAN_POINT('',(-20.43316689416,-5.711922892531,
    -1.693078486158));
#6145 = CARTESIAN_POINT('',(-20.42676809919,-5.743353668149,
    -1.693078486158));
#6146 = CARTESIAN_POINT('',(-20.4138247127,-5.772854063966,
    -1.693078486158));
#6147 = CARTESIAN_POINT('',(-20.40088132621,-5.802354459782,
    -1.693078486158));
#6148 = CARTESIAN_POINT('',(-20.3813933482,-5.829924475798,
    -1.693078486158));
#6149 = CARTESIAN_POINT('',(-20.35793970563,-5.852154823074,
    -1.693078486158));
#6150 = CARTESIAN_POINT('',(-20.33448606307,-5.87438517035,
    -1.693078486158));
#6151 = CARTESIAN_POINT('',(-20.30706675596,-5.891275848887,
    -1.693078486158));
#6152 = CARTESIAN_POINT('',(-20.27482214197,-5.90396328833,
    -1.693078486158));
#6153 = PCURVE('',#126,#6154);
#6154 = DEFINITIONAL_REPRESENTATION('',(#6155),#6166);
#6155 = B_SPLINE_CURVE_WITH_KNOTS('',3,(#6156,#6157,#6158,#6159,#6160,
    #6161,#6162,#6163,#6164,#6165),.UNSPECIFIED.,.F.,.F.,(4,3,3,4),(0.,
    0.333333333333,0.666666666667,1.),.UNSPECIFIED.);
#6156 = CARTESIAN_POINT('',(6.7670624922,-1.862897273179));
#6157 = CARTESIAN_POINT('',(6.76777633797,-1.828399688114));
#6158 = CARTESIAN_POINT('',(6.77417513294,-1.796968912496));
#6159 = CARTESIAN_POINT('',(6.78711851943,-1.767468516679));
#6160 = CARTESIAN_POINT('',(6.80006190592,-1.737968120863));
#6161 = CARTESIAN_POINT('',(6.81954988393,-1.710398104847));
#6162 = CARTESIAN_POINT('',(6.843003526493,-1.688167757571));
#6163 = CARTESIAN_POINT('',(6.866457169055,-1.665937410295));
#6164 = CARTESIAN_POINT('',(6.89387647617,-1.649046731758));
#6165 = CARTESIAN_POINT('',(6.92612109016,-1.636359292315));
#6166 = ( GEOMETRIC_REPRESENTATION_CONTEXT(2) 
PARAMETRIC_REPRESENTATION_CONTEXT() REPRESENTATION_CONTEXT('2D SPACE',''
  ) );
#6167 = PCURVE('',#5467,#6168);
#6168 = DEFINITIONAL_REPRESENTATION('',(#6169),#6180);
#6169 = B_SPLINE_CURVE_WITH_KNOTS('',3,(#6170,#6171,#6172,#6173,#6174,
    #6175,#6176,#6177,#6178,#6179),.UNSPECIFIED.,.F.,.F.,(4,3,3,4),(0.,
    0.333333333333,0.666666666667,1.),.UNSPECIFIED.);
#6170 = CARTESIAN_POINT('',(0.20786054085,0.945916538466));
#6171 = CARTESIAN_POINT('',(0.20857438662,0.980414123531));
#6172 = CARTESIAN_POINT('',(0.21497318159,1.011844899149));
#6173 = CARTESIAN_POINT('',(0.22791656808,1.041345294966));
#6174 = CARTESIAN_POINT('',(0.24085995457,1.070845690782));
#6175 = CARTESIAN_POINT('',(0.26034793258,1.098415706798));
#6176 = CARTESIAN_POINT('',(0.283801575143,1.120646054074));
#6177 = CARTESIAN_POINT('',(0.307255217705,1.14287640135));
#6178 = CARTESIAN_POINT('',(0.33467452482,1.159767079887));
#6179 = CARTESIAN_POINT('',(0.36691913881,1.17245451933));
#6180 = ( GEOMETRIC_REPRESENTATION_CONTEXT(2) 
PARAMETRIC_REPRESENTATION_CONTEXT() REPRESENTATION_CONTEXT('2D SPACE',''
  ) );
#6181 = ORIENTED_EDGE('',*,*,#6182,.T.);
#6182 = EDGE_CURVE('',#6139,#6183,#6185,.T.);
#6183 = VERTEX_POINT('',#6184);
#6184 = CARTESIAN_POINT('',(-20.49651641283,-6.048561984857,
    -1.693078486158));
#6185 = SURFACE_CURVE('',#6186,(#6197,#6211),.PCURVE_S1.);
#6186 = B_SPLINE_CURVE_WITH_KNOTS('',3,(#6187,#6188,#6189,#6190,#6191,
    #6192,#6193,#6194,#6195,#6196),.UNSPECIFIED.,.F.,.F.,(4,3,3,4),(0.,
    0.333333333333,0.666666666667,1.),.UNSPECIFIED.);
#6187 = CARTESIAN_POINT('',(-20.27482214197,-5.90396328833,
    -1.693078486158));
#6188 = CARTESIAN_POINT('',(-20.28959954686,-5.93434179526,
    -1.693078486158));
#6189 = CARTESIAN_POINT('',(-20.30769213817,-5.95996628908,
    -1.693078486158));
#6190 = CARTESIAN_POINT('',(-20.32991232274,-5.981286281659,
    -1.693078486158));
#6191 = CARTESIAN_POINT('',(-20.35213250731,-6.002606274239,
    -1.693078486158));
#6192 = CARTESIAN_POINT('',(-20.37848028513,-6.019621765579,
    -1.693078486158));
#6193 = CARTESIAN_POINT('',(-20.40651843575,-6.030984220069,
    -1.693078486158));
#6194 = CARTESIAN_POINT('',(-20.43455658638,-6.042346674558,
    -1.693078486158));
#6195 = CARTESIAN_POINT('',(-20.4642851098,-6.048056092197,
    -1.693078486158));
#6196 = CARTESIAN_POINT('',(-20.49651641283,-6.048561984857,
    -1.693078486158));
#6197 = PCURVE('',#126,#6198);
#6198 = DEFINITIONAL_REPRESENTATION('',(#6199),#6210);
#6199 = B_SPLINE_CURVE_WITH_KNOTS('',3,(#6200,#6201,#6202,#6203,#6204,
    #6205,#6206,#6207,#6208,#6209),.UNSPECIFIED.,.F.,.F.,(4,3,3,4),(0.,
    0.333333333333,0.666666666667,1.),.UNSPECIFIED.);
#6200 = CARTESIAN_POINT('',(6.92612109016,-1.636359292315));
#6201 = CARTESIAN_POINT('',(6.91134368527,-1.605980785385));
#6202 = CARTESIAN_POINT('',(6.893251093955,-1.580356291565));
#6203 = CARTESIAN_POINT('',(6.871030909386,-1.559036298986));
#6204 = CARTESIAN_POINT('',(6.848810724817,-1.537716306406));
#6205 = CARTESIAN_POINT('',(6.822462946993,-1.520700815066));
#6206 = CARTESIAN_POINT('',(6.794424796372,-1.509338360576));
#6207 = CARTESIAN_POINT('',(6.76638664575,-1.497975906087));
#6208 = CARTESIAN_POINT('',(6.73665812233,-1.492266488448));
#6209 = CARTESIAN_POINT('',(6.7044268193,-1.491760595788));
#6210 = ( GEOMETRIC_REPRESENTATION_CONTEXT(2) 
PARAMETRIC_REPRESENTATION_CONTEXT() REPRESENTATION_CONTEXT('2D SPACE',''
  ) );
#6211 = PCURVE('',#5467,#6212);
#6212 = DEFINITIONAL_REPRESENTATION('',(#6213),#6224);
#6213 = B_SPLINE_CURVE_WITH_KNOTS('',3,(#6214,#6215,#6216,#6217,#6218,
    #6219,#6220,#6221,#6222,#6223),.UNSPECIFIED.,.F.,.F.,(4,3,3,4),(0.,
    0.333333333333,0.666666666667,1.),.UNSPECIFIED.);
#6214 = CARTESIAN_POINT('',(0.36691913881,1.17245451933));
#6215 = CARTESIAN_POINT('',(0.35214173392,1.20283302626));
#6216 = CARTESIAN_POINT('',(0.334049142605,1.22845752008));
#6217 = CARTESIAN_POINT('',(0.311828958036,1.249777512659));
#6218 = CARTESIAN_POINT('',(0.289608773467,1.271097505239));
#6219 = CARTESIAN_POINT('',(0.263260995643,1.288112996579));
#6220 = CARTESIAN_POINT('',(0.235222845022,1.299475451069));
#6221 = CARTESIAN_POINT('',(0.2071846944,1.310837905558));
#6222 = CARTESIAN_POINT('',(0.17745617098,1.316547323197));
#6223 = CARTESIAN_POINT('',(0.14522486795,1.317053215857));
#6224 = ( GEOMETRIC_REPRESENTATION_CONTEXT(2) 
PARAMETRIC_REPRESENTATION_CONTEXT() REPRESENTATION_CONTEXT('2D SPACE',''
  ) );
#6225 = ORIENTED_EDGE('',*,*,#6226,.T.);
#6226 = EDGE_CURVE('',#6183,#6227,#6229,.T.);
#6227 = VERTEX_POINT('',#6228);
#6228 = CARTESIAN_POINT('',(-20.73753805494,-5.807564143623,
    -1.693078486158));
#6229 = SURFACE_CURVE('',#6230,(#6244,#6261),.PCURVE_S1.);
#6230 = B_SPLINE_CURVE_WITH_KNOTS('',3,(#6231,#6232,#6233,#6234,#6235,
    #6236,#6237,#6238,#6239,#6240,#6241,#6242,#6243),.UNSPECIFIED.,.F.,
  .F.,(4,3,3,3,4),(0.,0.25,0.5,0.75,1.),.PIECEWISE_BEZIER_KNOTS.);
#6231 = CARTESIAN_POINT('',(-20.49651641283,-6.048561984857,
    -1.693078486158));
#6232 = CARTESIAN_POINT('',(-20.53007261993,-6.047892159751,
    -1.693078486158));
#6233 = CARTESIAN_POINT('',(-20.56079150131,-6.041838610546,
    -1.693078486158));
#6234 = CARTESIAN_POINT('',(-20.58945191799,-6.029907219101,
    -1.693078486158));
#6235 = CARTESIAN_POINT('',(-20.61811233468,-6.017975827655,
    -1.693078486158));
#6236 = CARTESIAN_POINT('',(-20.64471428666,-6.000166593969,
    -1.693078486158));
#6237 = CARTESIAN_POINT('',(-20.66692119091,-5.977961872469,
    -1.693078486158));
#6238 = CARTESIAN_POINT('',(-20.68912809516,-5.955757150969,
    -1.693078486158));
#6239 = CARTESIAN_POINT('',(-20.70693995168,-5.929156941655,
    -1.693078486158));
#6240 = CARTESIAN_POINT('',(-20.71887416216,-5.900497712616,
    -1.693078486158));
#6241 = CARTESIAN_POINT('',(-20.73080837264,-5.871838483577,
    -1.693078486158));
#6242 = CARTESIAN_POINT('',(-20.73686493709,-5.841120234811,
    -1.693078486158));
#6243 = CARTESIAN_POINT('',(-20.73753805494,-5.807564143623,
    -1.693078486158));
#6244 = PCURVE('',#126,#6245);
#6245 = DEFINITIONAL_REPRESENTATION('',(#6246),#6260);
#6246 = B_SPLINE_CURVE_WITH_KNOTS('',3,(#6247,#6248,#6249,#6250,#6251,
    #6252,#6253,#6254,#6255,#6256,#6257,#6258,#6259),.UNSPECIFIED.,.F.,
  .F.,(4,3,3,3,4),(0.,0.25,0.5,0.75,1.),.PIECEWISE_BEZIER_KNOTS.);
#6247 = CARTESIAN_POINT('',(6.7044268193,-1.491760595788));
#6248 = CARTESIAN_POINT('',(6.6708706122,-1.492430420894));
#6249 = CARTESIAN_POINT('',(6.640151730815,-1.498483970099));
#6250 = CARTESIAN_POINT('',(6.611491314131,-1.510415361544));
#6251 = CARTESIAN_POINT('',(6.582830897447,-1.52234675299));
#6252 = CARTESIAN_POINT('',(6.556228945463,-1.540155986676));
#6253 = CARTESIAN_POINT('',(6.534022041213,-1.562360708176));
#6254 = CARTESIAN_POINT('',(6.511815136963,-1.584565429676));
#6255 = CARTESIAN_POINT('',(6.494003280447,-1.61116563899));
#6256 = CARTESIAN_POINT('',(6.482069069966,-1.639824868029));
#6257 = CARTESIAN_POINT('',(6.470134859485,-1.668484097069));
#6258 = CARTESIAN_POINT('',(6.46407829504,-1.699202345834));
#6259 = CARTESIAN_POINT('',(6.46340517719,-1.732758437022));
#6260 = ( GEOMETRIC_REPRESENTATION_CONTEXT(2) 
PARAMETRIC_REPRESENTATION_CONTEXT() REPRESENTATION_CONTEXT('2D SPACE',''
  ) );
#6261 = PCURVE('',#5467,#6262);
#6262 = DEFINITIONAL_REPRESENTATION('',(#6263),#6277);
#6263 = B_SPLINE_CURVE_WITH_KNOTS('',3,(#6264,#6265,#6266,#6267,#6268,
    #6269,#6270,#6271,#6272,#6273,#6274,#6275,#6276),.UNSPECIFIED.,.F.,
  .F.,(4,3,3,3,4),(0.,0.25,0.5,0.75,1.),.PIECEWISE_BEZIER_KNOTS.);
#6264 = CARTESIAN_POINT('',(0.14522486795,1.317053215857));
#6265 = CARTESIAN_POINT('',(0.11166866085,1.316383390751));
#6266 = CARTESIAN_POINT('',(8.0949779465E-02,1.310329841546));
#6267 = CARTESIAN_POINT('',(5.22893627808E-02,1.298398450101));
#6268 = CARTESIAN_POINT('',(2.36289460967E-02,1.286467058655));
#6269 = CARTESIAN_POINT('',(-2.973005886702E-03,1.268657824969));
#6270 = CARTESIAN_POINT('',(-2.51799101367E-02,1.246453103469));
#6271 = CARTESIAN_POINT('',(-4.73868143867E-02,1.224248381969));
#6272 = CARTESIAN_POINT('',(-6.51986709033E-02,1.197648172655));
#6273 = CARTESIAN_POINT('',(-7.71328813842E-02,1.168988943616));
#6274 = CARTESIAN_POINT('',(-8.9067091865E-02,1.140329714576));
#6275 = CARTESIAN_POINT('',(-9.512365631E-02,1.109611465811));
#6276 = CARTESIAN_POINT('',(-9.579677416E-02,1.076055374623));
#6277 = ( GEOMETRIC_REPRESENTATION_CONTEXT(2) 
PARAMETRIC_REPRESENTATION_CONTEXT() REPRESENTATION_CONTEXT('2D SPACE',''
  ) );
#6278 = ORIENTED_EDGE('',*,*,#6279,.T.);
#6279 = EDGE_CURVE('',#6227,#6280,#6282,.T.);
#6280 = VERTEX_POINT('',#6281);
#6281 = CARTESIAN_POINT('',(-20.7013858418,-5.679830653773,
    -1.693078486158));
#6282 = SURFACE_CURVE('',#6283,(#6294,#6308),.PCURVE_S1.);
#6283 = B_SPLINE_CURVE_WITH_KNOTS('',3,(#6284,#6285,#6286,#6287,#6288,
    #6289,#6290,#6291,#6292,#6293),.UNSPECIFIED.,.F.,.F.,(4,3,3,4),(0.,
    0.333333333333,0.666666666667,1.),.UNSPECIFIED.);
#6284 = CARTESIAN_POINT('',(-20.73753805494,-5.807564143623,
    -1.693078486158));
#6285 = CARTESIAN_POINT('',(-20.73746622495,-5.792852859204,
    -1.693078486158));
#6286 = CARTESIAN_POINT('',(-20.73607644179,-5.778305885393,
    -1.693078486158));
#6287 = CARTESIAN_POINT('',(-20.73328971288,-5.763691538704,
    -1.693078486158));
#6288 = CARTESIAN_POINT('',(-20.73050298398,-5.749077192016,
    -1.693078486158));
#6289 = CARTESIAN_POINT('',(-20.72631930934,-5.734395472449,
    -1.693078486158));
#6290 = CARTESIAN_POINT('',(-20.72097566664,-5.720341430465,
    -1.693078486158));
#6291 = CARTESIAN_POINT('',(-20.71563202394,-5.706287388481,
    -1.693078486158));
#6292 = CARTESIAN_POINT('',(-20.70912841318,-5.692861024079,
    -1.693078486158));
#6293 = CARTESIAN_POINT('',(-20.7013858418,-5.679830653773,
    -1.693078486158));
#6294 = PCURVE('',#126,#6295);
#6295 = DEFINITIONAL_REPRESENTATION('',(#6296),#6307);
#6296 = B_SPLINE_CURVE_WITH_KNOTS('',3,(#6297,#6298,#6299,#6300,#6301,
    #6302,#6303,#6304,#6305,#6306),.UNSPECIFIED.,.F.,.F.,(4,3,3,4),(0.,
    0.333333333333,0.666666666667,1.),.UNSPECIFIED.);
#6297 = CARTESIAN_POINT('',(6.46340517719,-1.732758437022));
#6298 = CARTESIAN_POINT('',(6.46347700718,-1.747469721441));
#6299 = CARTESIAN_POINT('',(6.46486679034,-1.762016695252));
#6300 = CARTESIAN_POINT('',(6.467653519242,-1.776631041941));
#6301 = CARTESIAN_POINT('',(6.470440248143,-1.791245388629));
#6302 = CARTESIAN_POINT('',(6.474623922787,-1.805927108196));
#6303 = CARTESIAN_POINT('',(6.479967565488,-1.81998115018));
#6304 = CARTESIAN_POINT('',(6.48531120819,-1.834035192164));
#6305 = CARTESIAN_POINT('',(6.49181481895,-1.847461556566));
#6306 = CARTESIAN_POINT('',(6.49955739033,-1.860491926872));
#6307 = ( GEOMETRIC_REPRESENTATION_CONTEXT(2) 
PARAMETRIC_REPRESENTATION_CONTEXT() REPRESENTATION_CONTEXT('2D SPACE',''
  ) );
#6308 = PCURVE('',#5467,#6309);
#6309 = DEFINITIONAL_REPRESENTATION('',(#6310),#6321);
#6310 = B_SPLINE_CURVE_WITH_KNOTS('',3,(#6311,#6312,#6313,#6314,#6315,
    #6316,#6317,#6318,#6319,#6320),.UNSPECIFIED.,.F.,.F.,(4,3,3,4),(0.,
    0.333333333333,0.666666666667,1.),.UNSPECIFIED.);
#6311 = CARTESIAN_POINT('',(-9.579677416E-02,1.076055374623));
#6312 = CARTESIAN_POINT('',(-9.572494417E-02,1.061344090204));
#6313 = CARTESIAN_POINT('',(-9.433516101E-02,1.046797116393));
#6314 = CARTESIAN_POINT('',(-9.15484321083E-02,1.032182769704));
#6315 = CARTESIAN_POINT('',(-8.87617032067E-02,1.017568423016));
#6316 = CARTESIAN_POINT('',(-8.45780285633E-02,1.002886703449));
#6317 = CARTESIAN_POINT('',(-7.92343858617E-02,0.988832661465));
#6318 = CARTESIAN_POINT('',(-7.389074316E-02,0.974778619481));
#6319 = CARTESIAN_POINT('',(-6.73871324E-02,0.961352255079));
#6320 = CARTESIAN_POINT('',(-5.964456102E-02,0.948321884773));
#6321 = ( GEOMETRIC_REPRESENTATION_CONTEXT(2) 
PARAMETRIC_REPRESENTATION_CONTEXT() REPRESENTATION_CONTEXT('2D SPACE',''
  ) );
#6322 = ORIENTED_EDGE('',*,*,#6323,.T.);
#6323 = EDGE_CURVE('',#6280,#6324,#6326,.T.);
#6324 = VERTEX_POINT('',#6325);
#6325 = CARTESIAN_POINT('',(-20.9327453776,-5.356910493121,
    -1.693078486158));
#6326 = SURFACE_CURVE('',#6327,(#6338,#6352),.PCURVE_S1.);
#6327 = B_SPLINE_CURVE_WITH_KNOTS('',3,(#6328,#6329,#6330,#6331,#6332,
    #6333,#6334,#6335,#6336,#6337),.UNSPECIFIED.,.F.,.F.,(4,3,3,4),(0.,
    0.333333333333,0.666666666667,1.),.UNSPECIFIED.);
#6328 = CARTESIAN_POINT('',(-20.7013858418,-5.679830653773,
    -1.693078486158));
#6329 = CARTESIAN_POINT('',(-20.74828988834,-5.662856046664,
    -1.693078486158));
#6330 = CARTESIAN_POINT('',(-20.78817501145,-5.639514316567,
    -1.693078486158));
#6331 = CARTESIAN_POINT('',(-20.82230716153,-5.608041839489,
    -1.693078486158));
#6332 = CARTESIAN_POINT('',(-20.85643931161,-5.576569362411,
    -1.693078486158));
#6333 = CARTESIAN_POINT('',(-20.88481848867,-5.536966138352,
    -1.693078486158));
#6334 = CARTESIAN_POINT('',(-20.90364684148,-5.494523039293,
    -1.693078486158));
#6335 = CARTESIAN_POINT('',(-20.9224751943,-5.452079940233,
    -1.693078486158));
#6336 = CARTESIAN_POINT('',(-20.93175272287,-5.406796966174,
    -1.693078486158));
#6337 = CARTESIAN_POINT('',(-20.9327453776,-5.356910493121,
    -1.693078486158));
#6338 = PCURVE('',#126,#6339);
#6339 = DEFINITIONAL_REPRESENTATION('',(#6340),#6351);
#6340 = B_SPLINE_CURVE_WITH_KNOTS('',3,(#6341,#6342,#6343,#6344,#6345,
    #6346,#6347,#6348,#6349,#6350),.UNSPECIFIED.,.F.,.F.,(4,3,3,4),(0.,
    0.333333333333,0.666666666667,1.),.UNSPECIFIED.);
#6341 = CARTESIAN_POINT('',(6.49955739033,-1.860491926872));
#6342 = CARTESIAN_POINT('',(6.45265334379,-1.877466533981));
#6343 = CARTESIAN_POINT('',(6.41276822068,-1.900808264078));
#6344 = CARTESIAN_POINT('',(6.378636070597,-1.932280741156));
#6345 = CARTESIAN_POINT('',(6.344503920513,-1.963753218234));
#6346 = CARTESIAN_POINT('',(6.316124743457,-2.003356442293));
#6347 = CARTESIAN_POINT('',(6.297296390643,-2.045799541352));
#6348 = CARTESIAN_POINT('',(6.27846803783,-2.088242640412));
#6349 = CARTESIAN_POINT('',(6.26919050926,-2.133525614471));
#6350 = CARTESIAN_POINT('',(6.26819785453,-2.183412087524));
#6351 = ( GEOMETRIC_REPRESENTATION_CONTEXT(2) 
PARAMETRIC_REPRESENTATION_CONTEXT() REPRESENTATION_CONTEXT('2D SPACE',''
  ) );
#6352 = PCURVE('',#5467,#6353);
#6353 = DEFINITIONAL_REPRESENTATION('',(#6354),#6365);
#6354 = B_SPLINE_CURVE_WITH_KNOTS('',3,(#6355,#6356,#6357,#6358,#6359,
    #6360,#6361,#6362,#6363,#6364),.UNSPECIFIED.,.F.,.F.,(4,3,3,4),(0.,
    0.333333333333,0.666666666667,1.),.UNSPECIFIED.);
#6355 = CARTESIAN_POINT('',(-5.964456102E-02,0.948321884773));
#6356 = CARTESIAN_POINT('',(-0.10654860756,0.931347277664));
#6357 = CARTESIAN_POINT('',(-0.14643373067,0.908005547567));
#6358 = CARTESIAN_POINT('',(-0.180565880753,0.876533070489));
#6359 = CARTESIAN_POINT('',(-0.214698030837,0.845060593411));
#6360 = CARTESIAN_POINT('',(-0.243077207893,0.805457369352));
#6361 = CARTESIAN_POINT('',(-0.261905560707,0.763014270293));
#6362 = CARTESIAN_POINT('',(-0.28073391352,0.720571171233));
#6363 = CARTESIAN_POINT('',(-0.29001144209,0.675288197174));
#6364 = CARTESIAN_POINT('',(-0.29100409682,0.625401724121));
#6365 = ( GEOMETRIC_REPRESENTATION_CONTEXT(2) 
PARAMETRIC_REPRESENTATION_CONTEXT() REPRESENTATION_CONTEXT('2D SPACE',''
  ) );
#6366 = ORIENTED_EDGE('',*,*,#6367,.T.);
#6367 = EDGE_CURVE('',#6324,#6368,#6370,.T.);
#6368 = VERTEX_POINT('',#6369);
#6369 = CARTESIAN_POINT('',(-20.63149886822,-5.019501156541,
    -1.693078486158));
#6370 = SURFACE_CURVE('',#6371,(#6385,#6402),.PCURVE_S1.);
#6371 = B_SPLINE_CURVE_WITH_KNOTS('',3,(#6372,#6373,#6374,#6375,#6376,
    #6377,#6378,#6379,#6380,#6381,#6382,#6383,#6384),.UNSPECIFIED.,.F.,
  .F.,(4,3,3,3,4),(0.,0.25,0.5,0.75,1.),.PIECEWISE_BEZIER_KNOTS.);
#6372 = CARTESIAN_POINT('',(-20.9327453776,-5.356910493121,
    -1.693078486158));
#6373 = CARTESIAN_POINT('',(-20.93202669272,-5.313379858445,
    -1.693078486158));
#6374 = CARTESIAN_POINT('',(-20.9246472277,-5.273070508945,
    -1.693078486158));
#6375 = CARTESIAN_POINT('',(-20.91008656459,-5.235084566025,
    -1.693078486158));
#6376 = CARTESIAN_POINT('',(-20.89552590148,-5.197098623106,
    -1.693078486158));
#6377 = CARTESIAN_POINT('',(-20.87378404028,-5.161436086767,
    -1.693078486158));
#6378 = CARTESIAN_POINT('',(-20.84642223485,-5.130790592791,
    -1.693078486158));
#6379 = CARTESIAN_POINT('',(-20.81906042941,-5.100145098815,
    -1.693078486158));
#6380 = CARTESIAN_POINT('',(-20.78607867974,-5.074516647203,
    -1.693078486158));
#6381 = CARTESIAN_POINT('',(-20.74998000535,-5.05576209084,
    -1.693078486158));
#6382 = CARTESIAN_POINT('',(-20.71388133097,-5.037007534477,
    -1.693078486158));
#6383 = CARTESIAN_POINT('',(-20.67466573187,-5.025126873365,
    -1.693078486158));
#6384 = CARTESIAN_POINT('',(-20.63149886822,-5.019501156541,
    -1.693078486158));
#6385 = PCURVE('',#126,#6386);
#6386 = DEFINITIONAL_REPRESENTATION('',(#6387),#6401);
#6387 = B_SPLINE_CURVE_WITH_KNOTS('',3,(#6388,#6389,#6390,#6391,#6392,
    #6393,#6394,#6395,#6396,#6397,#6398,#6399,#6400),.UNSPECIFIED.,.F.,
  .F.,(4,3,3,3,4),(0.,0.25,0.5,0.75,1.),.PIECEWISE_BEZIER_KNOTS.);
#6388 = CARTESIAN_POINT('',(6.26819785453,-2.183412087524));
#6389 = CARTESIAN_POINT('',(6.26891653941,-2.2269427222));
#6390 = CARTESIAN_POINT('',(6.27629600443,-2.2672520717));
#6391 = CARTESIAN_POINT('',(6.290856667538,-2.30523801462));
#6392 = CARTESIAN_POINT('',(6.305417330647,-2.343223957539));
#6393 = CARTESIAN_POINT('',(6.327159191843,-2.378886493878));
#6394 = CARTESIAN_POINT('',(6.354520997278,-2.409531987854));
#6395 = CARTESIAN_POINT('',(6.381882802713,-2.44017748183));
#6396 = CARTESIAN_POINT('',(6.414864552387,-2.465805933442));
#6397 = CARTESIAN_POINT('',(6.450963226773,-2.484560489805));
#6398 = CARTESIAN_POINT('',(6.48706190116,-2.503315046168));
#6399 = CARTESIAN_POINT('',(6.52627750026,-2.51519570728));
#6400 = CARTESIAN_POINT('',(6.56944436391,-2.520821424104));
#6401 = ( GEOMETRIC_REPRESENTATION_CONTEXT(2) 
PARAMETRIC_REPRESENTATION_CONTEXT() REPRESENTATION_CONTEXT('2D SPACE',''
  ) );
#6402 = PCURVE('',#5467,#6403);
#6403 = DEFINITIONAL_REPRESENTATION('',(#6404),#6418);
#6404 = B_SPLINE_CURVE_WITH_KNOTS('',3,(#6405,#6406,#6407,#6408,#6409,
    #6410,#6411,#6412,#6413,#6414,#6415,#6416,#6417),.UNSPECIFIED.,.F.,
  .F.,(4,3,3,3,4),(0.,0.25,0.5,0.75,1.),.PIECEWISE_BEZIER_KNOTS.);
#6405 = CARTESIAN_POINT('',(-0.29100409682,0.625401724121));
#6406 = CARTESIAN_POINT('',(-0.29028541194,0.581871089445));
#6407 = CARTESIAN_POINT('',(-0.28290594692,0.541561739945));
#6408 = CARTESIAN_POINT('',(-0.268345283812,0.503575797025));
#6409 = CARTESIAN_POINT('',(-0.253784620703,0.465589854106));
#6410 = CARTESIAN_POINT('',(-0.232042759507,0.429927317767));
#6411 = CARTESIAN_POINT('',(-0.204680954072,0.399281823791));
#6412 = CARTESIAN_POINT('',(-0.177319148637,0.368636329815));
#6413 = CARTESIAN_POINT('',(-0.144337398963,0.343007878203));
#6414 = CARTESIAN_POINT('',(-0.108238724577,0.32425332184));
#6415 = CARTESIAN_POINT('',(-7.214005019E-02,0.305498765477));
#6416 = CARTESIAN_POINT('',(-3.292445109E-02,0.293618104365));
#6417 = CARTESIAN_POINT('',(1.024241256E-02,0.287992387541));
#6418 = ( GEOMETRIC_REPRESENTATION_CONTEXT(2) 
PARAMETRIC_REPRESENTATION_CONTEXT() REPRESENTATION_CONTEXT('2D SPACE',''
  ) );
#6419 = ORIENTED_EDGE('',*,*,#6420,.T.);
#6420 = EDGE_CURVE('',#6368,#6421,#6423,.T.);
#6421 = VERTEX_POINT('',#6422);
#6422 = CARTESIAN_POINT('',(-20.63149886722,-5.000221399475,
    -1.693078486158));
#6423 = SURFACE_CURVE('',#6424,(#6428,#6435),.PCURVE_S1.);
#6424 = LINE('',#6425,#6426);
#6425 = CARTESIAN_POINT('',(-20.63149886822,-5.019501156541,
    -1.688078486158));
#6426 = VECTOR('',#6427,1.);
#6427 = DIRECTION('',(5.145824176413E-08,1.,0.));
#6428 = PCURVE('',#126,#6429);
#6429 = DEFINITIONAL_REPRESENTATION('',(#6430),#6434);
#6430 = LINE('',#6431,#6432);
#6431 = CARTESIAN_POINT('',(6.56944436391,-2.520821424104));
#6432 = VECTOR('',#6433,1.);
#6433 = DIRECTION('',(5.145824176413E-08,-1.));
#6434 = ( GEOMETRIC_REPRESENTATION_CONTEXT(2) 
PARAMETRIC_REPRESENTATION_CONTEXT() REPRESENTATION_CONTEXT('2D SPACE',''
  ) );
#6435 = PCURVE('',#5467,#6436);
#6436 = DEFINITIONAL_REPRESENTATION('',(#6437),#6441);
#6437 = LINE('',#6438,#6439);
#6438 = CARTESIAN_POINT('',(1.024241256E-02,0.287992387541));
#6439 = VECTOR('',#6440,1.);
#6440 = DIRECTION('',(5.145824176413E-08,-1.));
#6441 = ( GEOMETRIC_REPRESENTATION_CONTEXT(2) 
PARAMETRIC_REPRESENTATION_CONTEXT() REPRESENTATION_CONTEXT('2D SPACE',''
  ) );
#6442 = ORIENTED_EDGE('',*,*,#6443,.T.);
#6443 = EDGE_CURVE('',#6421,#6444,#6446,.T.);
#6444 = VERTEX_POINT('',#6445);
#6445 = CARTESIAN_POINT('',(-20.44352055327,-4.812243084867,
    -1.693078486158));
#6446 = SURFACE_CURVE('',#6447,(#6461,#6478),.PCURVE_S1.);
#6447 = B_SPLINE_CURVE_WITH_KNOTS('',3,(#6448,#6449,#6450,#6451,#6452,
    #6453,#6454,#6455,#6456,#6457,#6458,#6459,#6460),.UNSPECIFIED.,.F.,
  .F.,(4,3,3,3,4),(0.,0.25,0.5,0.75,1.),.PIECEWISE_BEZIER_KNOTS.);
#6448 = CARTESIAN_POINT('',(-20.63149886722,-5.000221399475,
    -1.693078486158));
#6449 = CARTESIAN_POINT('',(-20.63094986143,-4.97406087968,
    -1.693078486158));
#6450 = CARTESIAN_POINT('',(-20.6262093749,-4.950111757661,
    -1.693078486158));
#6451 = CARTESIAN_POINT('',(-20.6168929353,-4.927768464317,
    -1.693078486158));
#6452 = CARTESIAN_POINT('',(-20.6075764957,-4.905425170974,
    -1.693078486158));
#6453 = CARTESIAN_POINT('',(-20.59368410302,-4.884687706307,
    -1.693078486158));
#6454 = CARTESIAN_POINT('',(-20.57636917431,-4.867372777615,
    -1.693078486158));
#6455 = CARTESIAN_POINT('',(-20.55905424559,-4.850057848923,
    -1.693078486158));
#6456 = CARTESIAN_POINT('',(-20.53831678084,-4.836165456207,
    -1.693078486158));
#6457 = CARTESIAN_POINT('',(-20.5159734876,-4.82684901662,
    -1.693078486158));
#6458 = CARTESIAN_POINT('',(-20.49363019437,-4.817532577034,
    -1.693078486158));
#6459 = CARTESIAN_POINT('',(-20.46968107266,-4.812792090578,
    -1.693078486158));
#6460 = CARTESIAN_POINT('',(-20.44352055327,-4.812243084867,
    -1.693078486158));
#6461 = PCURVE('',#126,#6462);
#6462 = DEFINITIONAL_REPRESENTATION('',(#6463),#6477);
#6463 = B_SPLINE_CURVE_WITH_KNOTS('',3,(#6464,#6465,#6466,#6467,#6468,
    #6469,#6470,#6471,#6472,#6473,#6474,#6475,#6476),.UNSPECIFIED.,.F.,
  .F.,(4,3,3,3,4),(0.,0.25,0.5,0.75,1.),.PIECEWISE_BEZIER_KNOTS.);
#6464 = CARTESIAN_POINT('',(6.56944436491,-2.54010118117));
#6465 = CARTESIAN_POINT('',(6.5699933707,-2.566261700965));
#6466 = CARTESIAN_POINT('',(6.574733857225,-2.590210822985));
#6467 = CARTESIAN_POINT('',(6.584050296826,-2.612554116328));
#6468 = CARTESIAN_POINT('',(6.593366736427,-2.634897409671));
#6469 = CARTESIAN_POINT('',(6.607259129103,-2.655634874338));
#6470 = CARTESIAN_POINT('',(6.624574057818,-2.67294980303));
#6471 = CARTESIAN_POINT('',(6.641888986533,-2.690264731722));
#6472 = CARTESIAN_POINT('',(6.662626451287,-2.704157124438));
#6473 = CARTESIAN_POINT('',(6.684969744521,-2.713473564025));
#6474 = CARTESIAN_POINT('',(6.707313037755,-2.722790003611));
#6475 = CARTESIAN_POINT('',(6.73126215947,-2.727530490067));
#6476 = CARTESIAN_POINT('',(6.75742267886,-2.728079495778));
#6477 = ( GEOMETRIC_REPRESENTATION_CONTEXT(2) 
PARAMETRIC_REPRESENTATION_CONTEXT() REPRESENTATION_CONTEXT('2D SPACE',''
  ) );
#6478 = PCURVE('',#5467,#6479);
#6479 = DEFINITIONAL_REPRESENTATION('',(#6480),#6494);
#6480 = B_SPLINE_CURVE_WITH_KNOTS('',3,(#6481,#6482,#6483,#6484,#6485,
    #6486,#6487,#6488,#6489,#6490,#6491,#6492,#6493),.UNSPECIFIED.,.F.,
  .F.,(4,3,3,3,4),(0.,0.25,0.5,0.75,1.),.PIECEWISE_BEZIER_KNOTS.);
#6481 = CARTESIAN_POINT('',(1.024241356E-02,0.268712630475));
#6482 = CARTESIAN_POINT('',(1.079141935E-02,0.24255211068));
#6483 = CARTESIAN_POINT('',(1.5531905875E-02,0.21860298866));
#6484 = CARTESIAN_POINT('',(2.48483454758E-02,0.196259695317));
#6485 = CARTESIAN_POINT('',(3.41647850767E-02,0.173916401974));
#6486 = CARTESIAN_POINT('',(4.80571777533E-02,0.153178937307));
#6487 = CARTESIAN_POINT('',(6.53721064683E-02,0.135864008615));
#6488 = CARTESIAN_POINT('',(8.26870351833E-02,0.118549079923));
#6489 = CARTESIAN_POINT('',(0.103424499937,0.104656687207));
#6490 = CARTESIAN_POINT('',(0.125767793171,9.534024762033E-02));
#6491 = CARTESIAN_POINT('',(0.148111086405,8.6023808034E-02));
#6492 = CARTESIAN_POINT('',(0.17206020812,8.1283321578E-02));
#6493 = CARTESIAN_POINT('',(0.19822072751,8.0734315867E-02));
#6494 = ( GEOMETRIC_REPRESENTATION_CONTEXT(2) 
PARAMETRIC_REPRESENTATION_CONTEXT() REPRESENTATION_CONTEXT('2D SPACE',''
  ) );
#6495 = ORIENTED_EDGE('',*,*,#6496,.T.);
#6496 = EDGE_CURVE('',#6444,#6497,#6499,.T.);
#6497 = VERTEX_POINT('',#6498);
#6498 = CARTESIAN_POINT('',(-20.25554223948,-4.985761563722,
    -1.693078486158));
#6499 = SURFACE_CURVE('',#6500,(#6511,#6525),.PCURVE_S1.);
#6500 = B_SPLINE_CURVE_WITH_KNOTS('',3,(#6501,#6502,#6503,#6504,#6505,
    #6506,#6507,#6508,#6509,#6510),.UNSPECIFIED.,.F.,.F.,(4,3,3,4),(0.,
    0.333333333333,0.666666666667,1.),.UNSPECIFIED.);
#6501 = CARTESIAN_POINT('',(-20.44352055327,-4.812243084867,
    -1.693078486158));
#6502 = CARTESIAN_POINT('',(-20.40936120305,-4.813335352179,
    -1.693078486158));
#6503 = CARTESIAN_POINT('',(-20.3795727926,-4.820537976485,
    -1.693078486158));
#6504 = CARTESIAN_POINT('',(-20.35271485763,-4.835142523574,
    -1.693078486158));
#6505 = CARTESIAN_POINT('',(-20.32585692266,-4.849747070663,
    -1.693078486158));
#6506 = CARTESIAN_POINT('',(-20.30192946318,-4.871753540535,
    -1.693078486158));
#6507 = CARTESIAN_POINT('',(-20.28525387206,-4.897287235823,
    -1.693078486158));
#6508 = CARTESIAN_POINT('',(-20.26857828094,-4.92282093111,
    -1.693078486158));
#6509 = CARTESIAN_POINT('',(-20.25915455818,-4.951881851814,
    -1.693078486158));
#6510 = CARTESIAN_POINT('',(-20.25554223948,-4.985761563722,
    -1.693078486158));
#6511 = PCURVE('',#126,#6512);
#6512 = DEFINITIONAL_REPRESENTATION('',(#6513),#6524);
#6513 = B_SPLINE_CURVE_WITH_KNOTS('',3,(#6514,#6515,#6516,#6517,#6518,
    #6519,#6520,#6521,#6522,#6523),.UNSPECIFIED.,.F.,.F.,(4,3,3,4),(0.,
    0.333333333333,0.666666666667,1.),.UNSPECIFIED.);
#6514 = CARTESIAN_POINT('',(6.75742267886,-2.728079495778));
#6515 = CARTESIAN_POINT('',(6.79158202908,-2.726987228466));
#6516 = CARTESIAN_POINT('',(6.82137043953,-2.71978460416));
#6517 = CARTESIAN_POINT('',(6.848228374497,-2.705180057071));
#6518 = CARTESIAN_POINT('',(6.875086309463,-2.690575509982));
#6519 = CARTESIAN_POINT('',(6.899013768947,-2.66856904011));
#6520 = CARTESIAN_POINT('',(6.915689360068,-2.643035344822));
#6521 = CARTESIAN_POINT('',(6.93236495119,-2.617501649535));
#6522 = CARTESIAN_POINT('',(6.94178867395,-2.588440728831));
#6523 = CARTESIAN_POINT('',(6.94540099265,-2.554561016923));
#6524 = ( GEOMETRIC_REPRESENTATION_CONTEXT(2) 
PARAMETRIC_REPRESENTATION_CONTEXT() REPRESENTATION_CONTEXT('2D SPACE',''
  ) );
#6525 = PCURVE('',#5467,#6526);
#6526 = DEFINITIONAL_REPRESENTATION('',(#6527),#6538);
#6527 = B_SPLINE_CURVE_WITH_KNOTS('',3,(#6528,#6529,#6530,#6531,#6532,
    #6533,#6534,#6535,#6536,#6537),.UNSPECIFIED.,.F.,.F.,(4,3,3,4),(0.,
    0.333333333333,0.666666666667,1.),.UNSPECIFIED.);
#6528 = CARTESIAN_POINT('',(0.19822072751,8.0734315867E-02));
#6529 = CARTESIAN_POINT('',(0.23238007773,8.1826583179E-02));
#6530 = CARTESIAN_POINT('',(0.26216848818,8.9029207485E-02));
#6531 = CARTESIAN_POINT('',(0.289026423147,0.103633754574));
#6532 = CARTESIAN_POINT('',(0.315884358113,0.118238301663));
#6533 = CARTESIAN_POINT('',(0.339811817597,0.140244771535));
#6534 = CARTESIAN_POINT('',(0.356487408718,0.165778466823));
#6535 = CARTESIAN_POINT('',(0.37316299984,0.19131216211));
#6536 = CARTESIAN_POINT('',(0.3825867226,0.220373082814));
#6537 = CARTESIAN_POINT('',(0.3861990413,0.254252794722));
#6538 = ( GEOMETRIC_REPRESENTATION_CONTEXT(2) 
PARAMETRIC_REPRESENTATION_CONTEXT() REPRESENTATION_CONTEXT('2D SPACE',''
  ) );
#6539 = ORIENTED_EDGE('',*,*,#6540,.T.);
#6540 = EDGE_CURVE('',#6497,#6541,#6543,.T.);
#6541 = VERTEX_POINT('',#6542);
#6542 = CARTESIAN_POINT('',(-20.25554223948,-5.094210601514,
    -1.693078486158));
#6543 = SURFACE_CURVE('',#6544,(#6548,#6555),.PCURVE_S1.);
#6544 = LINE('',#6545,#6546);
#6545 = CARTESIAN_POINT('',(-20.25554223948,-4.985761563722,
    -1.688078486158));
#6546 = VECTOR('',#6547,1.);
#6547 = DIRECTION('',(-1.965557510402E-13,-1.,0.));
#6548 = PCURVE('',#126,#6549);
#6549 = DEFINITIONAL_REPRESENTATION('',(#6550),#6554);
#6550 = LINE('',#6551,#6552);
#6551 = CARTESIAN_POINT('',(6.94540099265,-2.554561016923));
#6552 = VECTOR('',#6553,1.);
#6553 = DIRECTION('',(-1.965557510402E-13,1.));
#6554 = ( GEOMETRIC_REPRESENTATION_CONTEXT(2) 
PARAMETRIC_REPRESENTATION_CONTEXT() REPRESENTATION_CONTEXT('2D SPACE',''
  ) );
#6555 = PCURVE('',#5467,#6556);
#6556 = DEFINITIONAL_REPRESENTATION('',(#6557),#6561);
#6557 = LINE('',#6558,#6559);
#6558 = CARTESIAN_POINT('',(0.3861990413,0.254252794722));
#6559 = VECTOR('',#6560,1.);
#6560 = DIRECTION('',(-1.965557510402E-13,1.));
#6561 = ( GEOMETRIC_REPRESENTATION_CONTEXT(2) 
PARAMETRIC_REPRESENTATION_CONTEXT() REPRESENTATION_CONTEXT('2D SPACE',''
  ) );
#6562 = ORIENTED_EDGE('',*,*,#6563,.T.);
#6563 = EDGE_CURVE('',#6541,#6564,#6566,.T.);
#6564 = VERTEX_POINT('',#6565);
#6565 = CARTESIAN_POINT('',(-20.25795218133,-5.108670436448,
    -1.693078486158));
#6566 = SURFACE_CURVE('',#6567,(#6578,#6592),.PCURVE_S1.);
#6567 = B_SPLINE_CURVE_WITH_KNOTS('',3,(#6568,#6569,#6570,#6571,#6572,
    #6573,#6574,#6575,#6576,#6577),.UNSPECIFIED.,.F.,.F.,(4,3,3,4),(0.,
    0.333333333333,0.666666666667,1.),.UNSPECIFIED.);
#6568 = CARTESIAN_POINT('',(-20.25554223948,-5.094210601514,
    -1.693078486158));
#6569 = CARTESIAN_POINT('',(-20.25566124871,-5.095817261136,
    -1.693078486158));
#6570 = CARTESIAN_POINT('',(-20.25583381229,-5.097423917068,
    -1.693078486158));
#6571 = CARTESIAN_POINT('',(-20.25616703873,-5.099030571353,
    -1.693078486158));
#6572 = CARTESIAN_POINT('',(-20.25650026518,-5.100637225639,
    -1.693078486158));
#6573 = CARTESIAN_POINT('',(-20.25699415449,-5.102243878277,
    -1.693078486158));
#6574 = CARTESIAN_POINT('',(-20.2573273811,-5.103850523141,
    -1.693078486158));
#6575 = CARTESIAN_POINT('',(-20.25766060771,-5.105457168004,
    -1.693078486158));
#6576 = CARTESIAN_POINT('',(-20.25783317161,-5.107063805092,
    -1.693078486158));
#6577 = CARTESIAN_POINT('',(-20.25795218133,-5.108670436448,
    -1.693078486158));
#6578 = PCURVE('',#126,#6579);
#6579 = DEFINITIONAL_REPRESENTATION('',(#6580),#6591);
#6580 = B_SPLINE_CURVE_WITH_KNOTS('',3,(#6581,#6582,#6583,#6584,#6585,
    #6586,#6587,#6588,#6589,#6590),.UNSPECIFIED.,.F.,.F.,(4,3,3,4),(0.,
    0.333333333333,0.666666666667,1.),.UNSPECIFIED.);
#6581 = CARTESIAN_POINT('',(6.94540099265,-2.446111979131));
#6582 = CARTESIAN_POINT('',(6.94528198342,-2.444505319509));
#6583 = CARTESIAN_POINT('',(6.94510941984,-2.442898663577));
#6584 = CARTESIAN_POINT('',(6.944776193393,-2.441292009292));
#6585 = CARTESIAN_POINT('',(6.944442966947,-2.439685355006));
#6586 = CARTESIAN_POINT('',(6.943949077633,-2.438078702368));
#6587 = CARTESIAN_POINT('',(6.943615851027,-2.436472057504));
#6588 = CARTESIAN_POINT('',(6.94328262442,-2.434865412641));
#6589 = CARTESIAN_POINT('',(6.94311006052,-2.433258775553));
#6590 = CARTESIAN_POINT('',(6.9429910508,-2.431652144197));
#6591 = ( GEOMETRIC_REPRESENTATION_CONTEXT(2) 
PARAMETRIC_REPRESENTATION_CONTEXT() REPRESENTATION_CONTEXT('2D SPACE',''
  ) );
#6592 = PCURVE('',#5467,#6593);
#6593 = DEFINITIONAL_REPRESENTATION('',(#6594),#6605);
#6594 = B_SPLINE_CURVE_WITH_KNOTS('',3,(#6595,#6596,#6597,#6598,#6599,
    #6600,#6601,#6602,#6603,#6604),.UNSPECIFIED.,.F.,.F.,(4,3,3,4),(0.,
    0.333333333333,0.666666666667,1.),.UNSPECIFIED.);
#6595 = CARTESIAN_POINT('',(0.3861990413,0.362701832514));
#6596 = CARTESIAN_POINT('',(0.38608003207,0.364308492136));
#6597 = CARTESIAN_POINT('',(0.38590746849,0.365915148068));
#6598 = CARTESIAN_POINT('',(0.385574242043,0.367521802353));
#6599 = CARTESIAN_POINT('',(0.385241015597,0.369128456639));
#6600 = CARTESIAN_POINT('',(0.384747126283,0.370735109277));
#6601 = CARTESIAN_POINT('',(0.384413899677,0.372341754141));
#6602 = CARTESIAN_POINT('',(0.38408067307,0.373948399004));
#6603 = CARTESIAN_POINT('',(0.38390810917,0.375555036092));
#6604 = CARTESIAN_POINT('',(0.38378909945,0.377161667448));
#6605 = ( GEOMETRIC_REPRESENTATION_CONTEXT(2) 
PARAMETRIC_REPRESENTATION_CONTEXT() REPRESENTATION_CONTEXT('2D SPACE',''
  ) );
#6606 = ORIENTED_EDGE('',*,*,#6607,.T.);
#6607 = EDGE_CURVE('',#6564,#6608,#6610,.T.);
#6608 = VERTEX_POINT('',#6609);
#6609 = CARTESIAN_POINT('',(-20.18324288095,-5.18337973682,
    -1.693078486158));
#6610 = SURFACE_CURVE('',#6611,(#6622,#6636),.PCURVE_S1.);
#6611 = B_SPLINE_CURVE_WITH_KNOTS('',3,(#6612,#6613,#6614,#6615,#6616,
    #6617,#6618,#6619,#6620,#6621),.UNSPECIFIED.,.F.,.F.,(4,3,3,4),(0.,
    0.333333333333,0.666666666667,1.),.UNSPECIFIED.);
#6612 = CARTESIAN_POINT('',(-20.25795218133,-5.108670436448,
    -1.693078486158));
#6613 = CARTESIAN_POINT('',(-20.25729846232,-5.12276592963,
    -1.693078486158));
#6614 = CARTESIAN_POINT('',(-20.25408322083,-5.13494974403,
    -1.693078486158));
#6615 = CARTESIAN_POINT('',(-20.24797117922,-5.145756690774,
    -1.693078486158));
#6616 = CARTESIAN_POINT('',(-20.24185913762,-5.156563637518,
    -1.693078486158));
#6617 = CARTESIAN_POINT('',(-20.2328502959,-5.165993716607,
    -1.693078486158));
#6618 = CARTESIAN_POINT('',(-20.22195048698,-5.172442494657,
    -1.693078486158));
#6619 = CARTESIAN_POINT('',(-20.21105067806,-5.178891272707,
    -1.693078486158));
#6620 = CARTESIAN_POINT('',(-20.19825990193,-5.182358749719,
    -1.693078486158));
#6621 = CARTESIAN_POINT('',(-20.18324288095,-5.18337973682,
    -1.693078486158));
#6622 = PCURVE('',#126,#6623);
#6623 = DEFINITIONAL_REPRESENTATION('',(#6624),#6635);
#6624 = B_SPLINE_CURVE_WITH_KNOTS('',3,(#6625,#6626,#6627,#6628,#6629,
    #6630,#6631,#6632,#6633,#6634),.UNSPECIFIED.,.F.,.F.,(4,3,3,4),(0.,
    0.333333333333,0.666666666667,1.),.UNSPECIFIED.);
#6625 = CARTESIAN_POINT('',(6.9429910508,-2.431652144197));
#6626 = CARTESIAN_POINT('',(6.94364476981,-2.417556651015));
#6627 = CARTESIAN_POINT('',(6.9468600113,-2.405372836615));
#6628 = CARTESIAN_POINT('',(6.952972052903,-2.394565889871));
#6629 = CARTESIAN_POINT('',(6.959084094507,-2.383758943127));
#6630 = CARTESIAN_POINT('',(6.968092936223,-2.374328864038));
#6631 = CARTESIAN_POINT('',(6.978992745147,-2.367880085988));
#6632 = CARTESIAN_POINT('',(6.98989255407,-2.361431307938));
#6633 = CARTESIAN_POINT('',(7.0026833302,-2.357963830926));
#6634 = CARTESIAN_POINT('',(7.01770035118,-2.356942843825));
#6635 = ( GEOMETRIC_REPRESENTATION_CONTEXT(2) 
PARAMETRIC_REPRESENTATION_CONTEXT() REPRESENTATION_CONTEXT('2D SPACE',''
  ) );
#6636 = PCURVE('',#5467,#6637);
#6637 = DEFINITIONAL_REPRESENTATION('',(#6638),#6649);
#6638 = B_SPLINE_CURVE_WITH_KNOTS('',3,(#6639,#6640,#6641,#6642,#6643,
    #6644,#6645,#6646,#6647,#6648),.UNSPECIFIED.,.F.,.F.,(4,3,3,4),(0.,
    0.333333333333,0.666666666667,1.),.UNSPECIFIED.);
#6639 = CARTESIAN_POINT('',(0.38378909945,0.377161667448));
#6640 = CARTESIAN_POINT('',(0.38444281846,0.39125716063));
#6641 = CARTESIAN_POINT('',(0.38765805995,0.40344097503));
#6642 = CARTESIAN_POINT('',(0.393770101553,0.414247921774));
#6643 = CARTESIAN_POINT('',(0.399882143157,0.425054868518));
#6644 = CARTESIAN_POINT('',(0.408890984873,0.434484947607));
#6645 = CARTESIAN_POINT('',(0.419790793797,0.440933725657));
#6646 = CARTESIAN_POINT('',(0.43069060272,0.447382503707));
#6647 = CARTESIAN_POINT('',(0.44348137885,0.450849980719));
#6648 = CARTESIAN_POINT('',(0.45849839983,0.45187096782));
#6649 = ( GEOMETRIC_REPRESENTATION_CONTEXT(2) 
PARAMETRIC_REPRESENTATION_CONTEXT() REPRESENTATION_CONTEXT('2D SPACE',''
  ) );
#6650 = ORIENTED_EDGE('',*,*,#6651,.T.);
#6651 = EDGE_CURVE('',#6608,#6652,#6654,.T.);
#6652 = VERTEX_POINT('',#6653);
#6653 = CARTESIAN_POINT('',(-20.10853358058,-5.113490320136,
    -1.693078486158));
#6654 = SURFACE_CURVE('',#6655,(#6666,#6680),.PCURVE_S1.);
#6655 = B_SPLINE_CURVE_WITH_KNOTS('',3,(#6656,#6657,#6658,#6659,#6660,
    #6661,#6662,#6663,#6664,#6665),.UNSPECIFIED.,.F.,.F.,(4,3,3,4),(0.,
    0.333333333333,0.666666666667,1.),.UNSPECIFIED.);
#6656 = CARTESIAN_POINT('',(-20.18324288095,-5.18337973682,
    -1.693078486158));
#6657 = CARTESIAN_POINT('',(-20.16987850943,-5.182737531172,
    -1.693078486158));
#6658 = CARTESIAN_POINT('',(-20.15818432223,-5.179711819341,
    -1.693078486158));
#6659 = CARTESIAN_POINT('',(-20.147685253,-5.174057500249,
    -1.693078486158));
#6660 = CARTESIAN_POINT('',(-20.13718618377,-5.168403181157,
    -1.693078486158));
#6661 = CARTESIAN_POINT('',(-20.12788223251,-5.160120254804,
    -1.693078486158));
#6662 = CARTESIAN_POINT('',(-20.12119859831,-5.149944024425,
    -1.693078486158));
#6663 = CARTESIAN_POINT('',(-20.11451496412,-5.139767794046,
    -1.693078486158));
#6664 = CARTESIAN_POINT('',(-20.110451647,-5.127698259643,
    -1.693078486158));
#6665 = CARTESIAN_POINT('',(-20.10853358058,-5.113490320136,
    -1.693078486158));
#6666 = PCURVE('',#126,#6667);
#6667 = DEFINITIONAL_REPRESENTATION('',(#6668),#6679);
#6668 = B_SPLINE_CURVE_WITH_KNOTS('',3,(#6669,#6670,#6671,#6672,#6673,
    #6674,#6675,#6676,#6677,#6678),.UNSPECIFIED.,.F.,.F.,(4,3,3,4),(0.,
    0.333333333333,0.666666666667,1.),.UNSPECIFIED.);
#6669 = CARTESIAN_POINT('',(7.01770035118,-2.356942843825));
#6670 = CARTESIAN_POINT('',(7.0310647227,-2.357585049473));
#6671 = CARTESIAN_POINT('',(7.042758909895,-2.360610761304));
#6672 = CARTESIAN_POINT('',(7.053257979124,-2.366265080396));
#6673 = CARTESIAN_POINT('',(7.063757048353,-2.371919399488));
#6674 = CARTESIAN_POINT('',(7.073060999617,-2.380202325841));
#6675 = CARTESIAN_POINT('',(7.079744633811,-2.39037855622));
#6676 = CARTESIAN_POINT('',(7.086428268005,-2.400554786599));
#6677 = CARTESIAN_POINT('',(7.09049158513,-2.412624321002));
#6678 = CARTESIAN_POINT('',(7.09240965155,-2.426832260509));
#6679 = ( GEOMETRIC_REPRESENTATION_CONTEXT(2) 
PARAMETRIC_REPRESENTATION_CONTEXT() REPRESENTATION_CONTEXT('2D SPACE',''
  ) );
#6680 = PCURVE('',#5467,#6681);
#6681 = DEFINITIONAL_REPRESENTATION('',(#6682),#6693);
#6682 = B_SPLINE_CURVE_WITH_KNOTS('',3,(#6683,#6684,#6685,#6686,#6687,
    #6688,#6689,#6690,#6691,#6692),.UNSPECIFIED.,.F.,.F.,(4,3,3,4),(0.,
    0.333333333333,0.666666666667,1.),.UNSPECIFIED.);
#6683 = CARTESIAN_POINT('',(0.45849839983,0.45187096782));
#6684 = CARTESIAN_POINT('',(0.47186277135,0.451228762172));
#6685 = CARTESIAN_POINT('',(0.483556958545,0.448203050341));
#6686 = CARTESIAN_POINT('',(0.494056027774,0.442548731249));
#6687 = CARTESIAN_POINT('',(0.504555097003,0.436894412157));
#6688 = CARTESIAN_POINT('',(0.513859048267,0.428611485804));
#6689 = CARTESIAN_POINT('',(0.520542682461,0.418435255425));
#6690 = CARTESIAN_POINT('',(0.527226316655,0.408259025046));
#6691 = CARTESIAN_POINT('',(0.53128963378,0.396189490643));
#6692 = CARTESIAN_POINT('',(0.5332077002,0.381981551136));
#6693 = ( GEOMETRIC_REPRESENTATION_CONTEXT(2) 
PARAMETRIC_REPRESENTATION_CONTEXT() REPRESENTATION_CONTEXT('2D SPACE',''
  ) );
#6694 = ORIENTED_EDGE('',*,*,#6695,.T.);
#6695 = EDGE_CURVE('',#6652,#6696,#6698,.T.);
#6696 = VERTEX_POINT('',#6697);
#6697 = CARTESIAN_POINT('',(-20.10853358058,-4.971301636854,
    -1.688078486158));
#6698 = SURFACE_CURVE('',#6699,(#6703,#6710),.PCURVE_S1.);
#6699 = LINE('',#6700,#6701);
#6700 = CARTESIAN_POINT('',(-20.10853358058,-5.113490320136,
    -1.688078486158));
#6701 = VECTOR('',#6702,1.);
#6702 = DIRECTION('',(1.249295512416E-13,1.,0.));
#6703 = PCURVE('',#126,#6704);
#6704 = DEFINITIONAL_REPRESENTATION('',(#6705),#6709);
#6705 = LINE('',#6706,#6707);
#6706 = CARTESIAN_POINT('',(7.09240965155,-2.426832260509));
#6707 = VECTOR('',#6708,1.);
#6708 = DIRECTION('',(1.249295512416E-13,-1.));
#6709 = ( GEOMETRIC_REPRESENTATION_CONTEXT(2) 
PARAMETRIC_REPRESENTATION_CONTEXT() REPRESENTATION_CONTEXT('2D SPACE',''
  ) );
#6710 = PCURVE('',#5467,#6711);
#6711 = DEFINITIONAL_REPRESENTATION('',(#6712),#6716);
#6712 = LINE('',#6713,#6714);
#6713 = CARTESIAN_POINT('',(0.5332077002,0.381981551136));
#6714 = VECTOR('',#6715,1.);
#6715 = DIRECTION('',(1.249295512416E-13,-1.));
#6716 = ( GEOMETRIC_REPRESENTATION_CONTEXT(2) 
PARAMETRIC_REPRESENTATION_CONTEXT() REPRESENTATION_CONTEXT('2D SPACE',''
  ) );
#6717 = ORIENTED_EDGE('',*,*,#6718,.T.);
#6718 = EDGE_CURVE('',#6696,#6719,#6721,.T.);
#6719 = VERTEX_POINT('',#6720);
#6720 = CARTESIAN_POINT('',(-20.1230095818,-4.898586085819,
    -1.690578486158));
#6721 = SURFACE_CURVE('',#6722,(#6728,#6737),.PCURVE_S1.);
#6722 = B_SPLINE_CURVE_WITH_KNOTS('',3,(#6723,#6724,#6725,#6726,#6727),
  .UNSPECIFIED.,.F.,.F.,(4,1,4),(0.,0.5,1.),.QUASI_UNIFORM_KNOTS.);
#6723 = CARTESIAN_POINT('',(-20.10853358058,-4.971301636854,
    -1.688078486158));
#6724 = CARTESIAN_POINT('',(-20.10962302411,-4.958770301968,
    -1.688078486158));
#6725 = CARTESIAN_POINT('',(-20.1131251345,-4.934119708576,
    -1.678078486158));
#6726 = CARTESIAN_POINT('',(-20.11927369158,-4.910293267944,
    -1.688078486158));
#6727 = CARTESIAN_POINT('',(-20.1230095818,-4.898586085819,
    -1.688078486158));
#6728 = PCURVE('',#126,#6729);
#6729 = DEFINITIONAL_REPRESENTATION('',(#6730),#6736);
#6730 = B_SPLINE_CURVE_WITH_KNOTS('',3,(#6731,#6732,#6733,#6734,#6735),
  .UNSPECIFIED.,.F.,.F.,(4,1,4),(0.,0.5,1.),.QUASI_UNIFORM_KNOTS.);
#6731 = CARTESIAN_POINT('',(7.09240965155,-2.569020943791));
#6732 = CARTESIAN_POINT('',(7.09132020802,-2.581552278677));
#6733 = CARTESIAN_POINT('',(7.08781809763,-2.606202872069));
#6734 = CARTESIAN_POINT('',(7.08166954055,-2.630029312701));
#6735 = CARTESIAN_POINT('',(7.07793365033,-2.641736494826));
#6736 = ( GEOMETRIC_REPRESENTATION_CONTEXT(2) 
PARAMETRIC_REPRESENTATION_CONTEXT() REPRESENTATION_CONTEXT('2D SPACE',''
  ) );
#6737 = PCURVE('',#5467,#6738);
#6738 = DEFINITIONAL_REPRESENTATION('',(#6739),#6745);
#6739 = B_SPLINE_CURVE_WITH_KNOTS('',3,(#6740,#6741,#6742,#6743,#6744),
  .UNSPECIFIED.,.F.,.F.,(4,1,4),(0.,0.5,1.),.QUASI_UNIFORM_KNOTS.);
#6740 = CARTESIAN_POINT('',(0.5332077002,0.239792867854));
#6741 = CARTESIAN_POINT('',(0.53211825667,0.227261532968));
#6742 = CARTESIAN_POINT('',(0.52861614628,0.202610939576));
#6743 = CARTESIAN_POINT('',(0.5224675892,0.178784498944));
#6744 = CARTESIAN_POINT('',(0.51873169898,0.167077316819));
#6745 = ( GEOMETRIC_REPRESENTATION_CONTEXT(2) 
PARAMETRIC_REPRESENTATION_CONTEXT() REPRESENTATION_CONTEXT('2D SPACE',''
  ) );
#6746 = ORIENTED_EDGE('',*,*,#6747,.T.);
#6747 = EDGE_CURVE('',#6719,#6748,#6750,.T.);
#6748 = VERTEX_POINT('',#6749);
#6749 = CARTESIAN_POINT('',(-20.21698503648,-4.751991061857,
    -1.693078486158));
#6750 = SURFACE_CURVE('',#6751,(#6756,#6767),.PCURVE_S1.);
#6751 = ELLIPSE('',#6752,0.603584323419,0.448717395852);
#6752 = AXIS2_PLACEMENT_3D('',#6753,#6754,#6755);
#6753 = CARTESIAN_POINT('',(-20.68426373777,-5.116695813231,
    -1.693078486158));
#6754 = DIRECTION('',(0.,0.,1.));
#6755 = DIRECTION('',(0.901472062915,0.432837290195,-0.));
#6756 = PCURVE('',#126,#6757);
#6757 = DEFINITIONAL_REPRESENTATION('',(#6758),#6766);
#6758 = ( BOUNDED_CURVE() B_SPLINE_CURVE(2,(#6759,#6760,#6761,#6762,
#6763,#6764,#6765),.UNSPECIFIED.,.T.,.F.) B_SPLINE_CURVE_WITH_KNOTS((1,2
    ,2,2,2,1),(-2.094395102393,0.,2.094395102393,4.188790204786,
6.28318530718,8.377580409573),.UNSPECIFIED.) CURVE() 
GEOMETRIC_REPRESENTATION_ITEM() RATIONAL_B_SPLINE_CURVE((1.,0.5,1.,0.5,
1.,0.5,1.)) REPRESENTATION_ITEM('') );
#6759 = CARTESIAN_POINT('',(7.060793899534,-2.684880570367));
#6760 = CARTESIAN_POINT('',(6.724392182849,-3.38550585469));
#6761 = CARTESIAN_POINT('',(6.076421433428,-2.643312508099));
#6762 = CARTESIAN_POINT('',(5.428450684006,-1.901119161508));
#6763 = CARTESIAN_POINT('',(6.412823150113,-1.942687223776));
#6764 = CARTESIAN_POINT('',(7.39719561622,-1.984255286045));
#6765 = CARTESIAN_POINT('',(7.060793899534,-2.684880570367));
#6766 = ( GEOMETRIC_REPRESENTATION_CONTEXT(2) 
PARAMETRIC_REPRESENTATION_CONTEXT() REPRESENTATION_CONTEXT('2D SPACE',''
  ) );
#6767 = PCURVE('',#5467,#6768);
#6768 = DEFINITIONAL_REPRESENTATION('',(#6769),#6777);
#6769 = ( BOUNDED_CURVE() B_SPLINE_CURVE(2,(#6770,#6771,#6772,#6773,
#6774,#6775,#6776),.UNSPECIFIED.,.T.,.F.) B_SPLINE_CURVE_WITH_KNOTS((1,2
    ,2,2,2,1),(-2.094395102393,0.,2.094395102393,4.188790204786,
6.28318530718,8.377580409573),.UNSPECIFIED.) CURVE() 
GEOMETRIC_REPRESENTATION_ITEM() RATIONAL_B_SPLINE_CURVE((1.,0.5,1.,0.5,
1.,0.5,1.)) REPRESENTATION_ITEM('') );
#6770 = CARTESIAN_POINT('',(0.501591948184,0.123933241278));
#6771 = CARTESIAN_POINT('',(0.165190231499,-0.576692043045));
#6772 = CARTESIAN_POINT('',(-0.482780517922,0.165501303546));
#6773 = CARTESIAN_POINT('',(-1.130751267344,0.907694650137));
#6774 = CARTESIAN_POINT('',(-0.146378801237,0.866126587869));
#6775 = CARTESIAN_POINT('',(0.83799366487,0.8245585256));
#6776 = CARTESIAN_POINT('',(0.501591948184,0.123933241278));
#6777 = ( GEOMETRIC_REPRESENTATION_CONTEXT(2) 
PARAMETRIC_REPRESENTATION_CONTEXT() REPRESENTATION_CONTEXT('2D SPACE',''
  ) );
#6778 = ORIENTED_EDGE('',*,*,#6779,.T.);
#6779 = EDGE_CURVE('',#6748,#5436,#6780,.T.);
#6780 = SURFACE_CURVE('',#6781,(#6792,#6806),.PCURVE_S1.);
#6781 = B_SPLINE_CURVE_WITH_KNOTS('',3,(#6782,#6783,#6784,#6785,#6786,
    #6787,#6788,#6789,#6790,#6791),.UNSPECIFIED.,.F.,.F.,(4,3,3,4),(0.,
    0.333333333333,0.666666666667,1.),.UNSPECIFIED.);
#6782 = CARTESIAN_POINT('',(-20.21698503648,-4.751991061857,
    -1.693078486158));
#6783 = CARTESIAN_POINT('',(-20.23802270059,-4.732764908047,
    -1.693078486158));
#6784 = CARTESIAN_POINT('',(-20.26054500857,-4.716638034301,
    -1.693078486158));
#6785 = CARTESIAN_POINT('',(-20.28503361061,-4.703422794188,
    -1.693078486158));
#6786 = CARTESIAN_POINT('',(-20.30952221266,-4.690207554074,
    -1.693078486158));
#6787 = CARTESIAN_POINT('',(-20.33597710878,-4.679903947594,
    -1.693078486158));
#6788 = CARTESIAN_POINT('',(-20.36295334841,-4.673074914037,
    -1.693078486158));
#6789 = CARTESIAN_POINT('',(-20.38992958804,-4.666245880479,
    -1.693078486158));
#6790 = CARTESIAN_POINT('',(-20.41742717118,-4.662891419846,
    -1.693078486158));
#6791 = CARTESIAN_POINT('',(-20.44592774802,-4.662823885706,
    -1.693078486158));
#6792 = PCURVE('',#126,#6793);
#6793 = DEFINITIONAL_REPRESENTATION('',(#6794),#6805);
#6794 = B_SPLINE_CURVE_WITH_KNOTS('',3,(#6795,#6796,#6797,#6798,#6799,
    #6800,#6801,#6802,#6803,#6804),.UNSPECIFIED.,.F.,.F.,(4,3,3,4),(0.,
    0.333333333333,0.666666666667,1.),.UNSPECIFIED.);
#6795 = CARTESIAN_POINT('',(6.98395819565,-2.788331518788));
#6796 = CARTESIAN_POINT('',(6.96292053154,-2.807557672598));
#6797 = CARTESIAN_POINT('',(6.94039822356,-2.823684546344));
#6798 = CARTESIAN_POINT('',(6.915909621512,-2.836899786457));
#6799 = CARTESIAN_POINT('',(6.891421019463,-2.850115026571));
#6800 = CARTESIAN_POINT('',(6.864966123347,-2.860418633051));
#6801 = CARTESIAN_POINT('',(6.837989883718,-2.867247666608));
#6802 = CARTESIAN_POINT('',(6.81101364409,-2.874076700166));
#6803 = CARTESIAN_POINT('',(6.78351606095,-2.877431160799));
#6804 = CARTESIAN_POINT('',(6.75501548411,-2.877498694939));
#6805 = ( GEOMETRIC_REPRESENTATION_CONTEXT(2) 
PARAMETRIC_REPRESENTATION_CONTEXT() REPRESENTATION_CONTEXT('2D SPACE',''
  ) );
#6806 = PCURVE('',#5467,#6807);
#6807 = DEFINITIONAL_REPRESENTATION('',(#6808),#6819);
#6808 = B_SPLINE_CURVE_WITH_KNOTS('',3,(#6809,#6810,#6811,#6812,#6813,
    #6814,#6815,#6816,#6817,#6818),.UNSPECIFIED.,.F.,.F.,(4,3,3,4),(0.,
    0.333333333333,0.666666666667,1.),.UNSPECIFIED.);
#6809 = CARTESIAN_POINT('',(0.4247562443,2.0482292857E-02));
#6810 = CARTESIAN_POINT('',(0.40371858019,1.256139046999E-03));
#6811 = CARTESIAN_POINT('',(0.38119627221,-1.4870734699E-02));
#6812 = CARTESIAN_POINT('',(0.356707670162,-2.808597481233E-02));
#6813 = CARTESIAN_POINT('',(0.332219068113,-4.130121492567E-02));
#6814 = CARTESIAN_POINT('',(0.305764171997,-5.160482140633E-02));
#6815 = CARTESIAN_POINT('',(0.278787932368,-5.843385496342E-02));
#6816 = CARTESIAN_POINT('',(0.25181169274,-6.52628885205E-02));
#6817 = CARTESIAN_POINT('',(0.2243141096,-6.8617349154E-02));
#6818 = CARTESIAN_POINT('',(0.19581353276,-6.8684883294E-02));
#6819 = ( GEOMETRIC_REPRESENTATION_CONTEXT(2) 
PARAMETRIC_REPRESENTATION_CONTEXT() REPRESENTATION_CONTEXT('2D SPACE',''
  ) );
#6820 = ADVANCED_FACE('',(#6821),#623,.F.);
#6821 = FACE_BOUND('',#6822,.T.);
#6822 = EDGE_LOOP('',(#6823,#6851,#6852,#6853));
#6823 = ORIENTED_EDGE('',*,*,#6824,.F.);
#6824 = EDGE_CURVE('',#608,#6825,#6827,.T.);
#6825 = VERTEX_POINT('',#6826);
#6826 = CARTESIAN_POINT('',(-24.20094323213,-7.540322580645,
    -3.993078486158));
#6827 = SURFACE_CURVE('',#6828,(#6832,#6839),.PCURVE_S1.);
#6828 = LINE('',#6829,#6830);
#6829 = CARTESIAN_POINT('',(-23.50094323213,-6.840322580645,
    -3.993078486158));
#6830 = VECTOR('',#6831,1.);
#6831 = DIRECTION('',(-0.707106781187,-0.707106781187,0.));
#6832 = PCURVE('',#623,#6833);
#6833 = DEFINITIONAL_REPRESENTATION('',(#6834),#6838);
#6834 = LINE('',#6835,#6836);
#6835 = CARTESIAN_POINT('',(2.9,0.989949493661));
#6836 = VECTOR('',#6837,1.);
#6837 = DIRECTION('',(0.,-1.));
#6838 = ( GEOMETRIC_REPRESENTATION_CONTEXT(2) 
PARAMETRIC_REPRESENTATION_CONTEXT() REPRESENTATION_CONTEXT('2D SPACE',''
  ) );
#6839 = PCURVE('',#6840,#6845);
#6840 = PLANE('',#6841);
#6841 = AXIS2_PLACEMENT_3D('',#6842,#6843,#6844);
#6842 = CARTESIAN_POINT('',(-18.40094323213,-0.590322580645,
    -3.993078486158));
#6843 = DIRECTION('',(0.,0.,1.));
#6844 = DIRECTION('',(0.,-1.,0.));
#6845 = DEFINITIONAL_REPRESENTATION('',(#6846),#6850);
#6846 = LINE('',#6847,#6848);
#6847 = CARTESIAN_POINT('',(6.25,-5.1));
#6848 = VECTOR('',#6849,1.);
#6849 = DIRECTION('',(0.707106781187,-0.707106781187));
#6850 = ( GEOMETRIC_REPRESENTATION_CONTEXT(2) 
PARAMETRIC_REPRESENTATION_CONTEXT() REPRESENTATION_CONTEXT('2D SPACE',''
  ) );
#6851 = ORIENTED_EDGE('',*,*,#607,.T.);
#6852 = ORIENTED_EDGE('',*,*,#1035,.F.);
#6853 = ORIENTED_EDGE('',*,*,#6854,.F.);
#6854 = EDGE_CURVE('',#6825,#1013,#6855,.T.);
#6855 = SURFACE_CURVE('',#6856,(#6860,#6867),.PCURVE_S1.);
#6856 = LINE('',#6857,#6858);
#6857 = CARTESIAN_POINT('',(-24.20094323213,-7.540322580645,
    -3.993078486158));
#6858 = VECTOR('',#6859,1.);
#6859 = DIRECTION('',(0.,0.,1.));
#6860 = PCURVE('',#623,#6861);
#6861 = DEFINITIONAL_REPRESENTATION('',(#6862),#6866);
#6862 = LINE('',#6863,#6864);
#6863 = CARTESIAN_POINT('',(2.9,0.));
#6864 = VECTOR('',#6865,1.);
#6865 = DIRECTION('',(1.,0.));
#6866 = ( GEOMETRIC_REPRESENTATION_CONTEXT(2) 
PARAMETRIC_REPRESENTATION_CONTEXT() REPRESENTATION_CONTEXT('2D SPACE',''
  ) );
#6867 = PCURVE('',#756,#6868);
#6868 = DEFINITIONAL_REPRESENTATION('',(#6869),#6873);
#6869 = LINE('',#6870,#6871);
#6870 = CARTESIAN_POINT('',(-3.,2.9));
#6871 = VECTOR('',#6872,1.);
#6872 = DIRECTION('',(0.,1.));
#6873 = ( GEOMETRIC_REPRESENTATION_CONTEXT(2) 
PARAMETRIC_REPRESENTATION_CONTEXT() REPRESENTATION_CONTEXT('2D SPACE',''
  ) );
#6874 = ADVANCED_FACE('',(#6875),#6840,.T.);
#6875 = FACE_BOUND('',#6876,.T.);
#6876 = EDGE_LOOP('',(#6877,#6907,#6935,#6963,#6991,#7019,#7047,#7068,
    #7069));
#6877 = ORIENTED_EDGE('',*,*,#6878,.F.);
#6878 = EDGE_CURVE('',#6879,#6881,#6883,.T.);
#6879 = VERTEX_POINT('',#6880);
#6880 = CARTESIAN_POINT('',(-25.90094323213,-8.340322580645,
    -3.993078486158));
#6881 = VERTEX_POINT('',#6882);
#6882 = CARTESIAN_POINT('',(-25.90094323213,-7.540322580645,
    -3.993078486158));
#6883 = SURFACE_CURVE('',#6884,(#6888,#6895),.PCURVE_S1.);
#6884 = LINE('',#6885,#6886);
#6885 = CARTESIAN_POINT('',(-25.90094323213,-8.340322580645,
    -3.993078486158));
#6886 = VECTOR('',#6887,1.);
#6887 = DIRECTION('',(0.,1.,0.));
#6888 = PCURVE('',#6840,#6889);
#6889 = DEFINITIONAL_REPRESENTATION('',(#6890),#6894);
#6890 = LINE('',#6891,#6892);
#6891 = CARTESIAN_POINT('',(7.75,-7.5));
#6892 = VECTOR('',#6893,1.);
#6893 = DIRECTION('',(-1.,0.));
#6894 = ( GEOMETRIC_REPRESENTATION_CONTEXT(2) 
PARAMETRIC_REPRESENTATION_CONTEXT() REPRESENTATION_CONTEXT('2D SPACE',''
  ) );
#6895 = PCURVE('',#6896,#6901);
#6896 = PLANE('',#6897);
#6897 = AXIS2_PLACEMENT_3D('',#6898,#6899,#6900);
#6898 = CARTESIAN_POINT('',(-25.90094323213,-6.540322580645,
    -4.593078486158));
#6899 = DIRECTION('',(1.,0.,0.));
#6900 = DIRECTION('',(0.,0.,-1.));
#6901 = DEFINITIONAL_REPRESENTATION('',(#6902),#6906);
#6902 = LINE('',#6903,#6904);
#6903 = CARTESIAN_POINT('',(-0.6,-1.8));
#6904 = VECTOR('',#6905,1.);
#6905 = DIRECTION('',(0.,1.));
#6906 = ( GEOMETRIC_REPRESENTATION_CONTEXT(2) 
PARAMETRIC_REPRESENTATION_CONTEXT() REPRESENTATION_CONTEXT('2D SPACE',''
  ) );
#6907 = ORIENTED_EDGE('',*,*,#6908,.F.);
#6908 = EDGE_CURVE('',#6909,#6879,#6911,.T.);
#6909 = VERTEX_POINT('',#6910);
#6910 = CARTESIAN_POINT('',(-25.10094323213,-8.340322580645,
    -3.993078486158));
#6911 = SURFACE_CURVE('',#6912,(#6916,#6923),.PCURVE_S1.);
#6912 = LINE('',#6913,#6914);
#6913 = CARTESIAN_POINT('',(-25.10094323213,-8.340322580645,
    -3.993078486158));
#6914 = VECTOR('',#6915,1.);
#6915 = DIRECTION('',(-1.,0.,0.));
#6916 = PCURVE('',#6840,#6917);
#6917 = DEFINITIONAL_REPRESENTATION('',(#6918),#6922);
#6918 = LINE('',#6919,#6920);
#6919 = CARTESIAN_POINT('',(7.75,-6.7));
#6920 = VECTOR('',#6921,1.);
#6921 = DIRECTION('',(0.,-1.));
#6922 = ( GEOMETRIC_REPRESENTATION_CONTEXT(2) 
PARAMETRIC_REPRESENTATION_CONTEXT() REPRESENTATION_CONTEXT('2D SPACE',''
  ) );
#6923 = PCURVE('',#6924,#6929);
#6924 = PLANE('',#6925);
#6925 = AXIS2_PLACEMENT_3D('',#6926,#6927,#6928);
#6926 = CARTESIAN_POINT('',(-25.90094323213,-8.340322580645,
    -4.593078486158));
#6927 = DIRECTION('',(0.,1.,0.));
#6928 = DIRECTION('',(-1.,0.,0.));
#6929 = DEFINITIONAL_REPRESENTATION('',(#6930),#6934);
#6930 = LINE('',#6931,#6932);
#6931 = CARTESIAN_POINT('',(-0.8,0.6));
#6932 = VECTOR('',#6933,1.);
#6933 = DIRECTION('',(1.,0.));
#6934 = ( GEOMETRIC_REPRESENTATION_CONTEXT(2) 
PARAMETRIC_REPRESENTATION_CONTEXT() REPRESENTATION_CONTEXT('2D SPACE',''
  ) );
#6935 = ORIENTED_EDGE('',*,*,#6936,.F.);
#6936 = EDGE_CURVE('',#6937,#6909,#6939,.T.);
#6937 = VERTEX_POINT('',#6938);
#6938 = CARTESIAN_POINT('',(-25.10094323213,-8.090322580645,
    -3.993078486158));
#6939 = SURFACE_CURVE('',#6940,(#6944,#6951),.PCURVE_S1.);
#6940 = LINE('',#6941,#6942);
#6941 = CARTESIAN_POINT('',(-25.10094323213,-8.090322580645,
    -3.993078486158));
#6942 = VECTOR('',#6943,1.);
#6943 = DIRECTION('',(0.,-1.,0.));
#6944 = PCURVE('',#6840,#6945);
#6945 = DEFINITIONAL_REPRESENTATION('',(#6946),#6950);
#6946 = LINE('',#6947,#6948);
#6947 = CARTESIAN_POINT('',(7.5,-6.7));
#6948 = VECTOR('',#6949,1.);
#6949 = DIRECTION('',(1.,0.));
#6950 = ( GEOMETRIC_REPRESENTATION_CONTEXT(2) 
PARAMETRIC_REPRESENTATION_CONTEXT() REPRESENTATION_CONTEXT('2D SPACE',''
  ) );
#6951 = PCURVE('',#6952,#6957);
#6952 = PLANE('',#6953);
#6953 = AXIS2_PLACEMENT_3D('',#6954,#6955,#6956);
#6954 = CARTESIAN_POINT('',(-25.10094323213,-8.340322580645,
    -4.593078486158));
#6955 = DIRECTION('',(-1.,0.,0.));
#6956 = DIRECTION('',(0.,-1.,0.));
#6957 = DEFINITIONAL_REPRESENTATION('',(#6958),#6962);
#6958 = LINE('',#6959,#6960);
#6959 = CARTESIAN_POINT('',(-0.25,0.6));
#6960 = VECTOR('',#6961,1.);
#6961 = DIRECTION('',(1.,0.));
#6962 = ( GEOMETRIC_REPRESENTATION_CONTEXT(2) 
PARAMETRIC_REPRESENTATION_CONTEXT() REPRESENTATION_CONTEXT('2D SPACE',''
  ) );
#6963 = ORIENTED_EDGE('',*,*,#6964,.F.);
#6964 = EDGE_CURVE('',#6965,#6937,#6967,.T.);
#6965 = VERTEX_POINT('',#6966);
#6966 = CARTESIAN_POINT('',(-24.30094323213,-8.090322580645,
    -3.993078486158));
#6967 = SURFACE_CURVE('',#6968,(#6972,#6979),.PCURVE_S1.);
#6968 = LINE('',#6969,#6970);
#6969 = CARTESIAN_POINT('',(-24.30094323213,-8.090322580645,
    -3.993078486158));
#6970 = VECTOR('',#6971,1.);
#6971 = DIRECTION('',(-1.,0.,0.));
#6972 = PCURVE('',#6840,#6973);
#6973 = DEFINITIONAL_REPRESENTATION('',(#6974),#6978);
#6974 = LINE('',#6975,#6976);
#6975 = CARTESIAN_POINT('',(7.5,-5.9));
#6976 = VECTOR('',#6977,1.);
#6977 = DIRECTION('',(0.,-1.));
#6978 = ( GEOMETRIC_REPRESENTATION_CONTEXT(2) 
PARAMETRIC_REPRESENTATION_CONTEXT() REPRESENTATION_CONTEXT('2D SPACE',''
  ) );
#6979 = PCURVE('',#6980,#6985);
#6980 = PLANE('',#6981);
#6981 = AXIS2_PLACEMENT_3D('',#6982,#6983,#6984);
#6982 = CARTESIAN_POINT('',(-25.10094323213,-8.090322580645,
    -4.593078486158));
#6983 = DIRECTION('',(0.,1.,0.));
#6984 = DIRECTION('',(-1.,0.,0.));
#6985 = DEFINITIONAL_REPRESENTATION('',(#6986),#6990);
#6986 = LINE('',#6987,#6988);
#6987 = CARTESIAN_POINT('',(-0.8,0.6));
#6988 = VECTOR('',#6989,1.);
#6989 = DIRECTION('',(1.,0.));
#6990 = ( GEOMETRIC_REPRESENTATION_CONTEXT(2) 
PARAMETRIC_REPRESENTATION_CONTEXT() REPRESENTATION_CONTEXT('2D SPACE',''
  ) );
#6991 = ORIENTED_EDGE('',*,*,#6992,.F.);
#6992 = EDGE_CURVE('',#6993,#6965,#6995,.T.);
#6993 = VERTEX_POINT('',#6994);
#6994 = CARTESIAN_POINT('',(-24.30094323213,-8.340322580645,
    -3.993078486158));
#6995 = SURFACE_CURVE('',#6996,(#7000,#7007),.PCURVE_S1.);
#6996 = LINE('',#6997,#6998);
#6997 = CARTESIAN_POINT('',(-24.30094323213,-8.340322580645,
    -3.993078486158));
#6998 = VECTOR('',#6999,1.);
#6999 = DIRECTION('',(0.,1.,0.));
#7000 = PCURVE('',#6840,#7001);
#7001 = DEFINITIONAL_REPRESENTATION('',(#7002),#7006);
#7002 = LINE('',#7003,#7004);
#7003 = CARTESIAN_POINT('',(7.75,-5.9));
#7004 = VECTOR('',#7005,1.);
#7005 = DIRECTION('',(-1.,0.));
#7006 = ( GEOMETRIC_REPRESENTATION_CONTEXT(2) 
PARAMETRIC_REPRESENTATION_CONTEXT() REPRESENTATION_CONTEXT('2D SPACE',''
  ) );
#7007 = PCURVE('',#7008,#7013);
#7008 = PLANE('',#7009);
#7009 = AXIS2_PLACEMENT_3D('',#7010,#7011,#7012);
#7010 = CARTESIAN_POINT('',(-24.30094323213,-8.090322580645,
    -4.593078486158));
#7011 = DIRECTION('',(1.,0.,0.));
#7012 = DIRECTION('',(0.,0.,-1.));
#7013 = DEFINITIONAL_REPRESENTATION('',(#7014),#7018);
#7014 = LINE('',#7015,#7016);
#7015 = CARTESIAN_POINT('',(-0.6,-0.25));
#7016 = VECTOR('',#7017,1.);
#7017 = DIRECTION('',(0.,1.));
#7018 = ( GEOMETRIC_REPRESENTATION_CONTEXT(2) 
PARAMETRIC_REPRESENTATION_CONTEXT() REPRESENTATION_CONTEXT('2D SPACE',''
  ) );
#7019 = ORIENTED_EDGE('',*,*,#7020,.F.);
#7020 = EDGE_CURVE('',#7021,#6993,#7023,.T.);
#7021 = VERTEX_POINT('',#7022);
#7022 = CARTESIAN_POINT('',(-23.50094323213,-8.340322580645,
    -3.993078486158));
#7023 = SURFACE_CURVE('',#7024,(#7028,#7035),.PCURVE_S1.);
#7024 = LINE('',#7025,#7026);
#7025 = CARTESIAN_POINT('',(-23.50094323213,-8.340322580645,
    -3.993078486158));
#7026 = VECTOR('',#7027,1.);
#7027 = DIRECTION('',(-1.,0.,0.));
#7028 = PCURVE('',#6840,#7029);
#7029 = DEFINITIONAL_REPRESENTATION('',(#7030),#7034);
#7030 = LINE('',#7031,#7032);
#7031 = CARTESIAN_POINT('',(7.75,-5.1));
#7032 = VECTOR('',#7033,1.);
#7033 = DIRECTION('',(0.,-1.));
#7034 = ( GEOMETRIC_REPRESENTATION_CONTEXT(2) 
PARAMETRIC_REPRESENTATION_CONTEXT() REPRESENTATION_CONTEXT('2D SPACE',''
  ) );
#7035 = PCURVE('',#7036,#7041);
#7036 = PLANE('',#7037);
#7037 = AXIS2_PLACEMENT_3D('',#7038,#7039,#7040);
#7038 = CARTESIAN_POINT('',(-24.30094323213,-8.340322580645,
    -4.593078486158));
#7039 = DIRECTION('',(0.,1.,0.));
#7040 = DIRECTION('',(-1.,0.,0.));
#7041 = DEFINITIONAL_REPRESENTATION('',(#7042),#7046);
#7042 = LINE('',#7043,#7044);
#7043 = CARTESIAN_POINT('',(-0.8,0.6));
#7044 = VECTOR('',#7045,1.);
#7045 = DIRECTION('',(1.,0.));
#7046 = ( GEOMETRIC_REPRESENTATION_CONTEXT(2) 
PARAMETRIC_REPRESENTATION_CONTEXT() REPRESENTATION_CONTEXT('2D SPACE',''
  ) );
#7047 = ORIENTED_EDGE('',*,*,#7048,.F.);
#7048 = EDGE_CURVE('',#608,#7021,#7049,.T.);
#7049 = SURFACE_CURVE('',#7050,(#7054,#7061),.PCURVE_S1.);
#7050 = LINE('',#7051,#7052);
#7051 = CARTESIAN_POINT('',(-23.50094323213,-6.840322580645,
    -3.993078486158));
#7052 = VECTOR('',#7053,1.);
#7053 = DIRECTION('',(0.,-1.,0.));
#7054 = PCURVE('',#6840,#7055);
#7055 = DEFINITIONAL_REPRESENTATION('',(#7056),#7060);
#7056 = LINE('',#7057,#7058);
#7057 = CARTESIAN_POINT('',(6.25,-5.1));
#7058 = VECTOR('',#7059,1.);
#7059 = DIRECTION('',(1.,0.));
#7060 = ( GEOMETRIC_REPRESENTATION_CONTEXT(2) 
PARAMETRIC_REPRESENTATION_CONTEXT() REPRESENTATION_CONTEXT('2D SPACE',''
  ) );
#7061 = PCURVE('',#651,#7062);
#7062 = DEFINITIONAL_REPRESENTATION('',(#7063),#7067);
#7063 = LINE('',#7064,#7065);
#7064 = CARTESIAN_POINT('',(-1.5,0.6));
#7065 = VECTOR('',#7066,1.);
#7066 = DIRECTION('',(1.,0.));
#7067 = ( GEOMETRIC_REPRESENTATION_CONTEXT(2) 
PARAMETRIC_REPRESENTATION_CONTEXT() REPRESENTATION_CONTEXT('2D SPACE',''
  ) );
#7068 = ORIENTED_EDGE('',*,*,#6824,.T.);
#7069 = ORIENTED_EDGE('',*,*,#7070,.F.);
#7070 = EDGE_CURVE('',#6881,#6825,#7071,.T.);
#7071 = SURFACE_CURVE('',#7072,(#7076,#7083),.PCURVE_S1.);
#7072 = LINE('',#7073,#7074);
#7073 = CARTESIAN_POINT('',(-25.90094323213,-7.540322580645,
    -3.993078486158));
#7074 = VECTOR('',#7075,1.);
#7075 = DIRECTION('',(1.,0.,0.));
#7076 = PCURVE('',#6840,#7077);
#7077 = DEFINITIONAL_REPRESENTATION('',(#7078),#7082);
#7078 = LINE('',#7079,#7080);
#7079 = CARTESIAN_POINT('',(6.95,-7.5));
#7080 = VECTOR('',#7081,1.);
#7081 = DIRECTION('',(0.,1.));
#7082 = ( GEOMETRIC_REPRESENTATION_CONTEXT(2) 
PARAMETRIC_REPRESENTATION_CONTEXT() REPRESENTATION_CONTEXT('2D SPACE',''
  ) );
#7083 = PCURVE('',#756,#7084);
#7084 = DEFINITIONAL_REPRESENTATION('',(#7085),#7089);
#7085 = LINE('',#7086,#7087);
#7086 = CARTESIAN_POINT('',(-1.3,2.9));
#7087 = VECTOR('',#7088,1.);
#7088 = DIRECTION('',(-1.,0.));
#7089 = ( GEOMETRIC_REPRESENTATION_CONTEXT(2) 
PARAMETRIC_REPRESENTATION_CONTEXT() REPRESENTATION_CONTEXT('2D SPACE',''
  ) );
#7090 = ADVANCED_FACE('',(#7091),#6896,.F.);
#7091 = FACE_BOUND('',#7092,.T.);
#7092 = EDGE_LOOP('',(#7093,#7116,#7144,#7165));
#7093 = ORIENTED_EDGE('',*,*,#7094,.T.);
#7094 = EDGE_CURVE('',#6881,#7095,#7097,.T.);
#7095 = VERTEX_POINT('',#7096);
#7096 = CARTESIAN_POINT('',(-25.90094323213,-7.540322580645,
    -4.593078486158));
#7097 = SURFACE_CURVE('',#7098,(#7102,#7109),.PCURVE_S1.);
#7098 = LINE('',#7099,#7100);
#7099 = CARTESIAN_POINT('',(-25.90094323213,-7.540322580645,
    -3.993078486158));
#7100 = VECTOR('',#7101,1.);
#7101 = DIRECTION('',(0.,0.,-1.));
#7102 = PCURVE('',#6896,#7103);
#7103 = DEFINITIONAL_REPRESENTATION('',(#7104),#7108);
#7104 = LINE('',#7105,#7106);
#7105 = CARTESIAN_POINT('',(-0.6,-1.));
#7106 = VECTOR('',#7107,1.);
#7107 = DIRECTION('',(1.,0.));
#7108 = ( GEOMETRIC_REPRESENTATION_CONTEXT(2) 
PARAMETRIC_REPRESENTATION_CONTEXT() REPRESENTATION_CONTEXT('2D SPACE',''
  ) );
#7109 = PCURVE('',#756,#7110);
#7110 = DEFINITIONAL_REPRESENTATION('',(#7111),#7115);
#7111 = LINE('',#7112,#7113);
#7112 = CARTESIAN_POINT('',(-1.3,2.9));
#7113 = VECTOR('',#7114,1.);
#7114 = DIRECTION('',(0.,-1.));
#7115 = ( GEOMETRIC_REPRESENTATION_CONTEXT(2) 
PARAMETRIC_REPRESENTATION_CONTEXT() REPRESENTATION_CONTEXT('2D SPACE',''
  ) );
#7116 = ORIENTED_EDGE('',*,*,#7117,.F.);
#7117 = EDGE_CURVE('',#7118,#7095,#7120,.T.);
#7118 = VERTEX_POINT('',#7119);
#7119 = CARTESIAN_POINT('',(-25.90094323213,-8.340322580645,
    -4.593078486158));
#7120 = SURFACE_CURVE('',#7121,(#7125,#7132),.PCURVE_S1.);
#7121 = LINE('',#7122,#7123);
#7122 = CARTESIAN_POINT('',(-25.90094323213,-8.340322580645,
    -4.593078486158));
#7123 = VECTOR('',#7124,1.);
#7124 = DIRECTION('',(0.,1.,0.));
#7125 = PCURVE('',#6896,#7126);
#7126 = DEFINITIONAL_REPRESENTATION('',(#7127),#7131);
#7127 = LINE('',#7128,#7129);
#7128 = CARTESIAN_POINT('',(0.,-1.8));
#7129 = VECTOR('',#7130,1.);
#7130 = DIRECTION('',(0.,1.));
#7131 = ( GEOMETRIC_REPRESENTATION_CONTEXT(2) 
PARAMETRIC_REPRESENTATION_CONTEXT() REPRESENTATION_CONTEXT('2D SPACE',''
  ) );
#7132 = PCURVE('',#7133,#7138);
#7133 = PLANE('',#7134);
#7134 = AXIS2_PLACEMENT_3D('',#7135,#7136,#7137);
#7135 = CARTESIAN_POINT('',(-18.40094323213,-0.590322580645,
    -4.593078486158));
#7136 = DIRECTION('',(0.,0.,1.));
#7137 = DIRECTION('',(0.,-1.,0.));
#7138 = DEFINITIONAL_REPRESENTATION('',(#7139),#7143);
#7139 = LINE('',#7140,#7141);
#7140 = CARTESIAN_POINT('',(7.75,-7.5));
#7141 = VECTOR('',#7142,1.);
#7142 = DIRECTION('',(-1.,0.));
#7143 = ( GEOMETRIC_REPRESENTATION_CONTEXT(2) 
PARAMETRIC_REPRESENTATION_CONTEXT() REPRESENTATION_CONTEXT('2D SPACE',''
  ) );
#7144 = ORIENTED_EDGE('',*,*,#7145,.T.);
#7145 = EDGE_CURVE('',#7118,#6879,#7146,.T.);
#7146 = SURFACE_CURVE('',#7147,(#7151,#7158),.PCURVE_S1.);
#7147 = LINE('',#7148,#7149);
#7148 = CARTESIAN_POINT('',(-25.90094323213,-8.340322580645,
    -4.593078486158));
#7149 = VECTOR('',#7150,1.);
#7150 = DIRECTION('',(0.,0.,1.));
#7151 = PCURVE('',#6896,#7152);
#7152 = DEFINITIONAL_REPRESENTATION('',(#7153),#7157);
#7153 = LINE('',#7154,#7155);
#7154 = CARTESIAN_POINT('',(0.,-1.8));
#7155 = VECTOR('',#7156,1.);
#7156 = DIRECTION('',(-1.,0.));
#7157 = ( GEOMETRIC_REPRESENTATION_CONTEXT(2) 
PARAMETRIC_REPRESENTATION_CONTEXT() REPRESENTATION_CONTEXT('2D SPACE',''
  ) );
#7158 = PCURVE('',#6924,#7159);
#7159 = DEFINITIONAL_REPRESENTATION('',(#7160),#7164);
#7160 = LINE('',#7161,#7162);
#7161 = CARTESIAN_POINT('',(0.,0.));
#7162 = VECTOR('',#7163,1.);
#7163 = DIRECTION('',(0.,1.));
#7164 = ( GEOMETRIC_REPRESENTATION_CONTEXT(2) 
PARAMETRIC_REPRESENTATION_CONTEXT() REPRESENTATION_CONTEXT('2D SPACE',''
  ) );
#7165 = ORIENTED_EDGE('',*,*,#6878,.T.);
#7166 = ADVANCED_FACE('',(#7167),#756,.F.);
#7167 = FACE_BOUND('',#7168,.T.);
#7168 = EDGE_LOOP('',(#7169,#7170,#7171,#7172,#7173,#7194,#7195,#7218));
#7169 = ORIENTED_EDGE('',*,*,#7094,.F.);
#7170 = ORIENTED_EDGE('',*,*,#7070,.T.);
#7171 = ORIENTED_EDGE('',*,*,#6854,.T.);
#7172 = ORIENTED_EDGE('',*,*,#1012,.F.);
#7173 = ORIENTED_EDGE('',*,*,#7174,.F.);
#7174 = EDGE_CURVE('',#741,#990,#7175,.T.);
#7175 = SURFACE_CURVE('',#7176,(#7180,#7187),.PCURVE_S1.);
#7176 = LINE('',#7177,#7178);
#7177 = CARTESIAN_POINT('',(-27.20094323213,-7.540322580645,
    -6.893078486158));
#7178 = VECTOR('',#7179,1.);
#7179 = DIRECTION('',(0.,0.,1.));
#7180 = PCURVE('',#756,#7181);
#7181 = DEFINITIONAL_REPRESENTATION('',(#7182),#7186);
#7182 = LINE('',#7183,#7184);
#7183 = CARTESIAN_POINT('',(0.,0.));
#7184 = VECTOR('',#7185,1.);
#7185 = DIRECTION('',(0.,1.));
#7186 = ( GEOMETRIC_REPRESENTATION_CONTEXT(2) 
PARAMETRIC_REPRESENTATION_CONTEXT() REPRESENTATION_CONTEXT('2D SPACE',''
  ) );
#7187 = PCURVE('',#784,#7188);
#7188 = DEFINITIONAL_REPRESENTATION('',(#7189),#7193);
#7189 = LINE('',#7190,#7191);
#7190 = CARTESIAN_POINT('',(6.95,-2.6));
#7191 = VECTOR('',#7192,1.);
#7192 = DIRECTION('',(0.,1.));
#7193 = ( GEOMETRIC_REPRESENTATION_CONTEXT(2) 
PARAMETRIC_REPRESENTATION_CONTEXT() REPRESENTATION_CONTEXT('2D SPACE',''
  ) );
#7194 = ORIENTED_EDGE('',*,*,#740,.T.);
#7195 = ORIENTED_EDGE('',*,*,#7196,.T.);
#7196 = EDGE_CURVE('',#718,#7197,#7199,.T.);
#7197 = VERTEX_POINT('',#7198);
#7198 = CARTESIAN_POINT('',(-24.20094323213,-7.540322580645,
    -4.593078486158));
#7199 = SURFACE_CURVE('',#7200,(#7204,#7211),.PCURVE_S1.);
#7200 = LINE('',#7201,#7202);
#7201 = CARTESIAN_POINT('',(-24.20094323213,-7.540322580645,
    -6.893078486158));
#7202 = VECTOR('',#7203,1.);
#7203 = DIRECTION('',(0.,0.,1.));
#7204 = PCURVE('',#756,#7205);
#7205 = DEFINITIONAL_REPRESENTATION('',(#7206),#7210);
#7206 = LINE('',#7207,#7208);
#7207 = CARTESIAN_POINT('',(-3.,0.));
#7208 = VECTOR('',#7209,1.);
#7209 = DIRECTION('',(0.,1.));
#7210 = ( GEOMETRIC_REPRESENTATION_CONTEXT(2) 
PARAMETRIC_REPRESENTATION_CONTEXT() REPRESENTATION_CONTEXT('2D SPACE',''
  ) );
#7211 = PCURVE('',#679,#7212);
#7212 = DEFINITIONAL_REPRESENTATION('',(#7213),#7217);
#7213 = LINE('',#7214,#7215);
#7214 = CARTESIAN_POINT('',(0.,0.));
#7215 = VECTOR('',#7216,1.);
#7216 = DIRECTION('',(1.,0.));
#7217 = ( GEOMETRIC_REPRESENTATION_CONTEXT(2) 
PARAMETRIC_REPRESENTATION_CONTEXT() REPRESENTATION_CONTEXT('2D SPACE',''
  ) );
#7218 = ORIENTED_EDGE('',*,*,#7219,.F.);
#7219 = EDGE_CURVE('',#7095,#7197,#7220,.T.);
#7220 = SURFACE_CURVE('',#7221,(#7225,#7232),.PCURVE_S1.);
#7221 = LINE('',#7222,#7223);
#7222 = CARTESIAN_POINT('',(-25.90094323213,-7.540322580645,
    -4.593078486158));
#7223 = VECTOR('',#7224,1.);
#7224 = DIRECTION('',(1.,0.,0.));
#7225 = PCURVE('',#756,#7226);
#7226 = DEFINITIONAL_REPRESENTATION('',(#7227),#7231);
#7227 = LINE('',#7228,#7229);
#7228 = CARTESIAN_POINT('',(-1.3,2.3));
#7229 = VECTOR('',#7230,1.);
#7230 = DIRECTION('',(-1.,0.));
#7231 = ( GEOMETRIC_REPRESENTATION_CONTEXT(2) 
PARAMETRIC_REPRESENTATION_CONTEXT() REPRESENTATION_CONTEXT('2D SPACE',''
  ) );
#7232 = PCURVE('',#7133,#7233);
#7233 = DEFINITIONAL_REPRESENTATION('',(#7234),#7238);
#7234 = LINE('',#7235,#7236);
#7235 = CARTESIAN_POINT('',(6.95,-7.5));
#7236 = VECTOR('',#7237,1.);
#7237 = DIRECTION('',(0.,1.));
#7238 = ( GEOMETRIC_REPRESENTATION_CONTEXT(2) 
PARAMETRIC_REPRESENTATION_CONTEXT() REPRESENTATION_CONTEXT('2D SPACE',''
  ) );
#7239 = ADVANCED_FACE('',(#7240),#7133,.F.);
#7240 = FACE_BOUND('',#7241,.T.);
#7241 = EDGE_LOOP('',(#7242,#7243,#7264,#7287,#7310,#7333,#7356,#7379,
    #7400));
#7242 = ORIENTED_EDGE('',*,*,#7219,.T.);
#7243 = ORIENTED_EDGE('',*,*,#7244,.T.);
#7244 = EDGE_CURVE('',#7197,#636,#7245,.T.);
#7245 = SURFACE_CURVE('',#7246,(#7250,#7257),.PCURVE_S1.);
#7246 = LINE('',#7247,#7248);
#7247 = CARTESIAN_POINT('',(-24.20094323213,-7.540322580645,
    -4.593078486158));
#7248 = VECTOR('',#7249,1.);
#7249 = DIRECTION('',(0.707106781186,0.707106781187,0.));
#7250 = PCURVE('',#7133,#7251);
#7251 = DEFINITIONAL_REPRESENTATION('',(#7252),#7256);
#7252 = LINE('',#7253,#7254);
#7253 = CARTESIAN_POINT('',(6.95,-5.8));
#7254 = VECTOR('',#7255,1.);
#7255 = DIRECTION('',(-0.707106781187,0.707106781186));
#7256 = ( GEOMETRIC_REPRESENTATION_CONTEXT(2) 
PARAMETRIC_REPRESENTATION_CONTEXT() REPRESENTATION_CONTEXT('2D SPACE',''
  ) );
#7257 = PCURVE('',#679,#7258);
#7258 = DEFINITIONAL_REPRESENTATION('',(#7259),#7263);
#7259 = LINE('',#7260,#7261);
#7260 = CARTESIAN_POINT('',(2.3,0.));
#7261 = VECTOR('',#7262,1.);
#7262 = DIRECTION('',(0.,1.));
#7263 = ( GEOMETRIC_REPRESENTATION_CONTEXT(2) 
PARAMETRIC_REPRESENTATION_CONTEXT() REPRESENTATION_CONTEXT('2D SPACE',''
  ) );
#7264 = ORIENTED_EDGE('',*,*,#7265,.T.);
#7265 = EDGE_CURVE('',#636,#7266,#7268,.T.);
#7266 = VERTEX_POINT('',#7267);
#7267 = CARTESIAN_POINT('',(-23.50094323213,-8.340322580645,
    -4.593078486158));
#7268 = SURFACE_CURVE('',#7269,(#7273,#7280),.PCURVE_S1.);
#7269 = LINE('',#7270,#7271);
#7270 = CARTESIAN_POINT('',(-23.50094323213,-6.840322580645,
    -4.593078486158));
#7271 = VECTOR('',#7272,1.);
#7272 = DIRECTION('',(0.,-1.,0.));
#7273 = PCURVE('',#7133,#7274);
#7274 = DEFINITIONAL_REPRESENTATION('',(#7275),#7279);
#7275 = LINE('',#7276,#7277);
#7276 = CARTESIAN_POINT('',(6.25,-5.1));
#7277 = VECTOR('',#7278,1.);
#7278 = DIRECTION('',(1.,0.));
#7279 = ( GEOMETRIC_REPRESENTATION_CONTEXT(2) 
PARAMETRIC_REPRESENTATION_CONTEXT() REPRESENTATION_CONTEXT('2D SPACE',''
  ) );
#7280 = PCURVE('',#651,#7281);
#7281 = DEFINITIONAL_REPRESENTATION('',(#7282),#7286);
#7282 = LINE('',#7283,#7284);
#7283 = CARTESIAN_POINT('',(-1.5,0.));
#7284 = VECTOR('',#7285,1.);
#7285 = DIRECTION('',(1.,0.));
#7286 = ( GEOMETRIC_REPRESENTATION_CONTEXT(2) 
PARAMETRIC_REPRESENTATION_CONTEXT() REPRESENTATION_CONTEXT('2D SPACE',''
  ) );
#7287 = ORIENTED_EDGE('',*,*,#7288,.T.);
#7288 = EDGE_CURVE('',#7266,#7289,#7291,.T.);
#7289 = VERTEX_POINT('',#7290);
#7290 = CARTESIAN_POINT('',(-24.30094323213,-8.340322580645,
    -4.593078486158));
#7291 = SURFACE_CURVE('',#7292,(#7296,#7303),.PCURVE_S1.);
#7292 = LINE('',#7293,#7294);
#7293 = CARTESIAN_POINT('',(-23.50094323213,-8.340322580645,
    -4.593078486158));
#7294 = VECTOR('',#7295,1.);
#7295 = DIRECTION('',(-1.,0.,0.));
#7296 = PCURVE('',#7133,#7297);
#7297 = DEFINITIONAL_REPRESENTATION('',(#7298),#7302);
#7298 = LINE('',#7299,#7300);
#7299 = CARTESIAN_POINT('',(7.75,-5.1));
#7300 = VECTOR('',#7301,1.);
#7301 = DIRECTION('',(0.,-1.));
#7302 = ( GEOMETRIC_REPRESENTATION_CONTEXT(2) 
PARAMETRIC_REPRESENTATION_CONTEXT() REPRESENTATION_CONTEXT('2D SPACE',''
  ) );
#7303 = PCURVE('',#7036,#7304);
#7304 = DEFINITIONAL_REPRESENTATION('',(#7305),#7309);
#7305 = LINE('',#7306,#7307);
#7306 = CARTESIAN_POINT('',(-0.8,0.));
#7307 = VECTOR('',#7308,1.);
#7308 = DIRECTION('',(1.,0.));
#7309 = ( GEOMETRIC_REPRESENTATION_CONTEXT(2) 
PARAMETRIC_REPRESENTATION_CONTEXT() REPRESENTATION_CONTEXT('2D SPACE',''
  ) );
#7310 = ORIENTED_EDGE('',*,*,#7311,.T.);
#7311 = EDGE_CURVE('',#7289,#7312,#7314,.T.);
#7312 = VERTEX_POINT('',#7313);
#7313 = CARTESIAN_POINT('',(-24.30094323213,-8.090322580645,
    -4.593078486158));
#7314 = SURFACE_CURVE('',#7315,(#7319,#7326),.PCURVE_S1.);
#7315 = LINE('',#7316,#7317);
#7316 = CARTESIAN_POINT('',(-24.30094323213,-8.340322580645,
    -4.593078486158));
#7317 = VECTOR('',#7318,1.);
#7318 = DIRECTION('',(0.,1.,0.));
#7319 = PCURVE('',#7133,#7320);
#7320 = DEFINITIONAL_REPRESENTATION('',(#7321),#7325);
#7321 = LINE('',#7322,#7323);
#7322 = CARTESIAN_POINT('',(7.75,-5.9));
#7323 = VECTOR('',#7324,1.);
#7324 = DIRECTION('',(-1.,0.));
#7325 = ( GEOMETRIC_REPRESENTATION_CONTEXT(2) 
PARAMETRIC_REPRESENTATION_CONTEXT() REPRESENTATION_CONTEXT('2D SPACE',''
  ) );
#7326 = PCURVE('',#7008,#7327);
#7327 = DEFINITIONAL_REPRESENTATION('',(#7328),#7332);
#7328 = LINE('',#7329,#7330);
#7329 = CARTESIAN_POINT('',(0.,-0.25));
#7330 = VECTOR('',#7331,1.);
#7331 = DIRECTION('',(0.,1.));
#7332 = ( GEOMETRIC_REPRESENTATION_CONTEXT(2) 
PARAMETRIC_REPRESENTATION_CONTEXT() REPRESENTATION_CONTEXT('2D SPACE',''
  ) );
#7333 = ORIENTED_EDGE('',*,*,#7334,.T.);
#7334 = EDGE_CURVE('',#7312,#7335,#7337,.T.);
#7335 = VERTEX_POINT('',#7336);
#7336 = CARTESIAN_POINT('',(-25.10094323213,-8.090322580645,
    -4.593078486158));
#7337 = SURFACE_CURVE('',#7338,(#7342,#7349),.PCURVE_S1.);
#7338 = LINE('',#7339,#7340);
#7339 = CARTESIAN_POINT('',(-24.30094323213,-8.090322580645,
    -4.593078486158));
#7340 = VECTOR('',#7341,1.);
#7341 = DIRECTION('',(-1.,0.,0.));
#7342 = PCURVE('',#7133,#7343);
#7343 = DEFINITIONAL_REPRESENTATION('',(#7344),#7348);
#7344 = LINE('',#7345,#7346);
#7345 = CARTESIAN_POINT('',(7.5,-5.9));
#7346 = VECTOR('',#7347,1.);
#7347 = DIRECTION('',(0.,-1.));
#7348 = ( GEOMETRIC_REPRESENTATION_CONTEXT(2) 
PARAMETRIC_REPRESENTATION_CONTEXT() REPRESENTATION_CONTEXT('2D SPACE',''
  ) );
#7349 = PCURVE('',#6980,#7350);
#7350 = DEFINITIONAL_REPRESENTATION('',(#7351),#7355);
#7351 = LINE('',#7352,#7353);
#7352 = CARTESIAN_POINT('',(-0.8,0.));
#7353 = VECTOR('',#7354,1.);
#7354 = DIRECTION('',(1.,0.));
#7355 = ( GEOMETRIC_REPRESENTATION_CONTEXT(2) 
PARAMETRIC_REPRESENTATION_CONTEXT() REPRESENTATION_CONTEXT('2D SPACE',''
  ) );
#7356 = ORIENTED_EDGE('',*,*,#7357,.T.);
#7357 = EDGE_CURVE('',#7335,#7358,#7360,.T.);
#7358 = VERTEX_POINT('',#7359);
#7359 = CARTESIAN_POINT('',(-25.10094323213,-8.340322580645,
    -4.593078486158));
#7360 = SURFACE_CURVE('',#7361,(#7365,#7372),.PCURVE_S1.);
#7361 = LINE('',#7362,#7363);
#7362 = CARTESIAN_POINT('',(-25.10094323213,-8.090322580645,
    -4.593078486158));
#7363 = VECTOR('',#7364,1.);
#7364 = DIRECTION('',(0.,-1.,0.));
#7365 = PCURVE('',#7133,#7366);
#7366 = DEFINITIONAL_REPRESENTATION('',(#7367),#7371);
#7367 = LINE('',#7368,#7369);
#7368 = CARTESIAN_POINT('',(7.5,-6.7));
#7369 = VECTOR('',#7370,1.);
#7370 = DIRECTION('',(1.,0.));
#7371 = ( GEOMETRIC_REPRESENTATION_CONTEXT(2) 
PARAMETRIC_REPRESENTATION_CONTEXT() REPRESENTATION_CONTEXT('2D SPACE',''
  ) );
#7372 = PCURVE('',#6952,#7373);
#7373 = DEFINITIONAL_REPRESENTATION('',(#7374),#7378);
#7374 = LINE('',#7375,#7376);
#7375 = CARTESIAN_POINT('',(-0.25,0.));
#7376 = VECTOR('',#7377,1.);
#7377 = DIRECTION('',(1.,0.));
#7378 = ( GEOMETRIC_REPRESENTATION_CONTEXT(2) 
PARAMETRIC_REPRESENTATION_CONTEXT() REPRESENTATION_CONTEXT('2D SPACE',''
  ) );
#7379 = ORIENTED_EDGE('',*,*,#7380,.T.);
#7380 = EDGE_CURVE('',#7358,#7118,#7381,.T.);
#7381 = SURFACE_CURVE('',#7382,(#7386,#7393),.PCURVE_S1.);
#7382 = LINE('',#7383,#7384);
#7383 = CARTESIAN_POINT('',(-25.10094323213,-8.340322580645,
    -4.593078486158));
#7384 = VECTOR('',#7385,1.);
#7385 = DIRECTION('',(-1.,0.,0.));
#7386 = PCURVE('',#7133,#7387);
#7387 = DEFINITIONAL_REPRESENTATION('',(#7388),#7392);
#7388 = LINE('',#7389,#7390);
#7389 = CARTESIAN_POINT('',(7.75,-6.7));
#7390 = VECTOR('',#7391,1.);
#7391 = DIRECTION('',(0.,-1.));
#7392 = ( GEOMETRIC_REPRESENTATION_CONTEXT(2) 
PARAMETRIC_REPRESENTATION_CONTEXT() REPRESENTATION_CONTEXT('2D SPACE',''
  ) );
#7393 = PCURVE('',#6924,#7394);
#7394 = DEFINITIONAL_REPRESENTATION('',(#7395),#7399);
#7395 = LINE('',#7396,#7397);
#7396 = CARTESIAN_POINT('',(-0.8,0.));
#7397 = VECTOR('',#7398,1.);
#7398 = DIRECTION('',(1.,0.));
#7399 = ( GEOMETRIC_REPRESENTATION_CONTEXT(2) 
PARAMETRIC_REPRESENTATION_CONTEXT() REPRESENTATION_CONTEXT('2D SPACE',''
  ) );
#7400 = ORIENTED_EDGE('',*,*,#7117,.T.);
#7401 = ADVANCED_FACE('',(#7402),#6924,.F.);
#7402 = FACE_BOUND('',#7403,.T.);
#7403 = EDGE_LOOP('',(#7404,#7405,#7406,#7427));
#7404 = ORIENTED_EDGE('',*,*,#7145,.F.);
#7405 = ORIENTED_EDGE('',*,*,#7380,.F.);
#7406 = ORIENTED_EDGE('',*,*,#7407,.T.);
#7407 = EDGE_CURVE('',#7358,#6909,#7408,.T.);
#7408 = SURFACE_CURVE('',#7409,(#7413,#7420),.PCURVE_S1.);
#7409 = LINE('',#7410,#7411);
#7410 = CARTESIAN_POINT('',(-25.10094323213,-8.340322580645,
    -4.593078486158));
#7411 = VECTOR('',#7412,1.);
#7412 = DIRECTION('',(0.,0.,1.));
#7413 = PCURVE('',#6924,#7414);
#7414 = DEFINITIONAL_REPRESENTATION('',(#7415),#7419);
#7415 = LINE('',#7416,#7417);
#7416 = CARTESIAN_POINT('',(-0.8,0.));
#7417 = VECTOR('',#7418,1.);
#7418 = DIRECTION('',(0.,1.));
#7419 = ( GEOMETRIC_REPRESENTATION_CONTEXT(2) 
PARAMETRIC_REPRESENTATION_CONTEXT() REPRESENTATION_CONTEXT('2D SPACE',''
  ) );
#7420 = PCURVE('',#6952,#7421);
#7421 = DEFINITIONAL_REPRESENTATION('',(#7422),#7426);
#7422 = LINE('',#7423,#7424);
#7423 = CARTESIAN_POINT('',(0.,0.));
#7424 = VECTOR('',#7425,1.);
#7425 = DIRECTION('',(0.,1.));
#7426 = ( GEOMETRIC_REPRESENTATION_CONTEXT(2) 
PARAMETRIC_REPRESENTATION_CONTEXT() REPRESENTATION_CONTEXT('2D SPACE',''
  ) );
#7427 = ORIENTED_EDGE('',*,*,#6908,.T.);
#7428 = ADVANCED_FACE('',(#7429),#6952,.F.);
#7429 = FACE_BOUND('',#7430,.T.);
#7430 = EDGE_LOOP('',(#7431,#7432,#7433,#7454));
#7431 = ORIENTED_EDGE('',*,*,#7407,.F.);
#7432 = ORIENTED_EDGE('',*,*,#7357,.F.);
#7433 = ORIENTED_EDGE('',*,*,#7434,.T.);
#7434 = EDGE_CURVE('',#7335,#6937,#7435,.T.);
#7435 = SURFACE_CURVE('',#7436,(#7440,#7447),.PCURVE_S1.);
#7436 = LINE('',#7437,#7438);
#7437 = CARTESIAN_POINT('',(-25.10094323213,-8.090322580645,
    -4.593078486158));
#7438 = VECTOR('',#7439,1.);
#7439 = DIRECTION('',(0.,0.,1.));
#7440 = PCURVE('',#6952,#7441);
#7441 = DEFINITIONAL_REPRESENTATION('',(#7442),#7446);
#7442 = LINE('',#7443,#7444);
#7443 = CARTESIAN_POINT('',(-0.25,0.));
#7444 = VECTOR('',#7445,1.);
#7445 = DIRECTION('',(0.,1.));
#7446 = ( GEOMETRIC_REPRESENTATION_CONTEXT(2) 
PARAMETRIC_REPRESENTATION_CONTEXT() REPRESENTATION_CONTEXT('2D SPACE',''
  ) );
#7447 = PCURVE('',#6980,#7448);
#7448 = DEFINITIONAL_REPRESENTATION('',(#7449),#7453);
#7449 = LINE('',#7450,#7451);
#7450 = CARTESIAN_POINT('',(0.,0.));
#7451 = VECTOR('',#7452,1.);
#7452 = DIRECTION('',(0.,1.));
#7453 = ( GEOMETRIC_REPRESENTATION_CONTEXT(2) 
PARAMETRIC_REPRESENTATION_CONTEXT() REPRESENTATION_CONTEXT('2D SPACE',''
  ) );
#7454 = ORIENTED_EDGE('',*,*,#6936,.T.);
#7455 = ADVANCED_FACE('',(#7456),#6980,.F.);
#7456 = FACE_BOUND('',#7457,.T.);
#7457 = EDGE_LOOP('',(#7458,#7459,#7460,#7481));
#7458 = ORIENTED_EDGE('',*,*,#7434,.F.);
#7459 = ORIENTED_EDGE('',*,*,#7334,.F.);
#7460 = ORIENTED_EDGE('',*,*,#7461,.T.);
#7461 = EDGE_CURVE('',#7312,#6965,#7462,.T.);
#7462 = SURFACE_CURVE('',#7463,(#7467,#7474),.PCURVE_S1.);
#7463 = LINE('',#7464,#7465);
#7464 = CARTESIAN_POINT('',(-24.30094323213,-8.090322580645,
    -4.593078486158));
#7465 = VECTOR('',#7466,1.);
#7466 = DIRECTION('',(0.,0.,1.));
#7467 = PCURVE('',#6980,#7468);
#7468 = DEFINITIONAL_REPRESENTATION('',(#7469),#7473);
#7469 = LINE('',#7470,#7471);
#7470 = CARTESIAN_POINT('',(-0.8,0.));
#7471 = VECTOR('',#7472,1.);
#7472 = DIRECTION('',(0.,1.));
#7473 = ( GEOMETRIC_REPRESENTATION_CONTEXT(2) 
PARAMETRIC_REPRESENTATION_CONTEXT() REPRESENTATION_CONTEXT('2D SPACE',''
  ) );
#7474 = PCURVE('',#7008,#7475);
#7475 = DEFINITIONAL_REPRESENTATION('',(#7476),#7480);
#7476 = LINE('',#7477,#7478);
#7477 = CARTESIAN_POINT('',(0.,0.));
#7478 = VECTOR('',#7479,1.);
#7479 = DIRECTION('',(-1.,0.));
#7480 = ( GEOMETRIC_REPRESENTATION_CONTEXT(2) 
PARAMETRIC_REPRESENTATION_CONTEXT() REPRESENTATION_CONTEXT('2D SPACE',''
  ) );
#7481 = ORIENTED_EDGE('',*,*,#6964,.T.);
#7482 = ADVANCED_FACE('',(#7483),#7008,.F.);
#7483 = FACE_BOUND('',#7484,.T.);
#7484 = EDGE_LOOP('',(#7485,#7486,#7487,#7508));
#7485 = ORIENTED_EDGE('',*,*,#7461,.F.);
#7486 = ORIENTED_EDGE('',*,*,#7311,.F.);
#7487 = ORIENTED_EDGE('',*,*,#7488,.T.);
#7488 = EDGE_CURVE('',#7289,#6993,#7489,.T.);
#7489 = SURFACE_CURVE('',#7490,(#7494,#7501),.PCURVE_S1.);
#7490 = LINE('',#7491,#7492);
#7491 = CARTESIAN_POINT('',(-24.30094323213,-8.340322580645,
    -4.593078486158));
#7492 = VECTOR('',#7493,1.);
#7493 = DIRECTION('',(0.,0.,1.));
#7494 = PCURVE('',#7008,#7495);
#7495 = DEFINITIONAL_REPRESENTATION('',(#7496),#7500);
#7496 = LINE('',#7497,#7498);
#7497 = CARTESIAN_POINT('',(0.,-0.25));
#7498 = VECTOR('',#7499,1.);
#7499 = DIRECTION('',(-1.,0.));
#7500 = ( GEOMETRIC_REPRESENTATION_CONTEXT(2) 
PARAMETRIC_REPRESENTATION_CONTEXT() REPRESENTATION_CONTEXT('2D SPACE',''
  ) );
#7501 = PCURVE('',#7036,#7502);
#7502 = DEFINITIONAL_REPRESENTATION('',(#7503),#7507);
#7503 = LINE('',#7504,#7505);
#7504 = CARTESIAN_POINT('',(0.,0.));
#7505 = VECTOR('',#7506,1.);
#7506 = DIRECTION('',(0.,1.));
#7507 = ( GEOMETRIC_REPRESENTATION_CONTEXT(2) 
PARAMETRIC_REPRESENTATION_CONTEXT() REPRESENTATION_CONTEXT('2D SPACE',''
  ) );
#7508 = ORIENTED_EDGE('',*,*,#6992,.T.);
#7509 = ADVANCED_FACE('',(#7510),#7036,.F.);
#7510 = FACE_BOUND('',#7511,.T.);
#7511 = EDGE_LOOP('',(#7512,#7513,#7514,#7535));
#7512 = ORIENTED_EDGE('',*,*,#7488,.F.);
#7513 = ORIENTED_EDGE('',*,*,#7288,.F.);
#7514 = ORIENTED_EDGE('',*,*,#7515,.T.);
#7515 = EDGE_CURVE('',#7266,#7021,#7516,.T.);
#7516 = SURFACE_CURVE('',#7517,(#7521,#7528),.PCURVE_S1.);
#7517 = LINE('',#7518,#7519);
#7518 = CARTESIAN_POINT('',(-23.50094323213,-8.340322580645,
    -4.593078486158));
#7519 = VECTOR('',#7520,1.);
#7520 = DIRECTION('',(0.,0.,1.));
#7521 = PCURVE('',#7036,#7522);
#7522 = DEFINITIONAL_REPRESENTATION('',(#7523),#7527);
#7523 = LINE('',#7524,#7525);
#7524 = CARTESIAN_POINT('',(-0.8,0.));
#7525 = VECTOR('',#7526,1.);
#7526 = DIRECTION('',(0.,1.));
#7527 = ( GEOMETRIC_REPRESENTATION_CONTEXT(2) 
PARAMETRIC_REPRESENTATION_CONTEXT() REPRESENTATION_CONTEXT('2D SPACE',''
  ) );
#7528 = PCURVE('',#651,#7529);
#7529 = DEFINITIONAL_REPRESENTATION('',(#7530),#7534);
#7530 = LINE('',#7531,#7532);
#7531 = CARTESIAN_POINT('',(0.,0.));
#7532 = VECTOR('',#7533,1.);
#7533 = DIRECTION('',(0.,1.));
#7534 = ( GEOMETRIC_REPRESENTATION_CONTEXT(2) 
PARAMETRIC_REPRESENTATION_CONTEXT() REPRESENTATION_CONTEXT('2D SPACE',''
  ) );
#7535 = ORIENTED_EDGE('',*,*,#7020,.T.);
#7536 = ADVANCED_FACE('',(#7537),#651,.F.);
#7537 = FACE_BOUND('',#7538,.T.);
#7538 = EDGE_LOOP('',(#7539,#7540,#7541,#7542));
#7539 = ORIENTED_EDGE('',*,*,#635,.T.);
#7540 = ORIENTED_EDGE('',*,*,#7048,.T.);
#7541 = ORIENTED_EDGE('',*,*,#7515,.F.);
#7542 = ORIENTED_EDGE('',*,*,#7265,.F.);
#7543 = ADVANCED_FACE('',(#7544),#679,.F.);
#7544 = FACE_BOUND('',#7545,.T.);
#7545 = EDGE_LOOP('',(#7546,#7547,#7548,#7549));
#7546 = ORIENTED_EDGE('',*,*,#7196,.F.);
#7547 = ORIENTED_EDGE('',*,*,#717,.F.);
#7548 = ORIENTED_EDGE('',*,*,#663,.T.);
#7549 = ORIENTED_EDGE('',*,*,#7244,.F.);
#7550 = ADVANCED_FACE('',(#7551,#7557,#7839),#784,.T.);
#7551 = FACE_BOUND('',#7552,.T.);
#7552 = EDGE_LOOP('',(#7553,#7554,#7555,#7556));
#7553 = ORIENTED_EDGE('',*,*,#768,.T.);
#7554 = ORIENTED_EDGE('',*,*,#7174,.T.);
#7555 = ORIENTED_EDGE('',*,*,#989,.T.);
#7556 = ORIENTED_EDGE('',*,*,#823,.T.);
#7557 = FACE_BOUND('',#7558,.T.);
#7558 = EDGE_LOOP('',(#7559,#7589,#7617,#7645,#7673,#7701,#7729,#7757,
    #7785,#7813));
#7559 = ORIENTED_EDGE('',*,*,#7560,.T.);
#7560 = EDGE_CURVE('',#7561,#7563,#7565,.T.);
#7561 = VERTEX_POINT('',#7562);
#7562 = CARTESIAN_POINT('',(-27.20094323213,2.159677419355,
    -6.293078486158));
#7563 = VERTEX_POINT('',#7564);
#7564 = CARTESIAN_POINT('',(-27.20094323213,5.759677419355,
    -6.293078486158));
#7565 = SURFACE_CURVE('',#7566,(#7570,#7577),.PCURVE_S1.);
#7566 = LINE('',#7567,#7568);
#7567 = CARTESIAN_POINT('',(-27.20094323213,2.159677419355,
    -6.293078486158));
#7568 = VECTOR('',#7569,1.);
#7569 = DIRECTION('',(0.,1.,0.));
#7570 = PCURVE('',#784,#7571);
#7571 = DEFINITIONAL_REPRESENTATION('',(#7572),#7576);
#7572 = LINE('',#7573,#7574);
#7573 = CARTESIAN_POINT('',(-2.75,-2.));
#7574 = VECTOR('',#7575,1.);
#7575 = DIRECTION('',(-1.,0.));
#7576 = ( GEOMETRIC_REPRESENTATION_CONTEXT(2) 
PARAMETRIC_REPRESENTATION_CONTEXT() REPRESENTATION_CONTEXT('2D SPACE',''
  ) );
#7577 = PCURVE('',#7578,#7583);
#7578 = PLANE('',#7579);
#7579 = AXIS2_PLACEMENT_3D('',#7580,#7581,#7582);
#7580 = CARTESIAN_POINT('',(-11.35208543034,-3.240322580645,
    -6.293078486158));
#7581 = DIRECTION('',(0.,0.,1.));
#7582 = DIRECTION('',(0.,-1.,0.));
#7583 = DEFINITIONAL_REPRESENTATION('',(#7584),#7588);
#7584 = LINE('',#7585,#7586);
#7585 = CARTESIAN_POINT('',(-5.4,-15.84885780179));
#7586 = VECTOR('',#7587,1.);
#7587 = DIRECTION('',(-1.,0.));
#7588 = ( GEOMETRIC_REPRESENTATION_CONTEXT(2) 
PARAMETRIC_REPRESENTATION_CONTEXT() REPRESENTATION_CONTEXT('2D SPACE',''
  ) );
#7589 = ORIENTED_EDGE('',*,*,#7590,.T.);
#7590 = EDGE_CURVE('',#7563,#7591,#7593,.T.);
#7591 = VERTEX_POINT('',#7592);
#7592 = CARTESIAN_POINT('',(-27.20094323213,5.759677419355,
    -2.293078486158));
#7593 = SURFACE_CURVE('',#7594,(#7598,#7605),.PCURVE_S1.);
#7594 = LINE('',#7595,#7596);
#7595 = CARTESIAN_POINT('',(-27.20094323213,5.759677419355,
    -6.293078486158));
#7596 = VECTOR('',#7597,1.);
#7597 = DIRECTION('',(0.,0.,1.));
#7598 = PCURVE('',#784,#7599);
#7599 = DEFINITIONAL_REPRESENTATION('',(#7600),#7604);
#7600 = LINE('',#7601,#7602);
#7601 = CARTESIAN_POINT('',(-6.35,-2.));
#7602 = VECTOR('',#7603,1.);
#7603 = DIRECTION('',(0.,1.));
#7604 = ( GEOMETRIC_REPRESENTATION_CONTEXT(2) 
PARAMETRIC_REPRESENTATION_CONTEXT() REPRESENTATION_CONTEXT('2D SPACE',''
  ) );
#7605 = PCURVE('',#7606,#7611);
#7606 = PLANE('',#7607);
#7607 = AXIS2_PLACEMENT_3D('',#7608,#7609,#7610);
#7608 = CARTESIAN_POINT('',(-11.35208543034,5.759677419355,
    -6.293078486158));
#7609 = DIRECTION('',(0.,-1.,0.));
#7610 = DIRECTION('',(0.,0.,1.));
#7611 = DEFINITIONAL_REPRESENTATION('',(#7612),#7616);
#7612 = LINE('',#7613,#7614);
#7613 = CARTESIAN_POINT('',(0.,15.84885780179));
#7614 = VECTOR('',#7615,1.);
#7615 = DIRECTION('',(1.,0.));
#7616 = ( GEOMETRIC_REPRESENTATION_CONTEXT(2) 
PARAMETRIC_REPRESENTATION_CONTEXT() REPRESENTATION_CONTEXT('2D SPACE',''
  ) );
#7617 = ORIENTED_EDGE('',*,*,#7618,.F.);
#7618 = EDGE_CURVE('',#7619,#7591,#7621,.T.);
#7619 = VERTEX_POINT('',#7620);
#7620 = CARTESIAN_POINT('',(-27.20094323213,-2.240322580645,
    -2.293078486158));
#7621 = SURFACE_CURVE('',#7622,(#7626,#7633),.PCURVE_S1.);
#7622 = LINE('',#7623,#7624);
#7623 = CARTESIAN_POINT('',(-27.20094323213,-2.240322580645,
    -2.293078486158));
#7624 = VECTOR('',#7625,1.);
#7625 = DIRECTION('',(0.,1.,0.));
#7626 = PCURVE('',#784,#7627);
#7627 = DEFINITIONAL_REPRESENTATION('',(#7628),#7632);
#7628 = LINE('',#7629,#7630);
#7629 = CARTESIAN_POINT('',(1.65,2.));
#7630 = VECTOR('',#7631,1.);
#7631 = DIRECTION('',(-1.,0.));
#7632 = ( GEOMETRIC_REPRESENTATION_CONTEXT(2) 
PARAMETRIC_REPRESENTATION_CONTEXT() REPRESENTATION_CONTEXT('2D SPACE',''
  ) );
#7633 = PCURVE('',#7634,#7639);
#7634 = PLANE('',#7635);
#7635 = AXIS2_PLACEMENT_3D('',#7636,#7637,#7638);
#7636 = CARTESIAN_POINT('',(-11.35208543034,-3.240322580645,
    -2.293078486158));
#7637 = DIRECTION('',(0.,0.,1.));
#7638 = DIRECTION('',(0.,-1.,0.));
#7639 = DEFINITIONAL_REPRESENTATION('',(#7640),#7644);
#7640 = LINE('',#7641,#7642);
#7641 = CARTESIAN_POINT('',(-1.,-15.84885780179));
#7642 = VECTOR('',#7643,1.);
#7643 = DIRECTION('',(-1.,0.));
#7644 = ( GEOMETRIC_REPRESENTATION_CONTEXT(2) 
PARAMETRIC_REPRESENTATION_CONTEXT() REPRESENTATION_CONTEXT('2D SPACE',''
  ) );
#7645 = ORIENTED_EDGE('',*,*,#7646,.T.);
#7646 = EDGE_CURVE('',#7619,#7647,#7649,.T.);
#7647 = VERTEX_POINT('',#7648);
#7648 = CARTESIAN_POINT('',(-27.20094323213,-3.240322580645,
    -3.293078486158));
#7649 = SURFACE_CURVE('',#7650,(#7654,#7661),.PCURVE_S1.);
#7650 = LINE('',#7651,#7652);
#7651 = CARTESIAN_POINT('',(-27.20094323213,-2.240322580645,
    -2.293078486158));
#7652 = VECTOR('',#7653,1.);
#7653 = DIRECTION('',(0.,-0.707106781187,-0.707106781187));
#7654 = PCURVE('',#784,#7655);
#7655 = DEFINITIONAL_REPRESENTATION('',(#7656),#7660);
#7656 = LINE('',#7657,#7658);
#7657 = CARTESIAN_POINT('',(1.65,2.));
#7658 = VECTOR('',#7659,1.);
#7659 = DIRECTION('',(0.707106781187,-0.707106781187));
#7660 = ( GEOMETRIC_REPRESENTATION_CONTEXT(2) 
PARAMETRIC_REPRESENTATION_CONTEXT() REPRESENTATION_CONTEXT('2D SPACE',''
  ) );
#7661 = PCURVE('',#7662,#7667);
#7662 = PLANE('',#7663);
#7663 = AXIS2_PLACEMENT_3D('',#7664,#7665,#7666);
#7664 = CARTESIAN_POINT('',(-11.35208543034,-2.240322580645,
    -2.293078486158));
#7665 = DIRECTION('',(0.,0.707106781187,-0.707106781187));
#7666 = DIRECTION('',(0.,0.707106781187,0.707106781187));
#7667 = DEFINITIONAL_REPRESENTATION('',(#7668),#7672);
#7668 = LINE('',#7669,#7670);
#7669 = CARTESIAN_POINT('',(0.,-15.84885780179));
#7670 = VECTOR('',#7671,1.);
#7671 = DIRECTION('',(-1.,0.));
#7672 = ( GEOMETRIC_REPRESENTATION_CONTEXT(2) 
PARAMETRIC_REPRESENTATION_CONTEXT() REPRESENTATION_CONTEXT('2D SPACE',''
  ) );
#7673 = ORIENTED_EDGE('',*,*,#7674,.F.);
#7674 = EDGE_CURVE('',#7675,#7647,#7677,.T.);
#7675 = VERTEX_POINT('',#7676);
#7676 = CARTESIAN_POINT('',(-27.20094323213,-3.240322580645,
    -5.293078486158));
#7677 = SURFACE_CURVE('',#7678,(#7682,#7689),.PCURVE_S1.);
#7678 = LINE('',#7679,#7680);
#7679 = CARTESIAN_POINT('',(-27.20094323213,-3.240322580645,
    -5.293078486158));
#7680 = VECTOR('',#7681,1.);
#7681 = DIRECTION('',(0.,0.,1.));
#7682 = PCURVE('',#784,#7683);
#7683 = DEFINITIONAL_REPRESENTATION('',(#7684),#7688);
#7684 = LINE('',#7685,#7686);
#7685 = CARTESIAN_POINT('',(2.65,-1.));
#7686 = VECTOR('',#7687,1.);
#7687 = DIRECTION('',(0.,1.));
#7688 = ( GEOMETRIC_REPRESENTATION_CONTEXT(2) 
PARAMETRIC_REPRESENTATION_CONTEXT() REPRESENTATION_CONTEXT('2D SPACE',''
  ) );
#7689 = PCURVE('',#7690,#7695);
#7690 = PLANE('',#7691);
#7691 = AXIS2_PLACEMENT_3D('',#7692,#7693,#7694);
#7692 = CARTESIAN_POINT('',(-11.35208543034,-3.240322580645,
    -6.293078486158));
#7693 = DIRECTION('',(0.,-1.,0.));
#7694 = DIRECTION('',(0.,0.,1.));
#7695 = DEFINITIONAL_REPRESENTATION('',(#7696),#7700);
#7696 = LINE('',#7697,#7698);
#7697 = CARTESIAN_POINT('',(1.,15.84885780179));
#7698 = VECTOR('',#7699,1.);
#7699 = DIRECTION('',(1.,0.));
#7700 = ( GEOMETRIC_REPRESENTATION_CONTEXT(2) 
PARAMETRIC_REPRESENTATION_CONTEXT() REPRESENTATION_CONTEXT('2D SPACE',''
  ) );
#7701 = ORIENTED_EDGE('',*,*,#7702,.T.);
#7702 = EDGE_CURVE('',#7675,#7703,#7705,.T.);
#7703 = VERTEX_POINT('',#7704);
#7704 = CARTESIAN_POINT('',(-27.20094323213,-2.240322580645,
    -6.293078486158));
#7705 = SURFACE_CURVE('',#7706,(#7710,#7717),.PCURVE_S1.);
#7706 = LINE('',#7707,#7708);
#7707 = CARTESIAN_POINT('',(-27.20094323213,-3.240322580645,
    -5.293078486158));
#7708 = VECTOR('',#7709,1.);
#7709 = DIRECTION('',(0.,0.707106781187,-0.707106781187));
#7710 = PCURVE('',#784,#7711);
#7711 = DEFINITIONAL_REPRESENTATION('',(#7712),#7716);
#7712 = LINE('',#7713,#7714);
#7713 = CARTESIAN_POINT('',(2.65,-1.));
#7714 = VECTOR('',#7715,1.);
#7715 = DIRECTION('',(-0.707106781187,-0.707106781187));
#7716 = ( GEOMETRIC_REPRESENTATION_CONTEXT(2) 
PARAMETRIC_REPRESENTATION_CONTEXT() REPRESENTATION_CONTEXT('2D SPACE',''
  ) );
#7717 = PCURVE('',#7718,#7723);
#7718 = PLANE('',#7719);
#7719 = AXIS2_PLACEMENT_3D('',#7720,#7721,#7722);
#7720 = CARTESIAN_POINT('',(-11.35208543034,-3.240322580645,
    -5.293078486158));
#7721 = DIRECTION('',(0.,-0.707106781187,-0.707106781187));
#7722 = DIRECTION('',(1.,0.,0.));
#7723 = DEFINITIONAL_REPRESENTATION('',(#7724),#7728);
#7724 = LINE('',#7725,#7726);
#7725 = CARTESIAN_POINT('',(-15.84885780179,0.));
#7726 = VECTOR('',#7727,1.);
#7727 = DIRECTION('',(0.,-1.));
#7728 = ( GEOMETRIC_REPRESENTATION_CONTEXT(2) 
PARAMETRIC_REPRESENTATION_CONTEXT() REPRESENTATION_CONTEXT('2D SPACE',''
  ) );
#7729 = ORIENTED_EDGE('',*,*,#7730,.T.);
#7730 = EDGE_CURVE('',#7703,#7731,#7733,.T.);
#7731 = VERTEX_POINT('',#7732);
#7732 = CARTESIAN_POINT('',(-27.20094323213,1.359677419355,
    -6.293078486158));
#7733 = SURFACE_CURVE('',#7734,(#7738,#7745),.PCURVE_S1.);
#7734 = LINE('',#7735,#7736);
#7735 = CARTESIAN_POINT('',(-27.20094323213,-2.240322580645,
    -6.293078486158));
#7736 = VECTOR('',#7737,1.);
#7737 = DIRECTION('',(0.,1.,0.));
#7738 = PCURVE('',#784,#7739);
#7739 = DEFINITIONAL_REPRESENTATION('',(#7740),#7744);
#7740 = LINE('',#7741,#7742);
#7741 = CARTESIAN_POINT('',(1.65,-2.));
#7742 = VECTOR('',#7743,1.);
#7743 = DIRECTION('',(-1.,0.));
#7744 = ( GEOMETRIC_REPRESENTATION_CONTEXT(2) 
PARAMETRIC_REPRESENTATION_CONTEXT() REPRESENTATION_CONTEXT('2D SPACE',''
  ) );
#7745 = PCURVE('',#7746,#7751);
#7746 = PLANE('',#7747);
#7747 = AXIS2_PLACEMENT_3D('',#7748,#7749,#7750);
#7748 = CARTESIAN_POINT('',(-11.35208543034,-3.240322580645,
    -6.293078486158));
#7749 = DIRECTION('',(0.,0.,1.));
#7750 = DIRECTION('',(0.,-1.,0.));
#7751 = DEFINITIONAL_REPRESENTATION('',(#7752),#7756);
#7752 = LINE('',#7753,#7754);
#7753 = CARTESIAN_POINT('',(-1.,-15.84885780179));
#7754 = VECTOR('',#7755,1.);
#7755 = DIRECTION('',(-1.,0.));
#7756 = ( GEOMETRIC_REPRESENTATION_CONTEXT(2) 
PARAMETRIC_REPRESENTATION_CONTEXT() REPRESENTATION_CONTEXT('2D SPACE',''
  ) );
#7757 = ORIENTED_EDGE('',*,*,#7758,.T.);
#7758 = EDGE_CURVE('',#7731,#7759,#7761,.T.);
#7759 = VERTEX_POINT('',#7760);
#7760 = CARTESIAN_POINT('',(-27.20094323213,1.359677419355,
    -5.943078486158));
#7761 = SURFACE_CURVE('',#7762,(#7766,#7773),.PCURVE_S1.);
#7762 = LINE('',#7763,#7764);
#7763 = CARTESIAN_POINT('',(-27.20094323213,1.359677419355,
    -6.293078486158));
#7764 = VECTOR('',#7765,1.);
#7765 = DIRECTION('',(0.,0.,1.));
#7766 = PCURVE('',#784,#7767);
#7767 = DEFINITIONAL_REPRESENTATION('',(#7768),#7772);
#7768 = LINE('',#7769,#7770);
#7769 = CARTESIAN_POINT('',(-1.95,-2.));
#7770 = VECTOR('',#7771,1.);
#7771 = DIRECTION('',(0.,1.));
#7772 = ( GEOMETRIC_REPRESENTATION_CONTEXT(2) 
PARAMETRIC_REPRESENTATION_CONTEXT() REPRESENTATION_CONTEXT('2D SPACE',''
  ) );
#7773 = PCURVE('',#7774,#7779);
#7774 = PLANE('',#7775);
#7775 = AXIS2_PLACEMENT_3D('',#7776,#7777,#7778);
#7776 = CARTESIAN_POINT('',(-28.26395781341,1.359677419355,
    -6.643078486158));
#7777 = DIRECTION('',(0.,1.,0.));
#7778 = DIRECTION('',(-1.,0.,0.));
#7779 = DEFINITIONAL_REPRESENTATION('',(#7780),#7784);
#7780 = LINE('',#7781,#7782);
#7781 = CARTESIAN_POINT('',(-1.06301458128,0.35));
#7782 = VECTOR('',#7783,1.);
#7783 = DIRECTION('',(0.,1.));
#7784 = ( GEOMETRIC_REPRESENTATION_CONTEXT(2) 
PARAMETRIC_REPRESENTATION_CONTEXT() REPRESENTATION_CONTEXT('2D SPACE',''
  ) );
#7785 = ORIENTED_EDGE('',*,*,#7786,.T.);
#7786 = EDGE_CURVE('',#7759,#7787,#7789,.T.);
#7787 = VERTEX_POINT('',#7788);
#7788 = CARTESIAN_POINT('',(-27.20094323213,2.159677419355,
    -5.943078486158));
#7789 = SURFACE_CURVE('',#7790,(#7794,#7801),.PCURVE_S1.);
#7790 = LINE('',#7791,#7792);
#7791 = CARTESIAN_POINT('',(-27.20094323213,1.359677419355,
    -5.943078486158));
#7792 = VECTOR('',#7793,1.);
#7793 = DIRECTION('',(0.,1.,0.));
#7794 = PCURVE('',#784,#7795);
#7795 = DEFINITIONAL_REPRESENTATION('',(#7796),#7800);
#7796 = LINE('',#7797,#7798);
#7797 = CARTESIAN_POINT('',(-1.95,-1.65));
#7798 = VECTOR('',#7799,1.);
#7799 = DIRECTION('',(-1.,0.));
#7800 = ( GEOMETRIC_REPRESENTATION_CONTEXT(2) 
PARAMETRIC_REPRESENTATION_CONTEXT() REPRESENTATION_CONTEXT('2D SPACE',''
  ) );
#7801 = PCURVE('',#7802,#7807);
#7802 = PLANE('',#7803);
#7803 = AXIS2_PLACEMENT_3D('',#7804,#7805,#7806);
#7804 = CARTESIAN_POINT('',(-28.26395781341,1.359677419355,
    -5.943078486158));
#7805 = DIRECTION('',(0.,0.,-1.));
#7806 = DIRECTION('',(1.,0.,0.));
#7807 = DEFINITIONAL_REPRESENTATION('',(#7808),#7812);
#7808 = LINE('',#7809,#7810);
#7809 = CARTESIAN_POINT('',(1.06301458128,0.));
#7810 = VECTOR('',#7811,1.);
#7811 = DIRECTION('',(0.,-1.));
#7812 = ( GEOMETRIC_REPRESENTATION_CONTEXT(2) 
PARAMETRIC_REPRESENTATION_CONTEXT() REPRESENTATION_CONTEXT('2D SPACE',''
  ) );
#7813 = ORIENTED_EDGE('',*,*,#7814,.T.);
#7814 = EDGE_CURVE('',#7787,#7561,#7815,.T.);
#7815 = SURFACE_CURVE('',#7816,(#7820,#7827),.PCURVE_S1.);
#7816 = LINE('',#7817,#7818);
#7817 = CARTESIAN_POINT('',(-27.20094323213,2.159677419355,
    -5.943078486158));
#7818 = VECTOR('',#7819,1.);
#7819 = DIRECTION('',(0.,0.,-1.));
#7820 = PCURVE('',#784,#7821);
#7821 = DEFINITIONAL_REPRESENTATION('',(#7822),#7826);
#7822 = LINE('',#7823,#7824);
#7823 = CARTESIAN_POINT('',(-2.75,-1.65));
#7824 = VECTOR('',#7825,1.);
#7825 = DIRECTION('',(0.,-1.));
#7826 = ( GEOMETRIC_REPRESENTATION_CONTEXT(2) 
PARAMETRIC_REPRESENTATION_CONTEXT() REPRESENTATION_CONTEXT('2D SPACE',''
  ) );
#7827 = PCURVE('',#7828,#7833);
#7828 = PLANE('',#7829);
#7829 = AXIS2_PLACEMENT_3D('',#7830,#7831,#7832);
#7830 = CARTESIAN_POINT('',(-28.26395781341,2.159677419355,
    -6.643078486158));
#7831 = DIRECTION('',(0.,-1.,0.));
#7832 = DIRECTION('',(0.,0.,1.));
#7833 = DEFINITIONAL_REPRESENTATION('',(#7834),#7838);
#7834 = LINE('',#7835,#7836);
#7835 = CARTESIAN_POINT('',(0.7,-1.06301458128));
#7836 = VECTOR('',#7837,1.);
#7837 = DIRECTION('',(-1.,0.));
#7838 = ( GEOMETRIC_REPRESENTATION_CONTEXT(2) 
PARAMETRIC_REPRESENTATION_CONTEXT() REPRESENTATION_CONTEXT('2D SPACE',''
  ) );
#7839 = FACE_BOUND('',#7840,.T.);
#7840 = EDGE_LOOP('',(#7841,#7871,#7899,#7927));
#7841 = ORIENTED_EDGE('',*,*,#7842,.F.);
#7842 = EDGE_CURVE('',#7843,#7845,#7847,.T.);
#7843 = VERTEX_POINT('',#7844);
#7844 = CARTESIAN_POINT('',(-27.20094323213,-3.940322580645,
    -6.393078486158));
#7845 = VERTEX_POINT('',#7846);
#7846 = CARTESIAN_POINT('',(-27.20094323213,-6.540322580645,
    -6.393078486158));
#7847 = SURFACE_CURVE('',#7848,(#7852,#7859),.PCURVE_S1.);
#7848 = LINE('',#7849,#7850);
#7849 = CARTESIAN_POINT('',(-27.20094323213,-3.940322580645,
    -6.393078486158));
#7850 = VECTOR('',#7851,1.);
#7851 = DIRECTION('',(0.,-1.,0.));
#7852 = PCURVE('',#784,#7853);
#7853 = DEFINITIONAL_REPRESENTATION('',(#7854),#7858);
#7854 = LINE('',#7855,#7856);
#7855 = CARTESIAN_POINT('',(3.35,-2.1));
#7856 = VECTOR('',#7857,1.);
#7857 = DIRECTION('',(1.,0.));
#7858 = ( GEOMETRIC_REPRESENTATION_CONTEXT(2) 
PARAMETRIC_REPRESENTATION_CONTEXT() REPRESENTATION_CONTEXT('2D SPACE',''
  ) );
#7859 = PCURVE('',#7860,#7865);
#7860 = PLANE('',#7861);
#7861 = AXIS2_PLACEMENT_3D('',#7862,#7863,#7864);
#7862 = CARTESIAN_POINT('',(-26.20094323213,-6.540322580645,
    -6.393078486158));
#7863 = DIRECTION('',(0.,0.,-1.));
#7864 = DIRECTION('',(1.,0.,0.));
#7865 = DEFINITIONAL_REPRESENTATION('',(#7866),#7870);
#7866 = LINE('',#7867,#7868);
#7867 = CARTESIAN_POINT('',(-1.,-2.6));
#7868 = VECTOR('',#7869,1.);
#7869 = DIRECTION('',(0.,1.));
#7870 = ( GEOMETRIC_REPRESENTATION_CONTEXT(2) 
PARAMETRIC_REPRESENTATION_CONTEXT() REPRESENTATION_CONTEXT('2D SPACE',''
  ) );
#7871 = ORIENTED_EDGE('',*,*,#7872,.F.);
#7872 = EDGE_CURVE('',#7873,#7843,#7875,.T.);
#7873 = VERTEX_POINT('',#7874);
#7874 = CARTESIAN_POINT('',(-27.20094323213,-3.940322580645,
    -2.193078486158));
#7875 = SURFACE_CURVE('',#7876,(#7880,#7887),.PCURVE_S1.);
#7876 = LINE('',#7877,#7878);
#7877 = CARTESIAN_POINT('',(-27.20094323213,-3.940322580645,
    -2.193078486158));
#7878 = VECTOR('',#7879,1.);
#7879 = DIRECTION('',(0.,0.,-1.));
#7880 = PCURVE('',#784,#7881);
#7881 = DEFINITIONAL_REPRESENTATION('',(#7882),#7886);
#7882 = LINE('',#7883,#7884);
#7883 = CARTESIAN_POINT('',(3.35,2.1));
#7884 = VECTOR('',#7885,1.);
#7885 = DIRECTION('',(0.,-1.));
#7886 = ( GEOMETRIC_REPRESENTATION_CONTEXT(2) 
PARAMETRIC_REPRESENTATION_CONTEXT() REPRESENTATION_CONTEXT('2D SPACE',''
  ) );
#7887 = PCURVE('',#7888,#7893);
#7888 = PLANE('',#7889);
#7889 = AXIS2_PLACEMENT_3D('',#7890,#7891,#7892);
#7890 = CARTESIAN_POINT('',(-26.20094323213,-3.940322580645,
    -6.393078486158));
#7891 = DIRECTION('',(0.,1.,0.));
#7892 = DIRECTION('',(-1.,0.,0.));
#7893 = DEFINITIONAL_REPRESENTATION('',(#7894),#7898);
#7894 = LINE('',#7895,#7896);
#7895 = CARTESIAN_POINT('',(1.,4.2));
#7896 = VECTOR('',#7897,1.);
#7897 = DIRECTION('',(0.,-1.));
#7898 = ( GEOMETRIC_REPRESENTATION_CONTEXT(2) 
PARAMETRIC_REPRESENTATION_CONTEXT() REPRESENTATION_CONTEXT('2D SPACE',''
  ) );
#7899 = ORIENTED_EDGE('',*,*,#7900,.F.);
#7900 = EDGE_CURVE('',#7901,#7873,#7903,.T.);
#7901 = VERTEX_POINT('',#7902);
#7902 = CARTESIAN_POINT('',(-27.20094323213,-6.540322580645,
    -2.193078486158));
#7903 = SURFACE_CURVE('',#7904,(#7908,#7915),.PCURVE_S1.);
#7904 = LINE('',#7905,#7906);
#7905 = CARTESIAN_POINT('',(-27.20094323213,-6.540322580645,
    -2.193078486158));
#7906 = VECTOR('',#7907,1.);
#7907 = DIRECTION('',(0.,1.,0.));
#7908 = PCURVE('',#784,#7909);
#7909 = DEFINITIONAL_REPRESENTATION('',(#7910),#7914);
#7910 = LINE('',#7911,#7912);
#7911 = CARTESIAN_POINT('',(5.95,2.1));
#7912 = VECTOR('',#7913,1.);
#7913 = DIRECTION('',(-1.,0.));
#7914 = ( GEOMETRIC_REPRESENTATION_CONTEXT(2) 
PARAMETRIC_REPRESENTATION_CONTEXT() REPRESENTATION_CONTEXT('2D SPACE',''
  ) );
#7915 = PCURVE('',#7916,#7921);
#7916 = PLANE('',#7917);
#7917 = AXIS2_PLACEMENT_3D('',#7918,#7919,#7920);
#7918 = CARTESIAN_POINT('',(-26.20094323213,-6.540322580645,
    -2.193078486158));
#7919 = DIRECTION('',(0.,0.,1.));
#7920 = DIRECTION('',(0.,-1.,0.));
#7921 = DEFINITIONAL_REPRESENTATION('',(#7922),#7926);
#7922 = LINE('',#7923,#7924);
#7923 = CARTESIAN_POINT('',(0.,-1.));
#7924 = VECTOR('',#7925,1.);
#7925 = DIRECTION('',(-1.,0.));
#7926 = ( GEOMETRIC_REPRESENTATION_CONTEXT(2) 
PARAMETRIC_REPRESENTATION_CONTEXT() REPRESENTATION_CONTEXT('2D SPACE',''
  ) );
#7927 = ORIENTED_EDGE('',*,*,#7928,.F.);
#7928 = EDGE_CURVE('',#7845,#7901,#7929,.T.);
#7929 = SURFACE_CURVE('',#7930,(#7934,#7941),.PCURVE_S1.);
#7930 = LINE('',#7931,#7932);
#7931 = CARTESIAN_POINT('',(-27.20094323213,-6.540322580645,
    -6.393078486158));
#7932 = VECTOR('',#7933,1.);
#7933 = DIRECTION('',(0.,0.,1.));
#7934 = PCURVE('',#784,#7935);
#7935 = DEFINITIONAL_REPRESENTATION('',(#7936),#7940);
#7936 = LINE('',#7937,#7938);
#7937 = CARTESIAN_POINT('',(5.95,-2.1));
#7938 = VECTOR('',#7939,1.);
#7939 = DIRECTION('',(0.,1.));
#7940 = ( GEOMETRIC_REPRESENTATION_CONTEXT(2) 
PARAMETRIC_REPRESENTATION_CONTEXT() REPRESENTATION_CONTEXT('2D SPACE',''
  ) );
#7941 = PCURVE('',#7942,#7947);
#7942 = PLANE('',#7943);
#7943 = AXIS2_PLACEMENT_3D('',#7944,#7945,#7946);
#7944 = CARTESIAN_POINT('',(-26.20094323213,-6.540322580645,
    -6.393078486158));
#7945 = DIRECTION('',(0.,-1.,0.));
#7946 = DIRECTION('',(0.,0.,1.));
#7947 = DEFINITIONAL_REPRESENTATION('',(#7948),#7952);
#7948 = LINE('',#7949,#7950);
#7949 = CARTESIAN_POINT('',(0.,1.));
#7950 = VECTOR('',#7951,1.);
#7951 = DIRECTION('',(1.,0.));
#7952 = ( GEOMETRIC_REPRESENTATION_CONTEXT(2) 
PARAMETRIC_REPRESENTATION_CONTEXT() REPRESENTATION_CONTEXT('2D SPACE',''
  ) );
#7953 = ADVANCED_FACE('',(#7954),#7578,.T.);
#7954 = FACE_BOUND('',#7955,.T.);
#7955 = EDGE_LOOP('',(#7956,#7979,#8007,#8028));
#7956 = ORIENTED_EDGE('',*,*,#7957,.T.);
#7957 = EDGE_CURVE('',#7561,#7958,#7960,.T.);
#7958 = VERTEX_POINT('',#7959);
#7959 = CARTESIAN_POINT('',(-21.20094323213,2.159677419355,
    -6.293078486158));
#7960 = SURFACE_CURVE('',#7961,(#7965,#7972),.PCURVE_S1.);
#7961 = LINE('',#7962,#7963);
#7962 = CARTESIAN_POINT('',(-27.20094323213,2.159677419355,
    -6.293078486158));
#7963 = VECTOR('',#7964,1.);
#7964 = DIRECTION('',(1.,0.,0.));
#7965 = PCURVE('',#7578,#7966);
#7966 = DEFINITIONAL_REPRESENTATION('',(#7967),#7971);
#7967 = LINE('',#7968,#7969);
#7968 = CARTESIAN_POINT('',(-5.4,-15.84885780179));
#7969 = VECTOR('',#7970,1.);
#7970 = DIRECTION('',(0.,1.));
#7971 = ( GEOMETRIC_REPRESENTATION_CONTEXT(2) 
PARAMETRIC_REPRESENTATION_CONTEXT() REPRESENTATION_CONTEXT('2D SPACE',''
  ) );
#7972 = PCURVE('',#7828,#7973);
#7973 = DEFINITIONAL_REPRESENTATION('',(#7974),#7978);
#7974 = LINE('',#7975,#7976);
#7975 = CARTESIAN_POINT('',(0.35,-1.06301458128));
#7976 = VECTOR('',#7977,1.);
#7977 = DIRECTION('',(0.,-1.));
#7978 = ( GEOMETRIC_REPRESENTATION_CONTEXT(2) 
PARAMETRIC_REPRESENTATION_CONTEXT() REPRESENTATION_CONTEXT('2D SPACE',''
  ) );
#7979 = ORIENTED_EDGE('',*,*,#7980,.F.);
#7980 = EDGE_CURVE('',#7981,#7958,#7983,.T.);
#7981 = VERTEX_POINT('',#7982);
#7982 = CARTESIAN_POINT('',(-21.20094323213,5.759677419355,
    -6.293078486158));
#7983 = SURFACE_CURVE('',#7984,(#7988,#7995),.PCURVE_S1.);
#7984 = LINE('',#7985,#7986);
#7985 = CARTESIAN_POINT('',(-21.20094323213,5.759677419355,
    -6.293078486158));
#7986 = VECTOR('',#7987,1.);
#7987 = DIRECTION('',(0.,-1.,0.));
#7988 = PCURVE('',#7578,#7989);
#7989 = DEFINITIONAL_REPRESENTATION('',(#7990),#7994);
#7990 = LINE('',#7991,#7992);
#7991 = CARTESIAN_POINT('',(-9.,-9.84885780179));
#7992 = VECTOR('',#7993,1.);
#7993 = DIRECTION('',(1.,0.));
#7994 = ( GEOMETRIC_REPRESENTATION_CONTEXT(2) 
PARAMETRIC_REPRESENTATION_CONTEXT() REPRESENTATION_CONTEXT('2D SPACE',''
  ) );
#7995 = PCURVE('',#7996,#8001);
#7996 = PLANE('',#7997);
#7997 = AXIS2_PLACEMENT_3D('',#7998,#7999,#8000);
#7998 = CARTESIAN_POINT('',(-21.20094323213,-0.590322580645,
    -4.293078486158));
#7999 = DIRECTION('',(-1.,0.,0.));
#8000 = DIRECTION('',(0.,-1.,0.));
#8001 = DEFINITIONAL_REPRESENTATION('',(#8002),#8006);
#8002 = LINE('',#8003,#8004);
#8003 = CARTESIAN_POINT('',(-6.35,-2.));
#8004 = VECTOR('',#8005,1.);
#8005 = DIRECTION('',(1.,0.));
#8006 = ( GEOMETRIC_REPRESENTATION_CONTEXT(2) 
PARAMETRIC_REPRESENTATION_CONTEXT() REPRESENTATION_CONTEXT('2D SPACE',''
  ) );
#8007 = ORIENTED_EDGE('',*,*,#8008,.T.);
#8008 = EDGE_CURVE('',#7981,#7563,#8009,.T.);
#8009 = SURFACE_CURVE('',#8010,(#8014,#8021),.PCURVE_S1.);
#8010 = LINE('',#8011,#8012);
#8011 = CARTESIAN_POINT('',(-21.20094323213,5.759677419355,
    -6.293078486158));
#8012 = VECTOR('',#8013,1.);
#8013 = DIRECTION('',(-1.,0.,0.));
#8014 = PCURVE('',#7578,#8015);
#8015 = DEFINITIONAL_REPRESENTATION('',(#8016),#8020);
#8016 = LINE('',#8017,#8018);
#8017 = CARTESIAN_POINT('',(-9.,-9.84885780179));
#8018 = VECTOR('',#8019,1.);
#8019 = DIRECTION('',(0.,-1.));
#8020 = ( GEOMETRIC_REPRESENTATION_CONTEXT(2) 
PARAMETRIC_REPRESENTATION_CONTEXT() REPRESENTATION_CONTEXT('2D SPACE',''
  ) );
#8021 = PCURVE('',#7606,#8022);
#8022 = DEFINITIONAL_REPRESENTATION('',(#8023),#8027);
#8023 = LINE('',#8024,#8025);
#8024 = CARTESIAN_POINT('',(0.,9.84885780179));
#8025 = VECTOR('',#8026,1.);
#8026 = DIRECTION('',(0.,1.));
#8027 = ( GEOMETRIC_REPRESENTATION_CONTEXT(2) 
PARAMETRIC_REPRESENTATION_CONTEXT() REPRESENTATION_CONTEXT('2D SPACE',''
  ) );
#8028 = ORIENTED_EDGE('',*,*,#7560,.F.);
#8029 = ADVANCED_FACE('',(#8030),#7828,.F.);
#8030 = FACE_BOUND('',#8031,.T.);
#8031 = EDGE_LOOP('',(#8032,#8033,#8056,#8077));
#8032 = ORIENTED_EDGE('',*,*,#7814,.F.);
#8033 = ORIENTED_EDGE('',*,*,#8034,.T.);
#8034 = EDGE_CURVE('',#7787,#8035,#8037,.T.);
#8035 = VERTEX_POINT('',#8036);
#8036 = CARTESIAN_POINT('',(-21.20094323213,2.159677419355,
    -5.943078486158));
#8037 = SURFACE_CURVE('',#8038,(#8042,#8049),.PCURVE_S1.);
#8038 = LINE('',#8039,#8040);
#8039 = CARTESIAN_POINT('',(-27.20094323213,2.159677419355,
    -5.943078486158));
#8040 = VECTOR('',#8041,1.);
#8041 = DIRECTION('',(1.,0.,0.));
#8042 = PCURVE('',#7828,#8043);
#8043 = DEFINITIONAL_REPRESENTATION('',(#8044),#8048);
#8044 = LINE('',#8045,#8046);
#8045 = CARTESIAN_POINT('',(0.7,-1.06301458128));
#8046 = VECTOR('',#8047,1.);
#8047 = DIRECTION('',(0.,-1.));
#8048 = ( GEOMETRIC_REPRESENTATION_CONTEXT(2) 
PARAMETRIC_REPRESENTATION_CONTEXT() REPRESENTATION_CONTEXT('2D SPACE',''
  ) );
#8049 = PCURVE('',#7802,#8050);
#8050 = DEFINITIONAL_REPRESENTATION('',(#8051),#8055);
#8051 = LINE('',#8052,#8053);
#8052 = CARTESIAN_POINT('',(1.06301458128,-0.8));
#8053 = VECTOR('',#8054,1.);
#8054 = DIRECTION('',(1.,0.));
#8055 = ( GEOMETRIC_REPRESENTATION_CONTEXT(2) 
PARAMETRIC_REPRESENTATION_CONTEXT() REPRESENTATION_CONTEXT('2D SPACE',''
  ) );
#8056 = ORIENTED_EDGE('',*,*,#8057,.T.);
#8057 = EDGE_CURVE('',#8035,#7958,#8058,.T.);
#8058 = SURFACE_CURVE('',#8059,(#8063,#8070),.PCURVE_S1.);
#8059 = LINE('',#8060,#8061);
#8060 = CARTESIAN_POINT('',(-21.20094323213,2.159677419355,
    -5.943078486158));
#8061 = VECTOR('',#8062,1.);
#8062 = DIRECTION('',(0.,0.,-1.));
#8063 = PCURVE('',#7828,#8064);
#8064 = DEFINITIONAL_REPRESENTATION('',(#8065),#8069);
#8065 = LINE('',#8066,#8067);
#8066 = CARTESIAN_POINT('',(0.7,-7.06301458128));
#8067 = VECTOR('',#8068,1.);
#8068 = DIRECTION('',(-1.,0.));
#8069 = ( GEOMETRIC_REPRESENTATION_CONTEXT(2) 
PARAMETRIC_REPRESENTATION_CONTEXT() REPRESENTATION_CONTEXT('2D SPACE',''
  ) );
#8070 = PCURVE('',#7996,#8071);
#8071 = DEFINITIONAL_REPRESENTATION('',(#8072),#8076);
#8072 = LINE('',#8073,#8074);
#8073 = CARTESIAN_POINT('',(-2.75,-1.65));
#8074 = VECTOR('',#8075,1.);
#8075 = DIRECTION('',(0.,-1.));
#8076 = ( GEOMETRIC_REPRESENTATION_CONTEXT(2) 
PARAMETRIC_REPRESENTATION_CONTEXT() REPRESENTATION_CONTEXT('2D SPACE',''
  ) );
#8077 = ORIENTED_EDGE('',*,*,#7957,.F.);
#8078 = ADVANCED_FACE('',(#8079,#8265,#8328,#8391,#8454),#7996,.T.);
#8079 = FACE_BOUND('',#8080,.T.);
#8080 = EDGE_LOOP('',(#8081,#8082,#8105,#8128,#8151,#8174,#8197,#8220,
    #8243,#8264));
#8081 = ORIENTED_EDGE('',*,*,#8057,.F.);
#8082 = ORIENTED_EDGE('',*,*,#8083,.F.);
#8083 = EDGE_CURVE('',#8084,#8035,#8086,.T.);
#8084 = VERTEX_POINT('',#8085);
#8085 = CARTESIAN_POINT('',(-21.20094323213,1.359677419355,
    -5.943078486158));
#8086 = SURFACE_CURVE('',#8087,(#8091,#8098),.PCURVE_S1.);
#8087 = LINE('',#8088,#8089);
#8088 = CARTESIAN_POINT('',(-21.20094323213,1.359677419355,
    -5.943078486158));
#8089 = VECTOR('',#8090,1.);
#8090 = DIRECTION('',(0.,1.,0.));
#8091 = PCURVE('',#7996,#8092);
#8092 = DEFINITIONAL_REPRESENTATION('',(#8093),#8097);
#8093 = LINE('',#8094,#8095);
#8094 = CARTESIAN_POINT('',(-1.95,-1.65));
#8095 = VECTOR('',#8096,1.);
#8096 = DIRECTION('',(-1.,0.));
#8097 = ( GEOMETRIC_REPRESENTATION_CONTEXT(2) 
PARAMETRIC_REPRESENTATION_CONTEXT() REPRESENTATION_CONTEXT('2D SPACE',''
  ) );
#8098 = PCURVE('',#7802,#8099);
#8099 = DEFINITIONAL_REPRESENTATION('',(#8100),#8104);
#8100 = LINE('',#8101,#8102);
#8101 = CARTESIAN_POINT('',(7.06301458128,0.));
#8102 = VECTOR('',#8103,1.);
#8103 = DIRECTION('',(0.,-1.));
#8104 = ( GEOMETRIC_REPRESENTATION_CONTEXT(2) 
PARAMETRIC_REPRESENTATION_CONTEXT() REPRESENTATION_CONTEXT('2D SPACE',''
  ) );
#8105 = ORIENTED_EDGE('',*,*,#8106,.T.);
#8106 = EDGE_CURVE('',#8084,#8107,#8109,.T.);
#8107 = VERTEX_POINT('',#8108);
#8108 = CARTESIAN_POINT('',(-21.20094323213,1.359677419355,
    -6.293078486158));
#8109 = SURFACE_CURVE('',#8110,(#8114,#8121),.PCURVE_S1.);
#8110 = LINE('',#8111,#8112);
#8111 = CARTESIAN_POINT('',(-21.20094323213,1.359677419355,
    -5.943078486158));
#8112 = VECTOR('',#8113,1.);
#8113 = DIRECTION('',(0.,0.,-1.));
#8114 = PCURVE('',#7996,#8115);
#8115 = DEFINITIONAL_REPRESENTATION('',(#8116),#8120);
#8116 = LINE('',#8117,#8118);
#8117 = CARTESIAN_POINT('',(-1.95,-1.65));
#8118 = VECTOR('',#8119,1.);
#8119 = DIRECTION('',(0.,-1.));
#8120 = ( GEOMETRIC_REPRESENTATION_CONTEXT(2) 
PARAMETRIC_REPRESENTATION_CONTEXT() REPRESENTATION_CONTEXT('2D SPACE',''
  ) );
#8121 = PCURVE('',#7774,#8122);
#8122 = DEFINITIONAL_REPRESENTATION('',(#8123),#8127);
#8123 = LINE('',#8124,#8125);
#8124 = CARTESIAN_POINT('',(-7.06301458128,0.7));
#8125 = VECTOR('',#8126,1.);
#8126 = DIRECTION('',(0.,-1.));
#8127 = ( GEOMETRIC_REPRESENTATION_CONTEXT(2) 
PARAMETRIC_REPRESENTATION_CONTEXT() REPRESENTATION_CONTEXT('2D SPACE',''
  ) );
#8128 = ORIENTED_EDGE('',*,*,#8129,.T.);
#8129 = EDGE_CURVE('',#8107,#8130,#8132,.T.);
#8130 = VERTEX_POINT('',#8131);
#8131 = CARTESIAN_POINT('',(-21.20094323213,-2.240322580645,
    -6.293078486158));
#8132 = SURFACE_CURVE('',#8133,(#8137,#8144),.PCURVE_S1.);
#8133 = LINE('',#8134,#8135);
#8134 = CARTESIAN_POINT('',(-21.20094323213,1.359677419355,
    -6.293078486158));
#8135 = VECTOR('',#8136,1.);
#8136 = DIRECTION('',(0.,-1.,0.));
#8137 = PCURVE('',#7996,#8138);
#8138 = DEFINITIONAL_REPRESENTATION('',(#8139),#8143);
#8139 = LINE('',#8140,#8141);
#8140 = CARTESIAN_POINT('',(-1.95,-2.));
#8141 = VECTOR('',#8142,1.);
#8142 = DIRECTION('',(1.,0.));
#8143 = ( GEOMETRIC_REPRESENTATION_CONTEXT(2) 
PARAMETRIC_REPRESENTATION_CONTEXT() REPRESENTATION_CONTEXT('2D SPACE',''
  ) );
#8144 = PCURVE('',#7746,#8145);
#8145 = DEFINITIONAL_REPRESENTATION('',(#8146),#8150);
#8146 = LINE('',#8147,#8148);
#8147 = CARTESIAN_POINT('',(-4.6,-9.84885780179));
#8148 = VECTOR('',#8149,1.);
#8149 = DIRECTION('',(1.,0.));
#8150 = ( GEOMETRIC_REPRESENTATION_CONTEXT(2) 
PARAMETRIC_REPRESENTATION_CONTEXT() REPRESENTATION_CONTEXT('2D SPACE',''
  ) );
#8151 = ORIENTED_EDGE('',*,*,#8152,.T.);
#8152 = EDGE_CURVE('',#8130,#8153,#8155,.T.);
#8153 = VERTEX_POINT('',#8154);
#8154 = CARTESIAN_POINT('',(-21.20094323213,-3.240322580645,
    -5.293078486158));
#8155 = SURFACE_CURVE('',#8156,(#8160,#8167),.PCURVE_S1.);
#8156 = LINE('',#8157,#8158);
#8157 = CARTESIAN_POINT('',(-21.20094323213,-2.240322580645,
    -6.293078486158));
#8158 = VECTOR('',#8159,1.);
#8159 = DIRECTION('',(0.,-0.707106781187,0.707106781187));
#8160 = PCURVE('',#7996,#8161);
#8161 = DEFINITIONAL_REPRESENTATION('',(#8162),#8166);
#8162 = LINE('',#8163,#8164);
#8163 = CARTESIAN_POINT('',(1.65,-2.));
#8164 = VECTOR('',#8165,1.);
#8165 = DIRECTION('',(0.707106781187,0.707106781187));
#8166 = ( GEOMETRIC_REPRESENTATION_CONTEXT(2) 
PARAMETRIC_REPRESENTATION_CONTEXT() REPRESENTATION_CONTEXT('2D SPACE',''
  ) );
#8167 = PCURVE('',#7718,#8168);
#8168 = DEFINITIONAL_REPRESENTATION('',(#8169),#8173);
#8169 = LINE('',#8170,#8171);
#8170 = CARTESIAN_POINT('',(-9.84885780179,-1.414213562373));
#8171 = VECTOR('',#8172,1.);
#8172 = DIRECTION('',(0.,1.));
#8173 = ( GEOMETRIC_REPRESENTATION_CONTEXT(2) 
PARAMETRIC_REPRESENTATION_CONTEXT() REPRESENTATION_CONTEXT('2D SPACE',''
  ) );
#8174 = ORIENTED_EDGE('',*,*,#8175,.F.);
#8175 = EDGE_CURVE('',#8176,#8153,#8178,.T.);
#8176 = VERTEX_POINT('',#8177);
#8177 = CARTESIAN_POINT('',(-21.20094323213,-3.240322580645,
    -3.293078486158));
#8178 = SURFACE_CURVE('',#8179,(#8183,#8190),.PCURVE_S1.);
#8179 = LINE('',#8180,#8181);
#8180 = CARTESIAN_POINT('',(-21.20094323213,-3.240322580645,
    -3.293078486158));
#8181 = VECTOR('',#8182,1.);
#8182 = DIRECTION('',(0.,0.,-1.));
#8183 = PCURVE('',#7996,#8184);
#8184 = DEFINITIONAL_REPRESENTATION('',(#8185),#8189);
#8185 = LINE('',#8186,#8187);
#8186 = CARTESIAN_POINT('',(2.65,1.));
#8187 = VECTOR('',#8188,1.);
#8188 = DIRECTION('',(0.,-1.));
#8189 = ( GEOMETRIC_REPRESENTATION_CONTEXT(2) 
PARAMETRIC_REPRESENTATION_CONTEXT() REPRESENTATION_CONTEXT('2D SPACE',''
  ) );
#8190 = PCURVE('',#7690,#8191);
#8191 = DEFINITIONAL_REPRESENTATION('',(#8192),#8196);
#8192 = LINE('',#8193,#8194);
#8193 = CARTESIAN_POINT('',(3.,9.84885780179));
#8194 = VECTOR('',#8195,1.);
#8195 = DIRECTION('',(-1.,0.));
#8196 = ( GEOMETRIC_REPRESENTATION_CONTEXT(2) 
PARAMETRIC_REPRESENTATION_CONTEXT() REPRESENTATION_CONTEXT('2D SPACE',''
  ) );
#8197 = ORIENTED_EDGE('',*,*,#8198,.T.);
#8198 = EDGE_CURVE('',#8176,#8199,#8201,.T.);
#8199 = VERTEX_POINT('',#8200);
#8200 = CARTESIAN_POINT('',(-21.20094323213,-2.240322580645,
    -2.293078486158));
#8201 = SURFACE_CURVE('',#8202,(#8206,#8213),.PCURVE_S1.);
#8202 = LINE('',#8203,#8204);
#8203 = CARTESIAN_POINT('',(-21.20094323213,-3.240322580645,
    -3.293078486158));
#8204 = VECTOR('',#8205,1.);
#8205 = DIRECTION('',(0.,0.707106781187,0.707106781187));
#8206 = PCURVE('',#7996,#8207);
#8207 = DEFINITIONAL_REPRESENTATION('',(#8208),#8212);
#8208 = LINE('',#8209,#8210);
#8209 = CARTESIAN_POINT('',(2.65,1.));
#8210 = VECTOR('',#8211,1.);
#8211 = DIRECTION('',(-0.707106781187,0.707106781187));
#8212 = ( GEOMETRIC_REPRESENTATION_CONTEXT(2) 
PARAMETRIC_REPRESENTATION_CONTEXT() REPRESENTATION_CONTEXT('2D SPACE',''
  ) );
#8213 = PCURVE('',#7662,#8214);
#8214 = DEFINITIONAL_REPRESENTATION('',(#8215),#8219);
#8215 = LINE('',#8216,#8217);
#8216 = CARTESIAN_POINT('',(-1.414213562373,-9.84885780179));
#8217 = VECTOR('',#8218,1.);
#8218 = DIRECTION('',(1.,0.));
#8219 = ( GEOMETRIC_REPRESENTATION_CONTEXT(2) 
PARAMETRIC_REPRESENTATION_CONTEXT() REPRESENTATION_CONTEXT('2D SPACE',''
  ) );
#8220 = ORIENTED_EDGE('',*,*,#8221,.F.);
#8221 = EDGE_CURVE('',#8222,#8199,#8224,.T.);
#8222 = VERTEX_POINT('',#8223);
#8223 = CARTESIAN_POINT('',(-21.20094323213,5.759677419355,
    -2.293078486158));
#8224 = SURFACE_CURVE('',#8225,(#8229,#8236),.PCURVE_S1.);
#8225 = LINE('',#8226,#8227);
#8226 = CARTESIAN_POINT('',(-21.20094323213,5.759677419355,
    -2.293078486158));
#8227 = VECTOR('',#8228,1.);
#8228 = DIRECTION('',(0.,-1.,0.));
#8229 = PCURVE('',#7996,#8230);
#8230 = DEFINITIONAL_REPRESENTATION('',(#8231),#8235);
#8231 = LINE('',#8232,#8233);
#8232 = CARTESIAN_POINT('',(-6.35,2.));
#8233 = VECTOR('',#8234,1.);
#8234 = DIRECTION('',(1.,0.));
#8235 = ( GEOMETRIC_REPRESENTATION_CONTEXT(2) 
PARAMETRIC_REPRESENTATION_CONTEXT() REPRESENTATION_CONTEXT('2D SPACE',''
  ) );
#8236 = PCURVE('',#7634,#8237);
#8237 = DEFINITIONAL_REPRESENTATION('',(#8238),#8242);
#8238 = LINE('',#8239,#8240);
#8239 = CARTESIAN_POINT('',(-9.,-9.84885780179));
#8240 = VECTOR('',#8241,1.);
#8241 = DIRECTION('',(1.,0.));
#8242 = ( GEOMETRIC_REPRESENTATION_CONTEXT(2) 
PARAMETRIC_REPRESENTATION_CONTEXT() REPRESENTATION_CONTEXT('2D SPACE',''
  ) );
#8243 = ORIENTED_EDGE('',*,*,#8244,.T.);
#8244 = EDGE_CURVE('',#8222,#7981,#8245,.T.);
#8245 = SURFACE_CURVE('',#8246,(#8250,#8257),.PCURVE_S1.);
#8246 = LINE('',#8247,#8248);
#8247 = CARTESIAN_POINT('',(-21.20094323213,5.759677419355,
    -2.293078486158));
#8248 = VECTOR('',#8249,1.);
#8249 = DIRECTION('',(0.,0.,-1.));
#8250 = PCURVE('',#7996,#8251);
#8251 = DEFINITIONAL_REPRESENTATION('',(#8252),#8256);
#8252 = LINE('',#8253,#8254);
#8253 = CARTESIAN_POINT('',(-6.35,2.));
#8254 = VECTOR('',#8255,1.);
#8255 = DIRECTION('',(0.,-1.));
#8256 = ( GEOMETRIC_REPRESENTATION_CONTEXT(2) 
PARAMETRIC_REPRESENTATION_CONTEXT() REPRESENTATION_CONTEXT('2D SPACE',''
  ) );
#8257 = PCURVE('',#7606,#8258);
#8258 = DEFINITIONAL_REPRESENTATION('',(#8259),#8263);
#8259 = LINE('',#8260,#8261);
#8260 = CARTESIAN_POINT('',(4.,9.84885780179));
#8261 = VECTOR('',#8262,1.);
#8262 = DIRECTION('',(-1.,0.));
#8263 = ( GEOMETRIC_REPRESENTATION_CONTEXT(2) 
PARAMETRIC_REPRESENTATION_CONTEXT() REPRESENTATION_CONTEXT('2D SPACE',''
  ) );
#8264 = ORIENTED_EDGE('',*,*,#7980,.T.);
#8265 = FACE_BOUND('',#8266,.T.);
#8266 = EDGE_LOOP('',(#8267,#8297));
#8267 = ORIENTED_EDGE('',*,*,#8268,.F.);
#8268 = EDGE_CURVE('',#8269,#8271,#8273,.T.);
#8269 = VERTEX_POINT('',#8270);
#8270 = CARTESIAN_POINT('',(-21.20094323213,-0.348165838996,
    -4.168078486158));
#8271 = VERTEX_POINT('',#8272);
#8272 = CARTESIAN_POINT('',(-21.20094323213,-2.332479322294,
    -4.168078486158));
#8273 = SURFACE_CURVE('',#8274,(#8278,#8285),.PCURVE_S1.);
#8274 = LINE('',#8275,#8276);
#8275 = CARTESIAN_POINT('',(-21.20094323213,-0.348165838996,
    -4.168078486158));
#8276 = VECTOR('',#8277,1.);
#8277 = DIRECTION('',(0.,-1.,0.));
#8278 = PCURVE('',#7996,#8279);
#8279 = DEFINITIONAL_REPRESENTATION('',(#8280),#8284);
#8280 = LINE('',#8281,#8282);
#8281 = CARTESIAN_POINT('',(-0.242156741649,0.125));
#8282 = VECTOR('',#8283,1.);
#8283 = DIRECTION('',(1.,0.));
#8284 = ( GEOMETRIC_REPRESENTATION_CONTEXT(2) 
PARAMETRIC_REPRESENTATION_CONTEXT() REPRESENTATION_CONTEXT('2D SPACE',''
  ) );
#8285 = PCURVE('',#8286,#8291);
#8286 = PLANE('',#8287);
#8287 = AXIS2_PLACEMENT_3D('',#8288,#8289,#8290);
#8288 = CARTESIAN_POINT('',(-12.89717902546,-2.990322580645,
    -4.168078486158));
#8289 = DIRECTION('',(0.,0.,1.));
#8290 = DIRECTION('',(0.,-1.,0.));
#8291 = DEFINITIONAL_REPRESENTATION('',(#8292),#8296);
#8292 = LINE('',#8293,#8294);
#8293 = CARTESIAN_POINT('',(-2.642156741649,-8.30376420667));
#8294 = VECTOR('',#8295,1.);
#8295 = DIRECTION('',(1.,0.));
#8296 = ( GEOMETRIC_REPRESENTATION_CONTEXT(2) 
PARAMETRIC_REPRESENTATION_CONTEXT() REPRESENTATION_CONTEXT('2D SPACE',''
  ) );
#8297 = ORIENTED_EDGE('',*,*,#8298,.T.);
#8298 = EDGE_CURVE('',#8269,#8271,#8299,.T.);
#8299 = SURFACE_CURVE('',#8300,(#8305,#8316),.PCURVE_S1.);
#8300 = CIRCLE('',#8301,1.);
#8301 = AXIS2_PLACEMENT_3D('',#8302,#8303,#8304);
#8302 = CARTESIAN_POINT('',(-21.20094323213,-1.340322580645,
    -4.293078486158));
#8303 = DIRECTION('',(1.,0.,0.));
#8304 = DIRECTION('',(-0.,0.992156741649,0.125));
#8305 = PCURVE('',#7996,#8306);
#8306 = DEFINITIONAL_REPRESENTATION('',(#8307),#8315);
#8307 = ( BOUNDED_CURVE() B_SPLINE_CURVE(2,(#8308,#8309,#8310,#8311,
#8312,#8313,#8314),.UNSPECIFIED.,.T.,.F.) B_SPLINE_CURVE_WITH_KNOTS((1,2
    ,2,2,2,1),(-2.094395102393,0.,2.094395102393,4.188790204786,
6.28318530718,8.377580409573),.UNSPECIFIED.) CURVE() 
GEOMETRIC_REPRESENTATION_ITEM() RATIONAL_B_SPLINE_CURVE((1.,0.5,1.,0.5,
1.,0.5,1.)) REPRESENTATION_ITEM('') );
#8308 = CARTESIAN_POINT('',(-0.242156741649,0.125));
#8309 = CARTESIAN_POINT('',(-2.565039070386E-02,1.843465885608));
#8310 = CARTESIAN_POINT('',(1.354331546297,0.796732942804));
#8311 = CARTESIAN_POINT('',(2.734313483299,-0.249999999999));
#8312 = CARTESIAN_POINT('',(1.137825195352,-0.921732942804));
#8313 = CARTESIAN_POINT('',(-0.458663092595,-1.593465885609));
#8314 = CARTESIAN_POINT('',(-0.242156741649,0.125));
#8315 = ( GEOMETRIC_REPRESENTATION_CONTEXT(2) 
PARAMETRIC_REPRESENTATION_CONTEXT() REPRESENTATION_CONTEXT('2D SPACE',''
  ) );
#8316 = PCURVE('',#8317,#8322);
#8317 = CYLINDRICAL_SURFACE('',#8318,1.);
#8318 = AXIS2_PLACEMENT_3D('',#8319,#8320,#8321);
#8319 = CARTESIAN_POINT('',(-26.20094323213,-1.340322580645,
    -4.293078486158));
#8320 = DIRECTION('',(1.,0.,0.));
#8321 = DIRECTION('',(0.,-1.,0.));
#8322 = DEFINITIONAL_REPRESENTATION('',(#8323),#8327);
#8323 = LINE('',#8324,#8325);
#8324 = CARTESIAN_POINT('',(3.266920484757,5.));
#8325 = VECTOR('',#8326,1.);
#8326 = DIRECTION('',(1.,0.));
#8327 = ( GEOMETRIC_REPRESENTATION_CONTEXT(2) 
PARAMETRIC_REPRESENTATION_CONTEXT() REPRESENTATION_CONTEXT('2D SPACE',''
  ) );
#8328 = FACE_BOUND('',#8329,.T.);
#8329 = EDGE_LOOP('',(#8330,#8360));
#8330 = ORIENTED_EDGE('',*,*,#8331,.F.);
#8331 = EDGE_CURVE('',#8332,#8334,#8336,.T.);
#8332 = VERTEX_POINT('',#8333);
#8333 = CARTESIAN_POINT('',(-21.20094323213,4.651834161004,
    -4.168078486158));
#8334 = VERTEX_POINT('',#8335);
#8335 = CARTESIAN_POINT('',(-21.20094323213,2.667520677706,
    -4.168078486158));
#8336 = SURFACE_CURVE('',#8337,(#8341,#8348),.PCURVE_S1.);
#8337 = LINE('',#8338,#8339);
#8338 = CARTESIAN_POINT('',(-21.20094323213,4.651834161004,
    -4.168078486158));
#8339 = VECTOR('',#8340,1.);
#8340 = DIRECTION('',(0.,-1.,0.));
#8341 = PCURVE('',#7996,#8342);
#8342 = DEFINITIONAL_REPRESENTATION('',(#8343),#8347);
#8343 = LINE('',#8344,#8345);
#8344 = CARTESIAN_POINT('',(-5.242156741649,0.125));
#8345 = VECTOR('',#8346,1.);
#8346 = DIRECTION('',(1.,0.));
#8347 = ( GEOMETRIC_REPRESENTATION_CONTEXT(2) 
PARAMETRIC_REPRESENTATION_CONTEXT() REPRESENTATION_CONTEXT('2D SPACE',''
  ) );
#8348 = PCURVE('',#8349,#8354);
#8349 = PLANE('',#8350);
#8350 = AXIS2_PLACEMENT_3D('',#8351,#8352,#8353);
#8351 = CARTESIAN_POINT('',(-12.89717902546,-2.990322580645,
    -4.168078486158));
#8352 = DIRECTION('',(0.,0.,1.));
#8353 = DIRECTION('',(0.,-1.,0.));
#8354 = DEFINITIONAL_REPRESENTATION('',(#8355),#8359);
#8355 = LINE('',#8356,#8357);
#8356 = CARTESIAN_POINT('',(-7.642156741649,-8.30376420667));
#8357 = VECTOR('',#8358,1.);
#8358 = DIRECTION('',(1.,0.));
#8359 = ( GEOMETRIC_REPRESENTATION_CONTEXT(2) 
PARAMETRIC_REPRESENTATION_CONTEXT() REPRESENTATION_CONTEXT('2D SPACE',''
  ) );
#8360 = ORIENTED_EDGE('',*,*,#8361,.T.);
#8361 = EDGE_CURVE('',#8332,#8334,#8362,.T.);
#8362 = SURFACE_CURVE('',#8363,(#8368,#8379),.PCURVE_S1.);
#8363 = CIRCLE('',#8364,1.);
#8364 = AXIS2_PLACEMENT_3D('',#8365,#8366,#8367);
#8365 = CARTESIAN_POINT('',(-21.20094323213,3.659677419355,
    -4.293078486158));
#8366 = DIRECTION('',(1.,0.,0.));
#8367 = DIRECTION('',(-0.,0.992156741649,0.125));
#8368 = PCURVE('',#7996,#8369);
#8369 = DEFINITIONAL_REPRESENTATION('',(#8370),#8378);
#8370 = ( BOUNDED_CURVE() B_SPLINE_CURVE(2,(#8371,#8372,#8373,#8374,
#8375,#8376,#8377),.UNSPECIFIED.,.T.,.F.) B_SPLINE_CURVE_WITH_KNOTS((1,2
    ,2,2,2,1),(-2.094395102393,0.,2.094395102393,4.188790204786,
6.28318530718,8.377580409573),.UNSPECIFIED.) CURVE() 
GEOMETRIC_REPRESENTATION_ITEM() RATIONAL_B_SPLINE_CURVE((1.,0.5,1.,0.5,
1.,0.5,1.)) REPRESENTATION_ITEM('') );
#8371 = CARTESIAN_POINT('',(-5.242156741649,0.125));
#8372 = CARTESIAN_POINT('',(-5.025650390704,1.843465885608));
#8373 = CARTESIAN_POINT('',(-3.645668453703,0.796732942804));
#8374 = CARTESIAN_POINT('',(-2.265686516701,-0.249999999999));
#8375 = CARTESIAN_POINT('',(-3.862174804648,-0.921732942804));
#8376 = CARTESIAN_POINT('',(-5.458663092595,-1.593465885609));
#8377 = CARTESIAN_POINT('',(-5.242156741649,0.125));
#8378 = ( GEOMETRIC_REPRESENTATION_CONTEXT(2) 
PARAMETRIC_REPRESENTATION_CONTEXT() REPRESENTATION_CONTEXT('2D SPACE',''
  ) );
#8379 = PCURVE('',#8380,#8385);
#8380 = CYLINDRICAL_SURFACE('',#8381,1.);
#8381 = AXIS2_PLACEMENT_3D('',#8382,#8383,#8384);
#8382 = CARTESIAN_POINT('',(-26.20094323213,3.659677419355,
    -4.293078486158));
#8383 = DIRECTION('',(1.,0.,0.));
#8384 = DIRECTION('',(0.,-1.,0.));
#8385 = DEFINITIONAL_REPRESENTATION('',(#8386),#8390);
#8386 = LINE('',#8387,#8388);
#8387 = CARTESIAN_POINT('',(3.266920484757,5.));
#8388 = VECTOR('',#8389,1.);
#8389 = DIRECTION('',(1.,0.));
#8390 = ( GEOMETRIC_REPRESENTATION_CONTEXT(2) 
PARAMETRIC_REPRESENTATION_CONTEXT() REPRESENTATION_CONTEXT('2D SPACE',''
  ) );
#8391 = FACE_BOUND('',#8392,.T.);
#8392 = EDGE_LOOP('',(#8393,#8423));
#8393 = ORIENTED_EDGE('',*,*,#8394,.F.);
#8394 = EDGE_CURVE('',#8395,#8397,#8399,.T.);
#8395 = VERTEX_POINT('',#8396);
#8396 = CARTESIAN_POINT('',(-21.20094323213,2.667520677706,
    -4.418078486158));
#8397 = VERTEX_POINT('',#8398);
#8398 = CARTESIAN_POINT('',(-21.20094323213,4.651834161004,
    -4.418078486158));
#8399 = SURFACE_CURVE('',#8400,(#8404,#8411),.PCURVE_S1.);
#8400 = LINE('',#8401,#8402);
#8401 = CARTESIAN_POINT('',(-21.20094323213,2.667520677706,
    -4.418078486158));
#8402 = VECTOR('',#8403,1.);
#8403 = DIRECTION('',(0.,1.,0.));
#8404 = PCURVE('',#7996,#8405);
#8405 = DEFINITIONAL_REPRESENTATION('',(#8406),#8410);
#8406 = LINE('',#8407,#8408);
#8407 = CARTESIAN_POINT('',(-3.257843258351,-0.125));
#8408 = VECTOR('',#8409,1.);
#8409 = DIRECTION('',(-1.,0.));
#8410 = ( GEOMETRIC_REPRESENTATION_CONTEXT(2) 
PARAMETRIC_REPRESENTATION_CONTEXT() REPRESENTATION_CONTEXT('2D SPACE',''
  ) );
#8411 = PCURVE('',#8412,#8417);
#8412 = PLANE('',#8413);
#8413 = AXIS2_PLACEMENT_3D('',#8414,#8415,#8416);
#8414 = CARTESIAN_POINT('',(-12.89717902546,-2.990322580645,
    -4.418078486158));
#8415 = DIRECTION('',(0.,0.,-1.));
#8416 = DIRECTION('',(1.,0.,0.));
#8417 = DEFINITIONAL_REPRESENTATION('',(#8418),#8422);
#8418 = LINE('',#8419,#8420);
#8419 = CARTESIAN_POINT('',(-8.30376420667,-5.657843258351));
#8420 = VECTOR('',#8421,1.);
#8421 = DIRECTION('',(0.,-1.));
#8422 = ( GEOMETRIC_REPRESENTATION_CONTEXT(2) 
PARAMETRIC_REPRESENTATION_CONTEXT() REPRESENTATION_CONTEXT('2D SPACE',''
  ) );
#8423 = ORIENTED_EDGE('',*,*,#8424,.T.);
#8424 = EDGE_CURVE('',#8395,#8397,#8425,.T.);
#8425 = SURFACE_CURVE('',#8426,(#8431,#8442),.PCURVE_S1.);
#8426 = CIRCLE('',#8427,1.);
#8427 = AXIS2_PLACEMENT_3D('',#8428,#8429,#8430);
#8428 = CARTESIAN_POINT('',(-21.20094323213,3.659677419355,
    -4.293078486158));
#8429 = DIRECTION('',(1.,0.,0.));
#8430 = DIRECTION('',(0.,-0.992156741649,-0.125));
#8431 = PCURVE('',#7996,#8432);
#8432 = DEFINITIONAL_REPRESENTATION('',(#8433),#8441);
#8433 = ( BOUNDED_CURVE() B_SPLINE_CURVE(2,(#8434,#8435,#8436,#8437,
#8438,#8439,#8440),.UNSPECIFIED.,.T.,.F.) B_SPLINE_CURVE_WITH_KNOTS((1,2
    ,2,2,2,1),(-2.094395102393,0.,2.094395102393,4.188790204786,
6.28318530718,8.377580409573),.UNSPECIFIED.) CURVE() 
GEOMETRIC_REPRESENTATION_ITEM() RATIONAL_B_SPLINE_CURVE((1.,0.5,1.,0.5,
1.,0.5,1.)) REPRESENTATION_ITEM('') );
#8434 = CARTESIAN_POINT('',(-3.257843258351,-0.125));
#8435 = CARTESIAN_POINT('',(-3.474349609298,-1.843465885609));
#8436 = CARTESIAN_POINT('',(-4.854331546298,-0.796732942804));
#8437 = CARTESIAN_POINT('',(-6.234313483298,0.250000000001));
#8438 = CARTESIAN_POINT('',(-4.637825195351,0.921732942804));
#8439 = CARTESIAN_POINT('',(-3.041336907404,1.593465885608));
#8440 = CARTESIAN_POINT('',(-3.257843258351,-0.125));
#8441 = ( GEOMETRIC_REPRESENTATION_CONTEXT(2) 
PARAMETRIC_REPRESENTATION_CONTEXT() REPRESENTATION_CONTEXT('2D SPACE',''
  ) );
#8442 = PCURVE('',#8443,#8448);
#8443 = CYLINDRICAL_SURFACE('',#8444,1.);
#8444 = AXIS2_PLACEMENT_3D('',#8445,#8446,#8447);
#8445 = CARTESIAN_POINT('',(-26.20094323213,3.659677419355,
    -4.293078486158));
#8446 = DIRECTION('',(1.,0.,0.));
#8447 = DIRECTION('',(0.,-1.,0.));
#8448 = DEFINITIONAL_REPRESENTATION('',(#8449),#8453);
#8449 = LINE('',#8450,#8451);
#8450 = CARTESIAN_POINT('',(0.125327831168,5.));
#8451 = VECTOR('',#8452,1.);
#8452 = DIRECTION('',(1.,0.));
#8453 = ( GEOMETRIC_REPRESENTATION_CONTEXT(2) 
PARAMETRIC_REPRESENTATION_CONTEXT() REPRESENTATION_CONTEXT('2D SPACE',''
  ) );
#8454 = FACE_BOUND('',#8455,.T.);
#8455 = EDGE_LOOP('',(#8456,#8486));
#8456 = ORIENTED_EDGE('',*,*,#8457,.F.);
#8457 = EDGE_CURVE('',#8458,#8460,#8462,.T.);
#8458 = VERTEX_POINT('',#8459);
#8459 = CARTESIAN_POINT('',(-21.20094323213,-2.332479322294,
    -4.418078486158));
#8460 = VERTEX_POINT('',#8461);
#8461 = CARTESIAN_POINT('',(-21.20094323213,-0.348165838996,
    -4.418078486158));
#8462 = SURFACE_CURVE('',#8463,(#8467,#8474),.PCURVE_S1.);
#8463 = LINE('',#8464,#8465);
#8464 = CARTESIAN_POINT('',(-21.20094323213,-2.332479322294,
    -4.418078486158));
#8465 = VECTOR('',#8466,1.);
#8466 = DIRECTION('',(0.,1.,0.));
#8467 = PCURVE('',#7996,#8468);
#8468 = DEFINITIONAL_REPRESENTATION('',(#8469),#8473);
#8469 = LINE('',#8470,#8471);
#8470 = CARTESIAN_POINT('',(1.742156741649,-0.125));
#8471 = VECTOR('',#8472,1.);
#8472 = DIRECTION('',(-1.,0.));
#8473 = ( GEOMETRIC_REPRESENTATION_CONTEXT(2) 
PARAMETRIC_REPRESENTATION_CONTEXT() REPRESENTATION_CONTEXT('2D SPACE',''
  ) );
#8474 = PCURVE('',#8475,#8480);
#8475 = PLANE('',#8476);
#8476 = AXIS2_PLACEMENT_3D('',#8477,#8478,#8479);
#8477 = CARTESIAN_POINT('',(-12.89717902546,-2.990322580645,
    -4.418078486158));
#8478 = DIRECTION('',(0.,0.,-1.));
#8479 = DIRECTION('',(1.,0.,0.));
#8480 = DEFINITIONAL_REPRESENTATION('',(#8481),#8485);
#8481 = LINE('',#8482,#8483);
#8482 = CARTESIAN_POINT('',(-8.30376420667,-0.657843258351));
#8483 = VECTOR('',#8484,1.);
#8484 = DIRECTION('',(0.,-1.));
#8485 = ( GEOMETRIC_REPRESENTATION_CONTEXT(2) 
PARAMETRIC_REPRESENTATION_CONTEXT() REPRESENTATION_CONTEXT('2D SPACE',''
  ) );
#8486 = ORIENTED_EDGE('',*,*,#8487,.T.);
#8487 = EDGE_CURVE('',#8458,#8460,#8488,.T.);
#8488 = SURFACE_CURVE('',#8489,(#8494,#8505),.PCURVE_S1.);
#8489 = CIRCLE('',#8490,1.);
#8490 = AXIS2_PLACEMENT_3D('',#8491,#8492,#8493);
#8491 = CARTESIAN_POINT('',(-21.20094323213,-1.340322580645,
    -4.293078486158));
#8492 = DIRECTION('',(1.,0.,0.));
#8493 = DIRECTION('',(0.,-0.992156741649,-0.125));
#8494 = PCURVE('',#7996,#8495);
#8495 = DEFINITIONAL_REPRESENTATION('',(#8496),#8504);
#8496 = ( BOUNDED_CURVE() B_SPLINE_CURVE(2,(#8497,#8498,#8499,#8500,
#8501,#8502,#8503),.UNSPECIFIED.,.T.,.F.) B_SPLINE_CURVE_WITH_KNOTS((1,2
    ,2,2,2,1),(-2.094395102393,0.,2.094395102393,4.188790204786,
6.28318530718,8.377580409573),.UNSPECIFIED.) CURVE() 
GEOMETRIC_REPRESENTATION_ITEM() RATIONAL_B_SPLINE_CURVE((1.,0.5,1.,0.5,
1.,0.5,1.)) REPRESENTATION_ITEM('') );
#8497 = CARTESIAN_POINT('',(1.742156741649,-0.125));
#8498 = CARTESIAN_POINT('',(1.525650390702,-1.843465885609));
#8499 = CARTESIAN_POINT('',(0.145668453702,-0.796732942804));
#8500 = CARTESIAN_POINT('',(-1.234313483298,0.250000000001));
#8501 = CARTESIAN_POINT('',(0.362174804649,0.921732942804));
#8502 = CARTESIAN_POINT('',(1.958663092596,1.593465885608));
#8503 = CARTESIAN_POINT('',(1.742156741649,-0.125));
#8504 = ( GEOMETRIC_REPRESENTATION_CONTEXT(2) 
PARAMETRIC_REPRESENTATION_CONTEXT() REPRESENTATION_CONTEXT('2D SPACE',''
  ) );
#8505 = PCURVE('',#8506,#8511);
#8506 = CYLINDRICAL_SURFACE('',#8507,1.);
#8507 = AXIS2_PLACEMENT_3D('',#8508,#8509,#8510);
#8508 = CARTESIAN_POINT('',(-26.20094323213,-1.340322580645,
    -4.293078486158));
#8509 = DIRECTION('',(1.,0.,0.));
#8510 = DIRECTION('',(0.,-1.,0.));
#8511 = DEFINITIONAL_REPRESENTATION('',(#8512),#8516);
#8512 = LINE('',#8513,#8514);
#8513 = CARTESIAN_POINT('',(0.125327831168,5.));
#8514 = VECTOR('',#8515,1.);
#8515 = DIRECTION('',(1.,0.));
#8516 = ( GEOMETRIC_REPRESENTATION_CONTEXT(2) 
PARAMETRIC_REPRESENTATION_CONTEXT() REPRESENTATION_CONTEXT('2D SPACE',''
  ) );
#8517 = ADVANCED_FACE('',(#8518,#8544),#7606,.T.);
#8518 = FACE_BOUND('',#8519,.T.);
#8519 = EDGE_LOOP('',(#8520,#8521,#8522,#8523));
#8520 = ORIENTED_EDGE('',*,*,#7590,.F.);
#8521 = ORIENTED_EDGE('',*,*,#8008,.F.);
#8522 = ORIENTED_EDGE('',*,*,#8244,.F.);
#8523 = ORIENTED_EDGE('',*,*,#8524,.T.);
#8524 = EDGE_CURVE('',#8222,#7591,#8525,.T.);
#8525 = SURFACE_CURVE('',#8526,(#8530,#8537),.PCURVE_S1.);
#8526 = LINE('',#8527,#8528);
#8527 = CARTESIAN_POINT('',(-21.20094323213,5.759677419355,
    -2.293078486158));
#8528 = VECTOR('',#8529,1.);
#8529 = DIRECTION('',(-1.,0.,0.));
#8530 = PCURVE('',#7606,#8531);
#8531 = DEFINITIONAL_REPRESENTATION('',(#8532),#8536);
#8532 = LINE('',#8533,#8534);
#8533 = CARTESIAN_POINT('',(4.,9.84885780179));
#8534 = VECTOR('',#8535,1.);
#8535 = DIRECTION('',(0.,1.));
#8536 = ( GEOMETRIC_REPRESENTATION_CONTEXT(2) 
PARAMETRIC_REPRESENTATION_CONTEXT() REPRESENTATION_CONTEXT('2D SPACE',''
  ) );
#8537 = PCURVE('',#7634,#8538);
#8538 = DEFINITIONAL_REPRESENTATION('',(#8539),#8543);
#8539 = LINE('',#8540,#8541);
#8540 = CARTESIAN_POINT('',(-9.,-9.84885780179));
#8541 = VECTOR('',#8542,1.);
#8542 = DIRECTION('',(0.,-1.));
#8543 = ( GEOMETRIC_REPRESENTATION_CONTEXT(2) 
PARAMETRIC_REPRESENTATION_CONTEXT() REPRESENTATION_CONTEXT('2D SPACE',''
  ) );
#8544 = FACE_BOUND('',#8545,.T.);
#8545 = EDGE_LOOP('',(#8546,#8576,#8604,#8632));
#8546 = ORIENTED_EDGE('',*,*,#8547,.T.);
#8547 = EDGE_CURVE('',#8548,#8550,#8552,.T.);
#8548 = VERTEX_POINT('',#8549);
#8549 = CARTESIAN_POINT('',(-25.90094323213,5.759677419355,
    -4.593078486158));
#8550 = VERTEX_POINT('',#8551);
#8551 = CARTESIAN_POINT('',(-25.90094323213,5.759677419355,
    -3.993078486158));
#8552 = SURFACE_CURVE('',#8553,(#8557,#8564),.PCURVE_S1.);
#8553 = LINE('',#8554,#8555);
#8554 = CARTESIAN_POINT('',(-25.90094323213,5.759677419355,
    -4.593078486158));
#8555 = VECTOR('',#8556,1.);
#8556 = DIRECTION('',(0.,0.,1.));
#8557 = PCURVE('',#7606,#8558);
#8558 = DEFINITIONAL_REPRESENTATION('',(#8559),#8563);
#8559 = LINE('',#8560,#8561);
#8560 = CARTESIAN_POINT('',(1.7,14.54885780179));
#8561 = VECTOR('',#8562,1.);
#8562 = DIRECTION('',(1.,0.));
#8563 = ( GEOMETRIC_REPRESENTATION_CONTEXT(2) 
PARAMETRIC_REPRESENTATION_CONTEXT() REPRESENTATION_CONTEXT('2D SPACE',''
  ) );
#8564 = PCURVE('',#8565,#8570);
#8565 = PLANE('',#8566);
#8566 = AXIS2_PLACEMENT_3D('',#8567,#8568,#8569);
#8567 = CARTESIAN_POINT('',(-25.90094323213,5.359677419355,
    -4.593078486158));
#8568 = DIRECTION('',(1.,0.,0.));
#8569 = DIRECTION('',(0.,0.,-1.));
#8570 = DEFINITIONAL_REPRESENTATION('',(#8571),#8575);
#8571 = LINE('',#8572,#8573);
#8572 = CARTESIAN_POINT('',(0.,0.4));
#8573 = VECTOR('',#8574,1.);
#8574 = DIRECTION('',(-1.,0.));
#8575 = ( GEOMETRIC_REPRESENTATION_CONTEXT(2) 
PARAMETRIC_REPRESENTATION_CONTEXT() REPRESENTATION_CONTEXT('2D SPACE',''
  ) );
#8576 = ORIENTED_EDGE('',*,*,#8577,.T.);
#8577 = EDGE_CURVE('',#8550,#8578,#8580,.T.);
#8578 = VERTEX_POINT('',#8579);
#8579 = CARTESIAN_POINT('',(-23.50094323213,5.759677419355,
    -3.993078486158));
#8580 = SURFACE_CURVE('',#8581,(#8585,#8592),.PCURVE_S1.);
#8581 = LINE('',#8582,#8583);
#8582 = CARTESIAN_POINT('',(-25.90094323213,5.759677419355,
    -3.993078486158));
#8583 = VECTOR('',#8584,1.);
#8584 = DIRECTION('',(1.,0.,0.));
#8585 = PCURVE('',#7606,#8586);
#8586 = DEFINITIONAL_REPRESENTATION('',(#8587),#8591);
#8587 = LINE('',#8588,#8589);
#8588 = CARTESIAN_POINT('',(2.3,14.54885780179));
#8589 = VECTOR('',#8590,1.);
#8590 = DIRECTION('',(0.,-1.));
#8591 = ( GEOMETRIC_REPRESENTATION_CONTEXT(2) 
PARAMETRIC_REPRESENTATION_CONTEXT() REPRESENTATION_CONTEXT('2D SPACE',''
  ) );
#8592 = PCURVE('',#8593,#8598);
#8593 = PLANE('',#8594);
#8594 = AXIS2_PLACEMENT_3D('',#8595,#8596,#8597);
#8595 = CARTESIAN_POINT('',(-18.40094323213,-0.590322580645,
    -3.993078486158));
#8596 = DIRECTION('',(0.,0.,-1.));
#8597 = DIRECTION('',(1.,0.,0.));
#8598 = DEFINITIONAL_REPRESENTATION('',(#8599),#8603);
#8599 = LINE('',#8600,#8601);
#8600 = CARTESIAN_POINT('',(-7.5,-6.35));
#8601 = VECTOR('',#8602,1.);
#8602 = DIRECTION('',(1.,0.));
#8603 = ( GEOMETRIC_REPRESENTATION_CONTEXT(2) 
PARAMETRIC_REPRESENTATION_CONTEXT() REPRESENTATION_CONTEXT('2D SPACE',''
  ) );
#8604 = ORIENTED_EDGE('',*,*,#8605,.T.);
#8605 = EDGE_CURVE('',#8578,#8606,#8608,.T.);
#8606 = VERTEX_POINT('',#8607);
#8607 = CARTESIAN_POINT('',(-23.50094323213,5.759677419355,
    -4.593078486158));
#8608 = SURFACE_CURVE('',#8609,(#8613,#8620),.PCURVE_S1.);
#8609 = LINE('',#8610,#8611);
#8610 = CARTESIAN_POINT('',(-23.50094323213,5.759677419355,
    -3.993078486158));
#8611 = VECTOR('',#8612,1.);
#8612 = DIRECTION('',(0.,0.,-1.));
#8613 = PCURVE('',#7606,#8614);
#8614 = DEFINITIONAL_REPRESENTATION('',(#8615),#8619);
#8615 = LINE('',#8616,#8617);
#8616 = CARTESIAN_POINT('',(2.3,12.14885780179));
#8617 = VECTOR('',#8618,1.);
#8618 = DIRECTION('',(-1.,0.));
#8619 = ( GEOMETRIC_REPRESENTATION_CONTEXT(2) 
PARAMETRIC_REPRESENTATION_CONTEXT() REPRESENTATION_CONTEXT('2D SPACE',''
  ) );
#8620 = PCURVE('',#8621,#8626);
#8621 = PLANE('',#8622);
#8622 = AXIS2_PLACEMENT_3D('',#8623,#8624,#8625);
#8623 = CARTESIAN_POINT('',(-23.50094323213,7.159677419355,
    -4.593078486158));
#8624 = DIRECTION('',(-1.,0.,0.));
#8625 = DIRECTION('',(0.,-1.,0.));
#8626 = DEFINITIONAL_REPRESENTATION('',(#8627),#8631);
#8627 = LINE('',#8628,#8629);
#8628 = CARTESIAN_POINT('',(1.4,0.6));
#8629 = VECTOR('',#8630,1.);
#8630 = DIRECTION('',(0.,-1.));
#8631 = ( GEOMETRIC_REPRESENTATION_CONTEXT(2) 
PARAMETRIC_REPRESENTATION_CONTEXT() REPRESENTATION_CONTEXT('2D SPACE',''
  ) );
#8632 = ORIENTED_EDGE('',*,*,#8633,.F.);
#8633 = EDGE_CURVE('',#8548,#8606,#8634,.T.);
#8634 = SURFACE_CURVE('',#8635,(#8639,#8646),.PCURVE_S1.);
#8635 = LINE('',#8636,#8637);
#8636 = CARTESIAN_POINT('',(-25.90094323213,5.759677419355,
    -4.593078486158));
#8637 = VECTOR('',#8638,1.);
#8638 = DIRECTION('',(1.,0.,0.));
#8639 = PCURVE('',#7606,#8640);
#8640 = DEFINITIONAL_REPRESENTATION('',(#8641),#8645);
#8641 = LINE('',#8642,#8643);
#8642 = CARTESIAN_POINT('',(1.7,14.54885780179));
#8643 = VECTOR('',#8644,1.);
#8644 = DIRECTION('',(0.,-1.));
#8645 = ( GEOMETRIC_REPRESENTATION_CONTEXT(2) 
PARAMETRIC_REPRESENTATION_CONTEXT() REPRESENTATION_CONTEXT('2D SPACE',''
  ) );
#8646 = PCURVE('',#8647,#8652);
#8647 = PLANE('',#8648);
#8648 = AXIS2_PLACEMENT_3D('',#8649,#8650,#8651);
#8649 = CARTESIAN_POINT('',(-18.40094323213,-0.590322580645,
    -4.593078486158));
#8650 = DIRECTION('',(0.,0.,-1.));
#8651 = DIRECTION('',(1.,0.,0.));
#8652 = DEFINITIONAL_REPRESENTATION('',(#8653),#8657);
#8653 = LINE('',#8654,#8655);
#8654 = CARTESIAN_POINT('',(-7.5,-6.35));
#8655 = VECTOR('',#8656,1.);
#8656 = DIRECTION('',(1.,0.));
#8657 = ( GEOMETRIC_REPRESENTATION_CONTEXT(2) 
PARAMETRIC_REPRESENTATION_CONTEXT() REPRESENTATION_CONTEXT('2D SPACE',''
  ) );
#8658 = ADVANCED_FACE('',(#8659),#7634,.F.);
#8659 = FACE_BOUND('',#8660,.T.);
#8660 = EDGE_LOOP('',(#8661,#8682,#8683,#8684));
#8661 = ORIENTED_EDGE('',*,*,#8662,.T.);
#8662 = EDGE_CURVE('',#8199,#7619,#8663,.T.);
#8663 = SURFACE_CURVE('',#8664,(#8668,#8675),.PCURVE_S1.);
#8664 = LINE('',#8665,#8666);
#8665 = CARTESIAN_POINT('',(-21.20094323213,-2.240322580645,
    -2.293078486158));
#8666 = VECTOR('',#8667,1.);
#8667 = DIRECTION('',(-1.,0.,0.));
#8668 = PCURVE('',#7634,#8669);
#8669 = DEFINITIONAL_REPRESENTATION('',(#8670),#8674);
#8670 = LINE('',#8671,#8672);
#8671 = CARTESIAN_POINT('',(-1.,-9.84885780179));
#8672 = VECTOR('',#8673,1.);
#8673 = DIRECTION('',(0.,-1.));
#8674 = ( GEOMETRIC_REPRESENTATION_CONTEXT(2) 
PARAMETRIC_REPRESENTATION_CONTEXT() REPRESENTATION_CONTEXT('2D SPACE',''
  ) );
#8675 = PCURVE('',#7662,#8676);
#8676 = DEFINITIONAL_REPRESENTATION('',(#8677),#8681);
#8677 = LINE('',#8678,#8679);
#8678 = CARTESIAN_POINT('',(0.,-9.84885780179));
#8679 = VECTOR('',#8680,1.);
#8680 = DIRECTION('',(0.,-1.));
#8681 = ( GEOMETRIC_REPRESENTATION_CONTEXT(2) 
PARAMETRIC_REPRESENTATION_CONTEXT() REPRESENTATION_CONTEXT('2D SPACE',''
  ) );
#8682 = ORIENTED_EDGE('',*,*,#7618,.T.);
#8683 = ORIENTED_EDGE('',*,*,#8524,.F.);
#8684 = ORIENTED_EDGE('',*,*,#8221,.T.);
#8685 = ADVANCED_FACE('',(#8686),#7662,.T.);
#8686 = FACE_BOUND('',#8687,.T.);
#8687 = EDGE_LOOP('',(#8688,#8709,#8710,#8711));
#8688 = ORIENTED_EDGE('',*,*,#8689,.F.);
#8689 = EDGE_CURVE('',#7647,#8176,#8690,.T.);
#8690 = SURFACE_CURVE('',#8691,(#8695,#8702),.PCURVE_S1.);
#8691 = LINE('',#8692,#8693);
#8692 = CARTESIAN_POINT('',(-27.20094323213,-3.240322580645,
    -3.293078486158));
#8693 = VECTOR('',#8694,1.);
#8694 = DIRECTION('',(1.,0.,0.));
#8695 = PCURVE('',#7662,#8696);
#8696 = DEFINITIONAL_REPRESENTATION('',(#8697),#8701);
#8697 = LINE('',#8698,#8699);
#8698 = CARTESIAN_POINT('',(-1.414213562373,-15.84885780179));
#8699 = VECTOR('',#8700,1.);
#8700 = DIRECTION('',(0.,1.));
#8701 = ( GEOMETRIC_REPRESENTATION_CONTEXT(2) 
PARAMETRIC_REPRESENTATION_CONTEXT() REPRESENTATION_CONTEXT('2D SPACE',''
  ) );
#8702 = PCURVE('',#7690,#8703);
#8703 = DEFINITIONAL_REPRESENTATION('',(#8704),#8708);
#8704 = LINE('',#8705,#8706);
#8705 = CARTESIAN_POINT('',(3.,15.84885780179));
#8706 = VECTOR('',#8707,1.);
#8707 = DIRECTION('',(0.,-1.));
#8708 = ( GEOMETRIC_REPRESENTATION_CONTEXT(2) 
PARAMETRIC_REPRESENTATION_CONTEXT() REPRESENTATION_CONTEXT('2D SPACE',''
  ) );
#8709 = ORIENTED_EDGE('',*,*,#7646,.F.);
#8710 = ORIENTED_EDGE('',*,*,#8662,.F.);
#8711 = ORIENTED_EDGE('',*,*,#8198,.F.);
#8712 = ADVANCED_FACE('',(#8713),#7690,.F.);
#8713 = FACE_BOUND('',#8714,.T.);
#8714 = EDGE_LOOP('',(#8715,#8716,#8717,#8738));
#8715 = ORIENTED_EDGE('',*,*,#8689,.T.);
#8716 = ORIENTED_EDGE('',*,*,#8175,.T.);
#8717 = ORIENTED_EDGE('',*,*,#8718,.T.);
#8718 = EDGE_CURVE('',#8153,#7675,#8719,.T.);
#8719 = SURFACE_CURVE('',#8720,(#8724,#8731),.PCURVE_S1.);
#8720 = LINE('',#8721,#8722);
#8721 = CARTESIAN_POINT('',(-21.20094323213,-3.240322580645,
    -5.293078486158));
#8722 = VECTOR('',#8723,1.);
#8723 = DIRECTION('',(-1.,0.,0.));
#8724 = PCURVE('',#7690,#8725);
#8725 = DEFINITIONAL_REPRESENTATION('',(#8726),#8730);
#8726 = LINE('',#8727,#8728);
#8727 = CARTESIAN_POINT('',(1.,9.84885780179));
#8728 = VECTOR('',#8729,1.);
#8729 = DIRECTION('',(0.,1.));
#8730 = ( GEOMETRIC_REPRESENTATION_CONTEXT(2) 
PARAMETRIC_REPRESENTATION_CONTEXT() REPRESENTATION_CONTEXT('2D SPACE',''
  ) );
#8731 = PCURVE('',#7718,#8732);
#8732 = DEFINITIONAL_REPRESENTATION('',(#8733),#8737);
#8733 = LINE('',#8734,#8735);
#8734 = CARTESIAN_POINT('',(-9.84885780179,0.));
#8735 = VECTOR('',#8736,1.);
#8736 = DIRECTION('',(-1.,0.));
#8737 = ( GEOMETRIC_REPRESENTATION_CONTEXT(2) 
PARAMETRIC_REPRESENTATION_CONTEXT() REPRESENTATION_CONTEXT('2D SPACE',''
  ) );
#8738 = ORIENTED_EDGE('',*,*,#7674,.T.);
#8739 = ADVANCED_FACE('',(#8740),#7718,.F.);
#8740 = FACE_BOUND('',#8741,.T.);
#8741 = EDGE_LOOP('',(#8742,#8763,#8764,#8765));
#8742 = ORIENTED_EDGE('',*,*,#8743,.F.);
#8743 = EDGE_CURVE('',#7703,#8130,#8744,.T.);
#8744 = SURFACE_CURVE('',#8745,(#8749,#8756),.PCURVE_S1.);
#8745 = LINE('',#8746,#8747);
#8746 = CARTESIAN_POINT('',(-27.20094323213,-2.240322580645,
    -6.293078486158));
#8747 = VECTOR('',#8748,1.);
#8748 = DIRECTION('',(1.,0.,0.));
#8749 = PCURVE('',#7718,#8750);
#8750 = DEFINITIONAL_REPRESENTATION('',(#8751),#8755);
#8751 = LINE('',#8752,#8753);
#8752 = CARTESIAN_POINT('',(-15.84885780179,-1.414213562373));
#8753 = VECTOR('',#8754,1.);
#8754 = DIRECTION('',(1.,0.));
#8755 = ( GEOMETRIC_REPRESENTATION_CONTEXT(2) 
PARAMETRIC_REPRESENTATION_CONTEXT() REPRESENTATION_CONTEXT('2D SPACE',''
  ) );
#8756 = PCURVE('',#7746,#8757);
#8757 = DEFINITIONAL_REPRESENTATION('',(#8758),#8762);
#8758 = LINE('',#8759,#8760);
#8759 = CARTESIAN_POINT('',(-1.,-15.84885780179));
#8760 = VECTOR('',#8761,1.);
#8761 = DIRECTION('',(0.,1.));
#8762 = ( GEOMETRIC_REPRESENTATION_CONTEXT(2) 
PARAMETRIC_REPRESENTATION_CONTEXT() REPRESENTATION_CONTEXT('2D SPACE',''
  ) );
#8763 = ORIENTED_EDGE('',*,*,#7702,.F.);
#8764 = ORIENTED_EDGE('',*,*,#8718,.F.);
#8765 = ORIENTED_EDGE('',*,*,#8152,.F.);
#8766 = ADVANCED_FACE('',(#8767),#7746,.T.);
#8767 = FACE_BOUND('',#8768,.T.);
#8768 = EDGE_LOOP('',(#8769,#8790,#8791,#8792));
#8769 = ORIENTED_EDGE('',*,*,#8770,.T.);
#8770 = EDGE_CURVE('',#8107,#7731,#8771,.T.);
#8771 = SURFACE_CURVE('',#8772,(#8776,#8783),.PCURVE_S1.);
#8772 = LINE('',#8773,#8774);
#8773 = CARTESIAN_POINT('',(-21.20094323213,1.359677419355,
    -6.293078486158));
#8774 = VECTOR('',#8775,1.);
#8775 = DIRECTION('',(-1.,0.,0.));
#8776 = PCURVE('',#7746,#8777);
#8777 = DEFINITIONAL_REPRESENTATION('',(#8778),#8782);
#8778 = LINE('',#8779,#8780);
#8779 = CARTESIAN_POINT('',(-4.6,-9.84885780179));
#8780 = VECTOR('',#8781,1.);
#8781 = DIRECTION('',(0.,-1.));
#8782 = ( GEOMETRIC_REPRESENTATION_CONTEXT(2) 
PARAMETRIC_REPRESENTATION_CONTEXT() REPRESENTATION_CONTEXT('2D SPACE',''
  ) );
#8783 = PCURVE('',#7774,#8784);
#8784 = DEFINITIONAL_REPRESENTATION('',(#8785),#8789);
#8785 = LINE('',#8786,#8787);
#8786 = CARTESIAN_POINT('',(-7.06301458128,0.35));
#8787 = VECTOR('',#8788,1.);
#8788 = DIRECTION('',(1.,0.));
#8789 = ( GEOMETRIC_REPRESENTATION_CONTEXT(2) 
PARAMETRIC_REPRESENTATION_CONTEXT() REPRESENTATION_CONTEXT('2D SPACE',''
  ) );
#8790 = ORIENTED_EDGE('',*,*,#7730,.F.);
#8791 = ORIENTED_EDGE('',*,*,#8743,.T.);
#8792 = ORIENTED_EDGE('',*,*,#8129,.F.);
#8793 = ADVANCED_FACE('',(#8794),#7774,.F.);
#8794 = FACE_BOUND('',#8795,.T.);
#8795 = EDGE_LOOP('',(#8796,#8797,#8818,#8819));
#8796 = ORIENTED_EDGE('',*,*,#8106,.F.);
#8797 = ORIENTED_EDGE('',*,*,#8798,.F.);
#8798 = EDGE_CURVE('',#7759,#8084,#8799,.T.);
#8799 = SURFACE_CURVE('',#8800,(#8804,#8811),.PCURVE_S1.);
#8800 = LINE('',#8801,#8802);
#8801 = CARTESIAN_POINT('',(-27.20094323213,1.359677419355,
    -5.943078486158));
#8802 = VECTOR('',#8803,1.);
#8803 = DIRECTION('',(1.,0.,0.));
#8804 = PCURVE('',#7774,#8805);
#8805 = DEFINITIONAL_REPRESENTATION('',(#8806),#8810);
#8806 = LINE('',#8807,#8808);
#8807 = CARTESIAN_POINT('',(-1.06301458128,0.7));
#8808 = VECTOR('',#8809,1.);
#8809 = DIRECTION('',(-1.,0.));
#8810 = ( GEOMETRIC_REPRESENTATION_CONTEXT(2) 
PARAMETRIC_REPRESENTATION_CONTEXT() REPRESENTATION_CONTEXT('2D SPACE',''
  ) );
#8811 = PCURVE('',#7802,#8812);
#8812 = DEFINITIONAL_REPRESENTATION('',(#8813),#8817);
#8813 = LINE('',#8814,#8815);
#8814 = CARTESIAN_POINT('',(1.06301458128,0.));
#8815 = VECTOR('',#8816,1.);
#8816 = DIRECTION('',(1.,0.));
#8817 = ( GEOMETRIC_REPRESENTATION_CONTEXT(2) 
PARAMETRIC_REPRESENTATION_CONTEXT() REPRESENTATION_CONTEXT('2D SPACE',''
  ) );
#8818 = ORIENTED_EDGE('',*,*,#7758,.F.);
#8819 = ORIENTED_EDGE('',*,*,#8770,.F.);
#8820 = ADVANCED_FACE('',(#8821),#7802,.F.);
#8821 = FACE_BOUND('',#8822,.T.);
#8822 = EDGE_LOOP('',(#8823,#8824,#8825,#8826));
#8823 = ORIENTED_EDGE('',*,*,#8798,.T.);
#8824 = ORIENTED_EDGE('',*,*,#8083,.T.);
#8825 = ORIENTED_EDGE('',*,*,#8034,.F.);
#8826 = ORIENTED_EDGE('',*,*,#7786,.F.);
#8827 = ADVANCED_FACE('',(#8828),#8565,.F.);
#8828 = FACE_BOUND('',#8829,.T.);
#8829 = EDGE_LOOP('',(#8830,#8853,#8881,#8902));
#8830 = ORIENTED_EDGE('',*,*,#8831,.F.);
#8831 = EDGE_CURVE('',#8832,#8548,#8834,.T.);
#8832 = VERTEX_POINT('',#8833);
#8833 = CARTESIAN_POINT('',(-25.90094323213,5.359677419355,
    -4.593078486158));
#8834 = SURFACE_CURVE('',#8835,(#8839,#8846),.PCURVE_S1.);
#8835 = LINE('',#8836,#8837);
#8836 = CARTESIAN_POINT('',(-25.90094323213,5.359677419355,
    -4.593078486158));
#8837 = VECTOR('',#8838,1.);
#8838 = DIRECTION('',(0.,1.,0.));
#8839 = PCURVE('',#8565,#8840);
#8840 = DEFINITIONAL_REPRESENTATION('',(#8841),#8845);
#8841 = LINE('',#8842,#8843);
#8842 = CARTESIAN_POINT('',(0.,0.));
#8843 = VECTOR('',#8844,1.);
#8844 = DIRECTION('',(0.,1.));
#8845 = ( GEOMETRIC_REPRESENTATION_CONTEXT(2) 
PARAMETRIC_REPRESENTATION_CONTEXT() REPRESENTATION_CONTEXT('2D SPACE',''
  ) );
#8846 = PCURVE('',#8647,#8847);
#8847 = DEFINITIONAL_REPRESENTATION('',(#8848),#8852);
#8848 = LINE('',#8849,#8850);
#8849 = CARTESIAN_POINT('',(-7.5,-5.95));
#8850 = VECTOR('',#8851,1.);
#8851 = DIRECTION('',(0.,-1.));
#8852 = ( GEOMETRIC_REPRESENTATION_CONTEXT(2) 
PARAMETRIC_REPRESENTATION_CONTEXT() REPRESENTATION_CONTEXT('2D SPACE',''
  ) );
#8853 = ORIENTED_EDGE('',*,*,#8854,.T.);
#8854 = EDGE_CURVE('',#8832,#8855,#8857,.T.);
#8855 = VERTEX_POINT('',#8856);
#8856 = CARTESIAN_POINT('',(-25.90094323213,5.359677419355,
    -3.993078486158));
#8857 = SURFACE_CURVE('',#8858,(#8862,#8869),.PCURVE_S1.);
#8858 = LINE('',#8859,#8860);
#8859 = CARTESIAN_POINT('',(-25.90094323213,5.359677419355,
    -4.593078486158));
#8860 = VECTOR('',#8861,1.);
#8861 = DIRECTION('',(0.,0.,1.));
#8862 = PCURVE('',#8565,#8863);
#8863 = DEFINITIONAL_REPRESENTATION('',(#8864),#8868);
#8864 = LINE('',#8865,#8866);
#8865 = CARTESIAN_POINT('',(0.,0.));
#8866 = VECTOR('',#8867,1.);
#8867 = DIRECTION('',(-1.,0.));
#8868 = ( GEOMETRIC_REPRESENTATION_CONTEXT(2) 
PARAMETRIC_REPRESENTATION_CONTEXT() REPRESENTATION_CONTEXT('2D SPACE',''
  ) );
#8869 = PCURVE('',#8870,#8875);
#8870 = PLANE('',#8871);
#8871 = AXIS2_PLACEMENT_3D('',#8872,#8873,#8874);
#8872 = CARTESIAN_POINT('',(-23.50094323213,5.359677419355,
    -4.593078486158));
#8873 = DIRECTION('',(0.,1.,0.));
#8874 = DIRECTION('',(-1.,0.,0.));
#8875 = DEFINITIONAL_REPRESENTATION('',(#8876),#8880);
#8876 = LINE('',#8877,#8878);
#8877 = CARTESIAN_POINT('',(2.4,0.));
#8878 = VECTOR('',#8879,1.);
#8879 = DIRECTION('',(0.,1.));
#8880 = ( GEOMETRIC_REPRESENTATION_CONTEXT(2) 
PARAMETRIC_REPRESENTATION_CONTEXT() REPRESENTATION_CONTEXT('2D SPACE',''
  ) );
#8881 = ORIENTED_EDGE('',*,*,#8882,.T.);
#8882 = EDGE_CURVE('',#8855,#8550,#8883,.T.);
#8883 = SURFACE_CURVE('',#8884,(#8888,#8895),.PCURVE_S1.);
#8884 = LINE('',#8885,#8886);
#8885 = CARTESIAN_POINT('',(-25.90094323213,5.359677419355,
    -3.993078486158));
#8886 = VECTOR('',#8887,1.);
#8887 = DIRECTION('',(0.,1.,0.));
#8888 = PCURVE('',#8565,#8889);
#8889 = DEFINITIONAL_REPRESENTATION('',(#8890),#8894);
#8890 = LINE('',#8891,#8892);
#8891 = CARTESIAN_POINT('',(-0.6,0.));
#8892 = VECTOR('',#8893,1.);
#8893 = DIRECTION('',(0.,1.));
#8894 = ( GEOMETRIC_REPRESENTATION_CONTEXT(2) 
PARAMETRIC_REPRESENTATION_CONTEXT() REPRESENTATION_CONTEXT('2D SPACE',''
  ) );
#8895 = PCURVE('',#8593,#8896);
#8896 = DEFINITIONAL_REPRESENTATION('',(#8897),#8901);
#8897 = LINE('',#8898,#8899);
#8898 = CARTESIAN_POINT('',(-7.5,-5.95));
#8899 = VECTOR('',#8900,1.);
#8900 = DIRECTION('',(0.,-1.));
#8901 = ( GEOMETRIC_REPRESENTATION_CONTEXT(2) 
PARAMETRIC_REPRESENTATION_CONTEXT() REPRESENTATION_CONTEXT('2D SPACE',''
  ) );
#8902 = ORIENTED_EDGE('',*,*,#8547,.F.);
#8903 = ADVANCED_FACE('',(#8904),#8647,.T.);
#8904 = FACE_BOUND('',#8905,.T.);
#8905 = EDGE_LOOP('',(#8906,#8907,#8930,#8951));
#8906 = ORIENTED_EDGE('',*,*,#8633,.T.);
#8907 = ORIENTED_EDGE('',*,*,#8908,.T.);
#8908 = EDGE_CURVE('',#8606,#8909,#8911,.T.);
#8909 = VERTEX_POINT('',#8910);
#8910 = CARTESIAN_POINT('',(-23.50094323213,5.359677419355,
    -4.593078486158));
#8911 = SURFACE_CURVE('',#8912,(#8916,#8923),.PCURVE_S1.);
#8912 = LINE('',#8913,#8914);
#8913 = CARTESIAN_POINT('',(-23.50094323213,5.759677419355,
    -4.593078486158));
#8914 = VECTOR('',#8915,1.);
#8915 = DIRECTION('',(0.,-1.,0.));
#8916 = PCURVE('',#8647,#8917);
#8917 = DEFINITIONAL_REPRESENTATION('',(#8918),#8922);
#8918 = LINE('',#8919,#8920);
#8919 = CARTESIAN_POINT('',(-5.1,-6.35));
#8920 = VECTOR('',#8921,1.);
#8921 = DIRECTION('',(0.,1.));
#8922 = ( GEOMETRIC_REPRESENTATION_CONTEXT(2) 
PARAMETRIC_REPRESENTATION_CONTEXT() REPRESENTATION_CONTEXT('2D SPACE',''
  ) );
#8923 = PCURVE('',#8621,#8924);
#8924 = DEFINITIONAL_REPRESENTATION('',(#8925),#8929);
#8925 = LINE('',#8926,#8927);
#8926 = CARTESIAN_POINT('',(1.4,0.));
#8927 = VECTOR('',#8928,1.);
#8928 = DIRECTION('',(1.,0.));
#8929 = ( GEOMETRIC_REPRESENTATION_CONTEXT(2) 
PARAMETRIC_REPRESENTATION_CONTEXT() REPRESENTATION_CONTEXT('2D SPACE',''
  ) );
#8930 = ORIENTED_EDGE('',*,*,#8931,.T.);
#8931 = EDGE_CURVE('',#8909,#8832,#8932,.T.);
#8932 = SURFACE_CURVE('',#8933,(#8937,#8944),.PCURVE_S1.);
#8933 = LINE('',#8934,#8935);
#8934 = CARTESIAN_POINT('',(-23.50094323213,5.359677419355,
    -4.593078486158));
#8935 = VECTOR('',#8936,1.);
#8936 = DIRECTION('',(-1.,0.,0.));
#8937 = PCURVE('',#8647,#8938);
#8938 = DEFINITIONAL_REPRESENTATION('',(#8939),#8943);
#8939 = LINE('',#8940,#8941);
#8940 = CARTESIAN_POINT('',(-5.1,-5.95));
#8941 = VECTOR('',#8942,1.);
#8942 = DIRECTION('',(-1.,0.));
#8943 = ( GEOMETRIC_REPRESENTATION_CONTEXT(2) 
PARAMETRIC_REPRESENTATION_CONTEXT() REPRESENTATION_CONTEXT('2D SPACE',''
  ) );
#8944 = PCURVE('',#8870,#8945);
#8945 = DEFINITIONAL_REPRESENTATION('',(#8946),#8950);
#8946 = LINE('',#8947,#8948);
#8947 = CARTESIAN_POINT('',(0.,0.));
#8948 = VECTOR('',#8949,1.);
#8949 = DIRECTION('',(1.,0.));
#8950 = ( GEOMETRIC_REPRESENTATION_CONTEXT(2) 
PARAMETRIC_REPRESENTATION_CONTEXT() REPRESENTATION_CONTEXT('2D SPACE',''
  ) );
#8951 = ORIENTED_EDGE('',*,*,#8831,.T.);
#8952 = ADVANCED_FACE('',(#8953),#8870,.F.);
#8953 = FACE_BOUND('',#8954,.T.);
#8954 = EDGE_LOOP('',(#8955,#8956,#8957,#8980));
#8955 = ORIENTED_EDGE('',*,*,#8854,.F.);
#8956 = ORIENTED_EDGE('',*,*,#8931,.F.);
#8957 = ORIENTED_EDGE('',*,*,#8958,.T.);
#8958 = EDGE_CURVE('',#8909,#8959,#8961,.T.);
#8959 = VERTEX_POINT('',#8960);
#8960 = CARTESIAN_POINT('',(-23.50094323213,5.359677419355,
    -3.993078486158));
#8961 = SURFACE_CURVE('',#8962,(#8966,#8973),.PCURVE_S1.);
#8962 = LINE('',#8963,#8964);
#8963 = CARTESIAN_POINT('',(-23.50094323213,5.359677419355,
    -4.593078486158));
#8964 = VECTOR('',#8965,1.);
#8965 = DIRECTION('',(0.,0.,1.));
#8966 = PCURVE('',#8870,#8967);
#8967 = DEFINITIONAL_REPRESENTATION('',(#8968),#8972);
#8968 = LINE('',#8969,#8970);
#8969 = CARTESIAN_POINT('',(0.,0.));
#8970 = VECTOR('',#8971,1.);
#8971 = DIRECTION('',(0.,1.));
#8972 = ( GEOMETRIC_REPRESENTATION_CONTEXT(2) 
PARAMETRIC_REPRESENTATION_CONTEXT() REPRESENTATION_CONTEXT('2D SPACE',''
  ) );
#8973 = PCURVE('',#8621,#8974);
#8974 = DEFINITIONAL_REPRESENTATION('',(#8975),#8979);
#8975 = LINE('',#8976,#8977);
#8976 = CARTESIAN_POINT('',(1.8,0.));
#8977 = VECTOR('',#8978,1.);
#8978 = DIRECTION('',(0.,1.));
#8979 = ( GEOMETRIC_REPRESENTATION_CONTEXT(2) 
PARAMETRIC_REPRESENTATION_CONTEXT() REPRESENTATION_CONTEXT('2D SPACE',''
  ) );
#8980 = ORIENTED_EDGE('',*,*,#8981,.T.);
#8981 = EDGE_CURVE('',#8959,#8855,#8982,.T.);
#8982 = SURFACE_CURVE('',#8983,(#8987,#8994),.PCURVE_S1.);
#8983 = LINE('',#8984,#8985);
#8984 = CARTESIAN_POINT('',(-23.50094323213,5.359677419355,
    -3.993078486158));
#8985 = VECTOR('',#8986,1.);
#8986 = DIRECTION('',(-1.,0.,0.));
#8987 = PCURVE('',#8870,#8988);
#8988 = DEFINITIONAL_REPRESENTATION('',(#8989),#8993);
#8989 = LINE('',#8990,#8991);
#8990 = CARTESIAN_POINT('',(0.,0.6));
#8991 = VECTOR('',#8992,1.);
#8992 = DIRECTION('',(1.,0.));
#8993 = ( GEOMETRIC_REPRESENTATION_CONTEXT(2) 
PARAMETRIC_REPRESENTATION_CONTEXT() REPRESENTATION_CONTEXT('2D SPACE',''
  ) );
#8994 = PCURVE('',#8593,#8995);
#8995 = DEFINITIONAL_REPRESENTATION('',(#8996),#9000);
#8996 = LINE('',#8997,#8998);
#8997 = CARTESIAN_POINT('',(-5.1,-5.95));
#8998 = VECTOR('',#8999,1.);
#8999 = DIRECTION('',(-1.,0.));
#9000 = ( GEOMETRIC_REPRESENTATION_CONTEXT(2) 
PARAMETRIC_REPRESENTATION_CONTEXT() REPRESENTATION_CONTEXT('2D SPACE',''
  ) );
#9001 = ADVANCED_FACE('',(#9002),#8593,.F.);
#9002 = FACE_BOUND('',#9003,.T.);
#9003 = EDGE_LOOP('',(#9004,#9005,#9006,#9027));
#9004 = ORIENTED_EDGE('',*,*,#8882,.F.);
#9005 = ORIENTED_EDGE('',*,*,#8981,.F.);
#9006 = ORIENTED_EDGE('',*,*,#9007,.F.);
#9007 = EDGE_CURVE('',#8578,#8959,#9008,.T.);
#9008 = SURFACE_CURVE('',#9009,(#9013,#9020),.PCURVE_S1.);
#9009 = LINE('',#9010,#9011);
#9010 = CARTESIAN_POINT('',(-23.50094323213,5.759677419355,
    -3.993078486158));
#9011 = VECTOR('',#9012,1.);
#9012 = DIRECTION('',(0.,-1.,0.));
#9013 = PCURVE('',#8593,#9014);
#9014 = DEFINITIONAL_REPRESENTATION('',(#9015),#9019);
#9015 = LINE('',#9016,#9017);
#9016 = CARTESIAN_POINT('',(-5.1,-6.35));
#9017 = VECTOR('',#9018,1.);
#9018 = DIRECTION('',(0.,1.));
#9019 = ( GEOMETRIC_REPRESENTATION_CONTEXT(2) 
PARAMETRIC_REPRESENTATION_CONTEXT() REPRESENTATION_CONTEXT('2D SPACE',''
  ) );
#9020 = PCURVE('',#8621,#9021);
#9021 = DEFINITIONAL_REPRESENTATION('',(#9022),#9026);
#9022 = LINE('',#9023,#9024);
#9023 = CARTESIAN_POINT('',(1.4,0.6));
#9024 = VECTOR('',#9025,1.);
#9025 = DIRECTION('',(1.,0.));
#9026 = ( GEOMETRIC_REPRESENTATION_CONTEXT(2) 
PARAMETRIC_REPRESENTATION_CONTEXT() REPRESENTATION_CONTEXT('2D SPACE',''
  ) );
#9027 = ORIENTED_EDGE('',*,*,#8577,.F.);
#9028 = ADVANCED_FACE('',(#9029),#8621,.F.);
#9029 = FACE_BOUND('',#9030,.T.);
#9030 = EDGE_LOOP('',(#9031,#9032,#9033,#9034));
#9031 = ORIENTED_EDGE('',*,*,#9007,.T.);
#9032 = ORIENTED_EDGE('',*,*,#8958,.F.);
#9033 = ORIENTED_EDGE('',*,*,#8908,.F.);
#9034 = ORIENTED_EDGE('',*,*,#8605,.F.);
#9035 = ADVANCED_FACE('',(#9036),#8286,.F.);
#9036 = FACE_BOUND('',#9037,.T.);
#9037 = EDGE_LOOP('',(#9038,#9068,#9119,#9140,#9141,#9164,#9215,#9243));
#9038 = ORIENTED_EDGE('',*,*,#9039,.T.);
#9039 = EDGE_CURVE('',#9040,#9042,#9044,.T.);
#9040 = VERTEX_POINT('',#9041);
#9041 = CARTESIAN_POINT('',(-22.20094323213,-1.190322580645,
    -4.168078486158));
#9042 = VERTEX_POINT('',#9043);
#9043 = CARTESIAN_POINT('',(-26.18169549443,-1.190322580645,
    -4.168078486158));
#9044 = SURFACE_CURVE('',#9045,(#9049,#9056),.PCURVE_S1.);
#9045 = LINE('',#9046,#9047);
#9046 = CARTESIAN_POINT('',(-22.20094323213,-1.190322580645,
    -4.168078486158));
#9047 = VECTOR('',#9048,1.);
#9048 = DIRECTION('',(-1.,0.,0.));
#9049 = PCURVE('',#8286,#9050);
#9050 = DEFINITIONAL_REPRESENTATION('',(#9051),#9055);
#9051 = LINE('',#9052,#9053);
#9052 = CARTESIAN_POINT('',(-1.8,-9.30376420667));
#9053 = VECTOR('',#9054,1.);
#9054 = DIRECTION('',(0.,-1.));
#9055 = ( GEOMETRIC_REPRESENTATION_CONTEXT(2) 
PARAMETRIC_REPRESENTATION_CONTEXT() REPRESENTATION_CONTEXT('2D SPACE',''
  ) );
#9056 = PCURVE('',#9057,#9062);
#9057 = PLANE('',#9058);
#9058 = AXIS2_PLACEMENT_3D('',#9059,#9060,#9061);
#9059 = CARTESIAN_POINT('',(-22.20094323213,-1.190322580645,
    -5.543078486158));
#9060 = DIRECTION('',(0.,1.,0.));
#9061 = DIRECTION('',(-1.,0.,0.));
#9062 = DEFINITIONAL_REPRESENTATION('',(#9063),#9067);
#9063 = LINE('',#9064,#9065);
#9064 = CARTESIAN_POINT('',(0.,1.375));
#9065 = VECTOR('',#9066,1.);
#9066 = DIRECTION('',(1.,0.));
#9067 = ( GEOMETRIC_REPRESENTATION_CONTEXT(2) 
PARAMETRIC_REPRESENTATION_CONTEXT() REPRESENTATION_CONTEXT('2D SPACE',''
  ) );
#9068 = ORIENTED_EDGE('',*,*,#9069,.F.);
#9069 = EDGE_CURVE('',#9070,#9042,#9072,.T.);
#9070 = VERTEX_POINT('',#9071);
#9071 = CARTESIAN_POINT('',(-25.20094323213,-0.348165838996,
    -4.168078486158));
#9072 = SURFACE_CURVE('',#9073,(#9078,#9085),.PCURVE_S1.);
#9073 = CIRCLE('',#9074,0.992156741649);
#9074 = AXIS2_PLACEMENT_3D('',#9075,#9076,#9077);
#9075 = CARTESIAN_POINT('',(-25.20094323213,-1.340322580645,
    -4.168078486158));
#9076 = DIRECTION('',(0.,0.,1.));
#9077 = DIRECTION('',(-6.839325725116E-13,1.,0.));
#9078 = PCURVE('',#8286,#9079);
#9079 = DEFINITIONAL_REPRESENTATION('',(#9080),#9084);
#9080 = CIRCLE('',#9081,0.992156741649);
#9081 = AXIS2_PLACEMENT_2D('',#9082,#9083);
#9082 = CARTESIAN_POINT('',(-1.65,-12.30376420667));
#9083 = DIRECTION('',(-1.,-6.839325725116E-13));
#9084 = ( GEOMETRIC_REPRESENTATION_CONTEXT(2) 
PARAMETRIC_REPRESENTATION_CONTEXT() REPRESENTATION_CONTEXT('2D SPACE',''
  ) );
#9085 = PCURVE('',#9086,#9091);
#9086 = SPHERICAL_SURFACE('',#9087,1.);
#9087 = AXIS2_PLACEMENT_3D('',#9088,#9089,#9090);
#9088 = CARTESIAN_POINT('',(-25.20094323213,-1.340322580645,
    -4.293078486158));
#9089 = DIRECTION('',(0.,0.15,0.988685996664));
#9090 = DIRECTION('',(0.,0.988685996664,-0.15));
#9091 = DEFINITIONAL_REPRESENTATION('',(#9092),#9118);
#9092 = B_SPLINE_CURVE_WITH_KNOTS('',3,(#9093,#9094,#9095,#9096,#9097,
    #9098,#9099,#9100,#9101,#9102,#9103,#9104,#9105,#9106,#9107,#9108,
    #9109,#9110,#9111,#9112,#9113,#9114,#9115,#9116,#9117),
  .UNSPECIFIED.,.F.,.F.,(4,1,1,1,1,1,1,1,1,1,1,1,1,1,1,1,1,1,1,1,1,1,4),
  (0.,6.450129935631E-02,0.129002598713,0.193503898069,0.258005197425,
    0.322506496782,0.387007796138,0.451509095494,0.51601039485,
    0.580511694207,0.645012993563,0.709514292919,0.774015592276,
    0.838516891632,0.903018190988,0.967519490345,1.032020789701,
    1.096522089057,1.161023388413,1.22552468777,1.290025987126,
    1.354527286482,1.419028585839),.QUASI_UNIFORM_KNOTS.);
#9093 = CARTESIAN_POINT('',(0.,0.275896103945));
#9094 = CARTESIAN_POINT('',(2.217027386663E-02,0.27589635474));
#9095 = CARTESIAN_POINT('',(6.651072189019E-02,0.275681401944));
#9096 = CARTESIAN_POINT('',(0.133002655391,0.274717428775));
#9097 = CARTESIAN_POINT('',(0.199457213811,0.273115557894));
#9098 = CARTESIAN_POINT('',(0.265856450597,0.270883540796));
#9099 = CARTESIAN_POINT('',(0.332183210628,0.26803175345));
#9100 = CARTESIAN_POINT('',(0.398421420553,0.264573499456));
#9101 = CARTESIAN_POINT('',(0.464556300302,0.260524810029));
#9102 = CARTESIAN_POINT('',(0.530574561871,0.255904356068));
#9103 = CARTESIAN_POINT('',(0.596464573185,0.250733310198));
#9104 = CARTESIAN_POINT('',(0.662216489688,0.245035205255));
#9105 = CARTESIAN_POINT('',(0.727822350903,0.238835779884));
#9106 = CARTESIAN_POINT('',(0.793276141887,0.232162816924));
#9107 = CARTESIAN_POINT('',(0.858573819897,0.225045976107));
#9108 = CARTESIAN_POINT('',(0.923713307547,0.21751662356));
#9109 = CARTESIAN_POINT('',(0.98869445424,0.209607660051));
#9110 = CARTESIAN_POINT('',(1.053518968565,0.201353349829));
#9111 = CARTESIAN_POINT('',(1.11819032354,0.192789151233));
#9112 = CARTESIAN_POINT('',(1.182713641183,0.183951551395));
#9113 = CARTESIAN_POINT('',(1.247095546996,0.174877901547));
#9114 = CARTESIAN_POINT('',(1.311344044832,0.165606269748));
#9115 = CARTESIAN_POINT('',(1.375468239318,0.156175250663));
#9116 = CARTESIAN_POINT('',(1.418141790504,0.149807722769));
#9117 = CARTESIAN_POINT('',(1.439461264039,0.146610407695));
#9118 = ( GEOMETRIC_REPRESENTATION_CONTEXT(2) 
PARAMETRIC_REPRESENTATION_CONTEXT() REPRESENTATION_CONTEXT('2D SPACE',''
  ) );
#9119 = ORIENTED_EDGE('',*,*,#9120,.F.);
#9120 = EDGE_CURVE('',#8269,#9070,#9121,.T.);
#9121 = SURFACE_CURVE('',#9122,(#9126,#9133),.PCURVE_S1.);
#9122 = LINE('',#9123,#9124);
#9123 = CARTESIAN_POINT('',(-21.20094323213,-0.348165838996,
    -4.168078486158));
#9124 = VECTOR('',#9125,1.);
#9125 = DIRECTION('',(-1.,0.,0.));
#9126 = PCURVE('',#8286,#9127);
#9127 = DEFINITIONAL_REPRESENTATION('',(#9128),#9132);
#9128 = LINE('',#9129,#9130);
#9129 = CARTESIAN_POINT('',(-2.642156741649,-8.30376420667));
#9130 = VECTOR('',#9131,1.);
#9131 = DIRECTION('',(0.,-1.));
#9132 = ( GEOMETRIC_REPRESENTATION_CONTEXT(2) 
PARAMETRIC_REPRESENTATION_CONTEXT() REPRESENTATION_CONTEXT('2D SPACE',''
  ) );
#9133 = PCURVE('',#8317,#9134);
#9134 = DEFINITIONAL_REPRESENTATION('',(#9135),#9139);
#9135 = LINE('',#9136,#9137);
#9136 = CARTESIAN_POINT('',(3.266920484758,5.));
#9137 = VECTOR('',#9138,1.);
#9138 = DIRECTION('',(0.,-1.));
#9139 = ( GEOMETRIC_REPRESENTATION_CONTEXT(2) 
PARAMETRIC_REPRESENTATION_CONTEXT() REPRESENTATION_CONTEXT('2D SPACE',''
  ) );
#9140 = ORIENTED_EDGE('',*,*,#8268,.T.);
#9141 = ORIENTED_EDGE('',*,*,#9142,.F.);
#9142 = EDGE_CURVE('',#9143,#8271,#9145,.T.);
#9143 = VERTEX_POINT('',#9144);
#9144 = CARTESIAN_POINT('',(-25.20094323213,-2.332479322294,
    -4.168078486158));
#9145 = SURFACE_CURVE('',#9146,(#9150,#9157),.PCURVE_S1.);
#9146 = LINE('',#9147,#9148);
#9147 = CARTESIAN_POINT('',(-25.20094323214,-2.332479322294,
    -4.168078486158));
#9148 = VECTOR('',#9149,1.);
#9149 = DIRECTION('',(1.,0.,-1.953992523338E-14));
#9150 = PCURVE('',#8286,#9151);
#9151 = DEFINITIONAL_REPRESENTATION('',(#9152),#9156);
#9152 = LINE('',#9153,#9154);
#9153 = CARTESIAN_POINT('',(-0.657843258351,-12.30376420668));
#9154 = VECTOR('',#9155,1.);
#9155 = DIRECTION('',(0.,1.));
#9156 = ( GEOMETRIC_REPRESENTATION_CONTEXT(2) 
PARAMETRIC_REPRESENTATION_CONTEXT() REPRESENTATION_CONTEXT('2D SPACE',''
  ) );
#9157 = PCURVE('',#8317,#9158);
#9158 = DEFINITIONAL_REPRESENTATION('',(#9159),#9163);
#9159 = LINE('',#9160,#9161);
#9160 = CARTESIAN_POINT('',(6.157857476011,0.99999999999));
#9161 = VECTOR('',#9162,1.);
#9162 = DIRECTION('',(1.931788062848E-14,1.));
#9163 = ( GEOMETRIC_REPRESENTATION_CONTEXT(2) 
PARAMETRIC_REPRESENTATION_CONTEXT() REPRESENTATION_CONTEXT('2D SPACE',''
  ) );
#9164 = ORIENTED_EDGE('',*,*,#9165,.F.);
#9165 = EDGE_CURVE('',#9166,#9143,#9168,.T.);
#9166 = VERTEX_POINT('',#9167);
#9167 = CARTESIAN_POINT('',(-26.18169549443,-1.490322580645,
    -4.168078486158));
#9168 = SURFACE_CURVE('',#9169,(#9174,#9181),.PCURVE_S1.);
#9169 = CIRCLE('',#9170,0.992156741649);
#9170 = AXIS2_PLACEMENT_3D('',#9171,#9172,#9173);
#9171 = CARTESIAN_POINT('',(-25.20094323213,-1.340322580645,
    -4.168078486158));
#9172 = DIRECTION('',(0.,0.,1.));
#9173 = DIRECTION('',(-0.988505365257,-0.151185789204,0.));
#9174 = PCURVE('',#8286,#9175);
#9175 = DEFINITIONAL_REPRESENTATION('',(#9176),#9180);
#9176 = CIRCLE('',#9177,0.992156741649);
#9177 = AXIS2_PLACEMENT_2D('',#9178,#9179);
#9178 = CARTESIAN_POINT('',(-1.65,-12.30376420667));
#9179 = DIRECTION('',(0.151185789204,-0.988505365257));
#9180 = ( GEOMETRIC_REPRESENTATION_CONTEXT(2) 
PARAMETRIC_REPRESENTATION_CONTEXT() REPRESENTATION_CONTEXT('2D SPACE',''
  ) );
#9181 = PCURVE('',#9182,#9187);
#9182 = SPHERICAL_SURFACE('',#9183,1.);
#9183 = AXIS2_PLACEMENT_3D('',#9184,#9185,#9186);
#9184 = CARTESIAN_POINT('',(-25.20094323213,-1.340322580645,
    -4.293078486158));
#9185 = DIRECTION('',(0.,-0.15,0.988685996664));
#9186 = DIRECTION('',(0.,0.988685996664,0.15));
#9187 = DEFINITIONAL_REPRESENTATION('',(#9188),#9214);
#9188 = B_SPLINE_CURVE_WITH_KNOTS('',3,(#9189,#9190,#9191,#9192,#9193,
    #9194,#9195,#9196,#9197,#9198,#9199,#9200,#9201,#9202,#9203,#9204,
    #9205,#9206,#9207,#9208,#9209,#9210,#9211,#9212,#9213),
  .UNSPECIFIED.,.F.,.F.,(4,1,1,1,1,1,1,1,1,1,1,1,1,1,1,1,1,1,1,1,1,1,4),
  (0.,6.450129935631E-02,0.129002598713,0.193503898069,0.258005197425,
    0.322506496782,0.387007796138,0.451509095494,0.516010394851,
    0.580511694207,0.645012993563,0.709514292919,0.774015592276,
    0.838516891632,0.903018190988,0.967519490345,1.032020789701,
    1.096522089057,1.161023388414,1.22552468777,1.290025987126,
    1.354527286483,1.419028585839),.QUASI_UNIFORM_KNOTS.);
#9189 = CARTESIAN_POINT('',(1.702131389551,0.146610407695));
#9190 = CARTESIAN_POINT('',(1.723450863086,0.149807722769));
#9191 = CARTESIAN_POINT('',(1.766124414273,0.156175250663));
#9192 = CARTESIAN_POINT('',(1.830248608758,0.165606269748));
#9193 = CARTESIAN_POINT('',(1.894497106594,0.174877901547));
#9194 = CARTESIAN_POINT('',(1.958879012407,0.183951551395));
#9195 = CARTESIAN_POINT('',(2.02340233005,0.192789151233));
#9196 = CARTESIAN_POINT('',(2.088073685025,0.201353349829));
#9197 = CARTESIAN_POINT('',(2.152898199351,0.209607660051));
#9198 = CARTESIAN_POINT('',(2.217879346044,0.217516623561));
#9199 = CARTESIAN_POINT('',(2.283018833693,0.225045976107));
#9200 = CARTESIAN_POINT('',(2.348316511704,0.232162816924));
#9201 = CARTESIAN_POINT('',(2.413770302687,0.238835779884));
#9202 = CARTESIAN_POINT('',(2.479376163902,0.245035205255));
#9203 = CARTESIAN_POINT('',(2.545128080405,0.250733310198));
#9204 = CARTESIAN_POINT('',(2.61101809172,0.255904356068));
#9205 = CARTESIAN_POINT('',(2.677036353289,0.260524810029));
#9206 = CARTESIAN_POINT('',(2.743171233037,0.264573499456));
#9207 = CARTESIAN_POINT('',(2.809409442963,0.26803175345));
#9208 = CARTESIAN_POINT('',(2.875736202994,0.270883540796));
#9209 = CARTESIAN_POINT('',(2.94213543978,0.273115557894));
#9210 = CARTESIAN_POINT('',(3.008589998199,0.274717428775));
#9211 = CARTESIAN_POINT('',(3.0750819317,0.275681401944));
#9212 = CARTESIAN_POINT('',(3.119422379724,0.27589635474));
#9213 = CARTESIAN_POINT('',(3.14159265359,0.275896103945));
#9214 = ( GEOMETRIC_REPRESENTATION_CONTEXT(2) 
PARAMETRIC_REPRESENTATION_CONTEXT() REPRESENTATION_CONTEXT('2D SPACE',''
  ) );
#9215 = ORIENTED_EDGE('',*,*,#9216,.T.);
#9216 = EDGE_CURVE('',#9166,#9217,#9219,.T.);
#9217 = VERTEX_POINT('',#9218);
#9218 = CARTESIAN_POINT('',(-22.20094323213,-1.490322580645,
    -4.168078486158));
#9219 = SURFACE_CURVE('',#9220,(#9224,#9231),.PCURVE_S1.);
#9220 = LINE('',#9221,#9222);
#9221 = CARTESIAN_POINT('',(-26.18169549443,-1.490322580645,
    -4.168078486158));
#9222 = VECTOR('',#9223,1.);
#9223 = DIRECTION('',(1.,0.,0.));
#9224 = PCURVE('',#8286,#9225);
#9225 = DEFINITIONAL_REPRESENTATION('',(#9226),#9230);
#9226 = LINE('',#9227,#9228);
#9227 = CARTESIAN_POINT('',(-1.5,-13.28451646897));
#9228 = VECTOR('',#9229,1.);
#9229 = DIRECTION('',(0.,1.));
#9230 = ( GEOMETRIC_REPRESENTATION_CONTEXT(2) 
PARAMETRIC_REPRESENTATION_CONTEXT() REPRESENTATION_CONTEXT('2D SPACE',''
  ) );
#9231 = PCURVE('',#9232,#9237);
#9232 = PLANE('',#9233);
#9233 = AXIS2_PLACEMENT_3D('',#9234,#9235,#9236);
#9234 = CARTESIAN_POINT('',(-22.20094323213,-1.490322580645,
    -5.543078486158));
#9235 = DIRECTION('',(0.,-1.,0.));
#9236 = DIRECTION('',(0.,0.,1.));
#9237 = DEFINITIONAL_REPRESENTATION('',(#9238),#9242);
#9238 = LINE('',#9239,#9240);
#9239 = CARTESIAN_POINT('',(1.375,3.9807522623));
#9240 = VECTOR('',#9241,1.);
#9241 = DIRECTION('',(0.,-1.));
#9242 = ( GEOMETRIC_REPRESENTATION_CONTEXT(2) 
PARAMETRIC_REPRESENTATION_CONTEXT() REPRESENTATION_CONTEXT('2D SPACE',''
  ) );
#9243 = ORIENTED_EDGE('',*,*,#9244,.F.);
#9244 = EDGE_CURVE('',#9040,#9217,#9245,.T.);
#9245 = SURFACE_CURVE('',#9246,(#9250,#9257),.PCURVE_S1.);
#9246 = LINE('',#9247,#9248);
#9247 = CARTESIAN_POINT('',(-22.20094323213,-1.190322580645,
    -4.168078486158));
#9248 = VECTOR('',#9249,1.);
#9249 = DIRECTION('',(0.,-1.,0.));
#9250 = PCURVE('',#8286,#9251);
#9251 = DEFINITIONAL_REPRESENTATION('',(#9252),#9256);
#9252 = LINE('',#9253,#9254);
#9253 = CARTESIAN_POINT('',(-1.8,-9.30376420667));
#9254 = VECTOR('',#9255,1.);
#9255 = DIRECTION('',(1.,0.));
#9256 = ( GEOMETRIC_REPRESENTATION_CONTEXT(2) 
PARAMETRIC_REPRESENTATION_CONTEXT() REPRESENTATION_CONTEXT('2D SPACE',''
  ) );
#9257 = PCURVE('',#9258,#9263);
#9258 = PLANE('',#9259);
#9259 = AXIS2_PLACEMENT_3D('',#9260,#9261,#9262);
#9260 = CARTESIAN_POINT('',(-22.20094323213,-0.590322580645,
    -4.293078486158));
#9261 = DIRECTION('',(-1.,0.,0.));
#9262 = DIRECTION('',(0.,-1.,0.));
#9263 = DEFINITIONAL_REPRESENTATION('',(#9264),#9268);
#9264 = LINE('',#9265,#9266);
#9265 = CARTESIAN_POINT('',(0.6,0.125));
#9266 = VECTOR('',#9267,1.);
#9267 = DIRECTION('',(1.,0.));
#9268 = ( GEOMETRIC_REPRESENTATION_CONTEXT(2) 
PARAMETRIC_REPRESENTATION_CONTEXT() REPRESENTATION_CONTEXT('2D SPACE',''
  ) );
#9269 = ADVANCED_FACE('',(#9270),#9057,.F.);
#9270 = FACE_BOUND('',#9271,.T.);
#9271 = EDGE_LOOP('',(#9272,#9273,#9296,#9319));
#9272 = ORIENTED_EDGE('',*,*,#9039,.F.);
#9273 = ORIENTED_EDGE('',*,*,#9274,.F.);
#9274 = EDGE_CURVE('',#9275,#9040,#9277,.T.);
#9275 = VERTEX_POINT('',#9276);
#9276 = CARTESIAN_POINT('',(-22.20094323213,-1.190322580645,
    -3.304392489493));
#9277 = SURFACE_CURVE('',#9278,(#9282,#9289),.PCURVE_S1.);
#9278 = LINE('',#9279,#9280);
#9279 = CARTESIAN_POINT('',(-22.20094323213,-1.190322580645,
    -3.304392489493));
#9280 = VECTOR('',#9281,1.);
#9281 = DIRECTION('',(0.,0.,-1.));
#9282 = PCURVE('',#9057,#9283);
#9283 = DEFINITIONAL_REPRESENTATION('',(#9284),#9288);
#9284 = LINE('',#9285,#9286);
#9285 = CARTESIAN_POINT('',(0.,2.238685996665));
#9286 = VECTOR('',#9287,1.);
#9287 = DIRECTION('',(0.,-1.));
#9288 = ( GEOMETRIC_REPRESENTATION_CONTEXT(2) 
PARAMETRIC_REPRESENTATION_CONTEXT() REPRESENTATION_CONTEXT('2D SPACE',''
  ) );
#9289 = PCURVE('',#9258,#9290);
#9290 = DEFINITIONAL_REPRESENTATION('',(#9291),#9295);
#9291 = LINE('',#9292,#9293);
#9292 = CARTESIAN_POINT('',(0.6,0.988685996665));
#9293 = VECTOR('',#9294,1.);
#9294 = DIRECTION('',(0.,-1.));
#9295 = ( GEOMETRIC_REPRESENTATION_CONTEXT(2) 
PARAMETRIC_REPRESENTATION_CONTEXT() REPRESENTATION_CONTEXT('2D SPACE',''
  ) );
#9296 = ORIENTED_EDGE('',*,*,#9297,.F.);
#9297 = EDGE_CURVE('',#9298,#9275,#9300,.T.);
#9298 = VERTEX_POINT('',#9299);
#9299 = CARTESIAN_POINT('',(-25.20094323213,-1.190322580645,
    -3.304392489493));
#9300 = SURFACE_CURVE('',#9301,(#9305,#9312),.PCURVE_S1.);
#9301 = LINE('',#9302,#9303);
#9302 = CARTESIAN_POINT('',(-25.20094323213,-1.190322580645,
    -3.304392489493));
#9303 = VECTOR('',#9304,1.);
#9304 = DIRECTION('',(1.,0.,0.));
#9305 = PCURVE('',#9057,#9306);
#9306 = DEFINITIONAL_REPRESENTATION('',(#9307),#9311);
#9307 = LINE('',#9308,#9309);
#9308 = CARTESIAN_POINT('',(3.,2.238685996665));
#9309 = VECTOR('',#9310,1.);
#9310 = DIRECTION('',(-1.,0.));
#9311 = ( GEOMETRIC_REPRESENTATION_CONTEXT(2) 
PARAMETRIC_REPRESENTATION_CONTEXT() REPRESENTATION_CONTEXT('2D SPACE',''
  ) );
#9312 = PCURVE('',#8317,#9313);
#9313 = DEFINITIONAL_REPRESENTATION('',(#9314),#9318);
#9314 = LINE('',#9315,#9316);
#9315 = CARTESIAN_POINT('',(4.561820707608,1.));
#9316 = VECTOR('',#9317,1.);
#9317 = DIRECTION('',(0.,1.));
#9318 = ( GEOMETRIC_REPRESENTATION_CONTEXT(2) 
PARAMETRIC_REPRESENTATION_CONTEXT() REPRESENTATION_CONTEXT('2D SPACE',''
  ) );
#9319 = ORIENTED_EDGE('',*,*,#9320,.F.);
#9320 = EDGE_CURVE('',#9042,#9298,#9321,.T.);
#9321 = SURFACE_CURVE('',#9322,(#9327,#9334),.PCURVE_S1.);
#9322 = CIRCLE('',#9323,0.988685996664);
#9323 = AXIS2_PLACEMENT_3D('',#9324,#9325,#9326);
#9324 = CARTESIAN_POINT('',(-25.20094323213,-1.190322580645,
    -4.293078486158));
#9325 = DIRECTION('',(0.,1.,0.));
#9326 = DIRECTION('',(-0.991975476143,0.,0.126430434356));
#9327 = PCURVE('',#9057,#9328);
#9328 = DEFINITIONAL_REPRESENTATION('',(#9329),#9333);
#9329 = CIRCLE('',#9330,0.988685996664);
#9330 = AXIS2_PLACEMENT_2D('',#9331,#9332);
#9331 = CARTESIAN_POINT('',(3.,1.25));
#9332 = DIRECTION('',(0.991975476143,0.126430434356));
#9333 = ( GEOMETRIC_REPRESENTATION_CONTEXT(2) 
PARAMETRIC_REPRESENTATION_CONTEXT() REPRESENTATION_CONTEXT('2D SPACE',''
  ) );
#9334 = PCURVE('',#9086,#9335);
#9335 = DEFINITIONAL_REPRESENTATION('',(#9336),#9362);
#9336 = B_SPLINE_CURVE_WITH_KNOTS('',3,(#9337,#9338,#9339,#9340,#9341,
    #9342,#9343,#9344,#9345,#9346,#9347,#9348,#9349,#9350,#9351,#9352,
    #9353,#9354,#9355,#9356,#9357,#9358,#9359,#9360,#9361),
  .UNSPECIFIED.,.F.,.F.,(4,1,1,1,1,1,1,1,1,1,1,1,1,1,1,1,1,1,1,1,1,1,4),
  (0.,6.563757372043E-02,0.131275147441,0.196912721161,0.262550294882,
    0.328187868602,0.393825442323,0.459463016043,0.525100589763,
    0.590738163484,0.656375737204,0.722013310925,0.787650884645,
    0.853288458366,0.918926032086,0.984563605806,1.050201179527,
    1.115838753247,1.181476326968,1.247113900688,1.312751474409,
    1.378389048129,1.44402662185),.QUASI_UNIFORM_KNOTS.);
#9337 = CARTESIAN_POINT('',(1.439461264038,0.146610407695));
#9338 = CARTESIAN_POINT('',(1.442324272032,0.168055849965));
#9339 = CARTESIAN_POINT('',(1.447893373021,0.210970741108));
#9340 = CARTESIAN_POINT('',(1.455822167699,0.275408029222));
#9341 = CARTESIAN_POINT('',(1.463374310571,0.339902838945));
#9342 = CARTESIAN_POINT('',(1.47058989778,0.404449005293));
#9343 = CARTESIAN_POINT('',(1.477504892317,0.46904100565));
#9344 = CARTESIAN_POINT('',(1.484151031272,0.533673973462));
#9345 = CARTESIAN_POINT('',(1.490556656012,0.598343568197));
#9346 = CARTESIAN_POINT('',(1.496747160685,0.663045905172));
#9347 = CARTESIAN_POINT('',(1.502745435112,0.727777486516));
#9348 = CARTESIAN_POINT('',(1.508572219525,0.792535145724));
#9349 = CARTESIAN_POINT('',(1.514246417854,0.857315999854));
#9350 = CARTESIAN_POINT('',(1.519785339141,0.922117408887));
#9351 = CARTESIAN_POINT('',(1.525205001241,0.986936940698));
#9352 = CARTESIAN_POINT('',(1.53052003838,1.051772340715));
#9353 = CARTESIAN_POINT('',(1.535744951095,1.116621505392));
#9354 = CARTESIAN_POINT('',(1.540890234731,1.181482458839));
#9355 = CARTESIAN_POINT('',(1.545977529699,1.246353332004));
#9356 = CARTESIAN_POINT('',(1.550983706459,1.311232343994));
#9357 = CARTESIAN_POINT('',(1.556050108754,1.376117784893));
#9358 = CARTESIAN_POINT('',(1.560702163858,1.441008000605));
#9359 = CARTESIAN_POINT('',(1.56676231499,1.505901376101));
#9360 = CARTESIAN_POINT('',(1.567240277392,1.549164678127));
#9361 = CARTESIAN_POINT('',(1.565871780402,1.570796326795));
#9362 = ( GEOMETRIC_REPRESENTATION_CONTEXT(2) 
PARAMETRIC_REPRESENTATION_CONTEXT() REPRESENTATION_CONTEXT('2D SPACE',''
  ) );
#9363 = ADVANCED_FACE('',(#9364),#9086,.T.);
#9364 = FACE_BOUND('',#9365,.T.);
#9365 = EDGE_LOOP('',(#9366,#9388,#9389));
#9366 = ORIENTED_EDGE('',*,*,#9367,.T.);
#9367 = EDGE_CURVE('',#9298,#9070,#9368,.T.);
#9368 = SURFACE_CURVE('',#9369,(#9374,#9381),.PCURVE_S1.);
#9369 = CIRCLE('',#9370,1.);
#9370 = AXIS2_PLACEMENT_3D('',#9371,#9372,#9373);
#9371 = CARTESIAN_POINT('',(-25.20094323213,-1.340322580645,
    -4.293078486158));
#9372 = DIRECTION('',(-1.,0.,0.));
#9373 = DIRECTION('',(0.,0.15,0.988685996664));
#9374 = PCURVE('',#9086,#9375);
#9375 = DEFINITIONAL_REPRESENTATION('',(#9376),#9380);
#9376 = LINE('',#9377,#9378);
#9377 = CARTESIAN_POINT('',(0.,1.570796326795));
#9378 = VECTOR('',#9379,1.);
#9379 = DIRECTION('',(0.,-1.));
#9380 = ( GEOMETRIC_REPRESENTATION_CONTEXT(2) 
PARAMETRIC_REPRESENTATION_CONTEXT() REPRESENTATION_CONTEXT('2D SPACE',''
  ) );
#9381 = PCURVE('',#8317,#9382);
#9382 = DEFINITIONAL_REPRESENTATION('',(#9383),#9387);
#9383 = LINE('',#9384,#9385);
#9384 = CARTESIAN_POINT('',(4.561820707608,1.));
#9385 = VECTOR('',#9386,1.);
#9386 = DIRECTION('',(-1.,0.));
#9387 = ( GEOMETRIC_REPRESENTATION_CONTEXT(2) 
PARAMETRIC_REPRESENTATION_CONTEXT() REPRESENTATION_CONTEXT('2D SPACE',''
  ) );
#9388 = ORIENTED_EDGE('',*,*,#9069,.T.);
#9389 = ORIENTED_EDGE('',*,*,#9320,.T.);
#9390 = ADVANCED_FACE('',(#9391),#8317,.T.);
#9391 = FACE_BOUND('',#9392,.T.);
#9392 = EDGE_LOOP('',(#9393,#9394,#9418,#9441,#9485,#9486,#9487,#9488));
#9393 = ORIENTED_EDGE('',*,*,#9297,.T.);
#9394 = ORIENTED_EDGE('',*,*,#9395,.F.);
#9395 = EDGE_CURVE('',#9396,#9275,#9398,.T.);
#9396 = VERTEX_POINT('',#9397);
#9397 = CARTESIAN_POINT('',(-22.20094323213,-1.490322580645,
    -3.304392489493));
#9398 = SURFACE_CURVE('',#9399,(#9404,#9411),.PCURVE_S1.);
#9399 = CIRCLE('',#9400,1.);
#9400 = AXIS2_PLACEMENT_3D('',#9401,#9402,#9403);
#9401 = CARTESIAN_POINT('',(-22.20094323213,-1.340322580645,
    -4.293078486158));
#9402 = DIRECTION('',(-1.,0.,0.));
#9403 = DIRECTION('',(0.,-0.15,0.988685996664));
#9404 = PCURVE('',#8317,#9405);
#9405 = DEFINITIONAL_REPRESENTATION('',(#9406),#9410);
#9406 = LINE('',#9407,#9408);
#9407 = CARTESIAN_POINT('',(4.862957253161,4.));
#9408 = VECTOR('',#9409,1.);
#9409 = DIRECTION('',(-1.,0.));
#9410 = ( GEOMETRIC_REPRESENTATION_CONTEXT(2) 
PARAMETRIC_REPRESENTATION_CONTEXT() REPRESENTATION_CONTEXT('2D SPACE',''
  ) );
#9411 = PCURVE('',#9258,#9412);
#9412 = DEFINITIONAL_REPRESENTATION('',(#9413),#9417);
#9413 = CIRCLE('',#9414,1.);
#9414 = AXIS2_PLACEMENT_2D('',#9415,#9416);
#9415 = CARTESIAN_POINT('',(0.75,0.));
#9416 = DIRECTION('',(0.15,0.988685996664));
#9417 = ( GEOMETRIC_REPRESENTATION_CONTEXT(2) 
PARAMETRIC_REPRESENTATION_CONTEXT() REPRESENTATION_CONTEXT('2D SPACE',''
  ) );
#9418 = ORIENTED_EDGE('',*,*,#9419,.T.);
#9419 = EDGE_CURVE('',#9396,#9420,#9422,.T.);
#9420 = VERTEX_POINT('',#9421);
#9421 = CARTESIAN_POINT('',(-25.20094323213,-1.490322580645,
    -3.304392489493));
#9422 = SURFACE_CURVE('',#9423,(#9427,#9434),.PCURVE_S1.);
#9423 = LINE('',#9424,#9425);
#9424 = CARTESIAN_POINT('',(-22.20094323213,-1.490322580645,
    -3.304392489493));
#9425 = VECTOR('',#9426,1.);
#9426 = DIRECTION('',(-1.,0.,0.));
#9427 = PCURVE('',#8317,#9428);
#9428 = DEFINITIONAL_REPRESENTATION('',(#9429),#9433);
#9429 = LINE('',#9430,#9431);
#9430 = CARTESIAN_POINT('',(4.862957253161,4.));
#9431 = VECTOR('',#9432,1.);
#9432 = DIRECTION('',(0.,-1.));
#9433 = ( GEOMETRIC_REPRESENTATION_CONTEXT(2) 
PARAMETRIC_REPRESENTATION_CONTEXT() REPRESENTATION_CONTEXT('2D SPACE',''
  ) );
#9434 = PCURVE('',#9232,#9435);
#9435 = DEFINITIONAL_REPRESENTATION('',(#9436),#9440);
#9436 = LINE('',#9437,#9438);
#9437 = CARTESIAN_POINT('',(2.238685996665,0.));
#9438 = VECTOR('',#9439,1.);
#9439 = DIRECTION('',(0.,1.));
#9440 = ( GEOMETRIC_REPRESENTATION_CONTEXT(2) 
PARAMETRIC_REPRESENTATION_CONTEXT() REPRESENTATION_CONTEXT('2D SPACE',''
  ) );
#9441 = ORIENTED_EDGE('',*,*,#9442,.F.);
#9442 = EDGE_CURVE('',#9143,#9420,#9443,.T.);
#9443 = SURFACE_CURVE('',#9444,(#9449,#9456),.PCURVE_S1.);
#9444 = CIRCLE('',#9445,1.);
#9445 = AXIS2_PLACEMENT_3D('',#9446,#9447,#9448);
#9446 = CARTESIAN_POINT('',(-25.20094323213,-1.340322580645,
    -4.293078486158));
#9447 = DIRECTION('',(-1.,0.,0.));
#9448 = DIRECTION('',(0.,-0.463682536272,0.886001413969));
#9449 = PCURVE('',#8317,#9450);
#9450 = DEFINITIONAL_REPRESENTATION('',(#9451),#9455);
#9451 = LINE('',#9452,#9453);
#9452 = CARTESIAN_POINT('',(11.477721342198,1.));
#9453 = VECTOR('',#9454,1.);
#9454 = DIRECTION('',(-1.,0.));
#9455 = ( GEOMETRIC_REPRESENTATION_CONTEXT(2) 
PARAMETRIC_REPRESENTATION_CONTEXT() REPRESENTATION_CONTEXT('2D SPACE',''
  ) );
#9456 = PCURVE('',#9182,#9457);
#9457 = DEFINITIONAL_REPRESENTATION('',(#9458),#9484);
#9458 = B_SPLINE_CURVE_WITH_KNOTS('',3,(#9459,#9460,#9461,#9462,#9463,
    #9464,#9465,#9466,#9467,#9468,#9469,#9470,#9471,#9472,#9473,#9474,
    #9475,#9476,#9477,#9478,#9479,#9480,#9481,#9482,#9483),
  .UNSPECIFIED.,.F.,.F.,(4,1,1,1,1,1,1,1,1,1,1,1,1,1,1,1,1,1,1,1,1,1,4),
  (5.319863866186,5.378722967225,5.437582068263,5.496441169302,
    5.555300270341,5.614159371379,5.673018472418,5.731877573457,
    5.790736674495,5.849595775534,5.908454876573,5.967313977611,
    6.02617307865,6.085032179688,6.143891280727,6.202750381766,
    6.261609482804,6.320468583843,6.379327684882,6.43818678592,
    6.497045886959,6.555904987998,6.614764089036),
  .QUASI_UNIFORM_KNOTS.);
#9459 = CARTESIAN_POINT('',(3.14159265359,0.275896103945));
#9460 = CARTESIAN_POINT('',(3.14159265359,0.295515804291));
#9461 = CARTESIAN_POINT('',(3.14159265359,0.334755204983));
#9462 = CARTESIAN_POINT('',(3.14159265359,0.393614306022));
#9463 = CARTESIAN_POINT('',(3.14159265359,0.452473407061));
#9464 = CARTESIAN_POINT('',(3.14159265359,0.511332508099));
#9465 = CARTESIAN_POINT('',(3.14159265359,0.570191609138));
#9466 = CARTESIAN_POINT('',(3.14159265359,0.629050710177));
#9467 = CARTESIAN_POINT('',(3.14159265359,0.687909811215));
#9468 = CARTESIAN_POINT('',(3.14159265359,0.746768912254));
#9469 = CARTESIAN_POINT('',(3.14159265359,0.805628013293));
#9470 = CARTESIAN_POINT('',(3.14159265359,0.864487114331));
#9471 = CARTESIAN_POINT('',(3.14159265359,0.92334621537));
#9472 = CARTESIAN_POINT('',(3.14159265359,0.982205316409));
#9473 = CARTESIAN_POINT('',(3.14159265359,1.041064417447));
#9474 = CARTESIAN_POINT('',(3.14159265359,1.099923518486));
#9475 = CARTESIAN_POINT('',(3.14159265359,1.158782619524));
#9476 = CARTESIAN_POINT('',(3.14159265359,1.217641720563));
#9477 = CARTESIAN_POINT('',(3.14159265359,1.276500821602));
#9478 = CARTESIAN_POINT('',(3.14159265359,1.33535992264));
#9479 = CARTESIAN_POINT('',(3.14159265359,1.394219023679));
#9480 = CARTESIAN_POINT('',(3.14159265359,1.453078124718));
#9481 = CARTESIAN_POINT('',(3.14159265359,1.511937225756));
#9482 = CARTESIAN_POINT('',(3.14159265359,1.551176626449));
#9483 = CARTESIAN_POINT('',(3.14159265359,1.570796326795));
#9484 = ( GEOMETRIC_REPRESENTATION_CONTEXT(2) 
PARAMETRIC_REPRESENTATION_CONTEXT() REPRESENTATION_CONTEXT('2D SPACE',''
  ) );
#9485 = ORIENTED_EDGE('',*,*,#9142,.T.);
#9486 = ORIENTED_EDGE('',*,*,#8298,.F.);
#9487 = ORIENTED_EDGE('',*,*,#9120,.T.);
#9488 = ORIENTED_EDGE('',*,*,#9367,.F.);
#9489 = ADVANCED_FACE('',(#9490),#9182,.T.);
#9490 = FACE_BOUND('',#9491,.T.);
#9491 = EDGE_LOOP('',(#9492,#9493,#9494));
#9492 = ORIENTED_EDGE('',*,*,#9165,.T.);
#9493 = ORIENTED_EDGE('',*,*,#9442,.T.);
#9494 = ORIENTED_EDGE('',*,*,#9495,.T.);
#9495 = EDGE_CURVE('',#9420,#9166,#9496,.T.);
#9496 = SURFACE_CURVE('',#9497,(#9502,#9508),.PCURVE_S1.);
#9497 = CIRCLE('',#9498,0.988685996664);
#9498 = AXIS2_PLACEMENT_3D('',#9499,#9500,#9501);
#9499 = CARTESIAN_POINT('',(-25.20094323213,-1.490322580645,
    -4.293078486158));
#9500 = DIRECTION('',(0.,-1.,0.));
#9501 = DIRECTION('',(-7.186738136854E-14,0.,1.));
#9502 = PCURVE('',#9182,#9503);
#9503 = DEFINITIONAL_REPRESENTATION('',(#9504),#9507);
#9504 = B_SPLINE_CURVE_WITH_KNOTS('',1,(#9505,#9506),.UNSPECIFIED.,.F.,
  .F.,(2,2),(0.,1.444026621849),.PIECEWISE_BEZIER_KNOTS.);
#9505 = CARTESIAN_POINT('',(1.567671336967,1.570796326795));
#9506 = CARTESIAN_POINT('',(1.702131389551,0.146610407695));
#9507 = ( GEOMETRIC_REPRESENTATION_CONTEXT(2) 
PARAMETRIC_REPRESENTATION_CONTEXT() REPRESENTATION_CONTEXT('2D SPACE',''
  ) );
#9508 = PCURVE('',#9232,#9509);
#9509 = DEFINITIONAL_REPRESENTATION('',(#9510),#9514);
#9510 = CIRCLE('',#9511,0.988685996664);
#9511 = AXIS2_PLACEMENT_2D('',#9512,#9513);
#9512 = CARTESIAN_POINT('',(1.25,3.));
#9513 = DIRECTION('',(1.,7.186738136854E-14));
#9514 = ( GEOMETRIC_REPRESENTATION_CONTEXT(2) 
PARAMETRIC_REPRESENTATION_CONTEXT() REPRESENTATION_CONTEXT('2D SPACE',''
  ) );
#9515 = ADVANCED_FACE('',(#9516),#9232,.F.);
#9516 = FACE_BOUND('',#9517,.T.);
#9517 = EDGE_LOOP('',(#9518,#9519,#9520,#9521));
#9518 = ORIENTED_EDGE('',*,*,#9216,.F.);
#9519 = ORIENTED_EDGE('',*,*,#9495,.F.);
#9520 = ORIENTED_EDGE('',*,*,#9419,.F.);
#9521 = ORIENTED_EDGE('',*,*,#9522,.F.);
#9522 = EDGE_CURVE('',#9217,#9396,#9523,.T.);
#9523 = SURFACE_CURVE('',#9524,(#9528,#9535),.PCURVE_S1.);
#9524 = LINE('',#9525,#9526);
#9525 = CARTESIAN_POINT('',(-22.20094323213,-1.490322580645,
    -4.168078486158));
#9526 = VECTOR('',#9527,1.);
#9527 = DIRECTION('',(0.,0.,1.));
#9528 = PCURVE('',#9232,#9529);
#9529 = DEFINITIONAL_REPRESENTATION('',(#9530),#9534);
#9530 = LINE('',#9531,#9532);
#9531 = CARTESIAN_POINT('',(1.375,0.));
#9532 = VECTOR('',#9533,1.);
#9533 = DIRECTION('',(1.,0.));
#9534 = ( GEOMETRIC_REPRESENTATION_CONTEXT(2) 
PARAMETRIC_REPRESENTATION_CONTEXT() REPRESENTATION_CONTEXT('2D SPACE',''
  ) );
#9535 = PCURVE('',#9258,#9536);
#9536 = DEFINITIONAL_REPRESENTATION('',(#9537),#9541);
#9537 = LINE('',#9538,#9539);
#9538 = CARTESIAN_POINT('',(0.9,0.125));
#9539 = VECTOR('',#9540,1.);
#9540 = DIRECTION('',(0.,1.));
#9541 = ( GEOMETRIC_REPRESENTATION_CONTEXT(2) 
PARAMETRIC_REPRESENTATION_CONTEXT() REPRESENTATION_CONTEXT('2D SPACE',''
  ) );
#9542 = ADVANCED_FACE('',(#9543),#9258,.T.);
#9543 = FACE_BOUND('',#9544,.T.);
#9544 = EDGE_LOOP('',(#9545,#9546,#9547,#9548));
#9545 = ORIENTED_EDGE('',*,*,#9274,.T.);
#9546 = ORIENTED_EDGE('',*,*,#9244,.T.);
#9547 = ORIENTED_EDGE('',*,*,#9522,.T.);
#9548 = ORIENTED_EDGE('',*,*,#9395,.T.);
#9549 = ADVANCED_FACE('',(#9550),#8349,.F.);
#9550 = FACE_BOUND('',#9551,.T.);
#9551 = EDGE_LOOP('',(#9552,#9582,#9633,#9654,#9655,#9678,#9729,#9757));
#9552 = ORIENTED_EDGE('',*,*,#9553,.T.);
#9553 = EDGE_CURVE('',#9554,#9556,#9558,.T.);
#9554 = VERTEX_POINT('',#9555);
#9555 = CARTESIAN_POINT('',(-22.20094323213,3.809677419355,
    -4.168078486158));
#9556 = VERTEX_POINT('',#9557);
#9557 = CARTESIAN_POINT('',(-26.18169549443,3.809677419355,
    -4.168078486158));
#9558 = SURFACE_CURVE('',#9559,(#9563,#9570),.PCURVE_S1.);
#9559 = LINE('',#9560,#9561);
#9560 = CARTESIAN_POINT('',(-22.20094323213,3.809677419355,
    -4.168078486158));
#9561 = VECTOR('',#9562,1.);
#9562 = DIRECTION('',(-1.,0.,0.));
#9563 = PCURVE('',#8349,#9564);
#9564 = DEFINITIONAL_REPRESENTATION('',(#9565),#9569);
#9565 = LINE('',#9566,#9567);
#9566 = CARTESIAN_POINT('',(-6.8,-9.30376420667));
#9567 = VECTOR('',#9568,1.);
#9568 = DIRECTION('',(0.,-1.));
#9569 = ( GEOMETRIC_REPRESENTATION_CONTEXT(2) 
PARAMETRIC_REPRESENTATION_CONTEXT() REPRESENTATION_CONTEXT('2D SPACE',''
  ) );
#9570 = PCURVE('',#9571,#9576);
#9571 = PLANE('',#9572);
#9572 = AXIS2_PLACEMENT_3D('',#9573,#9574,#9575);
#9573 = CARTESIAN_POINT('',(-22.20094323213,3.809677419355,
    -5.543078486158));
#9574 = DIRECTION('',(0.,1.,0.));
#9575 = DIRECTION('',(-1.,0.,0.));
#9576 = DEFINITIONAL_REPRESENTATION('',(#9577),#9581);
#9577 = LINE('',#9578,#9579);
#9578 = CARTESIAN_POINT('',(0.,1.375));
#9579 = VECTOR('',#9580,1.);
#9580 = DIRECTION('',(1.,0.));
#9581 = ( GEOMETRIC_REPRESENTATION_CONTEXT(2) 
PARAMETRIC_REPRESENTATION_CONTEXT() REPRESENTATION_CONTEXT('2D SPACE',''
  ) );
#9582 = ORIENTED_EDGE('',*,*,#9583,.F.);
#9583 = EDGE_CURVE('',#9584,#9556,#9586,.T.);
#9584 = VERTEX_POINT('',#9585);
#9585 = CARTESIAN_POINT('',(-25.20094323213,4.651834161004,
    -4.168078486158));
#9586 = SURFACE_CURVE('',#9587,(#9592,#9599),.PCURVE_S1.);
#9587 = CIRCLE('',#9588,0.992156741649);
#9588 = AXIS2_PLACEMENT_3D('',#9589,#9590,#9591);
#9589 = CARTESIAN_POINT('',(-25.20094323213,3.659677419355,
    -4.168078486158));
#9590 = DIRECTION('',(0.,0.,1.));
#9591 = DIRECTION('',(-2.119832894905E-12,1.,0.));
#9592 = PCURVE('',#8349,#9593);
#9593 = DEFINITIONAL_REPRESENTATION('',(#9594),#9598);
#9594 = CIRCLE('',#9595,0.992156741649);
#9595 = AXIS2_PLACEMENT_2D('',#9596,#9597);
#9596 = CARTESIAN_POINT('',(-6.65,-12.30376420667));
#9597 = DIRECTION('',(-1.,-2.119832894905E-12));
#9598 = ( GEOMETRIC_REPRESENTATION_CONTEXT(2) 
PARAMETRIC_REPRESENTATION_CONTEXT() REPRESENTATION_CONTEXT('2D SPACE',''
  ) );
#9599 = PCURVE('',#9600,#9605);
#9600 = SPHERICAL_SURFACE('',#9601,1.);
#9601 = AXIS2_PLACEMENT_3D('',#9602,#9603,#9604);
#9602 = CARTESIAN_POINT('',(-25.20094323213,3.659677419355,
    -4.293078486158));
#9603 = DIRECTION('',(0.,0.15,0.988685996664));
#9604 = DIRECTION('',(0.,0.988685996664,-0.15));
#9605 = DEFINITIONAL_REPRESENTATION('',(#9606),#9632);
#9606 = B_SPLINE_CURVE_WITH_KNOTS('',3,(#9607,#9608,#9609,#9610,#9611,
    #9612,#9613,#9614,#9615,#9616,#9617,#9618,#9619,#9620,#9621,#9622,
    #9623,#9624,#9625,#9626,#9627,#9628,#9629,#9630,#9631),
  .UNSPECIFIED.,.F.,.F.,(4,1,1,1,1,1,1,1,1,1,1,1,1,1,1,1,1,1,1,1,1,1,4),
  (0.,6.450129935624E-02,0.129002598712,0.193503898069,0.258005197425,
    0.322506496781,0.387007796137,0.451509095494,0.51601039485,
    0.580511694206,0.645012993562,0.709514292919,0.774015592275,
    0.838516891631,0.903018190987,0.967519490344,1.0320207897,
    1.096522089056,1.161023388412,1.225524687769,1.290025987125,
    1.354527286481,1.419028585837),.QUASI_UNIFORM_KNOTS.);
#9607 = CARTESIAN_POINT('',(0.,0.275896103945));
#9608 = CARTESIAN_POINT('',(2.217027386751E-02,0.27589635474));
#9609 = CARTESIAN_POINT('',(6.651072189187E-02,0.275681401944));
#9610 = CARTESIAN_POINT('',(0.133002655392,0.274717428775));
#9611 = CARTESIAN_POINT('',(0.199457213812,0.273115557894));
#9612 = CARTESIAN_POINT('',(0.265856450598,0.270883540796));
#9613 = CARTESIAN_POINT('',(0.332183210629,0.26803175345));
#9614 = CARTESIAN_POINT('',(0.398421420554,0.264573499456));
#9615 = CARTESIAN_POINT('',(0.464556300303,0.260524810029));
#9616 = CARTESIAN_POINT('',(0.530574561872,0.255904356068));
#9617 = CARTESIAN_POINT('',(0.596464573186,0.250733310198));
#9618 = CARTESIAN_POINT('',(0.662216489689,0.245035205254));
#9619 = CARTESIAN_POINT('',(0.727822350904,0.238835779884));
#9620 = CARTESIAN_POINT('',(0.793276141887,0.232162816924));
#9621 = CARTESIAN_POINT('',(0.858573819898,0.225045976107));
#9622 = CARTESIAN_POINT('',(0.923713307547,0.21751662356));
#9623 = CARTESIAN_POINT('',(0.98869445424,0.209607660051));
#9624 = CARTESIAN_POINT('',(1.053518968565,0.201353349829));
#9625 = CARTESIAN_POINT('',(1.118190323541,0.192789151233));
#9626 = CARTESIAN_POINT('',(1.182713641183,0.183951551395));
#9627 = CARTESIAN_POINT('',(1.247095546996,0.174877901547));
#9628 = CARTESIAN_POINT('',(1.311344044833,0.165606269748));
#9629 = CARTESIAN_POINT('',(1.375468239318,0.156175250663));
#9630 = CARTESIAN_POINT('',(1.418141790504,0.149807722769));
#9631 = CARTESIAN_POINT('',(1.439461264039,0.146610407695));
#9632 = ( GEOMETRIC_REPRESENTATION_CONTEXT(2) 
PARAMETRIC_REPRESENTATION_CONTEXT() REPRESENTATION_CONTEXT('2D SPACE',''
  ) );
#9633 = ORIENTED_EDGE('',*,*,#9634,.F.);
#9634 = EDGE_CURVE('',#8332,#9584,#9635,.T.);
#9635 = SURFACE_CURVE('',#9636,(#9640,#9647),.PCURVE_S1.);
#9636 = LINE('',#9637,#9638);
#9637 = CARTESIAN_POINT('',(-21.20094323213,4.651834161004,
    -4.168078486158));
#9638 = VECTOR('',#9639,1.);
#9639 = DIRECTION('',(-1.,0.,0.));
#9640 = PCURVE('',#8349,#9641);
#9641 = DEFINITIONAL_REPRESENTATION('',(#9642),#9646);
#9642 = LINE('',#9643,#9644);
#9643 = CARTESIAN_POINT('',(-7.642156741649,-8.30376420667));
#9644 = VECTOR('',#9645,1.);
#9645 = DIRECTION('',(0.,-1.));
#9646 = ( GEOMETRIC_REPRESENTATION_CONTEXT(2) 
PARAMETRIC_REPRESENTATION_CONTEXT() REPRESENTATION_CONTEXT('2D SPACE',''
  ) );
#9647 = PCURVE('',#8380,#9648);
#9648 = DEFINITIONAL_REPRESENTATION('',(#9649),#9653);
#9649 = LINE('',#9650,#9651);
#9650 = CARTESIAN_POINT('',(3.266920484758,5.));
#9651 = VECTOR('',#9652,1.);
#9652 = DIRECTION('',(0.,-1.));
#9653 = ( GEOMETRIC_REPRESENTATION_CONTEXT(2) 
PARAMETRIC_REPRESENTATION_CONTEXT() REPRESENTATION_CONTEXT('2D SPACE',''
  ) );
#9654 = ORIENTED_EDGE('',*,*,#8331,.T.);
#9655 = ORIENTED_EDGE('',*,*,#9656,.F.);
#9656 = EDGE_CURVE('',#9657,#8334,#9659,.T.);
#9657 = VERTEX_POINT('',#9658);
#9658 = CARTESIAN_POINT('',(-25.20094323213,2.667520677706,
    -4.168078486158));
#9659 = SURFACE_CURVE('',#9660,(#9664,#9671),.PCURVE_S1.);
#9660 = LINE('',#9661,#9662);
#9661 = CARTESIAN_POINT('',(-25.20094323214,2.667520677706,
    -4.168078486158));
#9662 = VECTOR('',#9663,1.);
#9663 = DIRECTION('',(1.,0.,-1.931788062846E-14));
#9664 = PCURVE('',#8349,#9665);
#9665 = DEFINITIONAL_REPRESENTATION('',(#9666),#9670);
#9666 = LINE('',#9667,#9668);
#9667 = CARTESIAN_POINT('',(-5.657843258351,-12.30376420668));
#9668 = VECTOR('',#9669,1.);
#9669 = DIRECTION('',(0.,1.));
#9670 = ( GEOMETRIC_REPRESENTATION_CONTEXT(2) 
PARAMETRIC_REPRESENTATION_CONTEXT() REPRESENTATION_CONTEXT('2D SPACE',''
  ) );
#9671 = PCURVE('',#8380,#9672);
#9672 = DEFINITIONAL_REPRESENTATION('',(#9673),#9677);
#9673 = LINE('',#9674,#9675);
#9674 = CARTESIAN_POINT('',(6.157857476011,0.99999999999));
#9675 = VECTOR('',#9676,1.);
#9676 = DIRECTION('',(1.909583602355E-14,1.));
#9677 = ( GEOMETRIC_REPRESENTATION_CONTEXT(2) 
PARAMETRIC_REPRESENTATION_CONTEXT() REPRESENTATION_CONTEXT('2D SPACE',''
  ) );
#9678 = ORIENTED_EDGE('',*,*,#9679,.F.);
#9679 = EDGE_CURVE('',#9680,#9657,#9682,.T.);
#9680 = VERTEX_POINT('',#9681);
#9681 = CARTESIAN_POINT('',(-26.18169549443,3.509677419355,
    -4.168078486158));
#9682 = SURFACE_CURVE('',#9683,(#9688,#9695),.PCURVE_S1.);
#9683 = CIRCLE('',#9684,0.992156741649);
#9684 = AXIS2_PLACEMENT_3D('',#9685,#9686,#9687);
#9685 = CARTESIAN_POINT('',(-25.20094323213,3.659677419355,
    -4.168078486158));
#9686 = DIRECTION('',(0.,0.,1.));
#9687 = DIRECTION('',(-0.988505365257,-0.151185789204,0.));
#9688 = PCURVE('',#8349,#9689);
#9689 = DEFINITIONAL_REPRESENTATION('',(#9690),#9694);
#9690 = CIRCLE('',#9691,0.992156741649);
#9691 = AXIS2_PLACEMENT_2D('',#9692,#9693);
#9692 = CARTESIAN_POINT('',(-6.65,-12.30376420667));
#9693 = DIRECTION('',(0.151185789204,-0.988505365257));
#9694 = ( GEOMETRIC_REPRESENTATION_CONTEXT(2) 
PARAMETRIC_REPRESENTATION_CONTEXT() REPRESENTATION_CONTEXT('2D SPACE',''
  ) );
#9695 = PCURVE('',#9696,#9701);
#9696 = SPHERICAL_SURFACE('',#9697,1.);
#9697 = AXIS2_PLACEMENT_3D('',#9698,#9699,#9700);
#9698 = CARTESIAN_POINT('',(-25.20094323213,3.659677419355,
    -4.293078486158));
#9699 = DIRECTION('',(0.,-0.15,0.988685996664));
#9700 = DIRECTION('',(0.,0.988685996664,0.15));
#9701 = DEFINITIONAL_REPRESENTATION('',(#9702),#9728);
#9702 = B_SPLINE_CURVE_WITH_KNOTS('',3,(#9703,#9704,#9705,#9706,#9707,
    #9708,#9709,#9710,#9711,#9712,#9713,#9714,#9715,#9716,#9717,#9718,
    #9719,#9720,#9721,#9722,#9723,#9724,#9725,#9726,#9727),
  .UNSPECIFIED.,.F.,.F.,(4,1,1,1,1,1,1,1,1,1,1,1,1,1,1,1,1,1,1,1,1,1,4),
  (0.,6.450129935631E-02,0.129002598713,0.193503898069,0.258005197425,
    0.322506496782,0.387007796138,0.451509095494,0.516010394851,
    0.580511694207,0.645012993563,0.709514292919,0.774015592276,
    0.838516891632,0.903018190988,0.967519490345,1.032020789701,
    1.096522089057,1.161023388414,1.22552468777,1.290025987126,
    1.354527286483,1.419028585839),.QUASI_UNIFORM_KNOTS.);
#9703 = CARTESIAN_POINT('',(1.702131389551,0.146610407695));
#9704 = CARTESIAN_POINT('',(1.723450863086,0.149807722769));
#9705 = CARTESIAN_POINT('',(1.766124414273,0.156175250663));
#9706 = CARTESIAN_POINT('',(1.830248608758,0.165606269748));
#9707 = CARTESIAN_POINT('',(1.894497106594,0.174877901547));
#9708 = CARTESIAN_POINT('',(1.958879012407,0.183951551395));
#9709 = CARTESIAN_POINT('',(2.02340233005,0.192789151233));
#9710 = CARTESIAN_POINT('',(2.088073685025,0.201353349829));
#9711 = CARTESIAN_POINT('',(2.152898199351,0.209607660051));
#9712 = CARTESIAN_POINT('',(2.217879346044,0.217516623561));
#9713 = CARTESIAN_POINT('',(2.283018833693,0.225045976107));
#9714 = CARTESIAN_POINT('',(2.348316511704,0.232162816924));
#9715 = CARTESIAN_POINT('',(2.413770302687,0.238835779884));
#9716 = CARTESIAN_POINT('',(2.479376163902,0.245035205255));
#9717 = CARTESIAN_POINT('',(2.545128080405,0.250733310198));
#9718 = CARTESIAN_POINT('',(2.61101809172,0.255904356068));
#9719 = CARTESIAN_POINT('',(2.677036353289,0.260524810029));
#9720 = CARTESIAN_POINT('',(2.743171233037,0.264573499456));
#9721 = CARTESIAN_POINT('',(2.809409442963,0.26803175345));
#9722 = CARTESIAN_POINT('',(2.875736202994,0.270883540796));
#9723 = CARTESIAN_POINT('',(2.94213543978,0.273115557894));
#9724 = CARTESIAN_POINT('',(3.008589998199,0.274717428775));
#9725 = CARTESIAN_POINT('',(3.0750819317,0.275681401944));
#9726 = CARTESIAN_POINT('',(3.119422379724,0.27589635474));
#9727 = CARTESIAN_POINT('',(3.14159265359,0.275896103945));
#9728 = ( GEOMETRIC_REPRESENTATION_CONTEXT(2) 
PARAMETRIC_REPRESENTATION_CONTEXT() REPRESENTATION_CONTEXT('2D SPACE',''
  ) );
#9729 = ORIENTED_EDGE('',*,*,#9730,.T.);
#9730 = EDGE_CURVE('',#9680,#9731,#9733,.T.);
#9731 = VERTEX_POINT('',#9732);
#9732 = CARTESIAN_POINT('',(-22.20094323213,3.509677419355,
    -4.168078486158));
#9733 = SURFACE_CURVE('',#9734,(#9738,#9745),.PCURVE_S1.);
#9734 = LINE('',#9735,#9736);
#9735 = CARTESIAN_POINT('',(-26.18169549443,3.509677419355,
    -4.168078486158));
#9736 = VECTOR('',#9737,1.);
#9737 = DIRECTION('',(1.,0.,0.));
#9738 = PCURVE('',#8349,#9739);
#9739 = DEFINITIONAL_REPRESENTATION('',(#9740),#9744);
#9740 = LINE('',#9741,#9742);
#9741 = CARTESIAN_POINT('',(-6.5,-13.28451646897));
#9742 = VECTOR('',#9743,1.);
#9743 = DIRECTION('',(0.,1.));
#9744 = ( GEOMETRIC_REPRESENTATION_CONTEXT(2) 
PARAMETRIC_REPRESENTATION_CONTEXT() REPRESENTATION_CONTEXT('2D SPACE',''
  ) );
#9745 = PCURVE('',#9746,#9751);
#9746 = PLANE('',#9747);
#9747 = AXIS2_PLACEMENT_3D('',#9748,#9749,#9750);
#9748 = CARTESIAN_POINT('',(-22.20094323213,3.509677419355,
    -5.543078486158));
#9749 = DIRECTION('',(0.,-1.,0.));
#9750 = DIRECTION('',(0.,0.,1.));
#9751 = DEFINITIONAL_REPRESENTATION('',(#9752),#9756);
#9752 = LINE('',#9753,#9754);
#9753 = CARTESIAN_POINT('',(1.375,3.9807522623));
#9754 = VECTOR('',#9755,1.);
#9755 = DIRECTION('',(0.,-1.));
#9756 = ( GEOMETRIC_REPRESENTATION_CONTEXT(2) 
PARAMETRIC_REPRESENTATION_CONTEXT() REPRESENTATION_CONTEXT('2D SPACE',''
  ) );
#9757 = ORIENTED_EDGE('',*,*,#9758,.F.);
#9758 = EDGE_CURVE('',#9554,#9731,#9759,.T.);
#9759 = SURFACE_CURVE('',#9760,(#9764,#9771),.PCURVE_S1.);
#9760 = LINE('',#9761,#9762);
#9761 = CARTESIAN_POINT('',(-22.20094323213,3.809677419355,
    -4.168078486158));
#9762 = VECTOR('',#9763,1.);
#9763 = DIRECTION('',(0.,-1.,0.));
#9764 = PCURVE('',#8349,#9765);
#9765 = DEFINITIONAL_REPRESENTATION('',(#9766),#9770);
#9766 = LINE('',#9767,#9768);
#9767 = CARTESIAN_POINT('',(-6.8,-9.30376420667));
#9768 = VECTOR('',#9769,1.);
#9769 = DIRECTION('',(1.,0.));
#9770 = ( GEOMETRIC_REPRESENTATION_CONTEXT(2) 
PARAMETRIC_REPRESENTATION_CONTEXT() REPRESENTATION_CONTEXT('2D SPACE',''
  ) );
#9771 = PCURVE('',#9772,#9777);
#9772 = PLANE('',#9773);
#9773 = AXIS2_PLACEMENT_3D('',#9774,#9775,#9776);
#9774 = CARTESIAN_POINT('',(-22.20094323213,-0.590322580645,
    -4.293078486158));
#9775 = DIRECTION('',(-1.,0.,0.));
#9776 = DIRECTION('',(0.,-1.,0.));
#9777 = DEFINITIONAL_REPRESENTATION('',(#9778),#9782);
#9778 = LINE('',#9779,#9780);
#9779 = CARTESIAN_POINT('',(-4.4,0.125));
#9780 = VECTOR('',#9781,1.);
#9781 = DIRECTION('',(1.,0.));
#9782 = ( GEOMETRIC_REPRESENTATION_CONTEXT(2) 
PARAMETRIC_REPRESENTATION_CONTEXT() REPRESENTATION_CONTEXT('2D SPACE',''
  ) );
#9783 = ADVANCED_FACE('',(#9784),#9571,.F.);
#9784 = FACE_BOUND('',#9785,.T.);
#9785 = EDGE_LOOP('',(#9786,#9787,#9810,#9833));
#9786 = ORIENTED_EDGE('',*,*,#9553,.F.);
#9787 = ORIENTED_EDGE('',*,*,#9788,.F.);
#9788 = EDGE_CURVE('',#9789,#9554,#9791,.T.);
#9789 = VERTEX_POINT('',#9790);
#9790 = CARTESIAN_POINT('',(-22.20094323213,3.809677419355,
    -3.304392489493));
#9791 = SURFACE_CURVE('',#9792,(#9796,#9803),.PCURVE_S1.);
#9792 = LINE('',#9793,#9794);
#9793 = CARTESIAN_POINT('',(-22.20094323213,3.809677419355,
    -3.304392489493));
#9794 = VECTOR('',#9795,1.);
#9795 = DIRECTION('',(0.,0.,-1.));
#9796 = PCURVE('',#9571,#9797);
#9797 = DEFINITIONAL_REPRESENTATION('',(#9798),#9802);
#9798 = LINE('',#9799,#9800);
#9799 = CARTESIAN_POINT('',(0.,2.238685996665));
#9800 = VECTOR('',#9801,1.);
#9801 = DIRECTION('',(0.,-1.));
#9802 = ( GEOMETRIC_REPRESENTATION_CONTEXT(2) 
PARAMETRIC_REPRESENTATION_CONTEXT() REPRESENTATION_CONTEXT('2D SPACE',''
  ) );
#9803 = PCURVE('',#9772,#9804);
#9804 = DEFINITIONAL_REPRESENTATION('',(#9805),#9809);
#9805 = LINE('',#9806,#9807);
#9806 = CARTESIAN_POINT('',(-4.4,0.988685996665));
#9807 = VECTOR('',#9808,1.);
#9808 = DIRECTION('',(0.,-1.));
#9809 = ( GEOMETRIC_REPRESENTATION_CONTEXT(2) 
PARAMETRIC_REPRESENTATION_CONTEXT() REPRESENTATION_CONTEXT('2D SPACE',''
  ) );
#9810 = ORIENTED_EDGE('',*,*,#9811,.F.);
#9811 = EDGE_CURVE('',#9812,#9789,#9814,.T.);
#9812 = VERTEX_POINT('',#9813);
#9813 = CARTESIAN_POINT('',(-25.20094323213,3.809677419355,
    -3.304392489493));
#9814 = SURFACE_CURVE('',#9815,(#9819,#9826),.PCURVE_S1.);
#9815 = LINE('',#9816,#9817);
#9816 = CARTESIAN_POINT('',(-25.20094323213,3.809677419355,
    -3.304392489493));
#9817 = VECTOR('',#9818,1.);
#9818 = DIRECTION('',(1.,0.,0.));
#9819 = PCURVE('',#9571,#9820);
#9820 = DEFINITIONAL_REPRESENTATION('',(#9821),#9825);
#9821 = LINE('',#9822,#9823);
#9822 = CARTESIAN_POINT('',(3.,2.238685996665));
#9823 = VECTOR('',#9824,1.);
#9824 = DIRECTION('',(-1.,0.));
#9825 = ( GEOMETRIC_REPRESENTATION_CONTEXT(2) 
PARAMETRIC_REPRESENTATION_CONTEXT() REPRESENTATION_CONTEXT('2D SPACE',''
  ) );
#9826 = PCURVE('',#8380,#9827);
#9827 = DEFINITIONAL_REPRESENTATION('',(#9828),#9832);
#9828 = LINE('',#9829,#9830);
#9829 = CARTESIAN_POINT('',(4.561820707608,1.));
#9830 = VECTOR('',#9831,1.);
#9831 = DIRECTION('',(0.,1.));
#9832 = ( GEOMETRIC_REPRESENTATION_CONTEXT(2) 
PARAMETRIC_REPRESENTATION_CONTEXT() REPRESENTATION_CONTEXT('2D SPACE',''
  ) );
#9833 = ORIENTED_EDGE('',*,*,#9834,.F.);
#9834 = EDGE_CURVE('',#9556,#9812,#9835,.T.);
#9835 = SURFACE_CURVE('',#9836,(#9841,#9848),.PCURVE_S1.);
#9836 = CIRCLE('',#9837,0.988685996664);
#9837 = AXIS2_PLACEMENT_3D('',#9838,#9839,#9840);
#9838 = CARTESIAN_POINT('',(-25.20094323213,3.809677419355,
    -4.293078486158));
#9839 = DIRECTION('',(0.,1.,0.));
#9840 = DIRECTION('',(-0.991975476143,0.,0.126430434356));
#9841 = PCURVE('',#9571,#9842);
#9842 = DEFINITIONAL_REPRESENTATION('',(#9843),#9847);
#9843 = CIRCLE('',#9844,0.988685996664);
#9844 = AXIS2_PLACEMENT_2D('',#9845,#9846);
#9845 = CARTESIAN_POINT('',(3.,1.25));
#9846 = DIRECTION('',(0.991975476143,0.126430434356));
#9847 = ( GEOMETRIC_REPRESENTATION_CONTEXT(2) 
PARAMETRIC_REPRESENTATION_CONTEXT() REPRESENTATION_CONTEXT('2D SPACE',''
  ) );
#9848 = PCURVE('',#9600,#9849);
#9849 = DEFINITIONAL_REPRESENTATION('',(#9850),#9876);
#9850 = B_SPLINE_CURVE_WITH_KNOTS('',3,(#9851,#9852,#9853,#9854,#9855,
    #9856,#9857,#9858,#9859,#9860,#9861,#9862,#9863,#9864,#9865,#9866,
    #9867,#9868,#9869,#9870,#9871,#9872,#9873,#9874,#9875),
  .UNSPECIFIED.,.F.,.F.,(4,1,1,1,1,1,1,1,1,1,1,1,1,1,1,1,1,1,1,1,1,1,4),
  (0.,6.563757372043E-02,0.131275147441,0.196912721161,0.262550294882,
    0.328187868602,0.393825442323,0.459463016043,0.525100589763,
    0.590738163484,0.656375737204,0.722013310925,0.787650884645,
    0.853288458366,0.918926032086,0.984563605806,1.050201179527,
    1.115838753247,1.181476326968,1.247113900688,1.312751474409,
    1.378389048129,1.444026621849),.QUASI_UNIFORM_KNOTS.);
#9851 = CARTESIAN_POINT('',(1.439461264038,0.146610407695));
#9852 = CARTESIAN_POINT('',(1.442324272032,0.168055849965));
#9853 = CARTESIAN_POINT('',(1.447893373021,0.210970741108));
#9854 = CARTESIAN_POINT('',(1.455822167699,0.275408029223));
#9855 = CARTESIAN_POINT('',(1.463374310571,0.339902838945));
#9856 = CARTESIAN_POINT('',(1.47058989778,0.404449005293));
#9857 = CARTESIAN_POINT('',(1.477504892317,0.46904100565));
#9858 = CARTESIAN_POINT('',(1.484151031272,0.533673973462));
#9859 = CARTESIAN_POINT('',(1.490556656012,0.598343568197));
#9860 = CARTESIAN_POINT('',(1.496747160685,0.663045905172));
#9861 = CARTESIAN_POINT('',(1.502745435112,0.727777486516));
#9862 = CARTESIAN_POINT('',(1.508572219525,0.792535145724));
#9863 = CARTESIAN_POINT('',(1.514246417854,0.857315999855));
#9864 = CARTESIAN_POINT('',(1.519785339141,0.922117408887));
#9865 = CARTESIAN_POINT('',(1.525205001241,0.986936940698));
#9866 = CARTESIAN_POINT('',(1.53052003838,1.051772340715));
#9867 = CARTESIAN_POINT('',(1.535744951095,1.116621505392));
#9868 = CARTESIAN_POINT('',(1.540890234731,1.181482458839));
#9869 = CARTESIAN_POINT('',(1.545977529699,1.246353332004));
#9870 = CARTESIAN_POINT('',(1.550983706459,1.311232343994));
#9871 = CARTESIAN_POINT('',(1.556050108754,1.376117784893));
#9872 = CARTESIAN_POINT('',(1.560702163858,1.441008000605));
#9873 = CARTESIAN_POINT('',(1.56676231499,1.505901376101));
#9874 = CARTESIAN_POINT('',(1.567240277392,1.549164678127));
#9875 = CARTESIAN_POINT('',(1.565871780402,1.570796326795));
#9876 = ( GEOMETRIC_REPRESENTATION_CONTEXT(2) 
PARAMETRIC_REPRESENTATION_CONTEXT() REPRESENTATION_CONTEXT('2D SPACE',''
  ) );
#9877 = ADVANCED_FACE('',(#9878),#9600,.T.);
#9878 = FACE_BOUND('',#9879,.T.);
#9879 = EDGE_LOOP('',(#9880,#9902,#9903));
#9880 = ORIENTED_EDGE('',*,*,#9881,.T.);
#9881 = EDGE_CURVE('',#9812,#9584,#9882,.T.);
#9882 = SURFACE_CURVE('',#9883,(#9888,#9895),.PCURVE_S1.);
#9883 = CIRCLE('',#9884,1.);
#9884 = AXIS2_PLACEMENT_3D('',#9885,#9886,#9887);
#9885 = CARTESIAN_POINT('',(-25.20094323213,3.659677419355,
    -4.293078486158));
#9886 = DIRECTION('',(-1.,0.,0.));
#9887 = DIRECTION('',(0.,0.15,0.988685996664));
#9888 = PCURVE('',#9600,#9889);
#9889 = DEFINITIONAL_REPRESENTATION('',(#9890),#9894);
#9890 = LINE('',#9891,#9892);
#9891 = CARTESIAN_POINT('',(0.,1.570796326795));
#9892 = VECTOR('',#9893,1.);
#9893 = DIRECTION('',(0.,-1.));
#9894 = ( GEOMETRIC_REPRESENTATION_CONTEXT(2) 
PARAMETRIC_REPRESENTATION_CONTEXT() REPRESENTATION_CONTEXT('2D SPACE',''
  ) );
#9895 = PCURVE('',#8380,#9896);
#9896 = DEFINITIONAL_REPRESENTATION('',(#9897),#9901);
#9897 = LINE('',#9898,#9899);
#9898 = CARTESIAN_POINT('',(4.561820707608,1.));
#9899 = VECTOR('',#9900,1.);
#9900 = DIRECTION('',(-1.,0.));
#9901 = ( GEOMETRIC_REPRESENTATION_CONTEXT(2) 
PARAMETRIC_REPRESENTATION_CONTEXT() REPRESENTATION_CONTEXT('2D SPACE',''
  ) );
#9902 = ORIENTED_EDGE('',*,*,#9583,.T.);
#9903 = ORIENTED_EDGE('',*,*,#9834,.T.);
#9904 = ADVANCED_FACE('',(#9905),#8380,.T.);
#9905 = FACE_BOUND('',#9906,.T.);
#9906 = EDGE_LOOP('',(#9907,#9908,#9932,#9955,#9999,#10000,#10001,#10002
    ));
#9907 = ORIENTED_EDGE('',*,*,#9811,.T.);
#9908 = ORIENTED_EDGE('',*,*,#9909,.F.);
#9909 = EDGE_CURVE('',#9910,#9789,#9912,.T.);
#9910 = VERTEX_POINT('',#9911);
#9911 = CARTESIAN_POINT('',(-22.20094323213,3.509677419355,
    -3.304392489493));
#9912 = SURFACE_CURVE('',#9913,(#9918,#9925),.PCURVE_S1.);
#9913 = CIRCLE('',#9914,1.);
#9914 = AXIS2_PLACEMENT_3D('',#9915,#9916,#9917);
#9915 = CARTESIAN_POINT('',(-22.20094323213,3.659677419355,
    -4.293078486158));
#9916 = DIRECTION('',(-1.,0.,0.));
#9917 = DIRECTION('',(0.,-0.15,0.988685996664));
#9918 = PCURVE('',#8380,#9919);
#9919 = DEFINITIONAL_REPRESENTATION('',(#9920),#9924);
#9920 = LINE('',#9921,#9922);
#9921 = CARTESIAN_POINT('',(4.862957253161,4.));
#9922 = VECTOR('',#9923,1.);
#9923 = DIRECTION('',(-1.,0.));
#9924 = ( GEOMETRIC_REPRESENTATION_CONTEXT(2) 
PARAMETRIC_REPRESENTATION_CONTEXT() REPRESENTATION_CONTEXT('2D SPACE',''
  ) );
#9925 = PCURVE('',#9772,#9926);
#9926 = DEFINITIONAL_REPRESENTATION('',(#9927),#9931);
#9927 = CIRCLE('',#9928,1.);
#9928 = AXIS2_PLACEMENT_2D('',#9929,#9930);
#9929 = CARTESIAN_POINT('',(-4.25,0.));
#9930 = DIRECTION('',(0.15,0.988685996664));
#9931 = ( GEOMETRIC_REPRESENTATION_CONTEXT(2) 
PARAMETRIC_REPRESENTATION_CONTEXT() REPRESENTATION_CONTEXT('2D SPACE',''
  ) );
#9932 = ORIENTED_EDGE('',*,*,#9933,.T.);
#9933 = EDGE_CURVE('',#9910,#9934,#9936,.T.);
#9934 = VERTEX_POINT('',#9935);
#9935 = CARTESIAN_POINT('',(-25.20094323213,3.509677419355,
    -3.304392489493));
#9936 = SURFACE_CURVE('',#9937,(#9941,#9948),.PCURVE_S1.);
#9937 = LINE('',#9938,#9939);
#9938 = CARTESIAN_POINT('',(-22.20094323213,3.509677419355,
    -3.304392489493));
#9939 = VECTOR('',#9940,1.);
#9940 = DIRECTION('',(-1.,0.,0.));
#9941 = PCURVE('',#8380,#9942);
#9942 = DEFINITIONAL_REPRESENTATION('',(#9943),#9947);
#9943 = LINE('',#9944,#9945);
#9944 = CARTESIAN_POINT('',(4.862957253161,4.));
#9945 = VECTOR('',#9946,1.);
#9946 = DIRECTION('',(0.,-1.));
#9947 = ( GEOMETRIC_REPRESENTATION_CONTEXT(2) 
PARAMETRIC_REPRESENTATION_CONTEXT() REPRESENTATION_CONTEXT('2D SPACE',''
  ) );
#9948 = PCURVE('',#9746,#9949);
#9949 = DEFINITIONAL_REPRESENTATION('',(#9950),#9954);
#9950 = LINE('',#9951,#9952);
#9951 = CARTESIAN_POINT('',(2.238685996665,0.));
#9952 = VECTOR('',#9953,1.);
#9953 = DIRECTION('',(0.,1.));
#9954 = ( GEOMETRIC_REPRESENTATION_CONTEXT(2) 
PARAMETRIC_REPRESENTATION_CONTEXT() REPRESENTATION_CONTEXT('2D SPACE',''
  ) );
#9955 = ORIENTED_EDGE('',*,*,#9956,.F.);
#9956 = EDGE_CURVE('',#9657,#9934,#9957,.T.);
#9957 = SURFACE_CURVE('',#9958,(#9963,#9970),.PCURVE_S1.);
#9958 = CIRCLE('',#9959,1.);
#9959 = AXIS2_PLACEMENT_3D('',#9960,#9961,#9962);
#9960 = CARTESIAN_POINT('',(-25.20094323213,3.659677419355,
    -4.293078486158));
#9961 = DIRECTION('',(-1.,0.,0.));
#9962 = DIRECTION('',(0.,-0.463682536272,0.886001413969));
#9963 = PCURVE('',#8380,#9964);
#9964 = DEFINITIONAL_REPRESENTATION('',(#9965),#9969);
#9965 = LINE('',#9966,#9967);
#9966 = CARTESIAN_POINT('',(11.477721342198,1.));
#9967 = VECTOR('',#9968,1.);
#9968 = DIRECTION('',(-1.,0.));
#9969 = ( GEOMETRIC_REPRESENTATION_CONTEXT(2) 
PARAMETRIC_REPRESENTATION_CONTEXT() REPRESENTATION_CONTEXT('2D SPACE',''
  ) );
#9970 = PCURVE('',#9696,#9971);
#9971 = DEFINITIONAL_REPRESENTATION('',(#9972),#9998);
#9972 = B_SPLINE_CURVE_WITH_KNOTS('',3,(#9973,#9974,#9975,#9976,#9977,
    #9978,#9979,#9980,#9981,#9982,#9983,#9984,#9985,#9986,#9987,#9988,
    #9989,#9990,#9991,#9992,#9993,#9994,#9995,#9996,#9997),
  .UNSPECIFIED.,.F.,.F.,(4,1,1,1,1,1,1,1,1,1,1,1,1,1,1,1,1,1,1,1,1,1,4),
  (5.319863866186,5.378722967225,5.437582068263,5.496441169302,
    5.555300270341,5.614159371379,5.673018472418,5.731877573457,
    5.790736674495,5.849595775534,5.908454876573,5.967313977611,
    6.02617307865,6.085032179688,6.143891280727,6.202750381766,
    6.261609482804,6.320468583843,6.379327684882,6.43818678592,
    6.497045886959,6.555904987998,6.614764089036),
  .QUASI_UNIFORM_KNOTS.);
#9973 = CARTESIAN_POINT('',(3.14159265359,0.275896103945));
#9974 = CARTESIAN_POINT('',(3.14159265359,0.295515804291));
#9975 = CARTESIAN_POINT('',(3.14159265359,0.334755204983));
#9976 = CARTESIAN_POINT('',(3.14159265359,0.393614306022));
#9977 = CARTESIAN_POINT('',(3.14159265359,0.452473407061));
#9978 = CARTESIAN_POINT('',(3.14159265359,0.511332508099));
#9979 = CARTESIAN_POINT('',(3.14159265359,0.570191609138));
#9980 = CARTESIAN_POINT('',(3.14159265359,0.629050710177));
#9981 = CARTESIAN_POINT('',(3.14159265359,0.687909811215));
#9982 = CARTESIAN_POINT('',(3.14159265359,0.746768912254));
#9983 = CARTESIAN_POINT('',(3.14159265359,0.805628013293));
#9984 = CARTESIAN_POINT('',(3.14159265359,0.864487114331));
#9985 = CARTESIAN_POINT('',(3.14159265359,0.92334621537));
#9986 = CARTESIAN_POINT('',(3.14159265359,0.982205316409));
#9987 = CARTESIAN_POINT('',(3.14159265359,1.041064417447));
#9988 = CARTESIAN_POINT('',(3.14159265359,1.099923518486));
#9989 = CARTESIAN_POINT('',(3.14159265359,1.158782619524));
#9990 = CARTESIAN_POINT('',(3.14159265359,1.217641720563));
#9991 = CARTESIAN_POINT('',(3.14159265359,1.276500821602));
#9992 = CARTESIAN_POINT('',(3.14159265359,1.33535992264));
#9993 = CARTESIAN_POINT('',(3.14159265359,1.394219023679));
#9994 = CARTESIAN_POINT('',(3.14159265359,1.453078124718));
#9995 = CARTESIAN_POINT('',(3.14159265359,1.511937225756));
#9996 = CARTESIAN_POINT('',(3.14159265359,1.551176626449));
#9997 = CARTESIAN_POINT('',(3.14159265359,1.570796326795));
#9998 = ( GEOMETRIC_REPRESENTATION_CONTEXT(2) 
PARAMETRIC_REPRESENTATION_CONTEXT() REPRESENTATION_CONTEXT('2D SPACE',''
  ) );
#9999 = ORIENTED_EDGE('',*,*,#9656,.T.);
#10000 = ORIENTED_EDGE('',*,*,#8361,.F.);
#10001 = ORIENTED_EDGE('',*,*,#9634,.T.);
#10002 = ORIENTED_EDGE('',*,*,#9881,.F.);
#10003 = ADVANCED_FACE('',(#10004),#9696,.T.);
#10004 = FACE_BOUND('',#10005,.T.);
#10005 = EDGE_LOOP('',(#10006,#10007,#10008));
#10006 = ORIENTED_EDGE('',*,*,#9679,.T.);
#10007 = ORIENTED_EDGE('',*,*,#9956,.T.);
#10008 = ORIENTED_EDGE('',*,*,#10009,.T.);
#10009 = EDGE_CURVE('',#9934,#9680,#10010,.T.);
#10010 = SURFACE_CURVE('',#10011,(#10016,#10045),.PCURVE_S1.);
#10011 = CIRCLE('',#10012,0.988685996664);
#10012 = AXIS2_PLACEMENT_3D('',#10013,#10014,#10015);
#10013 = CARTESIAN_POINT('',(-25.20094323213,3.509677419355,
    -4.293078486158));
#10014 = DIRECTION('',(0.,-1.,0.));
#10015 = DIRECTION('',(2.084154059688E-13,0.,1.));
#10016 = PCURVE('',#9696,#10017);
#10017 = DEFINITIONAL_REPRESENTATION('',(#10018),#10044);
#10018 = B_SPLINE_CURVE_WITH_KNOTS('',3,(#10019,#10020,#10021,#10022,
    #10023,#10024,#10025,#10026,#10027,#10028,#10029,#10030,#10031,
    #10032,#10033,#10034,#10035,#10036,#10037,#10038,#10039,#10040,
    #10041,#10042,#10043),.UNSPECIFIED.,.F.,.F.,(4,1,1,1,1,1,1,1,1,1,1,1
    ,1,1,1,1,1,1,1,1,1,1,4),(0.,6.563757372044E-02,0.131275147441,
    0.196912721161,0.262550294882,0.328187868602,0.393825442323,
    0.459463016043,0.525100589764,0.590738163484,0.656375737204,
    0.722013310925,0.787650884645,0.853288458366,0.918926032086,
    0.984563605807,1.050201179527,1.115838753248,1.181476326968,
    1.247113900688,1.312751474409,1.378389048129,1.44402662185),
  .QUASI_UNIFORM_KNOTS.);
#10019 = CARTESIAN_POINT('',(1.575720873188,1.570796326795));
#10020 = CARTESIAN_POINT('',(1.574352376197,1.549164678127));
#10021 = CARTESIAN_POINT('',(1.5748303386,1.505901376101));
#10022 = CARTESIAN_POINT('',(1.580890489732,1.441008000605));
#10023 = CARTESIAN_POINT('',(1.585542544836,1.376117784893));
#10024 = CARTESIAN_POINT('',(1.590608947131,1.311232343994));
#10025 = CARTESIAN_POINT('',(1.595615123891,1.246353332004));
#10026 = CARTESIAN_POINT('',(1.600702418859,1.181482458839));
#10027 = CARTESIAN_POINT('',(1.605847702495,1.116621505392));
#10028 = CARTESIAN_POINT('',(1.61107261521,1.051772340715));
#10029 = CARTESIAN_POINT('',(1.616387652348,0.986936940699));
#10030 = CARTESIAN_POINT('',(1.621807314449,0.922117408887));
#10031 = CARTESIAN_POINT('',(1.627346235736,0.857315999855));
#10032 = CARTESIAN_POINT('',(1.633020434065,0.792535145724));
#10033 = CARTESIAN_POINT('',(1.638847218478,0.727777486516));
#10034 = CARTESIAN_POINT('',(1.644845492904,0.663045905172));
#10035 = CARTESIAN_POINT('',(1.651035997578,0.598343568197));
#10036 = CARTESIAN_POINT('',(1.657441622318,0.533673973462));
#10037 = CARTESIAN_POINT('',(1.664087761273,0.46904100565));
#10038 = CARTESIAN_POINT('',(1.67100275581,0.404449005293));
#10039 = CARTESIAN_POINT('',(1.678218343018,0.339902838945));
#10040 = CARTESIAN_POINT('',(1.685770485891,0.275408029222));
#10041 = CARTESIAN_POINT('',(1.693699280569,0.210970741108));
#10042 = CARTESIAN_POINT('',(1.699268381558,0.168055849965));
#10043 = CARTESIAN_POINT('',(1.702131389551,0.146610407695));
#10044 = ( GEOMETRIC_REPRESENTATION_CONTEXT(2) 
PARAMETRIC_REPRESENTATION_CONTEXT() REPRESENTATION_CONTEXT('2D SPACE',''
  ) );
#10045 = PCURVE('',#9746,#10046);
#10046 = DEFINITIONAL_REPRESENTATION('',(#10047),#10051);
#10047 = CIRCLE('',#10048,0.988685996664);
#10048 = AXIS2_PLACEMENT_2D('',#10049,#10050);
#10049 = CARTESIAN_POINT('',(1.25,3.));
#10050 = DIRECTION('',(1.,-2.084154059688E-13));
#10051 = ( GEOMETRIC_REPRESENTATION_CONTEXT(2) 
PARAMETRIC_REPRESENTATION_CONTEXT() REPRESENTATION_CONTEXT('2D SPACE',''
  ) );
#10052 = ADVANCED_FACE('',(#10053),#9746,.F.);
#10053 = FACE_BOUND('',#10054,.T.);
#10054 = EDGE_LOOP('',(#10055,#10056,#10057,#10058));
#10055 = ORIENTED_EDGE('',*,*,#9730,.F.);
#10056 = ORIENTED_EDGE('',*,*,#10009,.F.);
#10057 = ORIENTED_EDGE('',*,*,#9933,.F.);
#10058 = ORIENTED_EDGE('',*,*,#10059,.F.);
#10059 = EDGE_CURVE('',#9731,#9910,#10060,.T.);
#10060 = SURFACE_CURVE('',#10061,(#10065,#10072),.PCURVE_S1.);
#10061 = LINE('',#10062,#10063);
#10062 = CARTESIAN_POINT('',(-22.20094323213,3.509677419355,
    -4.168078486158));
#10063 = VECTOR('',#10064,1.);
#10064 = DIRECTION('',(0.,0.,1.));
#10065 = PCURVE('',#9746,#10066);
#10066 = DEFINITIONAL_REPRESENTATION('',(#10067),#10071);
#10067 = LINE('',#10068,#10069);
#10068 = CARTESIAN_POINT('',(1.375,0.));
#10069 = VECTOR('',#10070,1.);
#10070 = DIRECTION('',(1.,0.));
#10071 = ( GEOMETRIC_REPRESENTATION_CONTEXT(2) 
PARAMETRIC_REPRESENTATION_CONTEXT() REPRESENTATION_CONTEXT('2D SPACE',''
  ) );
#10072 = PCURVE('',#9772,#10073);
#10073 = DEFINITIONAL_REPRESENTATION('',(#10074),#10078);
#10074 = LINE('',#10075,#10076);
#10075 = CARTESIAN_POINT('',(-4.1,0.125));
#10076 = VECTOR('',#10077,1.);
#10077 = DIRECTION('',(0.,1.));
#10078 = ( GEOMETRIC_REPRESENTATION_CONTEXT(2) 
PARAMETRIC_REPRESENTATION_CONTEXT() REPRESENTATION_CONTEXT('2D SPACE',''
  ) );
#10079 = ADVANCED_FACE('',(#10080),#9772,.T.);
#10080 = FACE_BOUND('',#10081,.T.);
#10081 = EDGE_LOOP('',(#10082,#10083,#10084,#10085));
#10082 = ORIENTED_EDGE('',*,*,#9788,.T.);
#10083 = ORIENTED_EDGE('',*,*,#9758,.T.);
#10084 = ORIENTED_EDGE('',*,*,#10059,.T.);
#10085 = ORIENTED_EDGE('',*,*,#9909,.T.);
#10086 = ADVANCED_FACE('',(#10087),#8412,.F.);
#10087 = FACE_BOUND('',#10088,.T.);
#10088 = EDGE_LOOP('',(#10089,#10119,#10147,#10175,#10226,#10247,#10248,
    #10271));
#10089 = ORIENTED_EDGE('',*,*,#10090,.T.);
#10090 = EDGE_CURVE('',#10091,#10093,#10095,.T.);
#10091 = VERTEX_POINT('',#10092);
#10092 = CARTESIAN_POINT('',(-26.18169549443,3.809677419355,
    -4.418078486158));
#10093 = VERTEX_POINT('',#10094);
#10094 = CARTESIAN_POINT('',(-22.20094323213,3.809677419355,
    -4.418078486158));
#10095 = SURFACE_CURVE('',#10096,(#10100,#10107),.PCURVE_S1.);
#10096 = LINE('',#10097,#10098);
#10097 = CARTESIAN_POINT('',(-26.18169549443,3.809677419355,
    -4.418078486158));
#10098 = VECTOR('',#10099,1.);
#10099 = DIRECTION('',(1.,0.,0.));
#10100 = PCURVE('',#8412,#10101);
#10101 = DEFINITIONAL_REPRESENTATION('',(#10102),#10106);
#10102 = LINE('',#10103,#10104);
#10103 = CARTESIAN_POINT('',(-13.28451646897,-6.8));
#10104 = VECTOR('',#10105,1.);
#10105 = DIRECTION('',(1.,0.));
#10106 = ( GEOMETRIC_REPRESENTATION_CONTEXT(2) 
PARAMETRIC_REPRESENTATION_CONTEXT() REPRESENTATION_CONTEXT('2D SPACE',''
  ) );
#10107 = PCURVE('',#10108,#10113);
#10108 = PLANE('',#10109);
#10109 = AXIS2_PLACEMENT_3D('',#10110,#10111,#10112);
#10110 = CARTESIAN_POINT('',(-22.20094323213,3.809677419355,
    -5.543078486158));
#10111 = DIRECTION('',(0.,1.,0.));
#10112 = DIRECTION('',(-1.,0.,0.));
#10113 = DEFINITIONAL_REPRESENTATION('',(#10114),#10118);
#10114 = LINE('',#10115,#10116);
#10115 = CARTESIAN_POINT('',(3.9807522623,1.125));
#10116 = VECTOR('',#10117,1.);
#10117 = DIRECTION('',(-1.,0.));
#10118 = ( GEOMETRIC_REPRESENTATION_CONTEXT(2) 
PARAMETRIC_REPRESENTATION_CONTEXT() REPRESENTATION_CONTEXT('2D SPACE',''
  ) );
#10119 = ORIENTED_EDGE('',*,*,#10120,.F.);
#10120 = EDGE_CURVE('',#10121,#10093,#10123,.T.);
#10121 = VERTEX_POINT('',#10122);
#10122 = CARTESIAN_POINT('',(-22.20094323213,3.509677419355,
    -4.418078486158));
#10123 = SURFACE_CURVE('',#10124,(#10128,#10135),.PCURVE_S1.);
#10124 = LINE('',#10125,#10126);
#10125 = CARTESIAN_POINT('',(-22.20094323213,3.509677419355,
    -4.418078486158));
#10126 = VECTOR('',#10127,1.);
#10127 = DIRECTION('',(0.,1.,0.));
#10128 = PCURVE('',#8412,#10129);
#10129 = DEFINITIONAL_REPRESENTATION('',(#10130),#10134);
#10130 = LINE('',#10131,#10132);
#10131 = CARTESIAN_POINT('',(-9.30376420667,-6.5));
#10132 = VECTOR('',#10133,1.);
#10133 = DIRECTION('',(0.,-1.));
#10134 = ( GEOMETRIC_REPRESENTATION_CONTEXT(2) 
PARAMETRIC_REPRESENTATION_CONTEXT() REPRESENTATION_CONTEXT('2D SPACE',''
  ) );
#10135 = PCURVE('',#10136,#10141);
#10136 = PLANE('',#10137);
#10137 = AXIS2_PLACEMENT_3D('',#10138,#10139,#10140);
#10138 = CARTESIAN_POINT('',(-22.20094323213,-0.590322580645,
    -4.293078486158));
#10139 = DIRECTION('',(-1.,0.,0.));
#10140 = DIRECTION('',(0.,-1.,0.));
#10141 = DEFINITIONAL_REPRESENTATION('',(#10142),#10146);
#10142 = LINE('',#10143,#10144);
#10143 = CARTESIAN_POINT('',(-4.1,-0.125));
#10144 = VECTOR('',#10145,1.);
#10145 = DIRECTION('',(-1.,0.));
#10146 = ( GEOMETRIC_REPRESENTATION_CONTEXT(2) 
PARAMETRIC_REPRESENTATION_CONTEXT() REPRESENTATION_CONTEXT('2D SPACE',''
  ) );
#10147 = ORIENTED_EDGE('',*,*,#10148,.T.);
#10148 = EDGE_CURVE('',#10121,#10149,#10151,.T.);
#10149 = VERTEX_POINT('',#10150);
#10150 = CARTESIAN_POINT('',(-26.18169549443,3.509677419355,
    -4.418078486158));
#10151 = SURFACE_CURVE('',#10152,(#10156,#10163),.PCURVE_S1.);
#10152 = LINE('',#10153,#10154);
#10153 = CARTESIAN_POINT('',(-22.20094323213,3.509677419355,
    -4.418078486158));
#10154 = VECTOR('',#10155,1.);
#10155 = DIRECTION('',(-1.,0.,0.));
#10156 = PCURVE('',#8412,#10157);
#10157 = DEFINITIONAL_REPRESENTATION('',(#10158),#10162);
#10158 = LINE('',#10159,#10160);
#10159 = CARTESIAN_POINT('',(-9.30376420667,-6.5));
#10160 = VECTOR('',#10161,1.);
#10161 = DIRECTION('',(-1.,0.));
#10162 = ( GEOMETRIC_REPRESENTATION_CONTEXT(2) 
PARAMETRIC_REPRESENTATION_CONTEXT() REPRESENTATION_CONTEXT('2D SPACE',''
  ) );
#10163 = PCURVE('',#10164,#10169);
#10164 = PLANE('',#10165);
#10165 = AXIS2_PLACEMENT_3D('',#10166,#10167,#10168);
#10166 = CARTESIAN_POINT('',(-22.20094323213,3.509677419355,
    -5.543078486158));
#10167 = DIRECTION('',(0.,-1.,0.));
#10168 = DIRECTION('',(0.,0.,1.));
#10169 = DEFINITIONAL_REPRESENTATION('',(#10170),#10174);
#10170 = LINE('',#10171,#10172);
#10171 = CARTESIAN_POINT('',(1.125,0.));
#10172 = VECTOR('',#10173,1.);
#10173 = DIRECTION('',(0.,1.));
#10174 = ( GEOMETRIC_REPRESENTATION_CONTEXT(2) 
PARAMETRIC_REPRESENTATION_CONTEXT() REPRESENTATION_CONTEXT('2D SPACE',''
  ) );
#10175 = ORIENTED_EDGE('',*,*,#10176,.F.);
#10176 = EDGE_CURVE('',#10177,#10149,#10179,.T.);
#10177 = VERTEX_POINT('',#10178);
#10178 = CARTESIAN_POINT('',(-25.20094323213,2.667520677706,
    -4.418078486158));
#10179 = SURFACE_CURVE('',#10180,(#10185,#10192),.PCURVE_S1.);
#10180 = CIRCLE('',#10181,0.992156741649);
#10181 = AXIS2_PLACEMENT_3D('',#10182,#10183,#10184);
#10182 = CARTESIAN_POINT('',(-25.20094323213,3.659677419355,
    -4.418078486158));
#10183 = DIRECTION('',(0.,0.,-1.));
#10184 = DIRECTION('',(-1.410834730731E-12,-1.,-0.));
#10185 = PCURVE('',#8412,#10186);
#10186 = DEFINITIONAL_REPRESENTATION('',(#10187),#10191);
#10187 = CIRCLE('',#10188,0.992156741649);
#10188 = AXIS2_PLACEMENT_2D('',#10189,#10190);
#10189 = CARTESIAN_POINT('',(-12.30376420667,-6.65));
#10190 = DIRECTION('',(-1.410834730731E-12,1.));
#10191 = ( GEOMETRIC_REPRESENTATION_CONTEXT(2) 
PARAMETRIC_REPRESENTATION_CONTEXT() REPRESENTATION_CONTEXT('2D SPACE',''
  ) );
#10192 = PCURVE('',#10193,#10198);
#10193 = SPHERICAL_SURFACE('',#10194,1.);
#10194 = AXIS2_PLACEMENT_3D('',#10195,#10196,#10197);
#10195 = CARTESIAN_POINT('',(-25.20094323213,3.659677419355,
    -4.293078486158));
#10196 = DIRECTION('',(2.000177801165E-12,-0.15,-0.988685996664));
#10197 = DIRECTION('',(2.651745489857E-11,-0.988685996664,0.15));
#10198 = DEFINITIONAL_REPRESENTATION('',(#10199),#10225);
#10199 = B_SPLINE_CURVE_WITH_KNOTS('',3,(#10200,#10201,#10202,#10203,
    #10204,#10205,#10206,#10207,#10208,#10209,#10210,#10211,#10212,
    #10213,#10214,#10215,#10216,#10217,#10218,#10219,#10220,#10221,
    #10222,#10223,#10224),.UNSPECIFIED.,.F.,.F.,(4,1,1,1,1,1,1,1,1,1,1,1
    ,1,1,1,1,1,1,1,1,1,1,4),(0.,6.450129935627E-02,0.129002598713,
    0.193503898069,0.258005197425,0.322506496781,0.387007796138,
    0.451509095494,0.51601039485,0.580511694206,0.645012993563,
    0.709514292919,0.774015592275,0.838516891632,0.903018190988,
    0.967519490344,1.0320207897,1.096522089057,1.161023388413,
    1.225524687769,1.290025987125,1.354527286482,1.419028585838),
  .QUASI_UNIFORM_KNOTS.);
#10200 = CARTESIAN_POINT('',(0.,0.275896103945));
#10201 = CARTESIAN_POINT('',(2.217027388363E-02,0.27589635474));
#10202 = CARTESIAN_POINT('',(6.651072192301E-02,0.275681401943));
#10203 = CARTESIAN_POINT('',(0.133002655417,0.274717428775));
#10204 = CARTESIAN_POINT('',(0.199457213839,0.273115557893));
#10205 = CARTESIAN_POINT('',(0.265856450624,0.270883540795));
#10206 = CARTESIAN_POINT('',(0.332183210655,0.26803175345));
#10207 = CARTESIAN_POINT('',(0.398421420581,0.264573499455));
#10208 = CARTESIAN_POINT('',(0.464556300329,0.260524810028));
#10209 = CARTESIAN_POINT('',(0.530574561898,0.255904356067));
#10210 = CARTESIAN_POINT('',(0.596464573213,0.250733310197));
#10211 = CARTESIAN_POINT('',(0.662216489716,0.245035205253));
#10212 = CARTESIAN_POINT('',(0.727822350931,0.238835779883));
#10213 = CARTESIAN_POINT('',(0.793276141914,0.232162816923));
#10214 = CARTESIAN_POINT('',(0.858573819924,0.225045976105));
#10215 = CARTESIAN_POINT('',(0.923713307574,0.217516623559));
#10216 = CARTESIAN_POINT('',(0.988694454267,0.20960766005));
#10217 = CARTESIAN_POINT('',(1.053518968592,0.201353349827));
#10218 = CARTESIAN_POINT('',(1.118190323567,0.192789151231));
#10219 = CARTESIAN_POINT('',(1.18271364121,0.183951551393));
#10220 = CARTESIAN_POINT('',(1.247095547023,0.174877901545));
#10221 = CARTESIAN_POINT('',(1.311344044859,0.165606269746));
#10222 = CARTESIAN_POINT('',(1.375468239344,0.156175250661));
#10223 = CARTESIAN_POINT('',(1.418141790531,0.149807722767));
#10224 = CARTESIAN_POINT('',(1.439461264065,0.146610407693));
#10225 = ( GEOMETRIC_REPRESENTATION_CONTEXT(2) 
PARAMETRIC_REPRESENTATION_CONTEXT() REPRESENTATION_CONTEXT('2D SPACE',''
  ) );
#10226 = ORIENTED_EDGE('',*,*,#10227,.F.);
#10227 = EDGE_CURVE('',#8395,#10177,#10228,.T.);
#10228 = SURFACE_CURVE('',#10229,(#10233,#10240),.PCURVE_S1.);
#10229 = LINE('',#10230,#10231);
#10230 = CARTESIAN_POINT('',(-21.20094323213,2.667520677706,
    -4.418078486158));
#10231 = VECTOR('',#10232,1.);
#10232 = DIRECTION('',(-1.,0.,0.));
#10233 = PCURVE('',#8412,#10234);
#10234 = DEFINITIONAL_REPRESENTATION('',(#10235),#10239);
#10235 = LINE('',#10236,#10237);
#10236 = CARTESIAN_POINT('',(-8.30376420667,-5.657843258351));
#10237 = VECTOR('',#10238,1.);
#10238 = DIRECTION('',(-1.,0.));
#10239 = ( GEOMETRIC_REPRESENTATION_CONTEXT(2) 
PARAMETRIC_REPRESENTATION_CONTEXT() REPRESENTATION_CONTEXT('2D SPACE',''
  ) );
#10240 = PCURVE('',#8443,#10241);
#10241 = DEFINITIONAL_REPRESENTATION('',(#10242),#10246);
#10242 = LINE('',#10243,#10244);
#10243 = CARTESIAN_POINT('',(0.125327831168,5.));
#10244 = VECTOR('',#10245,1.);
#10245 = DIRECTION('',(0.,-1.));
#10246 = ( GEOMETRIC_REPRESENTATION_CONTEXT(2) 
PARAMETRIC_REPRESENTATION_CONTEXT() REPRESENTATION_CONTEXT('2D SPACE',''
  ) );
#10247 = ORIENTED_EDGE('',*,*,#8394,.T.);
#10248 = ORIENTED_EDGE('',*,*,#10249,.F.);
#10249 = EDGE_CURVE('',#10250,#8397,#10252,.T.);
#10250 = VERTEX_POINT('',#10251);
#10251 = CARTESIAN_POINT('',(-25.20094323213,4.651834161004,
    -4.418078486158));
#10252 = SURFACE_CURVE('',#10253,(#10257,#10264),.PCURVE_S1.);
#10253 = LINE('',#10254,#10255);
#10254 = CARTESIAN_POINT('',(-25.20094323214,4.651834161004,
    -4.418078486158));
#10255 = VECTOR('',#10256,1.);
#10256 = DIRECTION('',(1.,0.,1.287858708564E-14));
#10257 = PCURVE('',#8412,#10258);
#10258 = DEFINITIONAL_REPRESENTATION('',(#10259),#10263);
#10259 = LINE('',#10260,#10261);
#10260 = CARTESIAN_POINT('',(-12.30376420668,-7.642156741649));
#10261 = VECTOR('',#10262,1.);
#10262 = DIRECTION('',(1.,0.));
#10263 = ( GEOMETRIC_REPRESENTATION_CONTEXT(2) 
PARAMETRIC_REPRESENTATION_CONTEXT() REPRESENTATION_CONTEXT('2D SPACE',''
  ) );
#10264 = PCURVE('',#8443,#10265);
#10265 = DEFINITIONAL_REPRESENTATION('',(#10266),#10270);
#10266 = LINE('',#10267,#10268);
#10267 = CARTESIAN_POINT('',(3.016264822422,0.99999999999));
#10268 = VECTOR('',#10269,1.);
#10269 = DIRECTION('',(1.276756478319E-14,1.));
#10270 = ( GEOMETRIC_REPRESENTATION_CONTEXT(2) 
PARAMETRIC_REPRESENTATION_CONTEXT() REPRESENTATION_CONTEXT('2D SPACE',''
  ) );
#10271 = ORIENTED_EDGE('',*,*,#10272,.F.);
#10272 = EDGE_CURVE('',#10091,#10250,#10273,.T.);
#10273 = SURFACE_CURVE('',#10274,(#10279,#10286),.PCURVE_S1.);
#10274 = CIRCLE('',#10275,0.992156741649);
#10275 = AXIS2_PLACEMENT_3D('',#10276,#10277,#10278);
#10276 = CARTESIAN_POINT('',(-25.20094323213,3.659677419355,
    -4.418078486158));
#10277 = DIRECTION('',(0.,0.,-1.));
#10278 = DIRECTION('',(-0.988505365257,0.151185789204,0.));
#10279 = PCURVE('',#8412,#10280);
#10280 = DEFINITIONAL_REPRESENTATION('',(#10281),#10285);
#10281 = CIRCLE('',#10282,0.992156741649);
#10282 = AXIS2_PLACEMENT_2D('',#10283,#10284);
#10283 = CARTESIAN_POINT('',(-12.30376420667,-6.65));
#10284 = DIRECTION('',(-0.988505365257,-0.151185789204));
#10285 = ( GEOMETRIC_REPRESENTATION_CONTEXT(2) 
PARAMETRIC_REPRESENTATION_CONTEXT() REPRESENTATION_CONTEXT('2D SPACE',''
  ) );
#10286 = PCURVE('',#10287,#10292);
#10287 = SPHERICAL_SURFACE('',#10288,1.);
#10288 = AXIS2_PLACEMENT_3D('',#10289,#10290,#10291);
#10289 = CARTESIAN_POINT('',(-25.20094323213,3.659677419355,
    -4.293078486158));
#10290 = DIRECTION('',(0.,0.15,-0.988685996664));
#10291 = DIRECTION('',(0.,-0.988685996664,-0.15));
#10292 = DEFINITIONAL_REPRESENTATION('',(#10293),#10319);
#10293 = B_SPLINE_CURVE_WITH_KNOTS('',3,(#10294,#10295,#10296,#10297,
    #10298,#10299,#10300,#10301,#10302,#10303,#10304,#10305,#10306,
    #10307,#10308,#10309,#10310,#10311,#10312,#10313,#10314,#10315,
    #10316,#10317,#10318),.UNSPECIFIED.,.F.,.F.,(4,1,1,1,1,1,1,1,1,1,1,1
    ,1,1,1,1,1,1,1,1,1,1,4),(0.,6.450129935631E-02,0.129002598713,
    0.193503898069,0.258005197425,0.322506496782,0.387007796138,
    0.451509095494,0.516010394851,0.580511694207,0.645012993563,
    0.709514292919,0.774015592276,0.838516891632,0.903018190988,
    0.967519490345,1.032020789701,1.096522089057,1.161023388414,
    1.22552468777,1.290025987126,1.354527286483,1.419028585839),
  .QUASI_UNIFORM_KNOTS.);
#10294 = CARTESIAN_POINT('',(1.702131389551,0.146610407695));
#10295 = CARTESIAN_POINT('',(1.723450863086,0.149807722769));
#10296 = CARTESIAN_POINT('',(1.766124414273,0.156175250663));
#10297 = CARTESIAN_POINT('',(1.830248608758,0.165606269748));
#10298 = CARTESIAN_POINT('',(1.894497106594,0.174877901547));
#10299 = CARTESIAN_POINT('',(1.958879012407,0.183951551395));
#10300 = CARTESIAN_POINT('',(2.02340233005,0.192789151233));
#10301 = CARTESIAN_POINT('',(2.088073685025,0.201353349829));
#10302 = CARTESIAN_POINT('',(2.152898199351,0.209607660051));
#10303 = CARTESIAN_POINT('',(2.217879346044,0.217516623561));
#10304 = CARTESIAN_POINT('',(2.283018833693,0.225045976107));
#10305 = CARTESIAN_POINT('',(2.348316511704,0.232162816924));
#10306 = CARTESIAN_POINT('',(2.413770302687,0.238835779884));
#10307 = CARTESIAN_POINT('',(2.479376163902,0.245035205255));
#10308 = CARTESIAN_POINT('',(2.545128080405,0.250733310198));
#10309 = CARTESIAN_POINT('',(2.61101809172,0.255904356068));
#10310 = CARTESIAN_POINT('',(2.677036353289,0.260524810029));
#10311 = CARTESIAN_POINT('',(2.743171233037,0.264573499456));
#10312 = CARTESIAN_POINT('',(2.809409442963,0.26803175345));
#10313 = CARTESIAN_POINT('',(2.875736202994,0.270883540796));
#10314 = CARTESIAN_POINT('',(2.94213543978,0.273115557894));
#10315 = CARTESIAN_POINT('',(3.008589998199,0.274717428775));
#10316 = CARTESIAN_POINT('',(3.0750819317,0.275681401944));
#10317 = CARTESIAN_POINT('',(3.119422379724,0.27589635474));
#10318 = CARTESIAN_POINT('',(3.14159265359,0.275896103945));
#10319 = ( GEOMETRIC_REPRESENTATION_CONTEXT(2) 
PARAMETRIC_REPRESENTATION_CONTEXT() REPRESENTATION_CONTEXT('2D SPACE',''
  ) );
#10320 = ADVANCED_FACE('',(#10321),#10108,.F.);
#10321 = FACE_BOUND('',#10322,.T.);
#10322 = EDGE_LOOP('',(#10323,#10324,#10347,#10370));
#10323 = ORIENTED_EDGE('',*,*,#10090,.F.);
#10324 = ORIENTED_EDGE('',*,*,#10325,.F.);
#10325 = EDGE_CURVE('',#10326,#10091,#10328,.T.);
#10326 = VERTEX_POINT('',#10327);
#10327 = CARTESIAN_POINT('',(-25.20094323213,3.809677419355,
    -5.281764482822));
#10328 = SURFACE_CURVE('',#10329,(#10334,#10341),.PCURVE_S1.);
#10329 = CIRCLE('',#10330,0.988685996664);
#10330 = AXIS2_PLACEMENT_3D('',#10331,#10332,#10333);
#10331 = CARTESIAN_POINT('',(-25.20094323213,3.809677419355,
    -4.293078486158));
#10332 = DIRECTION('',(0.,1.,0.));
#10333 = DIRECTION('',(-2.084154059688E-13,0.,-1.));
#10334 = PCURVE('',#10108,#10335);
#10335 = DEFINITIONAL_REPRESENTATION('',(#10336),#10340);
#10336 = CIRCLE('',#10337,0.988685996664);
#10337 = AXIS2_PLACEMENT_2D('',#10338,#10339);
#10338 = CARTESIAN_POINT('',(3.,1.25));
#10339 = DIRECTION('',(2.084154059688E-13,-1.));
#10340 = ( GEOMETRIC_REPRESENTATION_CONTEXT(2) 
PARAMETRIC_REPRESENTATION_CONTEXT() REPRESENTATION_CONTEXT('2D SPACE',''
  ) );
#10341 = PCURVE('',#10287,#10342);
#10342 = DEFINITIONAL_REPRESENTATION('',(#10343),#10346);
#10343 = B_SPLINE_CURVE_WITH_KNOTS('',1,(#10344,#10345),.UNSPECIFIED.,
  .F.,.F.,(2,2),(0.,1.444026621849),.PIECEWISE_BEZIER_KNOTS.);
#10344 = CARTESIAN_POINT('',(1.568641157718,1.570796326795));
#10345 = CARTESIAN_POINT('',(1.702131389551,0.146610407695));
#10346 = ( GEOMETRIC_REPRESENTATION_CONTEXT(2) 
PARAMETRIC_REPRESENTATION_CONTEXT() REPRESENTATION_CONTEXT('2D SPACE',''
  ) );
#10347 = ORIENTED_EDGE('',*,*,#10348,.F.);
#10348 = EDGE_CURVE('',#10349,#10326,#10351,.T.);
#10349 = VERTEX_POINT('',#10350);
#10350 = CARTESIAN_POINT('',(-22.20094323213,3.809677419355,
    -5.281764482822));
#10351 = SURFACE_CURVE('',#10352,(#10356,#10363),.PCURVE_S1.);
#10352 = LINE('',#10353,#10354);
#10353 = CARTESIAN_POINT('',(-22.20094323213,3.809677419355,
    -5.281764482822));
#10354 = VECTOR('',#10355,1.);
#10355 = DIRECTION('',(-1.,0.,0.));
#10356 = PCURVE('',#10108,#10357);
#10357 = DEFINITIONAL_REPRESENTATION('',(#10358),#10362);
#10358 = LINE('',#10359,#10360);
#10359 = CARTESIAN_POINT('',(0.,0.261314003336));
#10360 = VECTOR('',#10361,1.);
#10361 = DIRECTION('',(1.,0.));
#10362 = ( GEOMETRIC_REPRESENTATION_CONTEXT(2) 
PARAMETRIC_REPRESENTATION_CONTEXT() REPRESENTATION_CONTEXT('2D SPACE',''
  ) );
#10363 = PCURVE('',#8443,#10364);
#10364 = DEFINITIONAL_REPRESENTATION('',(#10365),#10369);
#10365 = LINE('',#10366,#10367);
#10366 = CARTESIAN_POINT('',(1.721364599572,4.));
#10367 = VECTOR('',#10368,1.);
#10368 = DIRECTION('',(0.,-1.));
#10369 = ( GEOMETRIC_REPRESENTATION_CONTEXT(2) 
PARAMETRIC_REPRESENTATION_CONTEXT() REPRESENTATION_CONTEXT('2D SPACE',''
  ) );
#10370 = ORIENTED_EDGE('',*,*,#10371,.F.);
#10371 = EDGE_CURVE('',#10093,#10349,#10372,.T.);
#10372 = SURFACE_CURVE('',#10373,(#10377,#10384),.PCURVE_S1.);
#10373 = LINE('',#10374,#10375);
#10374 = CARTESIAN_POINT('',(-22.20094323213,3.809677419355,
    -4.418078486158));
#10375 = VECTOR('',#10376,1.);
#10376 = DIRECTION('',(0.,0.,-1.));
#10377 = PCURVE('',#10108,#10378);
#10378 = DEFINITIONAL_REPRESENTATION('',(#10379),#10383);
#10379 = LINE('',#10380,#10381);
#10380 = CARTESIAN_POINT('',(0.,1.125));
#10381 = VECTOR('',#10382,1.);
#10382 = DIRECTION('',(0.,-1.));
#10383 = ( GEOMETRIC_REPRESENTATION_CONTEXT(2) 
PARAMETRIC_REPRESENTATION_CONTEXT() REPRESENTATION_CONTEXT('2D SPACE',''
  ) );
#10384 = PCURVE('',#10136,#10385);
#10385 = DEFINITIONAL_REPRESENTATION('',(#10386),#10390);
#10386 = LINE('',#10387,#10388);
#10387 = CARTESIAN_POINT('',(-4.4,-0.125));
#10388 = VECTOR('',#10389,1.);
#10389 = DIRECTION('',(0.,-1.));
#10390 = ( GEOMETRIC_REPRESENTATION_CONTEXT(2) 
PARAMETRIC_REPRESENTATION_CONTEXT() REPRESENTATION_CONTEXT('2D SPACE',''
  ) );
#10391 = ADVANCED_FACE('',(#10392),#10136,.T.);
#10392 = FACE_BOUND('',#10393,.T.);
#10393 = EDGE_LOOP('',(#10394,#10417,#10418,#10419));
#10394 = ORIENTED_EDGE('',*,*,#10395,.T.);
#10395 = EDGE_CURVE('',#10396,#10121,#10398,.T.);
#10396 = VERTEX_POINT('',#10397);
#10397 = CARTESIAN_POINT('',(-22.20094323213,3.509677419355,
    -5.281764482822));
#10398 = SURFACE_CURVE('',#10399,(#10403,#10410),.PCURVE_S1.);
#10399 = LINE('',#10400,#10401);
#10400 = CARTESIAN_POINT('',(-22.20094323213,3.509677419355,
    -5.281764482822));
#10401 = VECTOR('',#10402,1.);
#10402 = DIRECTION('',(0.,0.,1.));
#10403 = PCURVE('',#10136,#10404);
#10404 = DEFINITIONAL_REPRESENTATION('',(#10405),#10409);
#10405 = LINE('',#10406,#10407);
#10406 = CARTESIAN_POINT('',(-4.1,-0.988685996664));
#10407 = VECTOR('',#10408,1.);
#10408 = DIRECTION('',(0.,1.));
#10409 = ( GEOMETRIC_REPRESENTATION_CONTEXT(2) 
PARAMETRIC_REPRESENTATION_CONTEXT() REPRESENTATION_CONTEXT('2D SPACE',''
  ) );
#10410 = PCURVE('',#10164,#10411);
#10411 = DEFINITIONAL_REPRESENTATION('',(#10412),#10416);
#10412 = LINE('',#10413,#10414);
#10413 = CARTESIAN_POINT('',(0.261314003336,0.));
#10414 = VECTOR('',#10415,1.);
#10415 = DIRECTION('',(1.,0.));
#10416 = ( GEOMETRIC_REPRESENTATION_CONTEXT(2) 
PARAMETRIC_REPRESENTATION_CONTEXT() REPRESENTATION_CONTEXT('2D SPACE',''
  ) );
#10417 = ORIENTED_EDGE('',*,*,#10120,.T.);
#10418 = ORIENTED_EDGE('',*,*,#10371,.T.);
#10419 = ORIENTED_EDGE('',*,*,#10420,.T.);
#10420 = EDGE_CURVE('',#10349,#10396,#10421,.T.);
#10421 = SURFACE_CURVE('',#10422,(#10427,#10434),.PCURVE_S1.);
#10422 = CIRCLE('',#10423,1.);
#10423 = AXIS2_PLACEMENT_3D('',#10424,#10425,#10426);
#10424 = CARTESIAN_POINT('',(-22.20094323213,3.659677419355,
    -4.293078486158));
#10425 = DIRECTION('',(-1.,0.,0.));
#10426 = DIRECTION('',(0.,0.15,-0.988685996664));
#10427 = PCURVE('',#10136,#10428);
#10428 = DEFINITIONAL_REPRESENTATION('',(#10429),#10433);
#10429 = CIRCLE('',#10430,1.);
#10430 = AXIS2_PLACEMENT_2D('',#10431,#10432);
#10431 = CARTESIAN_POINT('',(-4.25,0.));
#10432 = DIRECTION('',(-0.15,-0.988685996664));
#10433 = ( GEOMETRIC_REPRESENTATION_CONTEXT(2) 
PARAMETRIC_REPRESENTATION_CONTEXT() REPRESENTATION_CONTEXT('2D SPACE',''
  ) );
#10434 = PCURVE('',#8443,#10435);
#10435 = DEFINITIONAL_REPRESENTATION('',(#10436),#10440);
#10436 = LINE('',#10437,#10438);
#10437 = CARTESIAN_POINT('',(1.721364599572,4.));
#10438 = VECTOR('',#10439,1.);
#10439 = DIRECTION('',(-1.,0.));
#10440 = ( GEOMETRIC_REPRESENTATION_CONTEXT(2) 
PARAMETRIC_REPRESENTATION_CONTEXT() REPRESENTATION_CONTEXT('2D SPACE',''
  ) );
#10441 = ADVANCED_FACE('',(#10442),#10164,.F.);
#10442 = FACE_BOUND('',#10443,.T.);
#10443 = EDGE_LOOP('',(#10444,#10445,#10446,#10469));
#10444 = ORIENTED_EDGE('',*,*,#10148,.F.);
#10445 = ORIENTED_EDGE('',*,*,#10395,.F.);
#10446 = ORIENTED_EDGE('',*,*,#10447,.F.);
#10447 = EDGE_CURVE('',#10448,#10396,#10450,.T.);
#10448 = VERTEX_POINT('',#10449);
#10449 = CARTESIAN_POINT('',(-25.20094323213,3.509677419355,
    -5.281764482822));
#10450 = SURFACE_CURVE('',#10451,(#10455,#10462),.PCURVE_S1.);
#10451 = LINE('',#10452,#10453);
#10452 = CARTESIAN_POINT('',(-25.20094323213,3.509677419355,
    -5.281764482822));
#10453 = VECTOR('',#10454,1.);
#10454 = DIRECTION('',(1.,0.,0.));
#10455 = PCURVE('',#10164,#10456);
#10456 = DEFINITIONAL_REPRESENTATION('',(#10457),#10461);
#10457 = LINE('',#10458,#10459);
#10458 = CARTESIAN_POINT('',(0.261314003336,3.));
#10459 = VECTOR('',#10460,1.);
#10460 = DIRECTION('',(0.,-1.));
#10461 = ( GEOMETRIC_REPRESENTATION_CONTEXT(2) 
PARAMETRIC_REPRESENTATION_CONTEXT() REPRESENTATION_CONTEXT('2D SPACE',''
  ) );
#10462 = PCURVE('',#8443,#10463);
#10463 = DEFINITIONAL_REPRESENTATION('',(#10464),#10468);
#10464 = LINE('',#10465,#10466);
#10465 = CARTESIAN_POINT('',(1.420228054018,1.));
#10466 = VECTOR('',#10467,1.);
#10467 = DIRECTION('',(0.,1.));
#10468 = ( GEOMETRIC_REPRESENTATION_CONTEXT(2) 
PARAMETRIC_REPRESENTATION_CONTEXT() REPRESENTATION_CONTEXT('2D SPACE',''
  ) );
#10469 = ORIENTED_EDGE('',*,*,#10470,.F.);
#10470 = EDGE_CURVE('',#10149,#10448,#10471,.T.);
#10471 = SURFACE_CURVE('',#10472,(#10477,#10484),.PCURVE_S1.);
#10472 = CIRCLE('',#10473,0.988685996664);
#10473 = AXIS2_PLACEMENT_3D('',#10474,#10475,#10476);
#10474 = CARTESIAN_POINT('',(-25.20094323213,3.509677419355,
    -4.293078486158));
#10475 = DIRECTION('',(0.,-1.,0.));
#10476 = DIRECTION('',(-0.991975476143,-0.,-0.126430434356));
#10477 = PCURVE('',#10164,#10478);
#10478 = DEFINITIONAL_REPRESENTATION('',(#10479),#10483);
#10479 = CIRCLE('',#10480,0.988685996664);
#10480 = AXIS2_PLACEMENT_2D('',#10481,#10482);
#10481 = CARTESIAN_POINT('',(1.25,3.));
#10482 = DIRECTION('',(-0.126430434356,0.991975476143));
#10483 = ( GEOMETRIC_REPRESENTATION_CONTEXT(2) 
PARAMETRIC_REPRESENTATION_CONTEXT() REPRESENTATION_CONTEXT('2D SPACE',''
  ) );
#10484 = PCURVE('',#10193,#10485);
#10485 = DEFINITIONAL_REPRESENTATION('',(#10486),#10489);
#10486 = B_SPLINE_CURVE_WITH_KNOTS('',1,(#10487,#10488),.UNSPECIFIED.,
  .F.,.F.,(2,2),(0.,1.444026621849),.PIECEWISE_BEZIER_KNOTS.);
#10487 = CARTESIAN_POINT('',(1.439461264065,0.146610407694));
#10488 = CARTESIAN_POINT('',(1.570796326795,1.570796326793));
#10489 = ( GEOMETRIC_REPRESENTATION_CONTEXT(2) 
PARAMETRIC_REPRESENTATION_CONTEXT() REPRESENTATION_CONTEXT('2D SPACE',''
  ) );
#10490 = ADVANCED_FACE('',(#10491),#10193,.T.);
#10491 = FACE_BOUND('',#10492,.T.);
#10492 = EDGE_LOOP('',(#10493,#10537,#10538));
#10493 = ORIENTED_EDGE('',*,*,#10494,.T.);
#10494 = EDGE_CURVE('',#10448,#10177,#10495,.T.);
#10495 = SURFACE_CURVE('',#10496,(#10501,#10530),.PCURVE_S1.);
#10496 = CIRCLE('',#10497,1.);
#10497 = AXIS2_PLACEMENT_3D('',#10498,#10499,#10500);
#10498 = CARTESIAN_POINT('',(-25.20094323213,3.659677419355,
    -4.293078486158));
#10499 = DIRECTION('',(-1.,-2.65181705601E-11,2.000177801165E-12));
#10500 = DIRECTION('',(2.000177801164E-12,-0.15,-0.988685996664));
#10501 = PCURVE('',#10193,#10502);
#10502 = DEFINITIONAL_REPRESENTATION('',(#10503),#10529);
#10503 = B_SPLINE_CURVE_WITH_KNOTS('',3,(#10504,#10505,#10506,#10507,
    #10508,#10509,#10510,#10511,#10512,#10513,#10514,#10515,#10516,
    #10517,#10518,#10519,#10520,#10521,#10522,#10523,#10524,#10525,
    #10526,#10527,#10528),.UNSPECIFIED.,.F.,.F.,(4,1,1,1,1,1,1,1,1,1,1,1
    ,1,1,1,1,1,1,1,1,1,1,4),(0.,5.885910103864E-02,0.117718202077,
    0.176577303116,0.235436404155,0.294295505193,0.353154606232,
    0.41201370727,0.470872808309,0.529731909348,0.588591010386,
    0.647450111425,0.706309212464,0.765168313502,0.824027414541,
    0.88288651558,0.941745616618,1.000604717657,1.059463818696,
    1.118322919734,1.177182020773,1.236041121811,1.29490022285),
  .QUASI_UNIFORM_KNOTS.);
#10504 = CARTESIAN_POINT('',(0.,1.570796326795));
#10505 = CARTESIAN_POINT('',(2.247201520633E-15,1.551176626449));
#10506 = CARTESIAN_POINT('',(1.652368519445E-15,1.511937225756));
#10507 = CARTESIAN_POINT('',(-9.154092099006E-15,1.453078124718));
#10508 = CARTESIAN_POINT('',(3.496399987658E-14,1.394219023679));
#10509 = CARTESIAN_POINT('',(-9.353025293113E-15,1.33535992264));
#10510 = CARTESIAN_POINT('',(2.44810129587E-15,1.276500821602));
#10511 = CARTESIAN_POINT('',(-4.39379890368E-16,1.217641720563));
#10512 = CARTESIAN_POINT('',(-6.905817343983E-16,1.158782619524));
#10513 = CARTESIAN_POINT('',(3.201706827961E-15,1.099923518486));
#10514 = CARTESIAN_POINT('',(-1.211624557745E-14,1.041064417447));
#10515 = CARTESIAN_POINT('',(2.63071133622E-15,0.982205316408));
#10516 = CARTESIAN_POINT('',(1.593400232568E-15,0.92334621537));
#10517 = CARTESIAN_POINT('',(-9.004312266493E-15,0.864487114331));
#10518 = CARTESIAN_POINT('',(2.449425724199E-15,0.805628013293));
#10519 = CARTESIAN_POINT('',(-7.93390630304E-16,0.746768912254));
#10520 = CARTESIAN_POINT('',(7.241367970166E-16,0.687909811215));
#10521 = CARTESIAN_POINT('',(-2.103156557763E-15,0.629050710177));
#10522 = CARTESIAN_POINT('',(7.688489434034E-15,0.570191609138));
#10523 = CARTESIAN_POINT('',(-3.328463536432E-15,0.511332508099));
#10524 = CARTESIAN_POINT('',(5.625364711696E-15,0.452473407061));
#10525 = CARTESIAN_POINT('',(4.528392962484E-15,0.393614306022));
#10526 = CARTESIAN_POINT('',(-6.575993448141E-16,0.334755204983));
#10527 = CARTESIAN_POINT('',(-1.484530170423E-15,0.295515804291));
#10528 = CARTESIAN_POINT('',(0.,0.275896103945));
#10529 = ( GEOMETRIC_REPRESENTATION_CONTEXT(2) 
PARAMETRIC_REPRESENTATION_CONTEXT() REPRESENTATION_CONTEXT('2D SPACE',''
  ) );
#10530 = PCURVE('',#8443,#10531);
#10531 = DEFINITIONAL_REPRESENTATION('',(#10532),#10536);
#10532 = LINE('',#10533,#10534);
#10533 = CARTESIAN_POINT('',(1.420228054018,1.000000000002));
#10534 = VECTOR('',#10535,1.);
#10535 = DIRECTION('',(-1.,1.85797921788E-11));
#10536 = ( GEOMETRIC_REPRESENTATION_CONTEXT(2) 
PARAMETRIC_REPRESENTATION_CONTEXT() REPRESENTATION_CONTEXT('2D SPACE',''
  ) );
#10537 = ORIENTED_EDGE('',*,*,#10176,.T.);
#10538 = ORIENTED_EDGE('',*,*,#10470,.T.);
#10539 = ADVANCED_FACE('',(#10540),#8443,.T.);
#10540 = FACE_BOUND('',#10541,.T.);
#10541 = EDGE_LOOP('',(#10542,#10543,#10565,#10566,#10567,#10568,#10569,
    #10570));
#10542 = ORIENTED_EDGE('',*,*,#10348,.T.);
#10543 = ORIENTED_EDGE('',*,*,#10544,.F.);
#10544 = EDGE_CURVE('',#10250,#10326,#10545,.T.);
#10545 = SURFACE_CURVE('',#10546,(#10551,#10558),.PCURVE_S1.);
#10546 = CIRCLE('',#10547,1.);
#10547 = AXIS2_PLACEMENT_3D('',#10548,#10549,#10550);
#10548 = CARTESIAN_POINT('',(-25.20094323213,3.659677419355,
    -4.293078486158));
#10549 = DIRECTION('',(-1.,0.,0.));
#10550 = DIRECTION('',(0.,0.45818391559,-0.888857412353));
#10551 = PCURVE('',#8443,#10552);
#10552 = DEFINITIONAL_REPRESENTATION('',(#10553),#10557);
#10553 = LINE('',#10554,#10555);
#10554 = CARTESIAN_POINT('',(8.329932586688,1.));
#10555 = VECTOR('',#10556,1.);
#10556 = DIRECTION('',(-1.,0.));
#10557 = ( GEOMETRIC_REPRESENTATION_CONTEXT(2) 
PARAMETRIC_REPRESENTATION_CONTEXT() REPRESENTATION_CONTEXT('2D SPACE',''
  ) );
#10558 = PCURVE('',#10287,#10559);
#10559 = DEFINITIONAL_REPRESENTATION('',(#10560),#10564);
#10560 = LINE('',#10561,#10562);
#10561 = CARTESIAN_POINT('',(3.14159265359,-5.037771660322));
#10562 = VECTOR('',#10563,1.);
#10563 = DIRECTION('',(0.,1.));
#10564 = ( GEOMETRIC_REPRESENTATION_CONTEXT(2) 
PARAMETRIC_REPRESENTATION_CONTEXT() REPRESENTATION_CONTEXT('2D SPACE',''
  ) );
#10565 = ORIENTED_EDGE('',*,*,#10249,.T.);
#10566 = ORIENTED_EDGE('',*,*,#8424,.F.);
#10567 = ORIENTED_EDGE('',*,*,#10227,.T.);
#10568 = ORIENTED_EDGE('',*,*,#10494,.F.);
#10569 = ORIENTED_EDGE('',*,*,#10447,.T.);
#10570 = ORIENTED_EDGE('',*,*,#10420,.F.);
#10571 = ADVANCED_FACE('',(#10572),#10287,.T.);
#10572 = FACE_BOUND('',#10573,.T.);
#10573 = EDGE_LOOP('',(#10574,#10575,#10576));
#10574 = ORIENTED_EDGE('',*,*,#10272,.T.);
#10575 = ORIENTED_EDGE('',*,*,#10544,.T.);
#10576 = ORIENTED_EDGE('',*,*,#10325,.T.);
#10577 = ADVANCED_FACE('',(#10578),#8475,.F.);
#10578 = FACE_BOUND('',#10579,.T.);
#10579 = EDGE_LOOP('',(#10580,#10610,#10638,#10666,#10717,#10738,#10739,
    #10762));
#10580 = ORIENTED_EDGE('',*,*,#10581,.T.);
#10581 = EDGE_CURVE('',#10582,#10584,#10586,.T.);
#10582 = VERTEX_POINT('',#10583);
#10583 = CARTESIAN_POINT('',(-26.18169549443,-1.190322580645,
    -4.418078486158));
#10584 = VERTEX_POINT('',#10585);
#10585 = CARTESIAN_POINT('',(-22.20094323213,-1.190322580645,
    -4.418078486158));
#10586 = SURFACE_CURVE('',#10587,(#10591,#10598),.PCURVE_S1.);
#10587 = LINE('',#10588,#10589);
#10588 = CARTESIAN_POINT('',(-26.18169549443,-1.190322580645,
    -4.418078486158));
#10589 = VECTOR('',#10590,1.);
#10590 = DIRECTION('',(1.,0.,0.));
#10591 = PCURVE('',#8475,#10592);
#10592 = DEFINITIONAL_REPRESENTATION('',(#10593),#10597);
#10593 = LINE('',#10594,#10595);
#10594 = CARTESIAN_POINT('',(-13.28451646897,-1.8));
#10595 = VECTOR('',#10596,1.);
#10596 = DIRECTION('',(1.,0.));
#10597 = ( GEOMETRIC_REPRESENTATION_CONTEXT(2) 
PARAMETRIC_REPRESENTATION_CONTEXT() REPRESENTATION_CONTEXT('2D SPACE',''
  ) );
#10598 = PCURVE('',#10599,#10604);
#10599 = PLANE('',#10600);
#10600 = AXIS2_PLACEMENT_3D('',#10601,#10602,#10603);
#10601 = CARTESIAN_POINT('',(-22.20094323213,-1.190322580645,
    -5.543078486158));
#10602 = DIRECTION('',(0.,1.,0.));
#10603 = DIRECTION('',(-1.,0.,0.));
#10604 = DEFINITIONAL_REPRESENTATION('',(#10605),#10609);
#10605 = LINE('',#10606,#10607);
#10606 = CARTESIAN_POINT('',(3.9807522623,1.125));
#10607 = VECTOR('',#10608,1.);
#10608 = DIRECTION('',(-1.,0.));
#10609 = ( GEOMETRIC_REPRESENTATION_CONTEXT(2) 
PARAMETRIC_REPRESENTATION_CONTEXT() REPRESENTATION_CONTEXT('2D SPACE',''
  ) );
#10610 = ORIENTED_EDGE('',*,*,#10611,.F.);
#10611 = EDGE_CURVE('',#10612,#10584,#10614,.T.);
#10612 = VERTEX_POINT('',#10613);
#10613 = CARTESIAN_POINT('',(-22.20094323213,-1.490322580645,
    -4.418078486158));
#10614 = SURFACE_CURVE('',#10615,(#10619,#10626),.PCURVE_S1.);
#10615 = LINE('',#10616,#10617);
#10616 = CARTESIAN_POINT('',(-22.20094323213,-1.490322580645,
    -4.418078486158));
#10617 = VECTOR('',#10618,1.);
#10618 = DIRECTION('',(0.,1.,0.));
#10619 = PCURVE('',#8475,#10620);
#10620 = DEFINITIONAL_REPRESENTATION('',(#10621),#10625);
#10621 = LINE('',#10622,#10623);
#10622 = CARTESIAN_POINT('',(-9.30376420667,-1.5));
#10623 = VECTOR('',#10624,1.);
#10624 = DIRECTION('',(0.,-1.));
#10625 = ( GEOMETRIC_REPRESENTATION_CONTEXT(2) 
PARAMETRIC_REPRESENTATION_CONTEXT() REPRESENTATION_CONTEXT('2D SPACE',''
  ) );
#10626 = PCURVE('',#10627,#10632);
#10627 = PLANE('',#10628);
#10628 = AXIS2_PLACEMENT_3D('',#10629,#10630,#10631);
#10629 = CARTESIAN_POINT('',(-22.20094323213,-0.590322580645,
    -4.293078486158));
#10630 = DIRECTION('',(-1.,0.,0.));
#10631 = DIRECTION('',(0.,-1.,0.));
#10632 = DEFINITIONAL_REPRESENTATION('',(#10633),#10637);
#10633 = LINE('',#10634,#10635);
#10634 = CARTESIAN_POINT('',(0.9,-0.125));
#10635 = VECTOR('',#10636,1.);
#10636 = DIRECTION('',(-1.,0.));
#10637 = ( GEOMETRIC_REPRESENTATION_CONTEXT(2) 
PARAMETRIC_REPRESENTATION_CONTEXT() REPRESENTATION_CONTEXT('2D SPACE',''
  ) );
#10638 = ORIENTED_EDGE('',*,*,#10639,.T.);
#10639 = EDGE_CURVE('',#10612,#10640,#10642,.T.);
#10640 = VERTEX_POINT('',#10641);
#10641 = CARTESIAN_POINT('',(-26.18169549443,-1.490322580645,
    -4.418078486158));
#10642 = SURFACE_CURVE('',#10643,(#10647,#10654),.PCURVE_S1.);
#10643 = LINE('',#10644,#10645);
#10644 = CARTESIAN_POINT('',(-22.20094323213,-1.490322580645,
    -4.418078486158));
#10645 = VECTOR('',#10646,1.);
#10646 = DIRECTION('',(-1.,0.,0.));
#10647 = PCURVE('',#8475,#10648);
#10648 = DEFINITIONAL_REPRESENTATION('',(#10649),#10653);
#10649 = LINE('',#10650,#10651);
#10650 = CARTESIAN_POINT('',(-9.30376420667,-1.5));
#10651 = VECTOR('',#10652,1.);
#10652 = DIRECTION('',(-1.,0.));
#10653 = ( GEOMETRIC_REPRESENTATION_CONTEXT(2) 
PARAMETRIC_REPRESENTATION_CONTEXT() REPRESENTATION_CONTEXT('2D SPACE',''
  ) );
#10654 = PCURVE('',#10655,#10660);
#10655 = PLANE('',#10656);
#10656 = AXIS2_PLACEMENT_3D('',#10657,#10658,#10659);
#10657 = CARTESIAN_POINT('',(-22.20094323213,-1.490322580645,
    -5.543078486158));
#10658 = DIRECTION('',(0.,-1.,0.));
#10659 = DIRECTION('',(0.,0.,1.));
#10660 = DEFINITIONAL_REPRESENTATION('',(#10661),#10665);
#10661 = LINE('',#10662,#10663);
#10662 = CARTESIAN_POINT('',(1.125,0.));
#10663 = VECTOR('',#10664,1.);
#10664 = DIRECTION('',(0.,1.));
#10665 = ( GEOMETRIC_REPRESENTATION_CONTEXT(2) 
PARAMETRIC_REPRESENTATION_CONTEXT() REPRESENTATION_CONTEXT('2D SPACE',''
  ) );
#10666 = ORIENTED_EDGE('',*,*,#10667,.F.);
#10667 = EDGE_CURVE('',#10668,#10640,#10670,.T.);
#10668 = VERTEX_POINT('',#10669);
#10669 = CARTESIAN_POINT('',(-25.20094323213,-2.332479322294,
    -4.418078486158));
#10670 = SURFACE_CURVE('',#10671,(#10676,#10683),.PCURVE_S1.);
#10671 = CIRCLE('',#10672,0.992156741649);
#10672 = AXIS2_PLACEMENT_3D('',#10673,#10674,#10675);
#10673 = CARTESIAN_POINT('',(-25.20094323213,-1.340322580645,
    -4.418078486158));
#10674 = DIRECTION('',(0.,0.,-1.));
#10675 = DIRECTION('',(-1.410834730731E-12,-1.,-0.));
#10676 = PCURVE('',#8475,#10677);
#10677 = DEFINITIONAL_REPRESENTATION('',(#10678),#10682);
#10678 = CIRCLE('',#10679,0.992156741649);
#10679 = AXIS2_PLACEMENT_2D('',#10680,#10681);
#10680 = CARTESIAN_POINT('',(-12.30376420667,-1.65));
#10681 = DIRECTION('',(-1.410834730731E-12,1.));
#10682 = ( GEOMETRIC_REPRESENTATION_CONTEXT(2) 
PARAMETRIC_REPRESENTATION_CONTEXT() REPRESENTATION_CONTEXT('2D SPACE',''
  ) );
#10683 = PCURVE('',#10684,#10689);
#10684 = SPHERICAL_SURFACE('',#10685,1.);
#10685 = AXIS2_PLACEMENT_3D('',#10686,#10687,#10688);
#10686 = CARTESIAN_POINT('',(-25.20094323213,-1.340322580645,
    -4.293078486158));
#10687 = DIRECTION('',(1.001865257422E-12,-0.15,-0.988685996664));
#10688 = DIRECTION('',(1.328359644504E-11,-0.988685996664,0.15));
#10689 = DEFINITIONAL_REPRESENTATION('',(#10690),#10716);
#10690 = B_SPLINE_CURVE_WITH_KNOTS('',3,(#10691,#10692,#10693,#10694,
    #10695,#10696,#10697,#10698,#10699,#10700,#10701,#10702,#10703,
    #10704,#10705,#10706,#10707,#10708,#10709,#10710,#10711,#10712,
    #10713,#10714,#10715),.UNSPECIFIED.,.F.,.F.,(4,1,1,1,1,1,1,1,1,1,1,1
    ,1,1,1,1,1,1,1,1,1,1,4),(0.,6.450129935627E-02,0.129002598713,
    0.193503898069,0.258005197425,0.322506496781,0.387007796138,
    0.451509095494,0.51601039485,0.580511694206,0.645012993563,
    0.709514292919,0.774015592275,0.838516891632,0.903018190988,
    0.967519490344,1.0320207897,1.096522089057,1.161023388413,
    1.225524687769,1.290025987125,1.354527286482,1.419028585838),
  .QUASI_UNIFORM_KNOTS.);
#10691 = CARTESIAN_POINT('',(0.,0.275896103945));
#10692 = CARTESIAN_POINT('',(2.217027387537E-02,0.27589635474));
#10693 = CARTESIAN_POINT('',(6.651072190706E-02,0.275681401943));
#10694 = CARTESIAN_POINT('',(0.133002655405,0.274717428775));
#10695 = CARTESIAN_POINT('',(0.199457213825,0.273115557894));
#10696 = CARTESIAN_POINT('',(0.265856450611,0.270883540796));
#10697 = CARTESIAN_POINT('',(0.332183210642,0.26803175345));
#10698 = CARTESIAN_POINT('',(0.398421420567,0.264573499455));
#10699 = CARTESIAN_POINT('',(0.464556300316,0.260524810029));
#10700 = CARTESIAN_POINT('',(0.530574561885,0.255904356067));
#10701 = CARTESIAN_POINT('',(0.596464573199,0.250733310198));
#10702 = CARTESIAN_POINT('',(0.662216489702,0.245035205254));
#10703 = CARTESIAN_POINT('',(0.727822350917,0.238835779883));
#10704 = CARTESIAN_POINT('',(0.793276141901,0.232162816923));
#10705 = CARTESIAN_POINT('',(0.858573819911,0.225045976106));
#10706 = CARTESIAN_POINT('',(0.92371330756,0.21751662356));
#10707 = CARTESIAN_POINT('',(0.988694454253,0.20960766005));
#10708 = CARTESIAN_POINT('',(1.053518968579,0.201353349828));
#10709 = CARTESIAN_POINT('',(1.118190323554,0.192789151232));
#10710 = CARTESIAN_POINT('',(1.182713641197,0.183951551394));
#10711 = CARTESIAN_POINT('',(1.247095547009,0.174877901546));
#10712 = CARTESIAN_POINT('',(1.311344044846,0.165606269747));
#10713 = CARTESIAN_POINT('',(1.375468239331,0.156175250662));
#10714 = CARTESIAN_POINT('',(1.418141790518,0.149807722768));
#10715 = CARTESIAN_POINT('',(1.439461264052,0.146610407694));
#10716 = ( GEOMETRIC_REPRESENTATION_CONTEXT(2) 
PARAMETRIC_REPRESENTATION_CONTEXT() REPRESENTATION_CONTEXT('2D SPACE',''
  ) );
#10717 = ORIENTED_EDGE('',*,*,#10718,.F.);
#10718 = EDGE_CURVE('',#8458,#10668,#10719,.T.);
#10719 = SURFACE_CURVE('',#10720,(#10724,#10731),.PCURVE_S1.);
#10720 = LINE('',#10721,#10722);
#10721 = CARTESIAN_POINT('',(-21.20094323213,-2.332479322294,
    -4.418078486158));
#10722 = VECTOR('',#10723,1.);
#10723 = DIRECTION('',(-1.,0.,0.));
#10724 = PCURVE('',#8475,#10725);
#10725 = DEFINITIONAL_REPRESENTATION('',(#10726),#10730);
#10726 = LINE('',#10727,#10728);
#10727 = CARTESIAN_POINT('',(-8.30376420667,-0.657843258351));
#10728 = VECTOR('',#10729,1.);
#10729 = DIRECTION('',(-1.,0.));
#10730 = ( GEOMETRIC_REPRESENTATION_CONTEXT(2) 
PARAMETRIC_REPRESENTATION_CONTEXT() REPRESENTATION_CONTEXT('2D SPACE',''
  ) );
#10731 = PCURVE('',#8506,#10732);
#10732 = DEFINITIONAL_REPRESENTATION('',(#10733),#10737);
#10733 = LINE('',#10734,#10735);
#10734 = CARTESIAN_POINT('',(0.125327831168,5.));
#10735 = VECTOR('',#10736,1.);
#10736 = DIRECTION('',(0.,-1.));
#10737 = ( GEOMETRIC_REPRESENTATION_CONTEXT(2) 
PARAMETRIC_REPRESENTATION_CONTEXT() REPRESENTATION_CONTEXT('2D SPACE',''
  ) );
#10738 = ORIENTED_EDGE('',*,*,#8457,.T.);
#10739 = ORIENTED_EDGE('',*,*,#10740,.F.);
#10740 = EDGE_CURVE('',#10741,#8460,#10743,.T.);
#10741 = VERTEX_POINT('',#10742);
#10742 = CARTESIAN_POINT('',(-25.20094323213,-0.348165838996,
    -4.418078486158));
#10743 = SURFACE_CURVE('',#10744,(#10748,#10755),.PCURVE_S1.);
#10744 = LINE('',#10745,#10746);
#10745 = CARTESIAN_POINT('',(-25.20094323214,-0.348165838996,
    -4.418078486158));
#10746 = VECTOR('',#10747,1.);
#10747 = DIRECTION('',(1.,0.,0.));
#10748 = PCURVE('',#8475,#10749);
#10749 = DEFINITIONAL_REPRESENTATION('',(#10750),#10754);
#10750 = LINE('',#10751,#10752);
#10751 = CARTESIAN_POINT('',(-12.30376420668,-2.642156741649));
#10752 = VECTOR('',#10753,1.);
#10753 = DIRECTION('',(1.,0.));
#10754 = ( GEOMETRIC_REPRESENTATION_CONTEXT(2) 
PARAMETRIC_REPRESENTATION_CONTEXT() REPRESENTATION_CONTEXT('2D SPACE',''
  ) );
#10755 = PCURVE('',#8506,#10756);
#10756 = DEFINITIONAL_REPRESENTATION('',(#10757),#10761);
#10757 = LINE('',#10758,#10759);
#10758 = CARTESIAN_POINT('',(3.016264822422,0.99999999999));
#10759 = VECTOR('',#10760,1.);
#10760 = DIRECTION('',(0.,1.));
#10761 = ( GEOMETRIC_REPRESENTATION_CONTEXT(2) 
PARAMETRIC_REPRESENTATION_CONTEXT() REPRESENTATION_CONTEXT('2D SPACE',''
  ) );
#10762 = ORIENTED_EDGE('',*,*,#10763,.F.);
#10763 = EDGE_CURVE('',#10582,#10741,#10764,.T.);
#10764 = SURFACE_CURVE('',#10765,(#10770,#10777),.PCURVE_S1.);
#10765 = CIRCLE('',#10766,0.992156741649);
#10766 = AXIS2_PLACEMENT_3D('',#10767,#10768,#10769);
#10767 = CARTESIAN_POINT('',(-25.20094323213,-1.340322580645,
    -4.418078486158));
#10768 = DIRECTION('',(0.,0.,-1.));
#10769 = DIRECTION('',(-0.988505365257,0.151185789204,0.));
#10770 = PCURVE('',#8475,#10771);
#10771 = DEFINITIONAL_REPRESENTATION('',(#10772),#10776);
#10772 = CIRCLE('',#10773,0.992156741649);
#10773 = AXIS2_PLACEMENT_2D('',#10774,#10775);
#10774 = CARTESIAN_POINT('',(-12.30376420667,-1.65));
#10775 = DIRECTION('',(-0.988505365257,-0.151185789204));
#10776 = ( GEOMETRIC_REPRESENTATION_CONTEXT(2) 
PARAMETRIC_REPRESENTATION_CONTEXT() REPRESENTATION_CONTEXT('2D SPACE',''
  ) );
#10777 = PCURVE('',#10778,#10783);
#10778 = SPHERICAL_SURFACE('',#10779,1.);
#10779 = AXIS2_PLACEMENT_3D('',#10780,#10781,#10782);
#10780 = CARTESIAN_POINT('',(-25.20094323213,-1.340322580645,
    -4.293078486158));
#10781 = DIRECTION('',(0.,0.15,-0.988685996664));
#10782 = DIRECTION('',(0.,-0.988685996664,-0.15));
#10783 = DEFINITIONAL_REPRESENTATION('',(#10784),#10810);
#10784 = B_SPLINE_CURVE_WITH_KNOTS('',3,(#10785,#10786,#10787,#10788,
    #10789,#10790,#10791,#10792,#10793,#10794,#10795,#10796,#10797,
    #10798,#10799,#10800,#10801,#10802,#10803,#10804,#10805,#10806,
    #10807,#10808,#10809),.UNSPECIFIED.,.F.,.F.,(4,1,1,1,1,1,1,1,1,1,1,1
    ,1,1,1,1,1,1,1,1,1,1,4),(0.,6.450129935631E-02,0.129002598713,
    0.193503898069,0.258005197425,0.322506496782,0.387007796138,
    0.451509095494,0.516010394851,0.580511694207,0.645012993563,
    0.709514292919,0.774015592276,0.838516891632,0.903018190988,
    0.967519490345,1.032020789701,1.096522089057,1.161023388414,
    1.22552468777,1.290025987126,1.354527286483,1.419028585839),
  .QUASI_UNIFORM_KNOTS.);
#10785 = CARTESIAN_POINT('',(1.702131389551,0.146610407695));
#10786 = CARTESIAN_POINT('',(1.723450863086,0.149807722769));
#10787 = CARTESIAN_POINT('',(1.766124414273,0.156175250663));
#10788 = CARTESIAN_POINT('',(1.830248608758,0.165606269748));
#10789 = CARTESIAN_POINT('',(1.894497106594,0.174877901547));
#10790 = CARTESIAN_POINT('',(1.958879012407,0.183951551395));
#10791 = CARTESIAN_POINT('',(2.02340233005,0.192789151233));
#10792 = CARTESIAN_POINT('',(2.088073685025,0.201353349829));
#10793 = CARTESIAN_POINT('',(2.152898199351,0.209607660051));
#10794 = CARTESIAN_POINT('',(2.217879346044,0.217516623561));
#10795 = CARTESIAN_POINT('',(2.283018833693,0.225045976107));
#10796 = CARTESIAN_POINT('',(2.348316511704,0.232162816924));
#10797 = CARTESIAN_POINT('',(2.413770302687,0.238835779884));
#10798 = CARTESIAN_POINT('',(2.479376163902,0.245035205255));
#10799 = CARTESIAN_POINT('',(2.545128080405,0.250733310198));
#10800 = CARTESIAN_POINT('',(2.61101809172,0.255904356068));
#10801 = CARTESIAN_POINT('',(2.677036353289,0.260524810029));
#10802 = CARTESIAN_POINT('',(2.743171233037,0.264573499456));
#10803 = CARTESIAN_POINT('',(2.809409442963,0.26803175345));
#10804 = CARTESIAN_POINT('',(2.875736202994,0.270883540796));
#10805 = CARTESIAN_POINT('',(2.94213543978,0.273115557894));
#10806 = CARTESIAN_POINT('',(3.008589998199,0.274717428775));
#10807 = CARTESIAN_POINT('',(3.0750819317,0.275681401944));
#10808 = CARTESIAN_POINT('',(3.119422379724,0.27589635474));
#10809 = CARTESIAN_POINT('',(3.14159265359,0.275896103945));
#10810 = ( GEOMETRIC_REPRESENTATION_CONTEXT(2) 
PARAMETRIC_REPRESENTATION_CONTEXT() REPRESENTATION_CONTEXT('2D SPACE',''
  ) );
#10811 = ADVANCED_FACE('',(#10812),#10599,.F.);
#10812 = FACE_BOUND('',#10813,.T.);
#10813 = EDGE_LOOP('',(#10814,#10815,#10861,#10884));
#10814 = ORIENTED_EDGE('',*,*,#10581,.F.);
#10815 = ORIENTED_EDGE('',*,*,#10816,.F.);
#10816 = EDGE_CURVE('',#10817,#10582,#10819,.T.);
#10817 = VERTEX_POINT('',#10818);
#10818 = CARTESIAN_POINT('',(-25.20094323213,-1.190322580645,
    -5.281764482822));
#10819 = SURFACE_CURVE('',#10820,(#10825,#10832),.PCURVE_S1.);
#10820 = CIRCLE('',#10821,0.988685996664);
#10821 = AXIS2_PLACEMENT_3D('',#10822,#10823,#10824);
#10822 = CARTESIAN_POINT('',(-25.20094323213,-1.190322580645,
    -4.293078486158));
#10823 = DIRECTION('',(0.,1.,0.));
#10824 = DIRECTION('',(7.186738136854E-14,0.,-1.));
#10825 = PCURVE('',#10599,#10826);
#10826 = DEFINITIONAL_REPRESENTATION('',(#10827),#10831);
#10827 = CIRCLE('',#10828,0.988685996664);
#10828 = AXIS2_PLACEMENT_2D('',#10829,#10830);
#10829 = CARTESIAN_POINT('',(3.,1.25));
#10830 = DIRECTION('',(-7.186738136854E-14,-1.));
#10831 = ( GEOMETRIC_REPRESENTATION_CONTEXT(2) 
PARAMETRIC_REPRESENTATION_CONTEXT() REPRESENTATION_CONTEXT('2D SPACE',''
  ) );
#10832 = PCURVE('',#10778,#10833);
#10833 = DEFINITIONAL_REPRESENTATION('',(#10834),#10860);
#10834 = B_SPLINE_CURVE_WITH_KNOTS('',3,(#10835,#10836,#10837,#10838,
    #10839,#10840,#10841,#10842,#10843,#10844,#10845,#10846,#10847,
    #10848,#10849,#10850,#10851,#10852,#10853,#10854,#10855,#10856,
    #10857,#10858,#10859),.UNSPECIFIED.,.F.,.F.,(4,1,1,1,1,1,1,1,1,1,1,1
    ,1,1,1,1,1,1,1,1,1,1,4),(0.,6.563757372044E-02,0.131275147441,
    0.196912721161,0.262550294882,0.328187868602,0.393825442323,
    0.459463016043,0.525100589763,0.590738163484,0.656375737204,
    0.722013310925,0.787650884645,0.853288458366,0.918926032086,
    0.984563605807,1.050201179527,1.115838753247,1.181476326968,
    1.247113900688,1.312751474409,1.378389048129,1.44402662185),
  .QUASI_UNIFORM_KNOTS.);
#10835 = CARTESIAN_POINT('',(1.575720873188,1.570796326795));
#10836 = CARTESIAN_POINT('',(1.574352376197,1.549164678127));
#10837 = CARTESIAN_POINT('',(1.5748303386,1.505901376101));
#10838 = CARTESIAN_POINT('',(1.580890489732,1.441008000605));
#10839 = CARTESIAN_POINT('',(1.585542544836,1.376117784893));
#10840 = CARTESIAN_POINT('',(1.590608947131,1.311232343994));
#10841 = CARTESIAN_POINT('',(1.595615123891,1.246353332004));
#10842 = CARTESIAN_POINT('',(1.600702418859,1.181482458839));
#10843 = CARTESIAN_POINT('',(1.605847702495,1.116621505392));
#10844 = CARTESIAN_POINT('',(1.61107261521,1.051772340715));
#10845 = CARTESIAN_POINT('',(1.616387652348,0.986936940698));
#10846 = CARTESIAN_POINT('',(1.621807314449,0.922117408887));
#10847 = CARTESIAN_POINT('',(1.627346235736,0.857315999855));
#10848 = CARTESIAN_POINT('',(1.633020434065,0.792535145724));
#10849 = CARTESIAN_POINT('',(1.638847218478,0.727777486516));
#10850 = CARTESIAN_POINT('',(1.644845492904,0.663045905172));
#10851 = CARTESIAN_POINT('',(1.651035997578,0.598343568197));
#10852 = CARTESIAN_POINT('',(1.657441622318,0.533673973462));
#10853 = CARTESIAN_POINT('',(1.664087761273,0.46904100565));
#10854 = CARTESIAN_POINT('',(1.67100275581,0.404449005293));
#10855 = CARTESIAN_POINT('',(1.678218343018,0.339902838945));
#10856 = CARTESIAN_POINT('',(1.685770485891,0.275408029222));
#10857 = CARTESIAN_POINT('',(1.693699280569,0.210970741108));
#10858 = CARTESIAN_POINT('',(1.699268381558,0.168055849965));
#10859 = CARTESIAN_POINT('',(1.702131389551,0.146610407695));
#10860 = ( GEOMETRIC_REPRESENTATION_CONTEXT(2) 
PARAMETRIC_REPRESENTATION_CONTEXT() REPRESENTATION_CONTEXT('2D SPACE',''
  ) );
#10861 = ORIENTED_EDGE('',*,*,#10862,.F.);
#10862 = EDGE_CURVE('',#10863,#10817,#10865,.T.);
#10863 = VERTEX_POINT('',#10864);
#10864 = CARTESIAN_POINT('',(-22.20094323213,-1.190322580645,
    -5.281764482822));
#10865 = SURFACE_CURVE('',#10866,(#10870,#10877),.PCURVE_S1.);
#10866 = LINE('',#10867,#10868);
#10867 = CARTESIAN_POINT('',(-22.20094323213,-1.190322580645,
    -5.281764482822));
#10868 = VECTOR('',#10869,1.);
#10869 = DIRECTION('',(-1.,0.,0.));
#10870 = PCURVE('',#10599,#10871);
#10871 = DEFINITIONAL_REPRESENTATION('',(#10872),#10876);
#10872 = LINE('',#10873,#10874);
#10873 = CARTESIAN_POINT('',(0.,0.261314003336));
#10874 = VECTOR('',#10875,1.);
#10875 = DIRECTION('',(1.,0.));
#10876 = ( GEOMETRIC_REPRESENTATION_CONTEXT(2) 
PARAMETRIC_REPRESENTATION_CONTEXT() REPRESENTATION_CONTEXT('2D SPACE',''
  ) );
#10877 = PCURVE('',#8506,#10878);
#10878 = DEFINITIONAL_REPRESENTATION('',(#10879),#10883);
#10879 = LINE('',#10880,#10881);
#10880 = CARTESIAN_POINT('',(1.721364599572,4.));
#10881 = VECTOR('',#10882,1.);
#10882 = DIRECTION('',(0.,-1.));
#10883 = ( GEOMETRIC_REPRESENTATION_CONTEXT(2) 
PARAMETRIC_REPRESENTATION_CONTEXT() REPRESENTATION_CONTEXT('2D SPACE',''
  ) );
#10884 = ORIENTED_EDGE('',*,*,#10885,.F.);
#10885 = EDGE_CURVE('',#10584,#10863,#10886,.T.);
#10886 = SURFACE_CURVE('',#10887,(#10891,#10898),.PCURVE_S1.);
#10887 = LINE('',#10888,#10889);
#10888 = CARTESIAN_POINT('',(-22.20094323213,-1.190322580645,
    -4.418078486158));
#10889 = VECTOR('',#10890,1.);
#10890 = DIRECTION('',(0.,0.,-1.));
#10891 = PCURVE('',#10599,#10892);
#10892 = DEFINITIONAL_REPRESENTATION('',(#10893),#10897);
#10893 = LINE('',#10894,#10895);
#10894 = CARTESIAN_POINT('',(0.,1.125));
#10895 = VECTOR('',#10896,1.);
#10896 = DIRECTION('',(0.,-1.));
#10897 = ( GEOMETRIC_REPRESENTATION_CONTEXT(2) 
PARAMETRIC_REPRESENTATION_CONTEXT() REPRESENTATION_CONTEXT('2D SPACE',''
  ) );
#10898 = PCURVE('',#10627,#10899);
#10899 = DEFINITIONAL_REPRESENTATION('',(#10900),#10904);
#10900 = LINE('',#10901,#10902);
#10901 = CARTESIAN_POINT('',(0.6,-0.125));
#10902 = VECTOR('',#10903,1.);
#10903 = DIRECTION('',(0.,-1.));
#10904 = ( GEOMETRIC_REPRESENTATION_CONTEXT(2) 
PARAMETRIC_REPRESENTATION_CONTEXT() REPRESENTATION_CONTEXT('2D SPACE',''
  ) );
#10905 = ADVANCED_FACE('',(#10906),#10627,.T.);
#10906 = FACE_BOUND('',#10907,.T.);
#10907 = EDGE_LOOP('',(#10908,#10931,#10932,#10933));
#10908 = ORIENTED_EDGE('',*,*,#10909,.T.);
#10909 = EDGE_CURVE('',#10910,#10612,#10912,.T.);
#10910 = VERTEX_POINT('',#10911);
#10911 = CARTESIAN_POINT('',(-22.20094323213,-1.490322580645,
    -5.281764482822));
#10912 = SURFACE_CURVE('',#10913,(#10917,#10924),.PCURVE_S1.);
#10913 = LINE('',#10914,#10915);
#10914 = CARTESIAN_POINT('',(-22.20094323213,-1.490322580645,
    -5.281764482822));
#10915 = VECTOR('',#10916,1.);
#10916 = DIRECTION('',(0.,0.,1.));
#10917 = PCURVE('',#10627,#10918);
#10918 = DEFINITIONAL_REPRESENTATION('',(#10919),#10923);
#10919 = LINE('',#10920,#10921);
#10920 = CARTESIAN_POINT('',(0.9,-0.988685996664));
#10921 = VECTOR('',#10922,1.);
#10922 = DIRECTION('',(0.,1.));
#10923 = ( GEOMETRIC_REPRESENTATION_CONTEXT(2) 
PARAMETRIC_REPRESENTATION_CONTEXT() REPRESENTATION_CONTEXT('2D SPACE',''
  ) );
#10924 = PCURVE('',#10655,#10925);
#10925 = DEFINITIONAL_REPRESENTATION('',(#10926),#10930);
#10926 = LINE('',#10927,#10928);
#10927 = CARTESIAN_POINT('',(0.261314003336,0.));
#10928 = VECTOR('',#10929,1.);
#10929 = DIRECTION('',(1.,0.));
#10930 = ( GEOMETRIC_REPRESENTATION_CONTEXT(2) 
PARAMETRIC_REPRESENTATION_CONTEXT() REPRESENTATION_CONTEXT('2D SPACE',''
  ) );
#10931 = ORIENTED_EDGE('',*,*,#10611,.T.);
#10932 = ORIENTED_EDGE('',*,*,#10885,.T.);
#10933 = ORIENTED_EDGE('',*,*,#10934,.T.);
#10934 = EDGE_CURVE('',#10863,#10910,#10935,.T.);
#10935 = SURFACE_CURVE('',#10936,(#10941,#10948),.PCURVE_S1.);
#10936 = CIRCLE('',#10937,1.);
#10937 = AXIS2_PLACEMENT_3D('',#10938,#10939,#10940);
#10938 = CARTESIAN_POINT('',(-22.20094323213,-1.340322580645,
    -4.293078486158));
#10939 = DIRECTION('',(-1.,0.,0.));
#10940 = DIRECTION('',(0.,0.15,-0.988685996664));
#10941 = PCURVE('',#10627,#10942);
#10942 = DEFINITIONAL_REPRESENTATION('',(#10943),#10947);
#10943 = CIRCLE('',#10944,1.);
#10944 = AXIS2_PLACEMENT_2D('',#10945,#10946);
#10945 = CARTESIAN_POINT('',(0.75,0.));
#10946 = DIRECTION('',(-0.15,-0.988685996664));
#10947 = ( GEOMETRIC_REPRESENTATION_CONTEXT(2) 
PARAMETRIC_REPRESENTATION_CONTEXT() REPRESENTATION_CONTEXT('2D SPACE',''
  ) );
#10948 = PCURVE('',#8506,#10949);
#10949 = DEFINITIONAL_REPRESENTATION('',(#10950),#10954);
#10950 = LINE('',#10951,#10952);
#10951 = CARTESIAN_POINT('',(1.721364599572,4.));
#10952 = VECTOR('',#10953,1.);
#10953 = DIRECTION('',(-1.,0.));
#10954 = ( GEOMETRIC_REPRESENTATION_CONTEXT(2) 
PARAMETRIC_REPRESENTATION_CONTEXT() REPRESENTATION_CONTEXT('2D SPACE',''
  ) );
#10955 = ADVANCED_FACE('',(#10956),#10655,.F.);
#10956 = FACE_BOUND('',#10957,.T.);
#10957 = EDGE_LOOP('',(#10958,#10959,#10960,#10983));
#10958 = ORIENTED_EDGE('',*,*,#10639,.F.);
#10959 = ORIENTED_EDGE('',*,*,#10909,.F.);
#10960 = ORIENTED_EDGE('',*,*,#10961,.F.);
#10961 = EDGE_CURVE('',#10962,#10910,#10964,.T.);
#10962 = VERTEX_POINT('',#10963);
#10963 = CARTESIAN_POINT('',(-25.20094323213,-1.490322580645,
    -5.281764482822));
#10964 = SURFACE_CURVE('',#10965,(#10969,#10976),.PCURVE_S1.);
#10965 = LINE('',#10966,#10967);
#10966 = CARTESIAN_POINT('',(-25.20094323213,-1.490322580645,
    -5.281764482822));
#10967 = VECTOR('',#10968,1.);
#10968 = DIRECTION('',(1.,0.,0.));
#10969 = PCURVE('',#10655,#10970);
#10970 = DEFINITIONAL_REPRESENTATION('',(#10971),#10975);
#10971 = LINE('',#10972,#10973);
#10972 = CARTESIAN_POINT('',(0.261314003336,3.));
#10973 = VECTOR('',#10974,1.);
#10974 = DIRECTION('',(0.,-1.));
#10975 = ( GEOMETRIC_REPRESENTATION_CONTEXT(2) 
PARAMETRIC_REPRESENTATION_CONTEXT() REPRESENTATION_CONTEXT('2D SPACE',''
  ) );
#10976 = PCURVE('',#8506,#10977);
#10977 = DEFINITIONAL_REPRESENTATION('',(#10978),#10982);
#10978 = LINE('',#10979,#10980);
#10979 = CARTESIAN_POINT('',(1.420228054018,1.));
#10980 = VECTOR('',#10981,1.);
#10981 = DIRECTION('',(0.,1.));
#10982 = ( GEOMETRIC_REPRESENTATION_CONTEXT(2) 
PARAMETRIC_REPRESENTATION_CONTEXT() REPRESENTATION_CONTEXT('2D SPACE',''
  ) );
#10983 = ORIENTED_EDGE('',*,*,#10984,.F.);
#10984 = EDGE_CURVE('',#10640,#10962,#10985,.T.);
#10985 = SURFACE_CURVE('',#10986,(#10991,#10998),.PCURVE_S1.);
#10986 = CIRCLE('',#10987,0.988685996664);
#10987 = AXIS2_PLACEMENT_3D('',#10988,#10989,#10990);
#10988 = CARTESIAN_POINT('',(-25.20094323213,-1.490322580645,
    -4.293078486158));
#10989 = DIRECTION('',(0.,-1.,0.));
#10990 = DIRECTION('',(-0.991975476143,-0.,-0.126430434356));
#10991 = PCURVE('',#10655,#10992);
#10992 = DEFINITIONAL_REPRESENTATION('',(#10993),#10997);
#10993 = CIRCLE('',#10994,0.988685996664);
#10994 = AXIS2_PLACEMENT_2D('',#10995,#10996);
#10995 = CARTESIAN_POINT('',(1.25,3.));
#10996 = DIRECTION('',(-0.126430434356,0.991975476143));
#10997 = ( GEOMETRIC_REPRESENTATION_CONTEXT(2) 
PARAMETRIC_REPRESENTATION_CONTEXT() REPRESENTATION_CONTEXT('2D SPACE',''
  ) );
#10998 = PCURVE('',#10684,#10999);
#10999 = DEFINITIONAL_REPRESENTATION('',(#11000),#11003);
#11000 = B_SPLINE_CURVE_WITH_KNOTS('',1,(#11001,#11002),.UNSPECIFIED.,
  .F.,.F.,(2,2),(0.,1.444026621849),.PIECEWISE_BEZIER_KNOTS.);
#11001 = CARTESIAN_POINT('',(1.439461264052,0.146610407695));
#11002 = CARTESIAN_POINT('',(1.571017957997,1.570796326794));
#11003 = ( GEOMETRIC_REPRESENTATION_CONTEXT(2) 
PARAMETRIC_REPRESENTATION_CONTEXT() REPRESENTATION_CONTEXT('2D SPACE',''
  ) );
#11004 = ADVANCED_FACE('',(#11005),#10684,.T.);
#11005 = FACE_BOUND('',#11006,.T.);
#11006 = EDGE_LOOP('',(#11007,#11051,#11052));
#11007 = ORIENTED_EDGE('',*,*,#11008,.T.);
#11008 = EDGE_CURVE('',#10962,#10668,#11009,.T.);
#11009 = SURFACE_CURVE('',#11010,(#11015,#11044),.PCURVE_S1.);
#11010 = CIRCLE('',#11011,1.);
#11011 = AXIS2_PLACEMENT_3D('',#11012,#11013,#11014);
#11012 = CARTESIAN_POINT('',(-25.20094323213,-1.340322580645,
    -4.293078486158));
#11013 = DIRECTION('',(-1.,-1.328263605319E-11,1.001865257422E-12));
#11014 = DIRECTION('',(1.001865257421E-12,-0.15,-0.988685996664));
#11015 = PCURVE('',#10684,#11016);
#11016 = DEFINITIONAL_REPRESENTATION('',(#11017),#11043);
#11017 = B_SPLINE_CURVE_WITH_KNOTS('',3,(#11018,#11019,#11020,#11021,
    #11022,#11023,#11024,#11025,#11026,#11027,#11028,#11029,#11030,
    #11031,#11032,#11033,#11034,#11035,#11036,#11037,#11038,#11039,
    #11040,#11041,#11042),.UNSPECIFIED.,.F.,.F.,(4,1,1,1,1,1,1,1,1,1,1,1
    ,1,1,1,1,1,1,1,1,1,1,4),(0.,5.885910103864E-02,0.117718202077,
    0.176577303116,0.235436404155,0.294295505193,0.353154606232,
    0.41201370727,0.470872808309,0.529731909348,0.588591010386,
    0.647450111425,0.706309212464,0.765168313502,0.824027414541,
    0.88288651558,0.941745616618,1.000604717657,1.059463818696,
    1.118322919734,1.177182020773,1.236041121811,1.29490022285),
  .QUASI_UNIFORM_KNOTS.);
#11018 = CARTESIAN_POINT('',(6.03944976847E-14,1.570796326795));
#11019 = CARTESIAN_POINT('',(7.100363228735E-14,1.551176626449));
#11020 = CARTESIAN_POINT('',(6.639048137924E-14,1.511937225756));
#11021 = CARTESIAN_POINT('',(2.349485284987E-14,1.453078124718));
#11022 = CARTESIAN_POINT('',(2.112789943244E-14,1.394219023679));
#11023 = CARTESIAN_POINT('',(1.334243153456E-14,1.33535992264));
#11024 = CARTESIAN_POINT('',(1.688370149993E-14,1.276500821602));
#11025 = CARTESIAN_POINT('',(-7.389469400773E-15,1.217641720563));
#11026 = CARTESIAN_POINT('',(1.267417610317E-14,1.158782619524));
#11027 = CARTESIAN_POINT('',(9.922876813891E-15,1.099923518486));
#11028 = CARTESIAN_POINT('',(-5.378774831541E-15,1.041064417447));
#11029 = CARTESIAN_POINT('',(1.159222251227E-14,0.982205316408));
#11030 = CARTESIAN_POINT('',(-2.595522023E-15,0.92334621537));
#11031 = CARTESIAN_POINT('',(-1.210134420273E-15,0.864487114331));
#11032 = CARTESIAN_POINT('',(7.436059704092E-15,0.805628013293));
#11033 = CARTESIAN_POINT('',(2.240490776561E-15,0.746768912254));
#11034 = CARTESIAN_POINT('',(1.264768602787E-14,0.687909811215));
#11035 = CARTESIAN_POINT('',(2.351206312941E-15,0.629050710177));
#11036 = CARTESIAN_POINT('',(4.309893186816E-15,0.570191609138));
#11037 = CARTESIAN_POINT('',(5.731558581736E-15,0.511332508099));
#11038 = CARTESIAN_POINT('',(-2.793463279155E-15,0.452473407061));
#11039 = CARTESIAN_POINT('',(5.442294534883E-15,0.393614306022));
#11040 = CARTESIAN_POINT('',(4.10562235644E-15,0.334755204983));
#11041 = CARTESIAN_POINT('',(1.838067594226E-15,0.295515804291));
#11042 = CARTESIAN_POINT('',(0.,0.275896103945));
#11043 = ( GEOMETRIC_REPRESENTATION_CONTEXT(2) 
PARAMETRIC_REPRESENTATION_CONTEXT() REPRESENTATION_CONTEXT('2D SPACE',''
  ) );
#11044 = PCURVE('',#8506,#11045);
#11045 = DEFINITIONAL_REPRESENTATION('',(#11046),#11050);
#11046 = LINE('',#11047,#11048);
#11047 = CARTESIAN_POINT('',(1.420228054018,1.000000000001));
#11048 = VECTOR('',#11049,1.);
#11049 = DIRECTION('',(-1.,9.306357807219E-12));
#11050 = ( GEOMETRIC_REPRESENTATION_CONTEXT(2) 
PARAMETRIC_REPRESENTATION_CONTEXT() REPRESENTATION_CONTEXT('2D SPACE',''
  ) );
#11051 = ORIENTED_EDGE('',*,*,#10667,.T.);
#11052 = ORIENTED_EDGE('',*,*,#10984,.T.);
#11053 = ADVANCED_FACE('',(#11054),#8506,.T.);
#11054 = FACE_BOUND('',#11055,.T.);
#11055 = EDGE_LOOP('',(#11056,#11057,#11079,#11080,#11081,#11082,#11083,
    #11084));
#11056 = ORIENTED_EDGE('',*,*,#10862,.T.);
#11057 = ORIENTED_EDGE('',*,*,#11058,.F.);
#11058 = EDGE_CURVE('',#10741,#10817,#11059,.T.);
#11059 = SURFACE_CURVE('',#11060,(#11065,#11072),.PCURVE_S1.);
#11060 = CIRCLE('',#11061,1.);
#11061 = AXIS2_PLACEMENT_3D('',#11062,#11063,#11064);
#11062 = CARTESIAN_POINT('',(-25.20094323213,-1.340322580645,
    -4.293078486158));
#11063 = DIRECTION('',(-1.,0.,0.));
#11064 = DIRECTION('',(0.,0.45818391559,-0.888857412353));
#11065 = PCURVE('',#8506,#11066);
#11066 = DEFINITIONAL_REPRESENTATION('',(#11067),#11071);
#11067 = LINE('',#11068,#11069);
#11068 = CARTESIAN_POINT('',(8.329932586688,1.));
#11069 = VECTOR('',#11070,1.);
#11070 = DIRECTION('',(-1.,0.));
#11071 = ( GEOMETRIC_REPRESENTATION_CONTEXT(2) 
PARAMETRIC_REPRESENTATION_CONTEXT() REPRESENTATION_CONTEXT('2D SPACE',''
  ) );
#11072 = PCURVE('',#10778,#11073);
#11073 = DEFINITIONAL_REPRESENTATION('',(#11074),#11078);
#11074 = LINE('',#11075,#11076);
#11075 = CARTESIAN_POINT('',(3.14159265359,-5.037771660322));
#11076 = VECTOR('',#11077,1.);
#11077 = DIRECTION('',(0.,1.));
#11078 = ( GEOMETRIC_REPRESENTATION_CONTEXT(2) 
PARAMETRIC_REPRESENTATION_CONTEXT() REPRESENTATION_CONTEXT('2D SPACE',''
  ) );
#11079 = ORIENTED_EDGE('',*,*,#10740,.T.);
#11080 = ORIENTED_EDGE('',*,*,#8487,.F.);
#11081 = ORIENTED_EDGE('',*,*,#10718,.T.);
#11082 = ORIENTED_EDGE('',*,*,#11008,.F.);
#11083 = ORIENTED_EDGE('',*,*,#10961,.T.);
#11084 = ORIENTED_EDGE('',*,*,#10934,.F.);
#11085 = ADVANCED_FACE('',(#11086),#10778,.T.);
#11086 = FACE_BOUND('',#11087,.T.);
#11087 = EDGE_LOOP('',(#11088,#11089,#11090));
#11088 = ORIENTED_EDGE('',*,*,#10763,.T.);
#11089 = ORIENTED_EDGE('',*,*,#11058,.T.);
#11090 = ORIENTED_EDGE('',*,*,#10816,.T.);
#11091 = ADVANCED_FACE('',(#11092),#7860,.F.);
#11092 = FACE_BOUND('',#11093,.T.);
#11093 = EDGE_LOOP('',(#11094,#11117,#11145,#11166));
#11094 = ORIENTED_EDGE('',*,*,#11095,.F.);
#11095 = EDGE_CURVE('',#11096,#7845,#11098,.T.);
#11096 = VERTEX_POINT('',#11097);
#11097 = CARTESIAN_POINT('',(-26.20094323213,-6.540322580645,
    -6.393078486158));
#11098 = SURFACE_CURVE('',#11099,(#11103,#11110),.PCURVE_S1.);
#11099 = LINE('',#11100,#11101);
#11100 = CARTESIAN_POINT('',(-26.20094323213,-6.540322580645,
    -6.393078486158));
#11101 = VECTOR('',#11102,1.);
#11102 = DIRECTION('',(-1.,0.,0.));
#11103 = PCURVE('',#7860,#11104);
#11104 = DEFINITIONAL_REPRESENTATION('',(#11105),#11109);
#11105 = LINE('',#11106,#11107);
#11106 = CARTESIAN_POINT('',(0.,0.));
#11107 = VECTOR('',#11108,1.);
#11108 = DIRECTION('',(-1.,0.));
#11109 = ( GEOMETRIC_REPRESENTATION_CONTEXT(2) 
PARAMETRIC_REPRESENTATION_CONTEXT() REPRESENTATION_CONTEXT('2D SPACE',''
  ) );
#11110 = PCURVE('',#7942,#11111);
#11111 = DEFINITIONAL_REPRESENTATION('',(#11112),#11116);
#11112 = LINE('',#11113,#11114);
#11113 = CARTESIAN_POINT('',(0.,0.));
#11114 = VECTOR('',#11115,1.);
#11115 = DIRECTION('',(0.,1.));
#11116 = ( GEOMETRIC_REPRESENTATION_CONTEXT(2) 
PARAMETRIC_REPRESENTATION_CONTEXT() REPRESENTATION_CONTEXT('2D SPACE',''
  ) );
#11117 = ORIENTED_EDGE('',*,*,#11118,.F.);
#11118 = EDGE_CURVE('',#11119,#11096,#11121,.T.);
#11119 = VERTEX_POINT('',#11120);
#11120 = CARTESIAN_POINT('',(-26.20094323213,-3.940322580645,
    -6.393078486158));
#11121 = SURFACE_CURVE('',#11122,(#11126,#11133),.PCURVE_S1.);
#11122 = LINE('',#11123,#11124);
#11123 = CARTESIAN_POINT('',(-26.20094323213,-3.940322580645,
    -6.393078486158));
#11124 = VECTOR('',#11125,1.);
#11125 = DIRECTION('',(0.,-1.,0.));
#11126 = PCURVE('',#7860,#11127);
#11127 = DEFINITIONAL_REPRESENTATION('',(#11128),#11132);
#11128 = LINE('',#11129,#11130);
#11129 = CARTESIAN_POINT('',(0.,-2.6));
#11130 = VECTOR('',#11131,1.);
#11131 = DIRECTION('',(0.,1.));
#11132 = ( GEOMETRIC_REPRESENTATION_CONTEXT(2) 
PARAMETRIC_REPRESENTATION_CONTEXT() REPRESENTATION_CONTEXT('2D SPACE',''
  ) );
#11133 = PCURVE('',#11134,#11139);
#11134 = PLANE('',#11135);
#11135 = AXIS2_PLACEMENT_3D('',#11136,#11137,#11138);
#11136 = CARTESIAN_POINT('',(-26.20094323213,-0.590322580645,
    -4.293078486158));
#11137 = DIRECTION('',(-1.,0.,0.));
#11138 = DIRECTION('',(0.,-1.,0.));
#11139 = DEFINITIONAL_REPRESENTATION('',(#11140),#11144);
#11140 = LINE('',#11141,#11142);
#11141 = CARTESIAN_POINT('',(3.35,-2.1));
#11142 = VECTOR('',#11143,1.);
#11143 = DIRECTION('',(1.,0.));
#11144 = ( GEOMETRIC_REPRESENTATION_CONTEXT(2) 
PARAMETRIC_REPRESENTATION_CONTEXT() REPRESENTATION_CONTEXT('2D SPACE',''
  ) );
#11145 = ORIENTED_EDGE('',*,*,#11146,.T.);
#11146 = EDGE_CURVE('',#11119,#7843,#11147,.T.);
#11147 = SURFACE_CURVE('',#11148,(#11152,#11159),.PCURVE_S1.);
#11148 = LINE('',#11149,#11150);
#11149 = CARTESIAN_POINT('',(-26.20094323213,-3.940322580645,
    -6.393078486158));
#11150 = VECTOR('',#11151,1.);
#11151 = DIRECTION('',(-1.,0.,0.));
#11152 = PCURVE('',#7860,#11153);
#11153 = DEFINITIONAL_REPRESENTATION('',(#11154),#11158);
#11154 = LINE('',#11155,#11156);
#11155 = CARTESIAN_POINT('',(0.,-2.6));
#11156 = VECTOR('',#11157,1.);
#11157 = DIRECTION('',(-1.,0.));
#11158 = ( GEOMETRIC_REPRESENTATION_CONTEXT(2) 
PARAMETRIC_REPRESENTATION_CONTEXT() REPRESENTATION_CONTEXT('2D SPACE',''
  ) );
#11159 = PCURVE('',#7888,#11160);
#11160 = DEFINITIONAL_REPRESENTATION('',(#11161),#11165);
#11161 = LINE('',#11162,#11163);
#11162 = CARTESIAN_POINT('',(0.,0.));
#11163 = VECTOR('',#11164,1.);
#11164 = DIRECTION('',(1.,0.));
#11165 = ( GEOMETRIC_REPRESENTATION_CONTEXT(2) 
PARAMETRIC_REPRESENTATION_CONTEXT() REPRESENTATION_CONTEXT('2D SPACE',''
  ) );
#11166 = ORIENTED_EDGE('',*,*,#7842,.T.);
#11167 = ADVANCED_FACE('',(#11168),#7942,.F.);
#11168 = FACE_BOUND('',#11169,.T.);
#11169 = EDGE_LOOP('',(#11170,#11193,#11214,#11215));
#11170 = ORIENTED_EDGE('',*,*,#11171,.F.);
#11171 = EDGE_CURVE('',#11172,#7901,#11174,.T.);
#11172 = VERTEX_POINT('',#11173);
#11173 = CARTESIAN_POINT('',(-26.20094323213,-6.540322580645,
    -2.193078486158));
#11174 = SURFACE_CURVE('',#11175,(#11179,#11186),.PCURVE_S1.);
#11175 = LINE('',#11176,#11177);
#11176 = CARTESIAN_POINT('',(-26.20094323213,-6.540322580645,
    -2.193078486158));
#11177 = VECTOR('',#11178,1.);
#11178 = DIRECTION('',(-1.,0.,0.));
#11179 = PCURVE('',#7942,#11180);
#11180 = DEFINITIONAL_REPRESENTATION('',(#11181),#11185);
#11181 = LINE('',#11182,#11183);
#11182 = CARTESIAN_POINT('',(4.2,0.));
#11183 = VECTOR('',#11184,1.);
#11184 = DIRECTION('',(0.,1.));
#11185 = ( GEOMETRIC_REPRESENTATION_CONTEXT(2) 
PARAMETRIC_REPRESENTATION_CONTEXT() REPRESENTATION_CONTEXT('2D SPACE',''
  ) );
#11186 = PCURVE('',#7916,#11187);
#11187 = DEFINITIONAL_REPRESENTATION('',(#11188),#11192);
#11188 = LINE('',#11189,#11190);
#11189 = CARTESIAN_POINT('',(0.,0.));
#11190 = VECTOR('',#11191,1.);
#11191 = DIRECTION('',(0.,-1.));
#11192 = ( GEOMETRIC_REPRESENTATION_CONTEXT(2) 
PARAMETRIC_REPRESENTATION_CONTEXT() REPRESENTATION_CONTEXT('2D SPACE',''
  ) );
#11193 = ORIENTED_EDGE('',*,*,#11194,.F.);
#11194 = EDGE_CURVE('',#11096,#11172,#11195,.T.);
#11195 = SURFACE_CURVE('',#11196,(#11200,#11207),.PCURVE_S1.);
#11196 = LINE('',#11197,#11198);
#11197 = CARTESIAN_POINT('',(-26.20094323213,-6.540322580645,
    -6.393078486158));
#11198 = VECTOR('',#11199,1.);
#11199 = DIRECTION('',(0.,0.,1.));
#11200 = PCURVE('',#7942,#11201);
#11201 = DEFINITIONAL_REPRESENTATION('',(#11202),#11206);
#11202 = LINE('',#11203,#11204);
#11203 = CARTESIAN_POINT('',(0.,0.));
#11204 = VECTOR('',#11205,1.);
#11205 = DIRECTION('',(1.,0.));
#11206 = ( GEOMETRIC_REPRESENTATION_CONTEXT(2) 
PARAMETRIC_REPRESENTATION_CONTEXT() REPRESENTATION_CONTEXT('2D SPACE',''
  ) );
#11207 = PCURVE('',#11134,#11208);
#11208 = DEFINITIONAL_REPRESENTATION('',(#11209),#11213);
#11209 = LINE('',#11210,#11211);
#11210 = CARTESIAN_POINT('',(5.95,-2.1));
#11211 = VECTOR('',#11212,1.);
#11212 = DIRECTION('',(0.,1.));
#11213 = ( GEOMETRIC_REPRESENTATION_CONTEXT(2) 
PARAMETRIC_REPRESENTATION_CONTEXT() REPRESENTATION_CONTEXT('2D SPACE',''
  ) );
#11214 = ORIENTED_EDGE('',*,*,#11095,.T.);
#11215 = ORIENTED_EDGE('',*,*,#7928,.T.);
#11216 = ADVANCED_FACE('',(#11217),#7916,.F.);
#11217 = FACE_BOUND('',#11218,.T.);
#11218 = EDGE_LOOP('',(#11219,#11242,#11263,#11264));
#11219 = ORIENTED_EDGE('',*,*,#11220,.F.);
#11220 = EDGE_CURVE('',#11221,#7873,#11223,.T.);
#11221 = VERTEX_POINT('',#11222);
#11222 = CARTESIAN_POINT('',(-26.20094323213,-3.940322580645,
    -2.193078486158));
#11223 = SURFACE_CURVE('',#11224,(#11228,#11235),.PCURVE_S1.);
#11224 = LINE('',#11225,#11226);
#11225 = CARTESIAN_POINT('',(-26.20094323213,-3.940322580645,
    -2.193078486158));
#11226 = VECTOR('',#11227,1.);
#11227 = DIRECTION('',(-1.,0.,0.));
#11228 = PCURVE('',#7916,#11229);
#11229 = DEFINITIONAL_REPRESENTATION('',(#11230),#11234);
#11230 = LINE('',#11231,#11232);
#11231 = CARTESIAN_POINT('',(-2.6,0.));
#11232 = VECTOR('',#11233,1.);
#11233 = DIRECTION('',(0.,-1.));
#11234 = ( GEOMETRIC_REPRESENTATION_CONTEXT(2) 
PARAMETRIC_REPRESENTATION_CONTEXT() REPRESENTATION_CONTEXT('2D SPACE',''
  ) );
#11235 = PCURVE('',#7888,#11236);
#11236 = DEFINITIONAL_REPRESENTATION('',(#11237),#11241);
#11237 = LINE('',#11238,#11239);
#11238 = CARTESIAN_POINT('',(0.,4.2));
#11239 = VECTOR('',#11240,1.);
#11240 = DIRECTION('',(1.,0.));
#11241 = ( GEOMETRIC_REPRESENTATION_CONTEXT(2) 
PARAMETRIC_REPRESENTATION_CONTEXT() REPRESENTATION_CONTEXT('2D SPACE',''
  ) );
#11242 = ORIENTED_EDGE('',*,*,#11243,.F.);
#11243 = EDGE_CURVE('',#11172,#11221,#11244,.T.);
#11244 = SURFACE_CURVE('',#11245,(#11249,#11256),.PCURVE_S1.);
#11245 = LINE('',#11246,#11247);
#11246 = CARTESIAN_POINT('',(-26.20094323213,-6.540322580645,
    -2.193078486158));
#11247 = VECTOR('',#11248,1.);
#11248 = DIRECTION('',(0.,1.,0.));
#11249 = PCURVE('',#7916,#11250);
#11250 = DEFINITIONAL_REPRESENTATION('',(#11251),#11255);
#11251 = LINE('',#11252,#11253);
#11252 = CARTESIAN_POINT('',(0.,0.));
#11253 = VECTOR('',#11254,1.);
#11254 = DIRECTION('',(-1.,0.));
#11255 = ( GEOMETRIC_REPRESENTATION_CONTEXT(2) 
PARAMETRIC_REPRESENTATION_CONTEXT() REPRESENTATION_CONTEXT('2D SPACE',''
  ) );
#11256 = PCURVE('',#11134,#11257);
#11257 = DEFINITIONAL_REPRESENTATION('',(#11258),#11262);
#11258 = LINE('',#11259,#11260);
#11259 = CARTESIAN_POINT('',(5.95,2.1));
#11260 = VECTOR('',#11261,1.);
#11261 = DIRECTION('',(-1.,0.));
#11262 = ( GEOMETRIC_REPRESENTATION_CONTEXT(2) 
PARAMETRIC_REPRESENTATION_CONTEXT() REPRESENTATION_CONTEXT('2D SPACE',''
  ) );
#11263 = ORIENTED_EDGE('',*,*,#11171,.T.);
#11264 = ORIENTED_EDGE('',*,*,#7900,.T.);
#11265 = ADVANCED_FACE('',(#11266),#7888,.F.);
#11266 = FACE_BOUND('',#11267,.T.);
#11267 = EDGE_LOOP('',(#11268,#11269,#11290,#11291));
#11268 = ORIENTED_EDGE('',*,*,#11146,.F.);
#11269 = ORIENTED_EDGE('',*,*,#11270,.F.);
#11270 = EDGE_CURVE('',#11221,#11119,#11271,.T.);
#11271 = SURFACE_CURVE('',#11272,(#11276,#11283),.PCURVE_S1.);
#11272 = LINE('',#11273,#11274);
#11273 = CARTESIAN_POINT('',(-26.20094323213,-3.940322580645,
    -2.193078486158));
#11274 = VECTOR('',#11275,1.);
#11275 = DIRECTION('',(0.,0.,-1.));
#11276 = PCURVE('',#7888,#11277);
#11277 = DEFINITIONAL_REPRESENTATION('',(#11278),#11282);
#11278 = LINE('',#11279,#11280);
#11279 = CARTESIAN_POINT('',(0.,4.2));
#11280 = VECTOR('',#11281,1.);
#11281 = DIRECTION('',(0.,-1.));
#11282 = ( GEOMETRIC_REPRESENTATION_CONTEXT(2) 
PARAMETRIC_REPRESENTATION_CONTEXT() REPRESENTATION_CONTEXT('2D SPACE',''
  ) );
#11283 = PCURVE('',#11134,#11284);
#11284 = DEFINITIONAL_REPRESENTATION('',(#11285),#11289);
#11285 = LINE('',#11286,#11287);
#11286 = CARTESIAN_POINT('',(3.35,2.1));
#11287 = VECTOR('',#11288,1.);
#11288 = DIRECTION('',(0.,-1.));
#11289 = ( GEOMETRIC_REPRESENTATION_CONTEXT(2) 
PARAMETRIC_REPRESENTATION_CONTEXT() REPRESENTATION_CONTEXT('2D SPACE',''
  ) );
#11290 = ORIENTED_EDGE('',*,*,#11220,.T.);
#11291 = ORIENTED_EDGE('',*,*,#7872,.T.);
#11292 = ADVANCED_FACE('',(#11293,#11299),#11134,.T.);
#11293 = FACE_BOUND('',#11294,.T.);
#11294 = EDGE_LOOP('',(#11295,#11296,#11297,#11298));
#11295 = ORIENTED_EDGE('',*,*,#11243,.T.);
#11296 = ORIENTED_EDGE('',*,*,#11270,.T.);
#11297 = ORIENTED_EDGE('',*,*,#11118,.T.);
#11298 = ORIENTED_EDGE('',*,*,#11194,.T.);
#11299 = FACE_BOUND('',#11300,.T.);
#11300 = EDGE_LOOP('',(#11301,#11331,#11359,#11387));
#11301 = ORIENTED_EDGE('',*,*,#11302,.F.);
#11302 = EDGE_CURVE('',#11303,#11305,#11307,.T.);
#11303 = VERTEX_POINT('',#11304);
#11304 = CARTESIAN_POINT('',(-26.20094323213,-4.040322580645,
    -2.293078486158));
#11305 = VERTEX_POINT('',#11306);
#11306 = CARTESIAN_POINT('',(-26.20094323213,-4.040322580645,
    -6.293078486158));
#11307 = SURFACE_CURVE('',#11308,(#11312,#11319),.PCURVE_S1.);
#11308 = LINE('',#11309,#11310);
#11309 = CARTESIAN_POINT('',(-26.20094323213,-4.040322580645,
    -2.293078486158));
#11310 = VECTOR('',#11311,1.);
#11311 = DIRECTION('',(0.,0.,-1.));
#11312 = PCURVE('',#11134,#11313);
#11313 = DEFINITIONAL_REPRESENTATION('',(#11314),#11318);
#11314 = LINE('',#11315,#11316);
#11315 = CARTESIAN_POINT('',(3.45,2.));
#11316 = VECTOR('',#11317,1.);
#11317 = DIRECTION('',(0.,-1.));
#11318 = ( GEOMETRIC_REPRESENTATION_CONTEXT(2) 
PARAMETRIC_REPRESENTATION_CONTEXT() REPRESENTATION_CONTEXT('2D SPACE',''
  ) );
#11319 = PCURVE('',#11320,#11325);
#11320 = PLANE('',#11321);
#11321 = AXIS2_PLACEMENT_3D('',#11322,#11323,#11324);
#11322 = CARTESIAN_POINT('',(-21.20094323213,-4.040322580645,
    -2.293078486158));
#11323 = DIRECTION('',(0.,1.,0.));
#11324 = DIRECTION('',(-1.,0.,0.));
#11325 = DEFINITIONAL_REPRESENTATION('',(#11326),#11330);
#11326 = LINE('',#11327,#11328);
#11327 = CARTESIAN_POINT('',(5.,0.));
#11328 = VECTOR('',#11329,1.);
#11329 = DIRECTION('',(0.,-1.));
#11330 = ( GEOMETRIC_REPRESENTATION_CONTEXT(2) 
PARAMETRIC_REPRESENTATION_CONTEXT() REPRESENTATION_CONTEXT('2D SPACE',''
  ) );
#11331 = ORIENTED_EDGE('',*,*,#11332,.F.);
#11332 = EDGE_CURVE('',#11333,#11303,#11335,.T.);
#11333 = VERTEX_POINT('',#11334);
#11334 = CARTESIAN_POINT('',(-26.20094323213,-6.440322580645,
    -2.293078486158));
#11335 = SURFACE_CURVE('',#11336,(#11340,#11347),.PCURVE_S1.);
#11336 = LINE('',#11337,#11338);
#11337 = CARTESIAN_POINT('',(-26.20094323213,-6.440322580645,
    -2.293078486158));
#11338 = VECTOR('',#11339,1.);
#11339 = DIRECTION('',(0.,1.,0.));
#11340 = PCURVE('',#11134,#11341);
#11341 = DEFINITIONAL_REPRESENTATION('',(#11342),#11346);
#11342 = LINE('',#11343,#11344);
#11343 = CARTESIAN_POINT('',(5.85,2.));
#11344 = VECTOR('',#11345,1.);
#11345 = DIRECTION('',(-1.,0.));
#11346 = ( GEOMETRIC_REPRESENTATION_CONTEXT(2) 
PARAMETRIC_REPRESENTATION_CONTEXT() REPRESENTATION_CONTEXT('2D SPACE',''
  ) );
#11347 = PCURVE('',#11348,#11353);
#11348 = PLANE('',#11349);
#11349 = AXIS2_PLACEMENT_3D('',#11350,#11351,#11352);
#11350 = CARTESIAN_POINT('',(-21.20094323213,-6.440322580645,
    -2.293078486158));
#11351 = DIRECTION('',(0.,0.,1.));
#11352 = DIRECTION('',(0.,-1.,0.));
#11353 = DEFINITIONAL_REPRESENTATION('',(#11354),#11358);
#11354 = LINE('',#11355,#11356);
#11355 = CARTESIAN_POINT('',(0.,-5.));
#11356 = VECTOR('',#11357,1.);
#11357 = DIRECTION('',(-1.,0.));
#11358 = ( GEOMETRIC_REPRESENTATION_CONTEXT(2) 
PARAMETRIC_REPRESENTATION_CONTEXT() REPRESENTATION_CONTEXT('2D SPACE',''
  ) );
#11359 = ORIENTED_EDGE('',*,*,#11360,.F.);
#11360 = EDGE_CURVE('',#11361,#11333,#11363,.T.);
#11361 = VERTEX_POINT('',#11362);
#11362 = CARTESIAN_POINT('',(-26.20094323213,-6.440322580645,
    -6.293078486158));
#11363 = SURFACE_CURVE('',#11364,(#11368,#11375),.PCURVE_S1.);
#11364 = LINE('',#11365,#11366);
#11365 = CARTESIAN_POINT('',(-26.20094323213,-6.440322580645,
    -6.293078486158));
#11366 = VECTOR('',#11367,1.);
#11367 = DIRECTION('',(0.,0.,1.));
#11368 = PCURVE('',#11134,#11369);
#11369 = DEFINITIONAL_REPRESENTATION('',(#11370),#11374);
#11370 = LINE('',#11371,#11372);
#11371 = CARTESIAN_POINT('',(5.85,-2.));
#11372 = VECTOR('',#11373,1.);
#11373 = DIRECTION('',(0.,1.));
#11374 = ( GEOMETRIC_REPRESENTATION_CONTEXT(2) 
PARAMETRIC_REPRESENTATION_CONTEXT() REPRESENTATION_CONTEXT('2D SPACE',''
  ) );
#11375 = PCURVE('',#11376,#11381);
#11376 = PLANE('',#11377);
#11377 = AXIS2_PLACEMENT_3D('',#11378,#11379,#11380);
#11378 = CARTESIAN_POINT('',(-21.20094323213,-6.440322580645,
    -6.293078486158));
#11379 = DIRECTION('',(0.,-1.,0.));
#11380 = DIRECTION('',(0.,0.,1.));
#11381 = DEFINITIONAL_REPRESENTATION('',(#11382),#11386);
#11382 = LINE('',#11383,#11384);
#11383 = CARTESIAN_POINT('',(0.,5.));
#11384 = VECTOR('',#11385,1.);
#11385 = DIRECTION('',(1.,0.));
#11386 = ( GEOMETRIC_REPRESENTATION_CONTEXT(2) 
PARAMETRIC_REPRESENTATION_CONTEXT() REPRESENTATION_CONTEXT('2D SPACE',''
  ) );
#11387 = ORIENTED_EDGE('',*,*,#11388,.F.);
#11388 = EDGE_CURVE('',#11305,#11361,#11389,.T.);
#11389 = SURFACE_CURVE('',#11390,(#11394,#11401),.PCURVE_S1.);
#11390 = LINE('',#11391,#11392);
#11391 = CARTESIAN_POINT('',(-26.20094323213,-4.040322580645,
    -6.293078486158));
#11392 = VECTOR('',#11393,1.);
#11393 = DIRECTION('',(0.,-1.,0.));
#11394 = PCURVE('',#11134,#11395);
#11395 = DEFINITIONAL_REPRESENTATION('',(#11396),#11400);
#11396 = LINE('',#11397,#11398);
#11397 = CARTESIAN_POINT('',(3.45,-2.));
#11398 = VECTOR('',#11399,1.);
#11399 = DIRECTION('',(1.,0.));
#11400 = ( GEOMETRIC_REPRESENTATION_CONTEXT(2) 
PARAMETRIC_REPRESENTATION_CONTEXT() REPRESENTATION_CONTEXT('2D SPACE',''
  ) );
#11401 = PCURVE('',#11402,#11407);
#11402 = PLANE('',#11403);
#11403 = AXIS2_PLACEMENT_3D('',#11404,#11405,#11406);
#11404 = CARTESIAN_POINT('',(-21.20094323213,-4.040322580645,
    -6.293078486158));
#11405 = DIRECTION('',(0.,0.,-1.));
#11406 = DIRECTION('',(1.,0.,0.));
#11407 = DEFINITIONAL_REPRESENTATION('',(#11408),#11412);
#11408 = LINE('',#11409,#11410);
#11409 = CARTESIAN_POINT('',(-5.,0.));
#11410 = VECTOR('',#11411,1.);
#11411 = DIRECTION('',(0.,1.));
#11412 = ( GEOMETRIC_REPRESENTATION_CONTEXT(2) 
PARAMETRIC_REPRESENTATION_CONTEXT() REPRESENTATION_CONTEXT('2D SPACE',''
  ) );
#11413 = ADVANCED_FACE('',(#11414),#11320,.F.);
#11414 = FACE_BOUND('',#11415,.T.);
#11415 = EDGE_LOOP('',(#11416,#11439,#11467,#11488));
#11416 = ORIENTED_EDGE('',*,*,#11417,.F.);
#11417 = EDGE_CURVE('',#11418,#11305,#11420,.T.);
#11418 = VERTEX_POINT('',#11419);
#11419 = CARTESIAN_POINT('',(-21.20094323213,-4.040322580645,
    -6.293078486158));
#11420 = SURFACE_CURVE('',#11421,(#11425,#11432),.PCURVE_S1.);
#11421 = LINE('',#11422,#11423);
#11422 = CARTESIAN_POINT('',(-21.20094323213,-4.040322580645,
    -6.293078486158));
#11423 = VECTOR('',#11424,1.);
#11424 = DIRECTION('',(-1.,0.,0.));
#11425 = PCURVE('',#11320,#11426);
#11426 = DEFINITIONAL_REPRESENTATION('',(#11427),#11431);
#11427 = LINE('',#11428,#11429);
#11428 = CARTESIAN_POINT('',(0.,-4.));
#11429 = VECTOR('',#11430,1.);
#11430 = DIRECTION('',(1.,0.));
#11431 = ( GEOMETRIC_REPRESENTATION_CONTEXT(2) 
PARAMETRIC_REPRESENTATION_CONTEXT() REPRESENTATION_CONTEXT('2D SPACE',''
  ) );
#11432 = PCURVE('',#11402,#11433);
#11433 = DEFINITIONAL_REPRESENTATION('',(#11434),#11438);
#11434 = LINE('',#11435,#11436);
#11435 = CARTESIAN_POINT('',(0.,0.));
#11436 = VECTOR('',#11437,1.);
#11437 = DIRECTION('',(-1.,0.));
#11438 = ( GEOMETRIC_REPRESENTATION_CONTEXT(2) 
PARAMETRIC_REPRESENTATION_CONTEXT() REPRESENTATION_CONTEXT('2D SPACE',''
  ) );
#11439 = ORIENTED_EDGE('',*,*,#11440,.F.);
#11440 = EDGE_CURVE('',#11441,#11418,#11443,.T.);
#11441 = VERTEX_POINT('',#11442);
#11442 = CARTESIAN_POINT('',(-21.20094323213,-4.040322580645,
    -2.293078486158));
#11443 = SURFACE_CURVE('',#11444,(#11448,#11455),.PCURVE_S1.);
#11444 = LINE('',#11445,#11446);
#11445 = CARTESIAN_POINT('',(-21.20094323213,-4.040322580645,
    -2.293078486158));
#11446 = VECTOR('',#11447,1.);
#11447 = DIRECTION('',(0.,0.,-1.));
#11448 = PCURVE('',#11320,#11449);
#11449 = DEFINITIONAL_REPRESENTATION('',(#11450),#11454);
#11450 = LINE('',#11451,#11452);
#11451 = CARTESIAN_POINT('',(0.,0.));
#11452 = VECTOR('',#11453,1.);
#11453 = DIRECTION('',(0.,-1.));
#11454 = ( GEOMETRIC_REPRESENTATION_CONTEXT(2) 
PARAMETRIC_REPRESENTATION_CONTEXT() REPRESENTATION_CONTEXT('2D SPACE',''
  ) );
#11455 = PCURVE('',#11456,#11461);
#11456 = PLANE('',#11457);
#11457 = AXIS2_PLACEMENT_3D('',#11458,#11459,#11460);
#11458 = CARTESIAN_POINT('',(-21.20094323213,-0.590322580645,
    -4.293078486158));
#11459 = DIRECTION('',(-1.,0.,0.));
#11460 = DIRECTION('',(0.,-1.,0.));
#11461 = DEFINITIONAL_REPRESENTATION('',(#11462),#11466);
#11462 = LINE('',#11463,#11464);
#11463 = CARTESIAN_POINT('',(3.45,2.));
#11464 = VECTOR('',#11465,1.);
#11465 = DIRECTION('',(0.,-1.));
#11466 = ( GEOMETRIC_REPRESENTATION_CONTEXT(2) 
PARAMETRIC_REPRESENTATION_CONTEXT() REPRESENTATION_CONTEXT('2D SPACE',''
  ) );
#11467 = ORIENTED_EDGE('',*,*,#11468,.T.);
#11468 = EDGE_CURVE('',#11441,#11303,#11469,.T.);
#11469 = SURFACE_CURVE('',#11470,(#11474,#11481),.PCURVE_S1.);
#11470 = LINE('',#11471,#11472);
#11471 = CARTESIAN_POINT('',(-21.20094323213,-4.040322580645,
    -2.293078486158));
#11472 = VECTOR('',#11473,1.);
#11473 = DIRECTION('',(-1.,0.,0.));
#11474 = PCURVE('',#11320,#11475);
#11475 = DEFINITIONAL_REPRESENTATION('',(#11476),#11480);
#11476 = LINE('',#11477,#11478);
#11477 = CARTESIAN_POINT('',(0.,0.));
#11478 = VECTOR('',#11479,1.);
#11479 = DIRECTION('',(1.,0.));
#11480 = ( GEOMETRIC_REPRESENTATION_CONTEXT(2) 
PARAMETRIC_REPRESENTATION_CONTEXT() REPRESENTATION_CONTEXT('2D SPACE',''
  ) );
#11481 = PCURVE('',#11348,#11482);
#11482 = DEFINITIONAL_REPRESENTATION('',(#11483),#11487);
#11483 = LINE('',#11484,#11485);
#11484 = CARTESIAN_POINT('',(-2.4,0.));
#11485 = VECTOR('',#11486,1.);
#11486 = DIRECTION('',(0.,-1.));
#11487 = ( GEOMETRIC_REPRESENTATION_CONTEXT(2) 
PARAMETRIC_REPRESENTATION_CONTEXT() REPRESENTATION_CONTEXT('2D SPACE',''
  ) );
#11488 = ORIENTED_EDGE('',*,*,#11302,.T.);
#11489 = ADVANCED_FACE('',(#11490),#11402,.F.);
#11490 = FACE_BOUND('',#11491,.T.);
#11491 = EDGE_LOOP('',(#11492,#11515,#11536,#11537));
#11492 = ORIENTED_EDGE('',*,*,#11493,.F.);
#11493 = EDGE_CURVE('',#11494,#11361,#11496,.T.);
#11494 = VERTEX_POINT('',#11495);
#11495 = CARTESIAN_POINT('',(-21.20094323213,-6.440322580645,
    -6.293078486158));
#11496 = SURFACE_CURVE('',#11497,(#11501,#11508),.PCURVE_S1.);
#11497 = LINE('',#11498,#11499);
#11498 = CARTESIAN_POINT('',(-21.20094323213,-6.440322580645,
    -6.293078486158));
#11499 = VECTOR('',#11500,1.);
#11500 = DIRECTION('',(-1.,0.,0.));
#11501 = PCURVE('',#11402,#11502);
#11502 = DEFINITIONAL_REPRESENTATION('',(#11503),#11507);
#11503 = LINE('',#11504,#11505);
#11504 = CARTESIAN_POINT('',(0.,2.4));
#11505 = VECTOR('',#11506,1.);
#11506 = DIRECTION('',(-1.,0.));
#11507 = ( GEOMETRIC_REPRESENTATION_CONTEXT(2) 
PARAMETRIC_REPRESENTATION_CONTEXT() REPRESENTATION_CONTEXT('2D SPACE',''
  ) );
#11508 = PCURVE('',#11376,#11509);
#11509 = DEFINITIONAL_REPRESENTATION('',(#11510),#11514);
#11510 = LINE('',#11511,#11512);
#11511 = CARTESIAN_POINT('',(0.,0.));
#11512 = VECTOR('',#11513,1.);
#11513 = DIRECTION('',(0.,1.));
#11514 = ( GEOMETRIC_REPRESENTATION_CONTEXT(2) 
PARAMETRIC_REPRESENTATION_CONTEXT() REPRESENTATION_CONTEXT('2D SPACE',''
  ) );
#11515 = ORIENTED_EDGE('',*,*,#11516,.F.);
#11516 = EDGE_CURVE('',#11418,#11494,#11517,.T.);
#11517 = SURFACE_CURVE('',#11518,(#11522,#11529),.PCURVE_S1.);
#11518 = LINE('',#11519,#11520);
#11519 = CARTESIAN_POINT('',(-21.20094323213,-4.040322580645,
    -6.293078486158));
#11520 = VECTOR('',#11521,1.);
#11521 = DIRECTION('',(0.,-1.,0.));
#11522 = PCURVE('',#11402,#11523);
#11523 = DEFINITIONAL_REPRESENTATION('',(#11524),#11528);
#11524 = LINE('',#11525,#11526);
#11525 = CARTESIAN_POINT('',(0.,0.));
#11526 = VECTOR('',#11527,1.);
#11527 = DIRECTION('',(0.,1.));
#11528 = ( GEOMETRIC_REPRESENTATION_CONTEXT(2) 
PARAMETRIC_REPRESENTATION_CONTEXT() REPRESENTATION_CONTEXT('2D SPACE',''
  ) );
#11529 = PCURVE('',#11456,#11530);
#11530 = DEFINITIONAL_REPRESENTATION('',(#11531),#11535);
#11531 = LINE('',#11532,#11533);
#11532 = CARTESIAN_POINT('',(3.45,-2.));
#11533 = VECTOR('',#11534,1.);
#11534 = DIRECTION('',(1.,0.));
#11535 = ( GEOMETRIC_REPRESENTATION_CONTEXT(2) 
PARAMETRIC_REPRESENTATION_CONTEXT() REPRESENTATION_CONTEXT('2D SPACE',''
  ) );
#11536 = ORIENTED_EDGE('',*,*,#11417,.T.);
#11537 = ORIENTED_EDGE('',*,*,#11388,.T.);
#11538 = ADVANCED_FACE('',(#11539),#11376,.F.);
#11539 = FACE_BOUND('',#11540,.T.);
#11540 = EDGE_LOOP('',(#11541,#11564,#11585,#11586));
#11541 = ORIENTED_EDGE('',*,*,#11542,.F.);
#11542 = EDGE_CURVE('',#11543,#11333,#11545,.T.);
#11543 = VERTEX_POINT('',#11544);
#11544 = CARTESIAN_POINT('',(-21.20094323213,-6.440322580645,
    -2.293078486158));
#11545 = SURFACE_CURVE('',#11546,(#11550,#11557),.PCURVE_S1.);
#11546 = LINE('',#11547,#11548);
#11547 = CARTESIAN_POINT('',(-21.20094323213,-6.440322580645,
    -2.293078486158));
#11548 = VECTOR('',#11549,1.);
#11549 = DIRECTION('',(-1.,0.,0.));
#11550 = PCURVE('',#11376,#11551);
#11551 = DEFINITIONAL_REPRESENTATION('',(#11552),#11556);
#11552 = LINE('',#11553,#11554);
#11553 = CARTESIAN_POINT('',(4.,0.));
#11554 = VECTOR('',#11555,1.);
#11555 = DIRECTION('',(0.,1.));
#11556 = ( GEOMETRIC_REPRESENTATION_CONTEXT(2) 
PARAMETRIC_REPRESENTATION_CONTEXT() REPRESENTATION_CONTEXT('2D SPACE',''
  ) );
#11557 = PCURVE('',#11348,#11558);
#11558 = DEFINITIONAL_REPRESENTATION('',(#11559),#11563);
#11559 = LINE('',#11560,#11561);
#11560 = CARTESIAN_POINT('',(0.,0.));
#11561 = VECTOR('',#11562,1.);
#11562 = DIRECTION('',(0.,-1.));
#11563 = ( GEOMETRIC_REPRESENTATION_CONTEXT(2) 
PARAMETRIC_REPRESENTATION_CONTEXT() REPRESENTATION_CONTEXT('2D SPACE',''
  ) );
#11564 = ORIENTED_EDGE('',*,*,#11565,.F.);
#11565 = EDGE_CURVE('',#11494,#11543,#11566,.T.);
#11566 = SURFACE_CURVE('',#11567,(#11571,#11578),.PCURVE_S1.);
#11567 = LINE('',#11568,#11569);
#11568 = CARTESIAN_POINT('',(-21.20094323213,-6.440322580645,
    -6.293078486158));
#11569 = VECTOR('',#11570,1.);
#11570 = DIRECTION('',(0.,0.,1.));
#11571 = PCURVE('',#11376,#11572);
#11572 = DEFINITIONAL_REPRESENTATION('',(#11573),#11577);
#11573 = LINE('',#11574,#11575);
#11574 = CARTESIAN_POINT('',(0.,0.));
#11575 = VECTOR('',#11576,1.);
#11576 = DIRECTION('',(1.,0.));
#11577 = ( GEOMETRIC_REPRESENTATION_CONTEXT(2) 
PARAMETRIC_REPRESENTATION_CONTEXT() REPRESENTATION_CONTEXT('2D SPACE',''
  ) );
#11578 = PCURVE('',#11456,#11579);
#11579 = DEFINITIONAL_REPRESENTATION('',(#11580),#11584);
#11580 = LINE('',#11581,#11582);
#11581 = CARTESIAN_POINT('',(5.85,-2.));
#11582 = VECTOR('',#11583,1.);
#11583 = DIRECTION('',(0.,1.));
#11584 = ( GEOMETRIC_REPRESENTATION_CONTEXT(2) 
PARAMETRIC_REPRESENTATION_CONTEXT() REPRESENTATION_CONTEXT('2D SPACE',''
  ) );
#11585 = ORIENTED_EDGE('',*,*,#11493,.T.);
#11586 = ORIENTED_EDGE('',*,*,#11360,.T.);
#11587 = ADVANCED_FACE('',(#11588),#11348,.F.);
#11588 = FACE_BOUND('',#11589,.T.);
#11589 = EDGE_LOOP('',(#11590,#11591,#11612,#11613));
#11590 = ORIENTED_EDGE('',*,*,#11468,.F.);
#11591 = ORIENTED_EDGE('',*,*,#11592,.F.);
#11592 = EDGE_CURVE('',#11543,#11441,#11593,.T.);
#11593 = SURFACE_CURVE('',#11594,(#11598,#11605),.PCURVE_S1.);
#11594 = LINE('',#11595,#11596);
#11595 = CARTESIAN_POINT('',(-21.20094323213,-6.440322580645,
    -2.293078486158));
#11596 = VECTOR('',#11597,1.);
#11597 = DIRECTION('',(0.,1.,0.));
#11598 = PCURVE('',#11348,#11599);
#11599 = DEFINITIONAL_REPRESENTATION('',(#11600),#11604);
#11600 = LINE('',#11601,#11602);
#11601 = CARTESIAN_POINT('',(0.,0.));
#11602 = VECTOR('',#11603,1.);
#11603 = DIRECTION('',(-1.,0.));
#11604 = ( GEOMETRIC_REPRESENTATION_CONTEXT(2) 
PARAMETRIC_REPRESENTATION_CONTEXT() REPRESENTATION_CONTEXT('2D SPACE',''
  ) );
#11605 = PCURVE('',#11456,#11606);
#11606 = DEFINITIONAL_REPRESENTATION('',(#11607),#11611);
#11607 = LINE('',#11608,#11609);
#11608 = CARTESIAN_POINT('',(5.85,2.));
#11609 = VECTOR('',#11610,1.);
#11610 = DIRECTION('',(-1.,0.));
#11611 = ( GEOMETRIC_REPRESENTATION_CONTEXT(2) 
PARAMETRIC_REPRESENTATION_CONTEXT() REPRESENTATION_CONTEXT('2D SPACE',''
  ) );
#11612 = ORIENTED_EDGE('',*,*,#11542,.T.);
#11613 = ORIENTED_EDGE('',*,*,#11332,.T.);
#11614 = ADVANCED_FACE('',(#11615,#11621,#11735),#11456,.T.);
#11615 = FACE_BOUND('',#11616,.T.);
#11616 = EDGE_LOOP('',(#11617,#11618,#11619,#11620));
#11617 = ORIENTED_EDGE('',*,*,#11565,.T.);
#11618 = ORIENTED_EDGE('',*,*,#11592,.T.);
#11619 = ORIENTED_EDGE('',*,*,#11440,.T.);
#11620 = ORIENTED_EDGE('',*,*,#11516,.T.);
#11621 = FACE_BOUND('',#11622,.T.);
#11622 = EDGE_LOOP('',(#11623,#11653,#11681,#11709));
#11623 = ORIENTED_EDGE('',*,*,#11624,.F.);
#11624 = EDGE_CURVE('',#11625,#11627,#11629,.T.);
#11625 = VERTEX_POINT('',#11626);
#11626 = CARTESIAN_POINT('',(-21.20094323213,-4.990322580645,
    -5.493078486158));
#11627 = VERTEX_POINT('',#11628);
#11628 = CARTESIAN_POINT('',(-21.20094323213,-5.390322580645,
    -5.493078486158));
#11629 = SURFACE_CURVE('',#11630,(#11634,#11641),.PCURVE_S1.);
#11630 = LINE('',#11631,#11632);
#11631 = CARTESIAN_POINT('',(-21.20094323213,-4.990322580645,
    -5.493078486158));
#11632 = VECTOR('',#11633,1.);
#11633 = DIRECTION('',(0.,-1.,0.));
#11634 = PCURVE('',#11456,#11635);
#11635 = DEFINITIONAL_REPRESENTATION('',(#11636),#11640);
#11636 = LINE('',#11637,#11638);
#11637 = CARTESIAN_POINT('',(4.4,-1.2));
#11638 = VECTOR('',#11639,1.);
#11639 = DIRECTION('',(1.,0.));
#11640 = ( GEOMETRIC_REPRESENTATION_CONTEXT(2) 
PARAMETRIC_REPRESENTATION_CONTEXT() REPRESENTATION_CONTEXT('2D SPACE',''
  ) );
#11641 = PCURVE('',#11642,#11647);
#11642 = PLANE('',#11643);
#11643 = AXIS2_PLACEMENT_3D('',#11644,#11645,#11646);
#11644 = CARTESIAN_POINT('',(-25.00094323213,-5.390322580645,
    -5.493078486158));
#11645 = DIRECTION('',(0.,0.,-1.));
#11646 = DIRECTION('',(1.,0.,0.));
#11647 = DEFINITIONAL_REPRESENTATION('',(#11648),#11652);
#11648 = LINE('',#11649,#11650);
#11649 = CARTESIAN_POINT('',(3.8,-0.4));
#11650 = VECTOR('',#11651,1.);
#11651 = DIRECTION('',(0.,1.));
#11652 = ( GEOMETRIC_REPRESENTATION_CONTEXT(2) 
PARAMETRIC_REPRESENTATION_CONTEXT() REPRESENTATION_CONTEXT('2D SPACE',''
  ) );
#11653 = ORIENTED_EDGE('',*,*,#11654,.F.);
#11654 = EDGE_CURVE('',#11655,#11625,#11657,.T.);
#11655 = VERTEX_POINT('',#11656);
#11656 = CARTESIAN_POINT('',(-21.20094323213,-4.990322580645,
    -5.093078486158));
#11657 = SURFACE_CURVE('',#11658,(#11662,#11669),.PCURVE_S1.);
#11658 = LINE('',#11659,#11660);
#11659 = CARTESIAN_POINT('',(-21.20094323213,-4.990322580645,
    -5.093078486158));
#11660 = VECTOR('',#11661,1.);
#11661 = DIRECTION('',(0.,0.,-1.));
#11662 = PCURVE('',#11456,#11663);
#11663 = DEFINITIONAL_REPRESENTATION('',(#11664),#11668);
#11664 = LINE('',#11665,#11666);
#11665 = CARTESIAN_POINT('',(4.4,-0.8));
#11666 = VECTOR('',#11667,1.);
#11667 = DIRECTION('',(0.,-1.));
#11668 = ( GEOMETRIC_REPRESENTATION_CONTEXT(2) 
PARAMETRIC_REPRESENTATION_CONTEXT() REPRESENTATION_CONTEXT('2D SPACE',''
  ) );
#11669 = PCURVE('',#11670,#11675);
#11670 = PLANE('',#11671);
#11671 = AXIS2_PLACEMENT_3D('',#11672,#11673,#11674);
#11672 = CARTESIAN_POINT('',(-25.00094323213,-4.990322580645,
    -5.493078486158));
#11673 = DIRECTION('',(0.,1.,0.));
#11674 = DIRECTION('',(-1.,0.,0.));
#11675 = DEFINITIONAL_REPRESENTATION('',(#11676),#11680);
#11676 = LINE('',#11677,#11678);
#11677 = CARTESIAN_POINT('',(-3.8,0.4));
#11678 = VECTOR('',#11679,1.);
#11679 = DIRECTION('',(0.,-1.));
#11680 = ( GEOMETRIC_REPRESENTATION_CONTEXT(2) 
PARAMETRIC_REPRESENTATION_CONTEXT() REPRESENTATION_CONTEXT('2D SPACE',''
  ) );
#11681 = ORIENTED_EDGE('',*,*,#11682,.F.);
#11682 = EDGE_CURVE('',#11683,#11655,#11685,.T.);
#11683 = VERTEX_POINT('',#11684);
#11684 = CARTESIAN_POINT('',(-21.20094323213,-5.390322580645,
    -5.093078486158));
#11685 = SURFACE_CURVE('',#11686,(#11690,#11697),.PCURVE_S1.);
#11686 = LINE('',#11687,#11688);
#11687 = CARTESIAN_POINT('',(-21.20094323213,-5.390322580645,
    -5.093078486158));
#11688 = VECTOR('',#11689,1.);
#11689 = DIRECTION('',(0.,1.,0.));
#11690 = PCURVE('',#11456,#11691);
#11691 = DEFINITIONAL_REPRESENTATION('',(#11692),#11696);
#11692 = LINE('',#11693,#11694);
#11693 = CARTESIAN_POINT('',(4.8,-0.8));
#11694 = VECTOR('',#11695,1.);
#11695 = DIRECTION('',(-1.,0.));
#11696 = ( GEOMETRIC_REPRESENTATION_CONTEXT(2) 
PARAMETRIC_REPRESENTATION_CONTEXT() REPRESENTATION_CONTEXT('2D SPACE',''
  ) );
#11697 = PCURVE('',#11698,#11703);
#11698 = PLANE('',#11699);
#11699 = AXIS2_PLACEMENT_3D('',#11700,#11701,#11702);
#11700 = CARTESIAN_POINT('',(-25.00094323213,-5.390322580645,
    -5.093078486158));
#11701 = DIRECTION('',(0.,0.,1.));
#11702 = DIRECTION('',(0.,-1.,0.));
#11703 = DEFINITIONAL_REPRESENTATION('',(#11704),#11708);
#11704 = LINE('',#11705,#11706);
#11705 = CARTESIAN_POINT('',(0.,3.8));
#11706 = VECTOR('',#11707,1.);
#11707 = DIRECTION('',(-1.,0.));
#11708 = ( GEOMETRIC_REPRESENTATION_CONTEXT(2) 
PARAMETRIC_REPRESENTATION_CONTEXT() REPRESENTATION_CONTEXT('2D SPACE',''
  ) );
#11709 = ORIENTED_EDGE('',*,*,#11710,.F.);
#11710 = EDGE_CURVE('',#11627,#11683,#11711,.T.);
#11711 = SURFACE_CURVE('',#11712,(#11716,#11723),.PCURVE_S1.);
#11712 = LINE('',#11713,#11714);
#11713 = CARTESIAN_POINT('',(-21.20094323213,-5.390322580645,
    -5.493078486158));
#11714 = VECTOR('',#11715,1.);
#11715 = DIRECTION('',(0.,0.,1.));
#11716 = PCURVE('',#11456,#11717);
#11717 = DEFINITIONAL_REPRESENTATION('',(#11718),#11722);
#11718 = LINE('',#11719,#11720);
#11719 = CARTESIAN_POINT('',(4.8,-1.2));
#11720 = VECTOR('',#11721,1.);
#11721 = DIRECTION('',(0.,1.));
#11722 = ( GEOMETRIC_REPRESENTATION_CONTEXT(2) 
PARAMETRIC_REPRESENTATION_CONTEXT() REPRESENTATION_CONTEXT('2D SPACE',''
  ) );
#11723 = PCURVE('',#11724,#11729);
#11724 = PLANE('',#11725);
#11725 = AXIS2_PLACEMENT_3D('',#11726,#11727,#11728);
#11726 = CARTESIAN_POINT('',(-25.00094323213,-5.390322580645,
    -5.493078486158));
#11727 = DIRECTION('',(0.,-1.,0.));
#11728 = DIRECTION('',(0.,0.,1.));
#11729 = DEFINITIONAL_REPRESENTATION('',(#11730),#11734);
#11730 = LINE('',#11731,#11732);
#11731 = CARTESIAN_POINT('',(0.,-3.8));
#11732 = VECTOR('',#11733,1.);
#11733 = DIRECTION('',(1.,0.));
#11734 = ( GEOMETRIC_REPRESENTATION_CONTEXT(2) 
PARAMETRIC_REPRESENTATION_CONTEXT() REPRESENTATION_CONTEXT('2D SPACE',''
  ) );
#11735 = FACE_BOUND('',#11736,.T.);
#11736 = EDGE_LOOP('',(#11737,#11767,#11795,#11823));
#11737 = ORIENTED_EDGE('',*,*,#11738,.F.);
#11738 = EDGE_CURVE('',#11739,#11741,#11743,.T.);
#11739 = VERTEX_POINT('',#11740);
#11740 = CARTESIAN_POINT('',(-21.20094323213,-5.390322580645,
    -3.093078486158));
#11741 = VERTEX_POINT('',#11742);
#11742 = CARTESIAN_POINT('',(-21.20094323213,-4.990322580645,
    -3.093078486158));
#11743 = SURFACE_CURVE('',#11744,(#11748,#11755),.PCURVE_S1.);
#11744 = LINE('',#11745,#11746);
#11745 = CARTESIAN_POINT('',(-21.20094323213,-5.390322580645,
    -3.093078486158));
#11746 = VECTOR('',#11747,1.);
#11747 = DIRECTION('',(0.,1.,-1.7763568394E-14));
#11748 = PCURVE('',#11456,#11749);
#11749 = DEFINITIONAL_REPRESENTATION('',(#11750),#11754);
#11750 = LINE('',#11751,#11752);
#11751 = CARTESIAN_POINT('',(4.8,1.2));
#11752 = VECTOR('',#11753,1.);
#11753 = DIRECTION('',(-1.,-1.7763568394E-14));
#11754 = ( GEOMETRIC_REPRESENTATION_CONTEXT(2) 
PARAMETRIC_REPRESENTATION_CONTEXT() REPRESENTATION_CONTEXT('2D SPACE',''
  ) );
#11755 = PCURVE('',#11756,#11761);
#11756 = PLANE('',#11757);
#11757 = AXIS2_PLACEMENT_3D('',#11758,#11759,#11760);
#11758 = CARTESIAN_POINT('',(-25.00094323213,-5.390322580645,
    -3.093078486158));
#11759 = DIRECTION('',(0.,0.,1.));
#11760 = DIRECTION('',(0.,-1.,0.));
#11761 = DEFINITIONAL_REPRESENTATION('',(#11762),#11766);
#11762 = LINE('',#11763,#11764);
#11763 = CARTESIAN_POINT('',(0.,3.8));
#11764 = VECTOR('',#11765,1.);
#11765 = DIRECTION('',(-1.,0.));
#11766 = ( GEOMETRIC_REPRESENTATION_CONTEXT(2) 
PARAMETRIC_REPRESENTATION_CONTEXT() REPRESENTATION_CONTEXT('2D SPACE',''
  ) );
#11767 = ORIENTED_EDGE('',*,*,#11768,.F.);
#11768 = EDGE_CURVE('',#11769,#11739,#11771,.T.);
#11769 = VERTEX_POINT('',#11770);
#11770 = CARTESIAN_POINT('',(-21.20094323213,-5.390322580645,
    -3.493078486158));
#11771 = SURFACE_CURVE('',#11772,(#11776,#11783),.PCURVE_S1.);
#11772 = LINE('',#11773,#11774);
#11773 = CARTESIAN_POINT('',(-21.20094323213,-5.390322580645,
    -3.493078486158));
#11774 = VECTOR('',#11775,1.);
#11775 = DIRECTION('',(0.,0.,1.));
#11776 = PCURVE('',#11456,#11777);
#11777 = DEFINITIONAL_REPRESENTATION('',(#11778),#11782);
#11778 = LINE('',#11779,#11780);
#11779 = CARTESIAN_POINT('',(4.8,0.8));
#11780 = VECTOR('',#11781,1.);
#11781 = DIRECTION('',(0.,1.));
#11782 = ( GEOMETRIC_REPRESENTATION_CONTEXT(2) 
PARAMETRIC_REPRESENTATION_CONTEXT() REPRESENTATION_CONTEXT('2D SPACE',''
  ) );
#11783 = PCURVE('',#11784,#11789);
#11784 = PLANE('',#11785);
#11785 = AXIS2_PLACEMENT_3D('',#11786,#11787,#11788);
#11786 = CARTESIAN_POINT('',(-25.00094323213,-5.390322580645,
    -3.093078486158));
#11787 = DIRECTION('',(0.,-1.,0.));
#11788 = DIRECTION('',(0.,0.,1.));
#11789 = DEFINITIONAL_REPRESENTATION('',(#11790),#11794);
#11790 = LINE('',#11791,#11792);
#11791 = CARTESIAN_POINT('',(-0.4,-3.8));
#11792 = VECTOR('',#11793,1.);
#11793 = DIRECTION('',(1.,0.));
#11794 = ( GEOMETRIC_REPRESENTATION_CONTEXT(2) 
PARAMETRIC_REPRESENTATION_CONTEXT() REPRESENTATION_CONTEXT('2D SPACE',''
  ) );
#11795 = ORIENTED_EDGE('',*,*,#11796,.F.);
#11796 = EDGE_CURVE('',#11797,#11769,#11799,.T.);
#11797 = VERTEX_POINT('',#11798);
#11798 = CARTESIAN_POINT('',(-21.20094323213,-4.990322580645,
    -3.493078486158));
#11799 = SURFACE_CURVE('',#11800,(#11804,#11811),.PCURVE_S1.);
#11800 = LINE('',#11801,#11802);
#11801 = CARTESIAN_POINT('',(-21.20094323213,-4.990322580645,
    -3.493078486158));
#11802 = VECTOR('',#11803,1.);
#11803 = DIRECTION('',(0.,-1.,0.));
#11804 = PCURVE('',#11456,#11805);
#11805 = DEFINITIONAL_REPRESENTATION('',(#11806),#11810);
#11806 = LINE('',#11807,#11808);
#11807 = CARTESIAN_POINT('',(4.4,0.8));
#11808 = VECTOR('',#11809,1.);
#11809 = DIRECTION('',(1.,0.));
#11810 = ( GEOMETRIC_REPRESENTATION_CONTEXT(2) 
PARAMETRIC_REPRESENTATION_CONTEXT() REPRESENTATION_CONTEXT('2D SPACE',''
  ) );
#11811 = PCURVE('',#11812,#11817);
#11812 = PLANE('',#11813);
#11813 = AXIS2_PLACEMENT_3D('',#11814,#11815,#11816);
#11814 = CARTESIAN_POINT('',(-25.00094323213,-5.390322580645,
    -3.493078486158));
#11815 = DIRECTION('',(0.,0.,-1.));
#11816 = DIRECTION('',(1.,0.,0.));
#11817 = DEFINITIONAL_REPRESENTATION('',(#11818),#11822);
#11818 = LINE('',#11819,#11820);
#11819 = CARTESIAN_POINT('',(3.8,-0.4));
#11820 = VECTOR('',#11821,1.);
#11821 = DIRECTION('',(0.,1.));
#11822 = ( GEOMETRIC_REPRESENTATION_CONTEXT(2) 
PARAMETRIC_REPRESENTATION_CONTEXT() REPRESENTATION_CONTEXT('2D SPACE',''
  ) );
#11823 = ORIENTED_EDGE('',*,*,#11824,.F.);
#11824 = EDGE_CURVE('',#11741,#11797,#11825,.T.);
#11825 = SURFACE_CURVE('',#11826,(#11830,#11837),.PCURVE_S1.);
#11826 = LINE('',#11827,#11828);
#11827 = CARTESIAN_POINT('',(-21.20094323213,-4.990322580645,
    -3.093078486158));
#11828 = VECTOR('',#11829,1.);
#11829 = DIRECTION('',(0.,0.,-1.));
#11830 = PCURVE('',#11456,#11831);
#11831 = DEFINITIONAL_REPRESENTATION('',(#11832),#11836);
#11832 = LINE('',#11833,#11834);
#11833 = CARTESIAN_POINT('',(4.4,1.2));
#11834 = VECTOR('',#11835,1.);
#11835 = DIRECTION('',(0.,-1.));
#11836 = ( GEOMETRIC_REPRESENTATION_CONTEXT(2) 
PARAMETRIC_REPRESENTATION_CONTEXT() REPRESENTATION_CONTEXT('2D SPACE',''
  ) );
#11837 = PCURVE('',#11838,#11843);
#11838 = PLANE('',#11839);
#11839 = AXIS2_PLACEMENT_3D('',#11840,#11841,#11842);
#11840 = CARTESIAN_POINT('',(-25.00094323213,-4.990322580645,
    -3.093078486158));
#11841 = DIRECTION('',(0.,1.,0.));
#11842 = DIRECTION('',(-1.,0.,0.));
#11843 = DEFINITIONAL_REPRESENTATION('',(#11844),#11848);
#11844 = LINE('',#11845,#11846);
#11845 = CARTESIAN_POINT('',(-3.8,0.));
#11846 = VECTOR('',#11847,1.);
#11847 = DIRECTION('',(0.,-1.));
#11848 = ( GEOMETRIC_REPRESENTATION_CONTEXT(2) 
PARAMETRIC_REPRESENTATION_CONTEXT() REPRESENTATION_CONTEXT('2D SPACE',''
  ) );
#11849 = ADVANCED_FACE('',(#11850),#11642,.T.);
#11850 = FACE_BOUND('',#11851,.T.);
#11851 = EDGE_LOOP('',(#11852,#11882,#11903,#11904));
#11852 = ORIENTED_EDGE('',*,*,#11853,.T.);
#11853 = EDGE_CURVE('',#11854,#11856,#11858,.T.);
#11854 = VERTEX_POINT('',#11855);
#11855 = CARTESIAN_POINT('',(-24.50094323213,-5.390322580645,
    -5.493078486158));
#11856 = VERTEX_POINT('',#11857);
#11857 = CARTESIAN_POINT('',(-24.50094323213,-4.990322580645,
    -5.493078486158));
#11858 = SURFACE_CURVE('',#11859,(#11863,#11870),.PCURVE_S1.);
#11859 = LINE('',#11860,#11861);
#11860 = CARTESIAN_POINT('',(-24.50094323213,-5.390322580645,
    -5.493078486158));
#11861 = VECTOR('',#11862,1.);
#11862 = DIRECTION('',(0.,1.,-5.107025913276E-14));
#11863 = PCURVE('',#11642,#11864);
#11864 = DEFINITIONAL_REPRESENTATION('',(#11865),#11869);
#11865 = LINE('',#11866,#11867);
#11866 = CARTESIAN_POINT('',(0.5,0.));
#11867 = VECTOR('',#11868,1.);
#11868 = DIRECTION('',(0.,-1.));
#11869 = ( GEOMETRIC_REPRESENTATION_CONTEXT(2) 
PARAMETRIC_REPRESENTATION_CONTEXT() REPRESENTATION_CONTEXT('2D SPACE',''
  ) );
#11870 = PCURVE('',#11871,#11876);
#11871 = PLANE('',#11872);
#11872 = AXIS2_PLACEMENT_3D('',#11873,#11874,#11875);
#11873 = CARTESIAN_POINT('',(-24.50094323213,-5.390322580645,
    -5.493078486158));
#11874 = DIRECTION('',(0.258819045103,0.,0.965925826289));
#11875 = DIRECTION('',(-0.,1.,0.));
#11876 = DEFINITIONAL_REPRESENTATION('',(#11877),#11881);
#11877 = LINE('',#11878,#11879);
#11878 = CARTESIAN_POINT('',(0.,0.));
#11879 = VECTOR('',#11880,1.);
#11880 = DIRECTION('',(1.,-1.32179557019E-14));
#11881 = ( GEOMETRIC_REPRESENTATION_CONTEXT(2) 
PARAMETRIC_REPRESENTATION_CONTEXT() REPRESENTATION_CONTEXT('2D SPACE',''
  ) );
#11882 = ORIENTED_EDGE('',*,*,#11883,.T.);
#11883 = EDGE_CURVE('',#11856,#11625,#11884,.T.);
#11884 = SURFACE_CURVE('',#11885,(#11889,#11896),.PCURVE_S1.);
#11885 = LINE('',#11886,#11887);
#11886 = CARTESIAN_POINT('',(-24.50094323213,-4.990322580645,
    -5.493078486158));
#11887 = VECTOR('',#11888,1.);
#11888 = DIRECTION('',(1.,0.,0.));
#11889 = PCURVE('',#11642,#11890);
#11890 = DEFINITIONAL_REPRESENTATION('',(#11891),#11895);
#11891 = LINE('',#11892,#11893);
#11892 = CARTESIAN_POINT('',(0.5,-0.4));
#11893 = VECTOR('',#11894,1.);
#11894 = DIRECTION('',(1.,0.));
#11895 = ( GEOMETRIC_REPRESENTATION_CONTEXT(2) 
PARAMETRIC_REPRESENTATION_CONTEXT() REPRESENTATION_CONTEXT('2D SPACE',''
  ) );
#11896 = PCURVE('',#11670,#11897);
#11897 = DEFINITIONAL_REPRESENTATION('',(#11898),#11902);
#11898 = LINE('',#11899,#11900);
#11899 = CARTESIAN_POINT('',(-0.5,0.));
#11900 = VECTOR('',#11901,1.);
#11901 = DIRECTION('',(-1.,0.));
#11902 = ( GEOMETRIC_REPRESENTATION_CONTEXT(2) 
PARAMETRIC_REPRESENTATION_CONTEXT() REPRESENTATION_CONTEXT('2D SPACE',''
  ) );
#11903 = ORIENTED_EDGE('',*,*,#11624,.T.);
#11904 = ORIENTED_EDGE('',*,*,#11905,.F.);
#11905 = EDGE_CURVE('',#11854,#11627,#11906,.T.);
#11906 = SURFACE_CURVE('',#11907,(#11911,#11918),.PCURVE_S1.);
#11907 = LINE('',#11908,#11909);
#11908 = CARTESIAN_POINT('',(-24.50094323213,-5.390322580645,
    -5.493078486158));
#11909 = VECTOR('',#11910,1.);
#11910 = DIRECTION('',(1.,0.,0.));
#11911 = PCURVE('',#11642,#11912);
#11912 = DEFINITIONAL_REPRESENTATION('',(#11913),#11917);
#11913 = LINE('',#11914,#11915);
#11914 = CARTESIAN_POINT('',(0.5,0.));
#11915 = VECTOR('',#11916,1.);
#11916 = DIRECTION('',(1.,0.));
#11917 = ( GEOMETRIC_REPRESENTATION_CONTEXT(2) 
PARAMETRIC_REPRESENTATION_CONTEXT() REPRESENTATION_CONTEXT('2D SPACE',''
  ) );
#11918 = PCURVE('',#11724,#11919);
#11919 = DEFINITIONAL_REPRESENTATION('',(#11920),#11924);
#11920 = LINE('',#11921,#11922);
#11921 = CARTESIAN_POINT('',(0.,-0.5));
#11922 = VECTOR('',#11923,1.);
#11923 = DIRECTION('',(0.,-1.));
#11924 = ( GEOMETRIC_REPRESENTATION_CONTEXT(2) 
PARAMETRIC_REPRESENTATION_CONTEXT() REPRESENTATION_CONTEXT('2D SPACE',''
  ) );
#11925 = ADVANCED_FACE('',(#11926),#11871,.F.);
#11926 = FACE_BOUND('',#11927,.T.);
#11927 = EDGE_LOOP('',(#11928,#11958,#11984,#11985));
#11928 = ORIENTED_EDGE('',*,*,#11929,.F.);
#11929 = EDGE_CURVE('',#11930,#11932,#11934,.T.);
#11930 = VERTEX_POINT('',#11931);
#11931 = CARTESIAN_POINT('',(-25.00094323213,-5.124297176861,
    -5.359103889942));
#11932 = VERTEX_POINT('',#11933);
#11933 = CARTESIAN_POINT('',(-25.00094323213,-5.256347984429,
    -5.359103889942));
#11934 = SURFACE_CURVE('',#11935,(#11939,#11946),.PCURVE_S1.);
#11935 = LINE('',#11936,#11937);
#11936 = CARTESIAN_POINT('',(-25.00094323213,-5.124297176861,
    -5.359103889942));
#11937 = VECTOR('',#11938,1.);
#11938 = DIRECTION('',(-5.380828401171E-14,-1.,1.412467455307E-13));
#11939 = PCURVE('',#11871,#11940);
#11940 = DEFINITIONAL_REPRESENTATION('',(#11941),#11945);
#11941 = LINE('',#11942,#11943);
#11942 = CARTESIAN_POINT('',(0.266025403784,0.517638090205));
#11943 = VECTOR('',#11944,1.);
#11944 = DIRECTION('',(-1.,8.853215899736E-14));
#11945 = ( GEOMETRIC_REPRESENTATION_CONTEXT(2) 
PARAMETRIC_REPRESENTATION_CONTEXT() REPRESENTATION_CONTEXT('2D SPACE',''
  ) );
#11946 = PCURVE('',#11947,#11952);
#11947 = PLANE('',#11948);
#11948 = AXIS2_PLACEMENT_3D('',#11949,#11950,#11951);
#11949 = CARTESIAN_POINT('',(-25.00094323213,-0.590322580645,
    -4.293078486158));
#11950 = DIRECTION('',(-1.,0.,0.));
#11951 = DIRECTION('',(0.,-1.,0.));
#11952 = DEFINITIONAL_REPRESENTATION('',(#11953),#11957);
#11953 = LINE('',#11954,#11955);
#11954 = CARTESIAN_POINT('',(4.533974596216,-1.066025403784));
#11955 = VECTOR('',#11956,1.);
#11956 = DIRECTION('',(1.,1.412467455307E-13));
#11957 = ( GEOMETRIC_REPRESENTATION_CONTEXT(2) 
PARAMETRIC_REPRESENTATION_CONTEXT() REPRESENTATION_CONTEXT('2D SPACE',''
  ) );
#11958 = ORIENTED_EDGE('',*,*,#11959,.T.);
#11959 = EDGE_CURVE('',#11930,#11856,#11960,.T.);
#11960 = SURFACE_CURVE('',#11961,(#11965,#11972),.PCURVE_S1.);
#11961 = LINE('',#11962,#11963);
#11962 = CARTESIAN_POINT('',(-25.00094323213,-5.124297176861,
    -5.359103889942));
#11963 = VECTOR('',#11964,1.);
#11964 = DIRECTION('',(0.935113126531,0.250562807086,-0.250562807086));
#11965 = PCURVE('',#11871,#11966);
#11966 = DEFINITIONAL_REPRESENTATION('',(#11967),#11971);
#11967 = LINE('',#11968,#11969);
#11968 = CARTESIAN_POINT('',(0.266025403784,0.517638090205));
#11969 = VECTOR('',#11970,1.);
#11970 = DIRECTION('',(0.250562807086,-0.968100345886));
#11971 = ( GEOMETRIC_REPRESENTATION_CONTEXT(2) 
PARAMETRIC_REPRESENTATION_CONTEXT() REPRESENTATION_CONTEXT('2D SPACE',''
  ) );
#11972 = PCURVE('',#11973,#11978);
#11973 = PLANE('',#11974);
#11974 = AXIS2_PLACEMENT_3D('',#11975,#11976,#11977);
#11975 = CARTESIAN_POINT('',(-24.50094323213,-4.990322580645,
    -5.493078486158));
#11976 = DIRECTION('',(0.258819045103,-0.965925826289,0.));
#11977 = DIRECTION('',(0.,0.,-1.));
#11978 = DEFINITIONAL_REPRESENTATION('',(#11979),#11983);
#11979 = LINE('',#11980,#11981);
#11980 = CARTESIAN_POINT('',(-0.133974596216,-0.517638090205));
#11981 = VECTOR('',#11982,1.);
#11982 = DIRECTION('',(0.250562807086,0.968100345886));
#11983 = ( GEOMETRIC_REPRESENTATION_CONTEXT(2) 
PARAMETRIC_REPRESENTATION_CONTEXT() REPRESENTATION_CONTEXT('2D SPACE',''
  ) );
#11984 = ORIENTED_EDGE('',*,*,#11853,.F.);
#11985 = ORIENTED_EDGE('',*,*,#11986,.T.);
#11986 = EDGE_CURVE('',#11854,#11932,#11987,.T.);
#11987 = SURFACE_CURVE('',#11988,(#11992,#11999),.PCURVE_S1.);
#11988 = LINE('',#11989,#11990);
#11989 = CARTESIAN_POINT('',(-24.50094323213,-5.390322580645,
    -5.493078486158));
#11990 = VECTOR('',#11991,1.);
#11991 = DIRECTION('',(-0.935113126531,0.250562807086,0.250562807086));
#11992 = PCURVE('',#11871,#11993);
#11993 = DEFINITIONAL_REPRESENTATION('',(#11994),#11998);
#11994 = LINE('',#11995,#11996);
#11995 = CARTESIAN_POINT('',(0.,0.));
#11996 = VECTOR('',#11997,1.);
#11997 = DIRECTION('',(0.250562807086,0.968100345886));
#11998 = ( GEOMETRIC_REPRESENTATION_CONTEXT(2) 
PARAMETRIC_REPRESENTATION_CONTEXT() REPRESENTATION_CONTEXT('2D SPACE',''
  ) );
#11999 = PCURVE('',#12000,#12005);
#12000 = PLANE('',#12001);
#12001 = AXIS2_PLACEMENT_3D('',#12002,#12003,#12004);
#12002 = CARTESIAN_POINT('',(-24.50094323213,-5.390322580645,
    -5.493078486158));
#12003 = DIRECTION('',(0.258819045103,0.965925826289,0.));
#12004 = DIRECTION('',(-0.965925826289,0.258819045103,0.));
#12005 = DEFINITIONAL_REPRESENTATION('',(#12006),#12010);
#12006 = LINE('',#12007,#12008);
#12007 = CARTESIAN_POINT('',(0.,0.));
#12008 = VECTOR('',#12009,1.);
#12009 = DIRECTION('',(0.968100345886,0.250562807086));
#12010 = ( GEOMETRIC_REPRESENTATION_CONTEXT(2) 
PARAMETRIC_REPRESENTATION_CONTEXT() REPRESENTATION_CONTEXT('2D SPACE',''
  ) );
#12011 = ADVANCED_FACE('',(#12012),#11947,.T.);
#12012 = FACE_BOUND('',#12013,.T.);
#12013 = EDGE_LOOP('',(#12014,#12015,#12038,#12066));
#12014 = ORIENTED_EDGE('',*,*,#11929,.T.);
#12015 = ORIENTED_EDGE('',*,*,#12016,.T.);
#12016 = EDGE_CURVE('',#11932,#12017,#12019,.T.);
#12017 = VERTEX_POINT('',#12018);
#12018 = CARTESIAN_POINT('',(-25.00094323213,-5.256347984429,
    -5.227053082374));
#12019 = SURFACE_CURVE('',#12020,(#12024,#12031),.PCURVE_S1.);
#12020 = LINE('',#12021,#12022);
#12021 = CARTESIAN_POINT('',(-25.00094323213,-5.256347984429,
    -5.359103889942));
#12022 = VECTOR('',#12023,1.);
#12023 = DIRECTION('',(4.842745561042E-13,-4.035621300868E-14,1.));
#12024 = PCURVE('',#11947,#12025);
#12025 = DEFINITIONAL_REPRESENTATION('',(#12026),#12030);
#12026 = LINE('',#12027,#12028);
#12027 = CARTESIAN_POINT('',(4.666025403784,-1.066025403784));
#12028 = VECTOR('',#12029,1.);
#12029 = DIRECTION('',(4.035621300868E-14,1.));
#12030 = ( GEOMETRIC_REPRESENTATION_CONTEXT(2) 
PARAMETRIC_REPRESENTATION_CONTEXT() REPRESENTATION_CONTEXT('2D SPACE',''
  ) );
#12031 = PCURVE('',#12000,#12032);
#12032 = DEFINITIONAL_REPRESENTATION('',(#12033),#12037);
#12033 = LINE('',#12034,#12035);
#12034 = CARTESIAN_POINT('',(0.517638090205,0.133974596216));
#12035 = VECTOR('',#12036,1.);
#12036 = DIRECTION('',(-4.782182572705E-13,1.));
#12037 = ( GEOMETRIC_REPRESENTATION_CONTEXT(2) 
PARAMETRIC_REPRESENTATION_CONTEXT() REPRESENTATION_CONTEXT('2D SPACE',''
  ) );
#12038 = ORIENTED_EDGE('',*,*,#12039,.T.);
#12039 = EDGE_CURVE('',#12017,#12040,#12042,.T.);
#12040 = VERTEX_POINT('',#12041);
#12041 = CARTESIAN_POINT('',(-25.00094323213,-5.124297176861,
    -5.227053082374));
#12042 = SURFACE_CURVE('',#12043,(#12047,#12054),.PCURVE_S1.);
#12043 = LINE('',#12044,#12045);
#12044 = CARTESIAN_POINT('',(-25.00094323213,-5.256347984429,
    -5.227053082374));
#12045 = VECTOR('',#12046,1.);
#12046 = DIRECTION('',(1.076165680234E-13,1.,-1.345207100293E-13));
#12047 = PCURVE('',#11947,#12048);
#12048 = DEFINITIONAL_REPRESENTATION('',(#12049),#12053);
#12049 = LINE('',#12050,#12051);
#12050 = CARTESIAN_POINT('',(4.666025403784,-0.933974596216));
#12051 = VECTOR('',#12052,1.);
#12052 = DIRECTION('',(-1.,-1.345207100293E-13));
#12053 = ( GEOMETRIC_REPRESENTATION_CONTEXT(2) 
PARAMETRIC_REPRESENTATION_CONTEXT() REPRESENTATION_CONTEXT('2D SPACE',''
  ) );
#12054 = PCURVE('',#12055,#12060);
#12055 = PLANE('',#12056);
#12056 = AXIS2_PLACEMENT_3D('',#12057,#12058,#12059);
#12057 = CARTESIAN_POINT('',(-24.50094323213,-5.390322580645,
    -5.093078486158));
#12058 = DIRECTION('',(0.258819045103,0.,-0.965925826289));
#12059 = DIRECTION('',(0.965925826289,0.,0.258819045103));
#12060 = DEFINITIONAL_REPRESENTATION('',(#12061),#12065);
#12061 = LINE('',#12062,#12063);
#12062 = CARTESIAN_POINT('',(-0.517638090205,-0.133974596216));
#12063 = VECTOR('',#12064,1.);
#12064 = DIRECTION('',(6.913310067402E-14,-1.));
#12065 = ( GEOMETRIC_REPRESENTATION_CONTEXT(2) 
PARAMETRIC_REPRESENTATION_CONTEXT() REPRESENTATION_CONTEXT('2D SPACE',''
  ) );
#12066 = ORIENTED_EDGE('',*,*,#12067,.T.);
#12067 = EDGE_CURVE('',#12040,#11930,#12068,.T.);
#12068 = SURFACE_CURVE('',#12069,(#12073,#12080),.PCURVE_S1.);
#12069 = LINE('',#12070,#12071);
#12070 = CARTESIAN_POINT('',(-25.00094323213,-5.124297176861,
    -5.227053082374));
#12071 = VECTOR('',#12072,1.);
#12072 = DIRECTION('',(-5.1117869811E-13,-2.690414200579E-14,-1.));
#12073 = PCURVE('',#11947,#12074);
#12074 = DEFINITIONAL_REPRESENTATION('',(#12075),#12079);
#12075 = LINE('',#12076,#12077);
#12076 = CARTESIAN_POINT('',(4.533974596216,-0.933974596216));
#12077 = VECTOR('',#12078,1.);
#12078 = DIRECTION('',(2.690414200579E-14,-1.));
#12079 = ( GEOMETRIC_REPRESENTATION_CONTEXT(2) 
PARAMETRIC_REPRESENTATION_CONTEXT() REPRESENTATION_CONTEXT('2D SPACE',''
  ) );
#12080 = PCURVE('',#11973,#12081);
#12081 = DEFINITIONAL_REPRESENTATION('',(#12082),#12086);
#12082 = LINE('',#12083,#12084);
#12083 = CARTESIAN_POINT('',(-0.266025403784,-0.517638090205));
#12084 = VECTOR('',#12085,1.);
#12085 = DIRECTION('',(1.,-5.007240106965E-13));
#12086 = ( GEOMETRIC_REPRESENTATION_CONTEXT(2) 
PARAMETRIC_REPRESENTATION_CONTEXT() REPRESENTATION_CONTEXT('2D SPACE',''
  ) );
#12087 = ADVANCED_FACE('',(#12088),#11973,.F.);
#12088 = FACE_BOUND('',#12089,.T.);
#12089 = EDGE_LOOP('',(#12090,#12113,#12114,#12115));
#12090 = ORIENTED_EDGE('',*,*,#12091,.F.);
#12091 = EDGE_CURVE('',#11856,#12092,#12094,.T.);
#12092 = VERTEX_POINT('',#12093);
#12093 = CARTESIAN_POINT('',(-24.50094323213,-4.990322580645,
    -5.093078486158));
#12094 = SURFACE_CURVE('',#12095,(#12099,#12106),.PCURVE_S1.);
#12095 = LINE('',#12096,#12097);
#12096 = CARTESIAN_POINT('',(-24.50094323213,-4.990322580645,
    -5.493078486158));
#12097 = VECTOR('',#12098,1.);
#12098 = DIRECTION('',(3.5527136788E-14,0.,1.));
#12099 = PCURVE('',#11973,#12100);
#12100 = DEFINITIONAL_REPRESENTATION('',(#12101),#12105);
#12101 = LINE('',#12102,#12103);
#12102 = CARTESIAN_POINT('',(0.,0.));
#12103 = VECTOR('',#12104,1.);
#12104 = DIRECTION('',(-1.,3.431657895763E-14));
#12105 = ( GEOMETRIC_REPRESENTATION_CONTEXT(2) 
PARAMETRIC_REPRESENTATION_CONTEXT() REPRESENTATION_CONTEXT('2D SPACE',''
  ) );
#12106 = PCURVE('',#11670,#12107);
#12107 = DEFINITIONAL_REPRESENTATION('',(#12108),#12112);
#12108 = LINE('',#12109,#12110);
#12109 = CARTESIAN_POINT('',(-0.5,0.));
#12110 = VECTOR('',#12111,1.);
#12111 = DIRECTION('',(-3.5527136788E-14,1.));
#12112 = ( GEOMETRIC_REPRESENTATION_CONTEXT(2) 
PARAMETRIC_REPRESENTATION_CONTEXT() REPRESENTATION_CONTEXT('2D SPACE',''
  ) );
#12113 = ORIENTED_EDGE('',*,*,#11959,.F.);
#12114 = ORIENTED_EDGE('',*,*,#12067,.F.);
#12115 = ORIENTED_EDGE('',*,*,#12116,.T.);
#12116 = EDGE_CURVE('',#12040,#12092,#12117,.T.);
#12117 = SURFACE_CURVE('',#12118,(#12122,#12129),.PCURVE_S1.);
#12118 = LINE('',#12119,#12120);
#12119 = CARTESIAN_POINT('',(-25.00094323213,-5.124297176861,
    -5.227053082374));
#12120 = VECTOR('',#12121,1.);
#12121 = DIRECTION('',(0.935113126531,0.250562807086,0.250562807086));
#12122 = PCURVE('',#11973,#12123);
#12123 = DEFINITIONAL_REPRESENTATION('',(#12124),#12128);
#12124 = LINE('',#12125,#12126);
#12125 = CARTESIAN_POINT('',(-0.266025403784,-0.517638090205));
#12126 = VECTOR('',#12127,1.);
#12127 = DIRECTION('',(-0.250562807086,0.968100345886));
#12128 = ( GEOMETRIC_REPRESENTATION_CONTEXT(2) 
PARAMETRIC_REPRESENTATION_CONTEXT() REPRESENTATION_CONTEXT('2D SPACE',''
  ) );
#12129 = PCURVE('',#12055,#12130);
#12130 = DEFINITIONAL_REPRESENTATION('',(#12131),#12135);
#12131 = LINE('',#12132,#12133);
#12132 = CARTESIAN_POINT('',(-0.517638090205,-0.266025403784));
#12133 = VECTOR('',#12134,1.);
#12134 = DIRECTION('',(0.968100345886,-0.250562807086));
#12135 = ( GEOMETRIC_REPRESENTATION_CONTEXT(2) 
PARAMETRIC_REPRESENTATION_CONTEXT() REPRESENTATION_CONTEXT('2D SPACE',''
  ) );
#12136 = ADVANCED_FACE('',(#12137),#11670,.T.);
#12137 = FACE_BOUND('',#12138,.T.);
#12138 = EDGE_LOOP('',(#12139,#12140,#12161,#12162));
#12139 = ORIENTED_EDGE('',*,*,#12091,.T.);
#12140 = ORIENTED_EDGE('',*,*,#12141,.T.);
#12141 = EDGE_CURVE('',#12092,#11655,#12142,.T.);
#12142 = SURFACE_CURVE('',#12143,(#12147,#12154),.PCURVE_S1.);
#12143 = LINE('',#12144,#12145);
#12144 = CARTESIAN_POINT('',(-24.50094323213,-4.990322580645,
    -5.093078486158));
#12145 = VECTOR('',#12146,1.);
#12146 = DIRECTION('',(1.,0.,0.));
#12147 = PCURVE('',#11670,#12148);
#12148 = DEFINITIONAL_REPRESENTATION('',(#12149),#12153);
#12149 = LINE('',#12150,#12151);
#12150 = CARTESIAN_POINT('',(-0.5,0.4));
#12151 = VECTOR('',#12152,1.);
#12152 = DIRECTION('',(-1.,0.));
#12153 = ( GEOMETRIC_REPRESENTATION_CONTEXT(2) 
PARAMETRIC_REPRESENTATION_CONTEXT() REPRESENTATION_CONTEXT('2D SPACE',''
  ) );
#12154 = PCURVE('',#11698,#12155);
#12155 = DEFINITIONAL_REPRESENTATION('',(#12156),#12160);
#12156 = LINE('',#12157,#12158);
#12157 = CARTESIAN_POINT('',(-0.4,0.5));
#12158 = VECTOR('',#12159,1.);
#12159 = DIRECTION('',(0.,1.));
#12160 = ( GEOMETRIC_REPRESENTATION_CONTEXT(2) 
PARAMETRIC_REPRESENTATION_CONTEXT() REPRESENTATION_CONTEXT('2D SPACE',''
  ) );
#12161 = ORIENTED_EDGE('',*,*,#11654,.T.);
#12162 = ORIENTED_EDGE('',*,*,#11883,.F.);
#12163 = ADVANCED_FACE('',(#12164),#11698,.T.);
#12164 = FACE_BOUND('',#12165,.T.);
#12165 = EDGE_LOOP('',(#12166,#12189,#12210,#12211));
#12166 = ORIENTED_EDGE('',*,*,#12167,.T.);
#12167 = EDGE_CURVE('',#12092,#12168,#12170,.T.);
#12168 = VERTEX_POINT('',#12169);
#12169 = CARTESIAN_POINT('',(-24.50094323213,-5.390322580645,
    -5.093078486158));
#12170 = SURFACE_CURVE('',#12171,(#12175,#12182),.PCURVE_S1.);
#12171 = LINE('',#12172,#12173);
#12172 = CARTESIAN_POINT('',(-24.50094323213,-4.990322580645,
    -5.093078486158));
#12173 = VECTOR('',#12174,1.);
#12174 = DIRECTION('',(0.,-1.,3.774758283726E-14));
#12175 = PCURVE('',#11698,#12176);
#12176 = DEFINITIONAL_REPRESENTATION('',(#12177),#12181);
#12177 = LINE('',#12178,#12179);
#12178 = CARTESIAN_POINT('',(-0.4,0.5));
#12179 = VECTOR('',#12180,1.);
#12180 = DIRECTION('',(1.,0.));
#12181 = ( GEOMETRIC_REPRESENTATION_CONTEXT(2) 
PARAMETRIC_REPRESENTATION_CONTEXT() REPRESENTATION_CONTEXT('2D SPACE',''
  ) );
#12182 = PCURVE('',#12055,#12183);
#12183 = DEFINITIONAL_REPRESENTATION('',(#12184),#12188);
#12184 = LINE('',#12185,#12186);
#12185 = CARTESIAN_POINT('',(0.,-0.4));
#12186 = VECTOR('',#12187,1.);
#12187 = DIRECTION('',(9.769793344886E-15,1.));
#12188 = ( GEOMETRIC_REPRESENTATION_CONTEXT(2) 
PARAMETRIC_REPRESENTATION_CONTEXT() REPRESENTATION_CONTEXT('2D SPACE',''
  ) );
#12189 = ORIENTED_EDGE('',*,*,#12190,.T.);
#12190 = EDGE_CURVE('',#12168,#11683,#12191,.T.);
#12191 = SURFACE_CURVE('',#12192,(#12196,#12203),.PCURVE_S1.);
#12192 = LINE('',#12193,#12194);
#12193 = CARTESIAN_POINT('',(-24.50094323213,-5.390322580645,
    -5.093078486158));
#12194 = VECTOR('',#12195,1.);
#12195 = DIRECTION('',(1.,0.,0.));
#12196 = PCURVE('',#11698,#12197);
#12197 = DEFINITIONAL_REPRESENTATION('',(#12198),#12202);
#12198 = LINE('',#12199,#12200);
#12199 = CARTESIAN_POINT('',(0.,0.5));
#12200 = VECTOR('',#12201,1.);
#12201 = DIRECTION('',(0.,1.));
#12202 = ( GEOMETRIC_REPRESENTATION_CONTEXT(2) 
PARAMETRIC_REPRESENTATION_CONTEXT() REPRESENTATION_CONTEXT('2D SPACE',''
  ) );
#12203 = PCURVE('',#11724,#12204);
#12204 = DEFINITIONAL_REPRESENTATION('',(#12205),#12209);
#12205 = LINE('',#12206,#12207);
#12206 = CARTESIAN_POINT('',(0.4,-0.5));
#12207 = VECTOR('',#12208,1.);
#12208 = DIRECTION('',(0.,-1.));
#12209 = ( GEOMETRIC_REPRESENTATION_CONTEXT(2) 
PARAMETRIC_REPRESENTATION_CONTEXT() REPRESENTATION_CONTEXT('2D SPACE',''
  ) );
#12210 = ORIENTED_EDGE('',*,*,#11682,.T.);
#12211 = ORIENTED_EDGE('',*,*,#12141,.F.);
#12212 = ADVANCED_FACE('',(#12213),#12055,.F.);
#12213 = FACE_BOUND('',#12214,.T.);
#12214 = EDGE_LOOP('',(#12215,#12216,#12237,#12238));
#12215 = ORIENTED_EDGE('',*,*,#12039,.F.);
#12216 = ORIENTED_EDGE('',*,*,#12217,.F.);
#12217 = EDGE_CURVE('',#12168,#12017,#12218,.T.);
#12218 = SURFACE_CURVE('',#12219,(#12223,#12230),.PCURVE_S1.);
#12219 = LINE('',#12220,#12221);
#12220 = CARTESIAN_POINT('',(-24.50094323213,-5.390322580645,
    -5.093078486158));
#12221 = VECTOR('',#12222,1.);
#12222 = DIRECTION('',(-0.935113126531,0.250562807086,-0.250562807086));
#12223 = PCURVE('',#12055,#12224);
#12224 = DEFINITIONAL_REPRESENTATION('',(#12225),#12229);
#12225 = LINE('',#12226,#12227);
#12226 = CARTESIAN_POINT('',(0.,0.));
#12227 = VECTOR('',#12228,1.);
#12228 = DIRECTION('',(-0.968100345886,-0.250562807086));
#12229 = ( GEOMETRIC_REPRESENTATION_CONTEXT(2) 
PARAMETRIC_REPRESENTATION_CONTEXT() REPRESENTATION_CONTEXT('2D SPACE',''
  ) );
#12230 = PCURVE('',#12000,#12231);
#12231 = DEFINITIONAL_REPRESENTATION('',(#12232),#12236);
#12232 = LINE('',#12233,#12234);
#12233 = CARTESIAN_POINT('',(0.,0.4));
#12234 = VECTOR('',#12235,1.);
#12235 = DIRECTION('',(0.968100345886,-0.250562807086));
#12236 = ( GEOMETRIC_REPRESENTATION_CONTEXT(2) 
PARAMETRIC_REPRESENTATION_CONTEXT() REPRESENTATION_CONTEXT('2D SPACE',''
  ) );
#12237 = ORIENTED_EDGE('',*,*,#12167,.F.);
#12238 = ORIENTED_EDGE('',*,*,#12116,.F.);
#12239 = ADVANCED_FACE('',(#12240),#12000,.F.);
#12240 = FACE_BOUND('',#12241,.T.);
#12241 = EDGE_LOOP('',(#12242,#12243,#12244,#12265));
#12242 = ORIENTED_EDGE('',*,*,#12016,.F.);
#12243 = ORIENTED_EDGE('',*,*,#11986,.F.);
#12244 = ORIENTED_EDGE('',*,*,#12245,.F.);
#12245 = EDGE_CURVE('',#12168,#11854,#12246,.T.);
#12246 = SURFACE_CURVE('',#12247,(#12251,#12258),.PCURVE_S1.);
#12247 = LINE('',#12248,#12249);
#12248 = CARTESIAN_POINT('',(-24.50094323213,-5.390322580645,
    -5.093078486158));
#12249 = VECTOR('',#12250,1.);
#12250 = DIRECTION('',(-1.7763568394E-14,1.33226762955E-14,-1.));
#12251 = PCURVE('',#12000,#12252);
#12252 = DEFINITIONAL_REPRESENTATION('',(#12253),#12257);
#12253 = LINE('',#12254,#12255);
#12254 = CARTESIAN_POINT('',(0.,0.4));
#12255 = VECTOR('',#12256,1.);
#12256 = DIRECTION('',(2.060645183583E-14,-1.));
#12257 = ( GEOMETRIC_REPRESENTATION_CONTEXT(2) 
PARAMETRIC_REPRESENTATION_CONTEXT() REPRESENTATION_CONTEXT('2D SPACE',''
  ) );
#12258 = PCURVE('',#11724,#12259);
#12259 = DEFINITIONAL_REPRESENTATION('',(#12260),#12264);
#12260 = LINE('',#12261,#12262);
#12261 = CARTESIAN_POINT('',(0.4,-0.5));
#12262 = VECTOR('',#12263,1.);
#12263 = DIRECTION('',(-1.,1.7763568394E-14));
#12264 = ( GEOMETRIC_REPRESENTATION_CONTEXT(2) 
PARAMETRIC_REPRESENTATION_CONTEXT() REPRESENTATION_CONTEXT('2D SPACE',''
  ) );
#12265 = ORIENTED_EDGE('',*,*,#12217,.T.);
#12266 = ADVANCED_FACE('',(#12267),#11724,.T.);
#12267 = FACE_BOUND('',#12268,.T.);
#12268 = EDGE_LOOP('',(#12269,#12270,#12271,#12272));
#12269 = ORIENTED_EDGE('',*,*,#12245,.T.);
#12270 = ORIENTED_EDGE('',*,*,#11905,.T.);
#12271 = ORIENTED_EDGE('',*,*,#11710,.T.);
#12272 = ORIENTED_EDGE('',*,*,#12190,.F.);
#12273 = ADVANCED_FACE('',(#12274),#11756,.T.);
#12274 = FACE_BOUND('',#12275,.T.);
#12275 = EDGE_LOOP('',(#12276,#12306,#12327,#12328));
#12276 = ORIENTED_EDGE('',*,*,#12277,.T.);
#12277 = EDGE_CURVE('',#12278,#12280,#12282,.T.);
#12278 = VERTEX_POINT('',#12279);
#12279 = CARTESIAN_POINT('',(-24.50094323213,-4.990322580645,
    -3.093078486158));
#12280 = VERTEX_POINT('',#12281);
#12281 = CARTESIAN_POINT('',(-24.50094323213,-5.390322580645,
    -3.093078486158));
#12282 = SURFACE_CURVE('',#12283,(#12287,#12294),.PCURVE_S1.);
#12283 = LINE('',#12284,#12285);
#12284 = CARTESIAN_POINT('',(-24.50094323213,-4.990322580645,
    -3.093078486158));
#12285 = VECTOR('',#12286,1.);
#12286 = DIRECTION('',(1.7763568394E-14,-1.,-1.365574320289E-13));
#12287 = PCURVE('',#11756,#12288);
#12288 = DEFINITIONAL_REPRESENTATION('',(#12289),#12293);
#12289 = LINE('',#12290,#12291);
#12290 = CARTESIAN_POINT('',(-0.4,0.5));
#12291 = VECTOR('',#12292,1.);
#12292 = DIRECTION('',(1.,1.7763568394E-14));
#12293 = ( GEOMETRIC_REPRESENTATION_CONTEXT(2) 
PARAMETRIC_REPRESENTATION_CONTEXT() REPRESENTATION_CONTEXT('2D SPACE',''
  ) );
#12294 = PCURVE('',#12295,#12300);
#12295 = PLANE('',#12296);
#12296 = AXIS2_PLACEMENT_3D('',#12297,#12298,#12299);
#12297 = CARTESIAN_POINT('',(-24.50094323213,-5.390322580645,
    -3.093078486158));
#12298 = DIRECTION('',(-0.258819045103,0.,0.965925826289));
#12299 = DIRECTION('',(0.,-1.,0.));
#12300 = DEFINITIONAL_REPRESENTATION('',(#12301),#12305);
#12301 = LINE('',#12302,#12303);
#12302 = CARTESIAN_POINT('',(-0.4,0.));
#12303 = VECTOR('',#12304,1.);
#12304 = DIRECTION('',(1.,-1.818537468062E-14));
#12305 = ( GEOMETRIC_REPRESENTATION_CONTEXT(2) 
PARAMETRIC_REPRESENTATION_CONTEXT() REPRESENTATION_CONTEXT('2D SPACE',''
  ) );
#12306 = ORIENTED_EDGE('',*,*,#12307,.T.);
#12307 = EDGE_CURVE('',#12280,#11739,#12308,.T.);
#12308 = SURFACE_CURVE('',#12309,(#12313,#12320),.PCURVE_S1.);
#12309 = LINE('',#12310,#12311);
#12310 = CARTESIAN_POINT('',(-24.50094323213,-5.390322580645,
    -3.093078486158));
#12311 = VECTOR('',#12312,1.);
#12312 = DIRECTION('',(1.,0.,0.));
#12313 = PCURVE('',#11756,#12314);
#12314 = DEFINITIONAL_REPRESENTATION('',(#12315),#12319);
#12315 = LINE('',#12316,#12317);
#12316 = CARTESIAN_POINT('',(0.,0.5));
#12317 = VECTOR('',#12318,1.);
#12318 = DIRECTION('',(0.,1.));
#12319 = ( GEOMETRIC_REPRESENTATION_CONTEXT(2) 
PARAMETRIC_REPRESENTATION_CONTEXT() REPRESENTATION_CONTEXT('2D SPACE',''
  ) );
#12320 = PCURVE('',#11784,#12321);
#12321 = DEFINITIONAL_REPRESENTATION('',(#12322),#12326);
#12322 = LINE('',#12323,#12324);
#12323 = CARTESIAN_POINT('',(0.,-0.5));
#12324 = VECTOR('',#12325,1.);
#12325 = DIRECTION('',(0.,-1.));
#12326 = ( GEOMETRIC_REPRESENTATION_CONTEXT(2) 
PARAMETRIC_REPRESENTATION_CONTEXT() REPRESENTATION_CONTEXT('2D SPACE',''
  ) );
#12327 = ORIENTED_EDGE('',*,*,#11738,.T.);
#12328 = ORIENTED_EDGE('',*,*,#12329,.F.);
#12329 = EDGE_CURVE('',#12278,#11741,#12330,.T.);
#12330 = SURFACE_CURVE('',#12331,(#12335,#12342),.PCURVE_S1.);
#12331 = LINE('',#12332,#12333);
#12332 = CARTESIAN_POINT('',(-24.50094323213,-4.990322580645,
    -3.093078486158));
#12333 = VECTOR('',#12334,1.);
#12334 = DIRECTION('',(1.,0.,-2.5030482737E-14));
#12335 = PCURVE('',#11756,#12336);
#12336 = DEFINITIONAL_REPRESENTATION('',(#12337),#12341);
#12337 = LINE('',#12338,#12339);
#12338 = CARTESIAN_POINT('',(-0.4,0.5));
#12339 = VECTOR('',#12340,1.);
#12340 = DIRECTION('',(0.,1.));
#12341 = ( GEOMETRIC_REPRESENTATION_CONTEXT(2) 
PARAMETRIC_REPRESENTATION_CONTEXT() REPRESENTATION_CONTEXT('2D SPACE',''
  ) );
#12342 = PCURVE('',#11838,#12343);
#12343 = DEFINITIONAL_REPRESENTATION('',(#12344),#12348);
#12344 = LINE('',#12345,#12346);
#12345 = CARTESIAN_POINT('',(-0.5,0.));
#12346 = VECTOR('',#12347,1.);
#12347 = DIRECTION('',(-1.,-2.5030482737E-14));
#12348 = ( GEOMETRIC_REPRESENTATION_CONTEXT(2) 
PARAMETRIC_REPRESENTATION_CONTEXT() REPRESENTATION_CONTEXT('2D SPACE',''
  ) );
#12349 = ADVANCED_FACE('',(#12350),#12295,.T.);
#12350 = FACE_BOUND('',#12351,.T.);
#12351 = EDGE_LOOP('',(#12352,#12382,#12408,#12409));
#12352 = ORIENTED_EDGE('',*,*,#12353,.F.);
#12353 = EDGE_CURVE('',#12354,#12356,#12358,.T.);
#12354 = VERTEX_POINT('',#12355);
#12355 = CARTESIAN_POINT('',(-25.00094323213,-5.256347984429,
    -3.227053082373));
#12356 = VERTEX_POINT('',#12357);
#12357 = CARTESIAN_POINT('',(-25.00094323213,-5.124297176861,
    -3.227053082373));
#12358 = SURFACE_CURVE('',#12359,(#12363,#12370),.PCURVE_S1.);
#12359 = LINE('',#12360,#12361);
#12360 = CARTESIAN_POINT('',(-25.00094323213,-5.256347984429,
    -3.227053082373));
#12361 = VECTOR('',#12362,1.);
#12362 = DIRECTION('',(8.071242601755E-14,1.,5.145417158619E-13));
#12363 = PCURVE('',#12295,#12364);
#12364 = DEFINITIONAL_REPRESENTATION('',(#12365),#12369);
#12365 = LINE('',#12366,#12367);
#12366 = CARTESIAN_POINT('',(-0.133974596216,-0.517638090205));
#12367 = VECTOR('',#12368,1.);
#12368 = DIRECTION('',(-1.,2.111354123578E-13));
#12369 = ( GEOMETRIC_REPRESENTATION_CONTEXT(2) 
PARAMETRIC_REPRESENTATION_CONTEXT() REPRESENTATION_CONTEXT('2D SPACE',''
  ) );
#12370 = PCURVE('',#12371,#12376);
#12371 = PLANE('',#12372);
#12372 = AXIS2_PLACEMENT_3D('',#12373,#12374,#12375);
#12373 = CARTESIAN_POINT('',(-25.00094323213,-0.590322580645,
    -4.293078486158));
#12374 = DIRECTION('',(1.,0.,0.));
#12375 = DIRECTION('',(0.,0.,-1.));
#12376 = DEFINITIONAL_REPRESENTATION('',(#12377),#12381);
#12377 = LINE('',#12378,#12379);
#12378 = CARTESIAN_POINT('',(-1.066025403785,-4.666025403784));
#12379 = VECTOR('',#12380,1.);
#12380 = DIRECTION('',(-5.145417158619E-13,1.));
#12381 = ( GEOMETRIC_REPRESENTATION_CONTEXT(2) 
PARAMETRIC_REPRESENTATION_CONTEXT() REPRESENTATION_CONTEXT('2D SPACE',''
  ) );
#12382 = ORIENTED_EDGE('',*,*,#12383,.T.);
#12383 = EDGE_CURVE('',#12354,#12280,#12384,.T.);
#12384 = SURFACE_CURVE('',#12385,(#12389,#12396),.PCURVE_S1.);
#12385 = LINE('',#12386,#12387);
#12386 = CARTESIAN_POINT('',(-25.00094323213,-5.256347984429,
    -3.227053082373));
#12387 = VECTOR('',#12388,1.);
#12388 = DIRECTION('',(0.935113126531,-0.250562807086,0.250562807085));
#12389 = PCURVE('',#12295,#12390);
#12390 = DEFINITIONAL_REPRESENTATION('',(#12391),#12395);
#12391 = LINE('',#12392,#12393);
#12392 = CARTESIAN_POINT('',(-0.133974596216,-0.517638090205));
#12393 = VECTOR('',#12394,1.);
#12394 = DIRECTION('',(0.250562807086,0.968100345886));
#12395 = ( GEOMETRIC_REPRESENTATION_CONTEXT(2) 
PARAMETRIC_REPRESENTATION_CONTEXT() REPRESENTATION_CONTEXT('2D SPACE',''
  ) );
#12396 = PCURVE('',#12397,#12402);
#12397 = PLANE('',#12398);
#12398 = AXIS2_PLACEMENT_3D('',#12399,#12400,#12401);
#12399 = CARTESIAN_POINT('',(-24.50094323213,-5.390322580645,
    -3.093078486158));
#12400 = DIRECTION('',(-0.258819045103,-0.965925826289,0.));
#12401 = DIRECTION('',(-0.,0.,-1.));
#12402 = DEFINITIONAL_REPRESENTATION('',(#12403),#12407);
#12403 = LINE('',#12404,#12405);
#12404 = CARTESIAN_POINT('',(0.133974596215,-0.517638090205));
#12405 = VECTOR('',#12406,1.);
#12406 = DIRECTION('',(-0.250562807085,0.968100345886));
#12407 = ( GEOMETRIC_REPRESENTATION_CONTEXT(2) 
PARAMETRIC_REPRESENTATION_CONTEXT() REPRESENTATION_CONTEXT('2D SPACE',''
  ) );
#12408 = ORIENTED_EDGE('',*,*,#12277,.F.);
#12409 = ORIENTED_EDGE('',*,*,#12410,.T.);
#12410 = EDGE_CURVE('',#12278,#12356,#12411,.T.);
#12411 = SURFACE_CURVE('',#12412,(#12416,#12423),.PCURVE_S1.);
#12412 = LINE('',#12413,#12414);
#12413 = CARTESIAN_POINT('',(-24.50094323213,-4.990322580645,
    -3.093078486158));
#12414 = VECTOR('',#12415,1.);
#12415 = DIRECTION('',(-0.935113126531,-0.250562807086,-0.250562807085)
  );
#12416 = PCURVE('',#12295,#12417);
#12417 = DEFINITIONAL_REPRESENTATION('',(#12418),#12422);
#12418 = LINE('',#12419,#12420);
#12419 = CARTESIAN_POINT('',(-0.4,0.));
#12420 = VECTOR('',#12421,1.);
#12421 = DIRECTION('',(0.250562807086,-0.968100345886));
#12422 = ( GEOMETRIC_REPRESENTATION_CONTEXT(2) 
PARAMETRIC_REPRESENTATION_CONTEXT() REPRESENTATION_CONTEXT('2D SPACE',''
  ) );
#12423 = PCURVE('',#12424,#12429);
#12424 = PLANE('',#12425);
#12425 = AXIS2_PLACEMENT_3D('',#12426,#12427,#12428);
#12426 = CARTESIAN_POINT('',(-24.50094323213,-4.990322580645,
    -3.093078486158));
#12427 = DIRECTION('',(-0.258819045103,0.965925826289,0.));
#12428 = DIRECTION('',(0.,0.,1.));
#12429 = DEFINITIONAL_REPRESENTATION('',(#12430),#12434);
#12430 = LINE('',#12431,#12432);
#12431 = CARTESIAN_POINT('',(0.,0.));
#12432 = VECTOR('',#12433,1.);
#12433 = DIRECTION('',(-0.250562807085,-0.968100345886));
#12434 = ( GEOMETRIC_REPRESENTATION_CONTEXT(2) 
PARAMETRIC_REPRESENTATION_CONTEXT() REPRESENTATION_CONTEXT('2D SPACE',''
  ) );
#12435 = ADVANCED_FACE('',(#12436),#12371,.F.);
#12436 = FACE_BOUND('',#12437,.T.);
#12437 = EDGE_LOOP('',(#12438,#12439,#12462,#12490));
#12438 = ORIENTED_EDGE('',*,*,#12353,.T.);
#12439 = ORIENTED_EDGE('',*,*,#12440,.T.);
#12440 = EDGE_CURVE('',#12356,#12441,#12443,.T.);
#12441 = VERTEX_POINT('',#12442);
#12442 = CARTESIAN_POINT('',(-25.00094323213,-5.124297176861,
    -3.359103889942));
#12443 = SURFACE_CURVE('',#12444,(#12448,#12455),.PCURVE_S1.);
#12444 = LINE('',#12445,#12446);
#12445 = CARTESIAN_POINT('',(-25.00094323213,-5.124297176861,
    -3.227053082373));
#12446 = VECTOR('',#12447,1.);
#12447 = DIRECTION('',(-7.533159761593E-13,-7.398639051564E-14,-1.));
#12448 = PCURVE('',#12371,#12449);
#12449 = DEFINITIONAL_REPRESENTATION('',(#12450),#12454);
#12450 = LINE('',#12451,#12452);
#12451 = CARTESIAN_POINT('',(-1.066025403785,-4.533974596216));
#12452 = VECTOR('',#12453,1.);
#12453 = DIRECTION('',(1.,-7.398639051564E-14));
#12454 = ( GEOMETRIC_REPRESENTATION_CONTEXT(2) 
PARAMETRIC_REPRESENTATION_CONTEXT() REPRESENTATION_CONTEXT('2D SPACE',''
  ) );
#12455 = PCURVE('',#12424,#12456);
#12456 = DEFINITIONAL_REPRESENTATION('',(#12457),#12461);
#12457 = LINE('',#12458,#12459);
#12458 = CARTESIAN_POINT('',(-0.133974596215,-0.517638090205));
#12459 = VECTOR('',#12460,1.);
#12460 = DIRECTION('',(-1.,-7.467964436722E-13));
#12461 = ( GEOMETRIC_REPRESENTATION_CONTEXT(2) 
PARAMETRIC_REPRESENTATION_CONTEXT() REPRESENTATION_CONTEXT('2D SPACE',''
  ) );
#12462 = ORIENTED_EDGE('',*,*,#12463,.T.);
#12463 = EDGE_CURVE('',#12441,#12464,#12466,.T.);
#12464 = VERTEX_POINT('',#12465);
#12465 = CARTESIAN_POINT('',(-25.00094323213,-5.256347984429,
    -3.359103889942));
#12466 = SURFACE_CURVE('',#12467,(#12471,#12478),.PCURVE_S1.);
#12467 = LINE('',#12468,#12469);
#12468 = CARTESIAN_POINT('',(-25.00094323213,-5.124297176861,
    -3.359103889942));
#12469 = VECTOR('',#12470,1.);
#12470 = DIRECTION('',(-1.614248520351E-13,-1.,1.950550295424E-13));
#12471 = PCURVE('',#12371,#12472);
#12472 = DEFINITIONAL_REPRESENTATION('',(#12473),#12477);
#12473 = LINE('',#12474,#12475);
#12474 = CARTESIAN_POINT('',(-0.933974596216,-4.533974596216));
#12475 = VECTOR('',#12476,1.);
#12476 = DIRECTION('',(-1.950550295424E-13,-1.));
#12477 = ( GEOMETRIC_REPRESENTATION_CONTEXT(2) 
PARAMETRIC_REPRESENTATION_CONTEXT() REPRESENTATION_CONTEXT('2D SPACE',''
  ) );
#12478 = PCURVE('',#12479,#12484);
#12479 = PLANE('',#12480);
#12480 = AXIS2_PLACEMENT_3D('',#12481,#12482,#12483);
#12481 = CARTESIAN_POINT('',(-24.50094323213,-5.390322580645,
    -3.493078486158));
#12482 = DIRECTION('',(-0.258819045103,0.,-0.965925826289));
#12483 = DIRECTION('',(0.,1.,0.));
#12484 = DEFINITIONAL_REPRESENTATION('',(#12485),#12489);
#12485 = LINE('',#12486,#12487);
#12486 = CARTESIAN_POINT('',(0.266025403784,-0.517638090205));
#12487 = VECTOR('',#12488,1.);
#12488 = DIRECTION('',(-1.,-2.064083900743E-13));
#12489 = ( GEOMETRIC_REPRESENTATION_CONTEXT(2) 
PARAMETRIC_REPRESENTATION_CONTEXT() REPRESENTATION_CONTEXT('2D SPACE',''
  ) );
#12490 = ORIENTED_EDGE('',*,*,#12491,.T.);
#12491 = EDGE_CURVE('',#12464,#12354,#12492,.T.);
#12492 = SURFACE_CURVE('',#12493,(#12497,#12504),.PCURVE_S1.);
#12493 = LINE('',#12494,#12495);
#12494 = CARTESIAN_POINT('',(-25.00094323213,-5.256347984429,
    -3.359103889942));
#12495 = VECTOR('',#12496,1.);
#12496 = DIRECTION('',(8.340284021769E-13,-8.743846151855E-14,1.));
#12497 = PCURVE('',#12371,#12498);
#12498 = DEFINITIONAL_REPRESENTATION('',(#12499),#12503);
#12499 = LINE('',#12500,#12501);
#12500 = CARTESIAN_POINT('',(-0.933974596216,-4.666025403784));
#12501 = VECTOR('',#12502,1.);
#12502 = DIRECTION('',(-1.,-8.743846151855E-14));
#12503 = ( GEOMETRIC_REPRESENTATION_CONTEXT(2) 
PARAMETRIC_REPRESENTATION_CONTEXT() REPRESENTATION_CONTEXT('2D SPACE',''
  ) );
#12504 = PCURVE('',#12397,#12505);
#12505 = DEFINITIONAL_REPRESENTATION('',(#12506),#12510);
#12506 = LINE('',#12507,#12508);
#12507 = CARTESIAN_POINT('',(0.266025403784,-0.517638090205));
#12508 = VECTOR('',#12509,1.);
#12509 = DIRECTION('',(-1.,8.282403126367E-13));
#12510 = ( GEOMETRIC_REPRESENTATION_CONTEXT(2) 
PARAMETRIC_REPRESENTATION_CONTEXT() REPRESENTATION_CONTEXT('2D SPACE',''
  ) );
#12511 = ADVANCED_FACE('',(#12512),#12397,.T.);
#12512 = FACE_BOUND('',#12513,.T.);
#12513 = EDGE_LOOP('',(#12514,#12537,#12538,#12539));
#12514 = ORIENTED_EDGE('',*,*,#12515,.F.);
#12515 = EDGE_CURVE('',#12280,#12516,#12518,.T.);
#12516 = VERTEX_POINT('',#12517);
#12517 = CARTESIAN_POINT('',(-24.50094323213,-5.390322580645,
    -3.493078486158));
#12518 = SURFACE_CURVE('',#12519,(#12523,#12530),.PCURVE_S1.);
#12519 = LINE('',#12520,#12521);
#12520 = CARTESIAN_POINT('',(-24.50094323213,-5.390322580645,
    -3.093078486158));
#12521 = VECTOR('',#12522,1.);
#12522 = DIRECTION('',(0.,-2.442490654175E-14,-1.));
#12523 = PCURVE('',#12397,#12524);
#12524 = DEFINITIONAL_REPRESENTATION('',(#12525),#12529);
#12525 = LINE('',#12526,#12527);
#12526 = CARTESIAN_POINT('',(0.,0.));
#12527 = VECTOR('',#12528,1.);
#12528 = DIRECTION('',(1.,6.321630987866E-15));
#12529 = ( GEOMETRIC_REPRESENTATION_CONTEXT(2) 
PARAMETRIC_REPRESENTATION_CONTEXT() REPRESENTATION_CONTEXT('2D SPACE',''
  ) );
#12530 = PCURVE('',#11784,#12531);
#12531 = DEFINITIONAL_REPRESENTATION('',(#12532),#12536);
#12532 = LINE('',#12533,#12534);
#12533 = CARTESIAN_POINT('',(0.,-0.5));
#12534 = VECTOR('',#12535,1.);
#12535 = DIRECTION('',(-1.,0.));
#12536 = ( GEOMETRIC_REPRESENTATION_CONTEXT(2) 
PARAMETRIC_REPRESENTATION_CONTEXT() REPRESENTATION_CONTEXT('2D SPACE',''
  ) );
#12537 = ORIENTED_EDGE('',*,*,#12383,.F.);
#12538 = ORIENTED_EDGE('',*,*,#12491,.F.);
#12539 = ORIENTED_EDGE('',*,*,#12540,.T.);
#12540 = EDGE_CURVE('',#12464,#12516,#12541,.T.);
#12541 = SURFACE_CURVE('',#12542,(#12546,#12553),.PCURVE_S1.);
#12542 = LINE('',#12543,#12544);
#12543 = CARTESIAN_POINT('',(-25.00094323213,-5.256347984429,
    -3.359103889942));
#12544 = VECTOR('',#12545,1.);
#12545 = DIRECTION('',(0.935113126531,-0.250562807086,-0.250562807086));
#12546 = PCURVE('',#12397,#12547);
#12547 = DEFINITIONAL_REPRESENTATION('',(#12548),#12552);
#12548 = LINE('',#12549,#12550);
#12549 = CARTESIAN_POINT('',(0.266025403784,-0.517638090205));
#12550 = VECTOR('',#12551,1.);
#12551 = DIRECTION('',(0.250562807086,0.968100345886));
#12552 = ( GEOMETRIC_REPRESENTATION_CONTEXT(2) 
PARAMETRIC_REPRESENTATION_CONTEXT() REPRESENTATION_CONTEXT('2D SPACE',''
  ) );
#12553 = PCURVE('',#12479,#12554);
#12554 = DEFINITIONAL_REPRESENTATION('',(#12555),#12559);
#12555 = LINE('',#12556,#12557);
#12556 = CARTESIAN_POINT('',(0.133974596216,-0.517638090205));
#12557 = VECTOR('',#12558,1.);
#12558 = DIRECTION('',(-0.250562807086,0.968100345886));
#12559 = ( GEOMETRIC_REPRESENTATION_CONTEXT(2) 
PARAMETRIC_REPRESENTATION_CONTEXT() REPRESENTATION_CONTEXT('2D SPACE',''
  ) );
#12560 = ADVANCED_FACE('',(#12561),#11784,.T.);
#12561 = FACE_BOUND('',#12562,.T.);
#12562 = EDGE_LOOP('',(#12563,#12564,#12585,#12586));
#12563 = ORIENTED_EDGE('',*,*,#12515,.T.);
#12564 = ORIENTED_EDGE('',*,*,#12565,.T.);
#12565 = EDGE_CURVE('',#12516,#11769,#12566,.T.);
#12566 = SURFACE_CURVE('',#12567,(#12571,#12578),.PCURVE_S1.);
#12567 = LINE('',#12568,#12569);
#12568 = CARTESIAN_POINT('',(-24.50094323213,-5.390322580645,
    -3.493078486158));
#12569 = VECTOR('',#12570,1.);
#12570 = DIRECTION('',(1.,0.,0.));
#12571 = PCURVE('',#11784,#12572);
#12572 = DEFINITIONAL_REPRESENTATION('',(#12573),#12577);
#12573 = LINE('',#12574,#12575);
#12574 = CARTESIAN_POINT('',(-0.4,-0.5));
#12575 = VECTOR('',#12576,1.);
#12576 = DIRECTION('',(0.,-1.));
#12577 = ( GEOMETRIC_REPRESENTATION_CONTEXT(2) 
PARAMETRIC_REPRESENTATION_CONTEXT() REPRESENTATION_CONTEXT('2D SPACE',''
  ) );
#12578 = PCURVE('',#11812,#12579);
#12579 = DEFINITIONAL_REPRESENTATION('',(#12580),#12584);
#12580 = LINE('',#12581,#12582);
#12581 = CARTESIAN_POINT('',(0.5,0.));
#12582 = VECTOR('',#12583,1.);
#12583 = DIRECTION('',(1.,0.));
#12584 = ( GEOMETRIC_REPRESENTATION_CONTEXT(2) 
PARAMETRIC_REPRESENTATION_CONTEXT() REPRESENTATION_CONTEXT('2D SPACE',''
  ) );
#12585 = ORIENTED_EDGE('',*,*,#11768,.T.);
#12586 = ORIENTED_EDGE('',*,*,#12307,.F.);
#12587 = ADVANCED_FACE('',(#12588),#11812,.T.);
#12588 = FACE_BOUND('',#12589,.T.);
#12589 = EDGE_LOOP('',(#12590,#12613,#12634,#12635));
#12590 = ORIENTED_EDGE('',*,*,#12591,.T.);
#12591 = EDGE_CURVE('',#12516,#12592,#12594,.T.);
#12592 = VERTEX_POINT('',#12593);
#12593 = CARTESIAN_POINT('',(-24.50094323213,-4.990322580645,
    -3.493078486158));
#12594 = SURFACE_CURVE('',#12595,(#12599,#12606),.PCURVE_S1.);
#12595 = LINE('',#12596,#12597);
#12596 = CARTESIAN_POINT('',(-24.50094323213,-5.390322580645,
    -3.493078486158));
#12597 = VECTOR('',#12598,1.);
#12598 = DIRECTION('',(0.,1.,-3.441691376338E-14));
#12599 = PCURVE('',#11812,#12600);
#12600 = DEFINITIONAL_REPRESENTATION('',(#12601),#12605);
#12601 = LINE('',#12602,#12603);
#12602 = CARTESIAN_POINT('',(0.5,0.));
#12603 = VECTOR('',#12604,1.);
#12604 = DIRECTION('',(0.,-1.));
#12605 = ( GEOMETRIC_REPRESENTATION_CONTEXT(2) 
PARAMETRIC_REPRESENTATION_CONTEXT() REPRESENTATION_CONTEXT('2D SPACE',''
  ) );
#12606 = PCURVE('',#12479,#12607);
#12607 = DEFINITIONAL_REPRESENTATION('',(#12608),#12612);
#12608 = LINE('',#12609,#12610);
#12609 = CARTESIAN_POINT('',(0.,0.));
#12610 = VECTOR('',#12611,1.);
#12611 = DIRECTION('',(1.,8.907752755631E-15));
#12612 = ( GEOMETRIC_REPRESENTATION_CONTEXT(2) 
PARAMETRIC_REPRESENTATION_CONTEXT() REPRESENTATION_CONTEXT('2D SPACE',''
  ) );
#12613 = ORIENTED_EDGE('',*,*,#12614,.T.);
#12614 = EDGE_CURVE('',#12592,#11797,#12615,.T.);
#12615 = SURFACE_CURVE('',#12616,(#12620,#12627),.PCURVE_S1.);
#12616 = LINE('',#12617,#12618);
#12617 = CARTESIAN_POINT('',(-24.50094323213,-4.990322580645,
    -3.493078486158));
#12618 = VECTOR('',#12619,1.);
#12619 = DIRECTION('',(1.,0.,0.));
#12620 = PCURVE('',#11812,#12621);
#12621 = DEFINITIONAL_REPRESENTATION('',(#12622),#12626);
#12622 = LINE('',#12623,#12624);
#12623 = CARTESIAN_POINT('',(0.5,-0.4));
#12624 = VECTOR('',#12625,1.);
#12625 = DIRECTION('',(1.,0.));
#12626 = ( GEOMETRIC_REPRESENTATION_CONTEXT(2) 
PARAMETRIC_REPRESENTATION_CONTEXT() REPRESENTATION_CONTEXT('2D SPACE',''
  ) );
#12627 = PCURVE('',#11838,#12628);
#12628 = DEFINITIONAL_REPRESENTATION('',(#12629),#12633);
#12629 = LINE('',#12630,#12631);
#12630 = CARTESIAN_POINT('',(-0.5,-0.4));
#12631 = VECTOR('',#12632,1.);
#12632 = DIRECTION('',(-1.,0.));
#12633 = ( GEOMETRIC_REPRESENTATION_CONTEXT(2) 
PARAMETRIC_REPRESENTATION_CONTEXT() REPRESENTATION_CONTEXT('2D SPACE',''
  ) );
#12634 = ORIENTED_EDGE('',*,*,#11796,.T.);
#12635 = ORIENTED_EDGE('',*,*,#12565,.F.);
#12636 = ADVANCED_FACE('',(#12637),#12479,.T.);
#12637 = FACE_BOUND('',#12638,.T.);
#12638 = EDGE_LOOP('',(#12639,#12640,#12661,#12662));
#12639 = ORIENTED_EDGE('',*,*,#12463,.F.);
#12640 = ORIENTED_EDGE('',*,*,#12641,.F.);
#12641 = EDGE_CURVE('',#12592,#12441,#12642,.T.);
#12642 = SURFACE_CURVE('',#12643,(#12647,#12654),.PCURVE_S1.);
#12643 = LINE('',#12644,#12645);
#12644 = CARTESIAN_POINT('',(-24.50094323213,-4.990322580645,
    -3.493078486158));
#12645 = VECTOR('',#12646,1.);
#12646 = DIRECTION('',(-0.935113126531,-0.250562807086,0.250562807086));
#12647 = PCURVE('',#12479,#12648);
#12648 = DEFINITIONAL_REPRESENTATION('',(#12649),#12653);
#12649 = LINE('',#12650,#12651);
#12650 = CARTESIAN_POINT('',(0.4,0.));
#12651 = VECTOR('',#12652,1.);
#12652 = DIRECTION('',(-0.250562807086,-0.968100345886));
#12653 = ( GEOMETRIC_REPRESENTATION_CONTEXT(2) 
PARAMETRIC_REPRESENTATION_CONTEXT() REPRESENTATION_CONTEXT('2D SPACE',''
  ) );
#12654 = PCURVE('',#12424,#12655);
#12655 = DEFINITIONAL_REPRESENTATION('',(#12656),#12660);
#12656 = LINE('',#12657,#12658);
#12657 = CARTESIAN_POINT('',(-0.4,0.));
#12658 = VECTOR('',#12659,1.);
#12659 = DIRECTION('',(0.250562807086,-0.968100345886));
#12660 = ( GEOMETRIC_REPRESENTATION_CONTEXT(2) 
PARAMETRIC_REPRESENTATION_CONTEXT() REPRESENTATION_CONTEXT('2D SPACE',''
  ) );
#12661 = ORIENTED_EDGE('',*,*,#12591,.F.);
#12662 = ORIENTED_EDGE('',*,*,#12540,.F.);
#12663 = ADVANCED_FACE('',(#12664),#12424,.T.);
#12664 = FACE_BOUND('',#12665,.T.);
#12665 = EDGE_LOOP('',(#12666,#12667,#12668,#12689));
#12666 = ORIENTED_EDGE('',*,*,#12440,.F.);
#12667 = ORIENTED_EDGE('',*,*,#12410,.F.);
#12668 = ORIENTED_EDGE('',*,*,#12669,.F.);
#12669 = EDGE_CURVE('',#12592,#12278,#12670,.T.);
#12670 = SURFACE_CURVE('',#12671,(#12675,#12682),.PCURVE_S1.);
#12671 = LINE('',#12672,#12673);
#12672 = CARTESIAN_POINT('',(-24.50094323213,-4.990322580645,
    -3.493078486158));
#12673 = VECTOR('',#12674,1.);
#12674 = DIRECTION('',(-3.5527136788E-14,0.,1.));
#12675 = PCURVE('',#12424,#12676);
#12676 = DEFINITIONAL_REPRESENTATION('',(#12677),#12681);
#12677 = LINE('',#12678,#12679);
#12678 = CARTESIAN_POINT('',(-0.4,0.));
#12679 = VECTOR('',#12680,1.);
#12680 = DIRECTION('',(1.,-3.431657895763E-14));
#12681 = ( GEOMETRIC_REPRESENTATION_CONTEXT(2) 
PARAMETRIC_REPRESENTATION_CONTEXT() REPRESENTATION_CONTEXT('2D SPACE',''
  ) );
#12682 = PCURVE('',#11838,#12683);
#12683 = DEFINITIONAL_REPRESENTATION('',(#12684),#12688);
#12684 = LINE('',#12685,#12686);
#12685 = CARTESIAN_POINT('',(-0.5,-0.4));
#12686 = VECTOR('',#12687,1.);
#12687 = DIRECTION('',(3.5527136788E-14,1.));
#12688 = ( GEOMETRIC_REPRESENTATION_CONTEXT(2) 
PARAMETRIC_REPRESENTATION_CONTEXT() REPRESENTATION_CONTEXT('2D SPACE',''
  ) );
#12689 = ORIENTED_EDGE('',*,*,#12641,.T.);
#12690 = ADVANCED_FACE('',(#12691),#11838,.T.);
#12691 = FACE_BOUND('',#12692,.T.);
#12692 = EDGE_LOOP('',(#12693,#12694,#12695,#12696));
#12693 = ORIENTED_EDGE('',*,*,#12669,.T.);
#12694 = ORIENTED_EDGE('',*,*,#12329,.T.);
#12695 = ORIENTED_EDGE('',*,*,#11824,.T.);
#12696 = ORIENTED_EDGE('',*,*,#12614,.F.);
#12697 = ADVANCED_FACE('',(#12698),#1077,.T.);
#12698 = FACE_BOUND('',#12699,.T.);
#12699 = EDGE_LOOP('',(#12700,#12701,#12702,#12703,#12704,#12705,#12706,
    #12707,#12708,#12709,#12710,#12711));
#12700 = ORIENTED_EDGE('',*,*,#1407,.T.);
#12701 = ORIENTED_EDGE('',*,*,#1430,.T.);
#12702 = ORIENTED_EDGE('',*,*,#1059,.T.);
#12703 = ORIENTED_EDGE('',*,*,#1089,.T.);
#12704 = ORIENTED_EDGE('',*,*,#1112,.T.);
#12705 = ORIENTED_EDGE('',*,*,#1135,.T.);
#12706 = ORIENTED_EDGE('',*,*,#1188,.T.);
#12707 = ORIENTED_EDGE('',*,*,#1232,.T.);
#12708 = ORIENTED_EDGE('',*,*,#1255,.T.);
#12709 = ORIENTED_EDGE('',*,*,#1299,.T.);
#12710 = ORIENTED_EDGE('',*,*,#1361,.T.);
#12711 = ORIENTED_EDGE('',*,*,#1384,.T.);
#12712 = ADVANCED_FACE('',(#12713,#12730),#1485,.T.);
#12713 = FACE_BOUND('',#12714,.T.);
#12714 = EDGE_LOOP('',(#12715,#12716,#12717,#12718,#12719,#12720,#12721,
    #12722,#12723,#12724,#12725,#12726,#12727,#12728,#12729));
#12715 = ORIENTED_EDGE('',*,*,#1504,.T.);
#12716 = ORIENTED_EDGE('',*,*,#1527,.T.);
#12717 = ORIENTED_EDGE('',*,*,#1571,.T.);
#12718 = ORIENTED_EDGE('',*,*,#1600,.T.);
#12719 = ORIENTED_EDGE('',*,*,#1629,.T.);
#12720 = ORIENTED_EDGE('',*,*,#1652,.T.);
#12721 = ORIENTED_EDGE('',*,*,#1696,.T.);
#12722 = ORIENTED_EDGE('',*,*,#1724,.T.);
#12723 = ORIENTED_EDGE('',*,*,#1768,.T.);
#12724 = ORIENTED_EDGE('',*,*,#1797,.T.);
#12725 = ORIENTED_EDGE('',*,*,#1826,.T.);
#12726 = ORIENTED_EDGE('',*,*,#1849,.T.);
#12727 = ORIENTED_EDGE('',*,*,#1872,.T.);
#12728 = ORIENTED_EDGE('',*,*,#1895,.T.);
#12729 = ORIENTED_EDGE('',*,*,#1453,.T.);
#12730 = FACE_BOUND('',#12731,.T.);
#12731 = EDGE_LOOP('',(#12732,#12783,#12806,#12829,#12873,#12902,#12931,
    #12975,#13019));
#12732 = ORIENTED_EDGE('',*,*,#12733,.F.);
#12733 = EDGE_CURVE('',#12734,#12736,#12738,.T.);
#12734 = VERTEX_POINT('',#12735);
#12735 = CARTESIAN_POINT('',(-20.22356264482,-4.066882626318,
    -1.683078486158));
#12736 = VERTEX_POINT('',#12737);
#12737 = CARTESIAN_POINT('',(-20.20819920407,-4.108665998825,
    -1.683078486158));
#12738 = SURFACE_CURVE('',#12739,(#12750,#12764),.PCURVE_S1.);
#12739 = B_SPLINE_CURVE_WITH_KNOTS('',3,(#12740,#12741,#12742,#12743,
    #12744,#12745,#12746,#12747,#12748,#12749),.UNSPECIFIED.,.F.,.F.,(4,
    3,3,4),(0.,0.333333333333,0.666666666667,1.),.UNSPECIFIED.);
#12740 = CARTESIAN_POINT('',(-20.22356264482,-4.066882626318,
    -1.683078486158));
#12741 = CARTESIAN_POINT('',(-20.22278921018,-4.07272270199,
    -1.683078486158));
#12742 = CARTESIAN_POINT('',(-20.22171065884,-4.078160083949,
    -1.683078486158));
#12743 = CARTESIAN_POINT('',(-20.22049136891,-4.083099350493,
    -1.683078486158));
#12744 = CARTESIAN_POINT('',(-20.21927207899,-4.088038617037,
    -1.683078486158));
#12745 = CARTESIAN_POINT('',(-20.21791205047,-4.092479768165,
    -1.683078486158));
#12746 = CARTESIAN_POINT('',(-20.21591814903,-4.096709068986,
    -1.683078486158));
#12747 = CARTESIAN_POINT('',(-20.21392424759,-4.100938369808,
    -1.683078486158));
#12748 = CARTESIAN_POINT('',(-20.21129647324,-4.104955820321,
    -1.683078486158));
#12749 = CARTESIAN_POINT('',(-20.20819920407,-4.108665998825,
    -1.683078486158));
#12750 = PCURVE('',#1485,#12751);
#12751 = DEFINITIONAL_REPRESENTATION('',(#12752),#12763);
#12752 = B_SPLINE_CURVE_WITH_KNOTS('',3,(#12753,#12754,#12755,#12756,
    #12757,#12758,#12759,#12760,#12761,#12762),.UNSPECIFIED.,.F.,.F.,(4,
    3,3,4),(0.,0.333333333333,0.666666666667,1.),.UNSPECIFIED.);
#12753 = CARTESIAN_POINT('',(-3.2893174914E-02,0.12817182481));
#12754 = CARTESIAN_POINT('',(-2.7053099242E-02,0.12894525945));
#12755 = CARTESIAN_POINT('',(-2.1615717283E-02,0.130023810785));
#12756 = CARTESIAN_POINT('',(-1.667645073917E-02,0.131243100712));
#12757 = CARTESIAN_POINT('',(-1.173718419533E-02,0.13246239064));
#12758 = CARTESIAN_POINT('',(-7.29603306667E-03,0.13382241916));
#12759 = CARTESIAN_POINT('',(-3.06673224558E-03,0.135816320597));
#12760 = CARTESIAN_POINT('',(1.1625685755E-03,0.137810222035));
#12761 = CARTESIAN_POINT('',(5.180019089E-03,0.14043799639));
#12762 = CARTESIAN_POINT('',(8.890197593E-03,0.14353526556));
#12763 = ( GEOMETRIC_REPRESENTATION_CONTEXT(2) 
PARAMETRIC_REPRESENTATION_CONTEXT() REPRESENTATION_CONTEXT('2D SPACE',''
  ) );
#12764 = PCURVE('',#12765,#12770);
#12765 = PLANE('',#12766);
#12766 = AXIS2_PLACEMENT_3D('',#12767,#12768,#12769);
#12767 = CARTESIAN_POINT('',(-27.20094323213,-7.540322580645,
    -1.693078486158));
#12768 = DIRECTION('',(0.,0.,-1.));
#12769 = DIRECTION('',(1.,0.,0.));
#12770 = DEFINITIONAL_REPRESENTATION('',(#12771),#12782);
#12771 = B_SPLINE_CURVE_WITH_KNOTS('',3,(#12772,#12773,#12774,#12775,
    #12776,#12777,#12778,#12779,#12780,#12781),.UNSPECIFIED.,.F.,.F.,(4,
    3,3,4),(0.,0.333333333333,0.666666666667,1.),.UNSPECIFIED.);
#12772 = CARTESIAN_POINT('',(6.97738058731,-3.473439954327));
#12773 = CARTESIAN_POINT('',(6.97815402195,-3.467599878655));
#12774 = CARTESIAN_POINT('',(6.979232573285,-3.462162496696));
#12775 = CARTESIAN_POINT('',(6.980451863213,-3.457223230152));
#12776 = CARTESIAN_POINT('',(6.98167115314,-3.452283963608));
#12777 = CARTESIAN_POINT('',(6.98303118166,-3.44784281248));
#12778 = CARTESIAN_POINT('',(6.985025083098,-3.443613511659));
#12779 = CARTESIAN_POINT('',(6.987018984535,-3.439384210837));
#12780 = CARTESIAN_POINT('',(6.98964675889,-3.435366760324));
#12781 = CARTESIAN_POINT('',(6.99274402806,-3.43165658182));
#12782 = ( GEOMETRIC_REPRESENTATION_CONTEXT(2) 
PARAMETRIC_REPRESENTATION_CONTEXT() REPRESENTATION_CONTEXT('2D SPACE',''
  ) );
#12783 = ORIENTED_EDGE('',*,*,#12784,.F.);
#12784 = EDGE_CURVE('',#12785,#12734,#12787,.T.);
#12785 = VERTEX_POINT('',#12786);
#12786 = CARTESIAN_POINT('',(-20.23118753621,-4.010215819877,
    -1.688078486158));
#12787 = SURFACE_CURVE('',#12788,(#12792,#12799),.PCURVE_S1.);
#12788 = LINE('',#12789,#12790);
#12789 = CARTESIAN_POINT('',(-20.23118753621,-4.010215819877,
    -1.688078486158));
#12790 = VECTOR('',#12791,1.);
#12791 = DIRECTION('',(0.133354764893,-0.9910683663,0.));
#12792 = PCURVE('',#1485,#12793);
#12793 = DEFINITIONAL_REPRESENTATION('',(#12794),#12798);
#12794 = LINE('',#12795,#12796);
#12795 = CARTESIAN_POINT('',(-8.9559981355E-02,0.12054693342));
#12796 = VECTOR('',#12797,1.);
#12797 = DIRECTION('',(0.9910683663,0.133354764893));
#12798 = ( GEOMETRIC_REPRESENTATION_CONTEXT(2) 
PARAMETRIC_REPRESENTATION_CONTEXT() REPRESENTATION_CONTEXT('2D SPACE',''
  ) );
#12799 = PCURVE('',#12765,#12800);
#12800 = DEFINITIONAL_REPRESENTATION('',(#12801),#12805);
#12801 = LINE('',#12802,#12803);
#12802 = CARTESIAN_POINT('',(6.96975569592,-3.530106760768));
#12803 = VECTOR('',#12804,1.);
#12804 = DIRECTION('',(0.133354764893,0.9910683663));
#12805 = ( GEOMETRIC_REPRESENTATION_CONTEXT(2) 
PARAMETRIC_REPRESENTATION_CONTEXT() REPRESENTATION_CONTEXT('2D SPACE',''
  ) );
#12806 = ORIENTED_EDGE('',*,*,#12807,.F.);
#12807 = EDGE_CURVE('',#12808,#12785,#12810,.T.);
#12808 = VERTEX_POINT('',#12809);
#12809 = CARTESIAN_POINT('',(-20.20796627607,-4.010215819877,
    -1.683078486158));
#12810 = SURFACE_CURVE('',#12811,(#12815,#12822),.PCURVE_S1.);
#12811 = LINE('',#12812,#12813);
#12812 = CARTESIAN_POINT('',(-20.20796627607,-4.010215819877,
    -1.688078486158));
#12813 = VECTOR('',#12814,1.);
#12814 = DIRECTION('',(-1.,-1.529940088783E-13,0.));
#12815 = PCURVE('',#1485,#12816);
#12816 = DEFINITIONAL_REPRESENTATION('',(#12817),#12821);
#12817 = LINE('',#12818,#12819);
#12818 = CARTESIAN_POINT('',(-8.9559981355E-02,0.14376819356));
#12819 = VECTOR('',#12820,1.);
#12820 = DIRECTION('',(1.529940088783E-13,-1.));
#12821 = ( GEOMETRIC_REPRESENTATION_CONTEXT(2) 
PARAMETRIC_REPRESENTATION_CONTEXT() REPRESENTATION_CONTEXT('2D SPACE',''
  ) );
#12822 = PCURVE('',#12765,#12823);
#12823 = DEFINITIONAL_REPRESENTATION('',(#12824),#12828);
#12824 = LINE('',#12825,#12826);
#12825 = CARTESIAN_POINT('',(6.99297695606,-3.530106760768));
#12826 = VECTOR('',#12827,1.);
#12827 = DIRECTION('',(-1.,1.529940088783E-13));
#12828 = ( GEOMETRIC_REPRESENTATION_CONTEXT(2) 
PARAMETRIC_REPRESENTATION_CONTEXT() REPRESENTATION_CONTEXT('2D SPACE',''
  ) );
#12829 = ORIENTED_EDGE('',*,*,#12830,.F.);
#12830 = EDGE_CURVE('',#12831,#12808,#12833,.T.);
#12831 = VERTEX_POINT('',#12832);
#12832 = CARTESIAN_POINT('',(-20.15857777505,-4.028411583413,
    -1.685578486158));
#12833 = SURFACE_CURVE('',#12834,(#12845,#12859),.PCURVE_S1.);
#12834 = B_SPLINE_CURVE_WITH_KNOTS('',3,(#12835,#12836,#12837,#12838,
    #12839,#12840,#12841,#12842,#12843,#12844),.UNSPECIFIED.,.F.,.F.,(4,
    3,3,4),(0.,0.333333333333,0.666666666667,1.),.UNSPECIFIED.);
#12835 = CARTESIAN_POINT('',(-20.15857777505,-4.028411583413,
    -1.683078486158));
#12836 = CARTESIAN_POINT('',(-20.16298837649,-4.024318231918,
    -1.683078486158));
#12837 = CARTESIAN_POINT('',(-20.16775812425,-4.020915914158,
    -1.683078486158));
#12838 = CARTESIAN_POINT('',(-20.17289088106,-4.018218141065,
    -1.683078486158));
#12839 = CARTESIAN_POINT('',(-20.17802363788,-4.015520367972,
    -1.683078486158));
#12840 = CARTESIAN_POINT('',(-20.18351940375,-4.013527139546,
    -1.683078486158));
#12841 = CARTESIAN_POINT('',(-20.1893665905,-4.012197922991,
    -1.683078486158));
#12842 = CARTESIAN_POINT('',(-20.19521377724,-4.010868706437,
    -1.683078486158));
#12843 = CARTESIAN_POINT('',(-20.20141238486,-4.010203501755,
    -1.683078486158));
#12844 = CARTESIAN_POINT('',(-20.20796627607,-4.010215819877,
    -1.683078486158));
#12845 = PCURVE('',#1485,#12846);
#12846 = DEFINITIONAL_REPRESENTATION('',(#12847),#12858);
#12847 = B_SPLINE_CURVE_WITH_KNOTS('',3,(#12848,#12849,#12850,#12851,
    #12852,#12853,#12854,#12855,#12856,#12857),.UNSPECIFIED.,.F.,.F.,(4,
    3,3,4),(0.,0.333333333333,0.666666666667,1.),.UNSPECIFIED.);
#12848 = CARTESIAN_POINT('',(-7.1364217819E-02,0.19315669458));
#12849 = CARTESIAN_POINT('',(-7.5457569314E-02,0.18874609314));
#12850 = CARTESIAN_POINT('',(-7.88598870735E-02,0.18397634538));
#12851 = CARTESIAN_POINT('',(-8.155766016658E-02,0.178843588563));
#12852 = CARTESIAN_POINT('',(-8.425543325967E-02,0.173710831747));
#12853 = CARTESIAN_POINT('',(-8.624866168633E-02,0.168215065873));
#12854 = CARTESIAN_POINT('',(-8.757787824067E-02,0.162367879129));
#12855 = CARTESIAN_POINT('',(-8.8907094795E-02,0.156520692385));
#12856 = CARTESIAN_POINT('',(-8.9572299477E-02,0.15032208477));
#12857 = CARTESIAN_POINT('',(-8.9559981355E-02,0.14376819356));
#12858 = ( GEOMETRIC_REPRESENTATION_CONTEXT(2) 
PARAMETRIC_REPRESENTATION_CONTEXT() REPRESENTATION_CONTEXT('2D SPACE',''
  ) );
#12859 = PCURVE('',#12765,#12860);
#12860 = DEFINITIONAL_REPRESENTATION('',(#12861),#12872);
#12861 = B_SPLINE_CURVE_WITH_KNOTS('',3,(#12862,#12863,#12864,#12865,
    #12866,#12867,#12868,#12869,#12870,#12871),.UNSPECIFIED.,.F.,.F.,(4,
    3,3,4),(0.,0.333333333333,0.666666666667,1.),.UNSPECIFIED.);
#12862 = CARTESIAN_POINT('',(7.04236545708,-3.511910997232));
#12863 = CARTESIAN_POINT('',(7.03795485564,-3.516004348727));
#12864 = CARTESIAN_POINT('',(7.03318510788,-3.519406666487));
#12865 = CARTESIAN_POINT('',(7.028052351063,-3.52210443958));
#12866 = CARTESIAN_POINT('',(7.022919594247,-3.524802212673));
#12867 = CARTESIAN_POINT('',(7.017423828373,-3.526795441099));
#12868 = CARTESIAN_POINT('',(7.011576641629,-3.528124657654));
#12869 = CARTESIAN_POINT('',(7.005729454885,-3.529453874208));
#12870 = CARTESIAN_POINT('',(6.99953084727,-3.53011907889));
#12871 = CARTESIAN_POINT('',(6.99297695606,-3.530106760768));
#12872 = ( GEOMETRIC_REPRESENTATION_CONTEXT(2) 
PARAMETRIC_REPRESENTATION_CONTEXT() REPRESENTATION_CONTEXT('2D SPACE',''
  ) );
#12873 = ORIENTED_EDGE('',*,*,#12874,.F.);
#12874 = EDGE_CURVE('',#12875,#12831,#12877,.T.);
#12875 = VERTEX_POINT('',#12876);
#12876 = CARTESIAN_POINT('',(-20.14531710017,-4.045657981349,
    -1.688078486158));
#12877 = SURFACE_CURVE('',#12878,(#12884,#12893),.PCURVE_S1.);
#12878 = B_SPLINE_CURVE_WITH_KNOTS('',3,(#12879,#12880,#12881,#12882,
    #12883),.UNSPECIFIED.,.F.,.F.,(4,1,4),(0.,0.5,1.),
  .QUASI_UNIFORM_KNOTS.);
#12879 = CARTESIAN_POINT('',(-20.14531710017,-4.045657981349,
    -1.688078486158));
#12880 = CARTESIAN_POINT('',(-20.14692605856,-4.042481856493,
    -1.688078486158));
#12881 = CARTESIAN_POINT('',(-20.15074512944,-4.036431331982,
    -1.698078486158));
#12882 = CARTESIAN_POINT('',(-20.15576650848,-4.03098425787,
    -1.688078486158));
#12883 = CARTESIAN_POINT('',(-20.15857777505,-4.028411583413,
    -1.688078486158));
#12884 = PCURVE('',#1485,#12885);
#12885 = DEFINITIONAL_REPRESENTATION('',(#12886),#12892);
#12886 = B_SPLINE_CURVE_WITH_KNOTS('',3,(#12887,#12888,#12889,#12890,
    #12891),.UNSPECIFIED.,.F.,.F.,(4,1,4),(0.,0.5,1.),
  .QUASI_UNIFORM_KNOTS.);
#12887 = CARTESIAN_POINT('',(-5.4117819883E-02,0.20641736946));
#12888 = CARTESIAN_POINT('',(-5.7293944739E-02,0.20480841107));
#12889 = CARTESIAN_POINT('',(-6.334446925E-02,0.20098934019));
#12890 = CARTESIAN_POINT('',(-6.8791543362E-02,0.19596796115));
#12891 = CARTESIAN_POINT('',(-7.1364217819E-02,0.19315669458));
#12892 = ( GEOMETRIC_REPRESENTATION_CONTEXT(2) 
PARAMETRIC_REPRESENTATION_CONTEXT() REPRESENTATION_CONTEXT('2D SPACE',''
  ) );
#12893 = PCURVE('',#12765,#12894);
#12894 = DEFINITIONAL_REPRESENTATION('',(#12895),#12901);
#12895 = B_SPLINE_CURVE_WITH_KNOTS('',3,(#12896,#12897,#12898,#12899,
    #12900),.UNSPECIFIED.,.F.,.F.,(4,1,4),(0.,0.5,1.),
  .QUASI_UNIFORM_KNOTS.);
#12896 = CARTESIAN_POINT('',(7.05562613196,-3.494664599296));
#12897 = CARTESIAN_POINT('',(7.05401717357,-3.497840724152));
#12898 = CARTESIAN_POINT('',(7.05019810269,-3.503891248663));
#12899 = CARTESIAN_POINT('',(7.04517672365,-3.509338322775));
#12900 = CARTESIAN_POINT('',(7.04236545708,-3.511910997232));
#12901 = ( GEOMETRIC_REPRESENTATION_CONTEXT(2) 
PARAMETRIC_REPRESENTATION_CONTEXT() REPRESENTATION_CONTEXT('2D SPACE',''
  ) );
#12902 = ORIENTED_EDGE('',*,*,#12903,.F.);
#12903 = EDGE_CURVE('',#12904,#12875,#12906,.T.);
#12904 = VERTEX_POINT('',#12905);
#12905 = CARTESIAN_POINT('',(-20.13881806997,-4.074547912764,
    -1.685578486158));
#12906 = SURFACE_CURVE('',#12907,(#12913,#12922),.PCURVE_S1.);
#12907 = B_SPLINE_CURVE_WITH_KNOTS('',3,(#12908,#12909,#12910,#12911,
    #12912),.UNSPECIFIED.,.F.,.F.,(4,1,4),(0.,0.5,1.),
  .QUASI_UNIFORM_KNOTS.);
#12908 = CARTESIAN_POINT('',(-20.13881806997,-4.074547912764,
    -1.688078486158));
#12909 = CARTESIAN_POINT('',(-20.1388189889,-4.069189790474,
    -1.688078486158));
#12910 = CARTESIAN_POINT('',(-20.13990307953,-4.059016679614,
    -1.698078486158));
#12911 = CARTESIAN_POINT('',(-20.1431516757,-4.049929836197,
    -1.688078486158));
#12912 = CARTESIAN_POINT('',(-20.14531710017,-4.045657981349,
    -1.688078486158));
#12913 = PCURVE('',#1485,#12914);
#12914 = DEFINITIONAL_REPRESENTATION('',(#12915),#12921);
#12915 = B_SPLINE_CURVE_WITH_KNOTS('',3,(#12916,#12917,#12918,#12919,
    #12920),.UNSPECIFIED.,.F.,.F.,(4,1,4),(0.,0.5,1.),
  .QUASI_UNIFORM_KNOTS.);
#12916 = CARTESIAN_POINT('',(-2.5227888468E-02,0.21291639966));
#12917 = CARTESIAN_POINT('',(-3.0586010758E-02,0.21291548073));
#12918 = CARTESIAN_POINT('',(-4.0759121618E-02,0.2118313901));
#12919 = CARTESIAN_POINT('',(-4.9845965035E-02,0.20858279393));
#12920 = CARTESIAN_POINT('',(-5.4117819883E-02,0.20641736946));
#12921 = ( GEOMETRIC_REPRESENTATION_CONTEXT(2) 
PARAMETRIC_REPRESENTATION_CONTEXT() REPRESENTATION_CONTEXT('2D SPACE',''
  ) );
#12922 = PCURVE('',#12765,#12923);
#12923 = DEFINITIONAL_REPRESENTATION('',(#12924),#12930);
#12924 = B_SPLINE_CURVE_WITH_KNOTS('',3,(#12925,#12926,#12927,#12928,
    #12929),.UNSPECIFIED.,.F.,.F.,(4,1,4),(0.,0.5,1.),
  .QUASI_UNIFORM_KNOTS.);
#12925 = CARTESIAN_POINT('',(7.06212516216,-3.465774667881));
#12926 = CARTESIAN_POINT('',(7.06212424323,-3.471132790171));
#12927 = CARTESIAN_POINT('',(7.0610401526,-3.481305901031));
#12928 = CARTESIAN_POINT('',(7.05779155643,-3.490392744448));
#12929 = CARTESIAN_POINT('',(7.05562613196,-3.494664599296));
#12930 = ( GEOMETRIC_REPRESENTATION_CONTEXT(2) 
PARAMETRIC_REPRESENTATION_CONTEXT() REPRESENTATION_CONTEXT('2D SPACE',''
  ) );
#12931 = ORIENTED_EDGE('',*,*,#12932,.F.);
#12932 = EDGE_CURVE('',#12933,#12904,#12935,.T.);
#12933 = VERTEX_POINT('',#12934);
#12934 = CARTESIAN_POINT('',(-20.14912792673,-4.106389237834,
    -1.683078486158));
#12935 = SURFACE_CURVE('',#12936,(#12947,#12961),.PCURVE_S1.);
#12936 = B_SPLINE_CURVE_WITH_KNOTS('',3,(#12937,#12938,#12939,#12940,
    #12941,#12942,#12943,#12944,#12945,#12946),.UNSPECIFIED.,.F.,.F.,(4,
    3,3,4),(0.,0.333333333333,0.666666666667,1.),.UNSPECIFIED.);
#12937 = CARTESIAN_POINT('',(-20.14912792673,-4.106389237834,
    -1.683078486158));
#12938 = CARTESIAN_POINT('',(-20.14635814253,-4.102625220641,
    -1.683078486158));
#12939 = CARTESIAN_POINT('',(-20.14413616541,-4.098944961873,
    -1.683078486158));
#12940 = CARTESIAN_POINT('',(-20.14263458575,-4.095575109311,
    -1.683078486158));
#12941 = CARTESIAN_POINT('',(-20.14113300609,-4.092205256749,
    -1.683078486158));
#12942 = CARTESIAN_POINT('',(-20.14035182389,-4.089145810394,
    -1.683078486158));
#12943 = CARTESIAN_POINT('',(-20.13977326805,-4.085716826897,
    -1.683078486158));
#12944 = CARTESIAN_POINT('',(-20.13919471221,-4.0822878434,
    -1.683078486158));
#12945 = CARTESIAN_POINT('',(-20.13881878273,-4.078489322762,
    -1.683078486158));
#12946 = CARTESIAN_POINT('',(-20.13881806997,-4.074547912764,
    -1.683078486158));
#12947 = PCURVE('',#1485,#12948);
#12948 = DEFINITIONAL_REPRESENTATION('',(#12949),#12960);
#12949 = B_SPLINE_CURVE_WITH_KNOTS('',3,(#12950,#12951,#12952,#12953,
    #12954,#12955,#12956,#12957,#12958,#12959),.UNSPECIFIED.,.F.,.F.,(4,
    3,3,4),(0.,0.333333333333,0.666666666667,1.),.UNSPECIFIED.);
#12950 = CARTESIAN_POINT('',(6.613436602E-03,0.2026065429));
#12951 = CARTESIAN_POINT('',(2.849419409E-03,0.2053763271));
#12952 = CARTESIAN_POINT('',(-8.308393594998E-04,0.207598304215));
#12953 = CARTESIAN_POINT('',(-4.20069192125E-03,0.209099883874));
#12954 = CARTESIAN_POINT('',(-7.570544483E-03,0.210601463533));
#12955 = CARTESIAN_POINT('',(-1.0629990838E-02,0.211382645737));
#12956 = CARTESIAN_POINT('',(-1.405897433475E-02,0.211961201578));
#12957 = CARTESIAN_POINT('',(-1.74879578315E-02,0.21253975742));
#12958 = CARTESIAN_POINT('',(-2.128647847E-02,0.2129156869));
#12959 = CARTESIAN_POINT('',(-2.5227888468E-02,0.21291639966));
#12960 = ( GEOMETRIC_REPRESENTATION_CONTEXT(2) 
PARAMETRIC_REPRESENTATION_CONTEXT() REPRESENTATION_CONTEXT('2D SPACE',''
  ) );
#12961 = PCURVE('',#12765,#12962);
#12962 = DEFINITIONAL_REPRESENTATION('',(#12963),#12974);
#12963 = B_SPLINE_CURVE_WITH_KNOTS('',3,(#12964,#12965,#12966,#12967,
    #12968,#12969,#12970,#12971,#12972,#12973),.UNSPECIFIED.,.F.,.F.,(4,
    3,3,4),(0.,0.333333333333,0.666666666667,1.),.UNSPECIFIED.);
#12964 = CARTESIAN_POINT('',(7.0518153054,-3.433933342811));
#12965 = CARTESIAN_POINT('',(7.0545850896,-3.437697360004));
#12966 = CARTESIAN_POINT('',(7.056807066715,-3.441377618773));
#12967 = CARTESIAN_POINT('',(7.058308646374,-3.444747471334));
#12968 = CARTESIAN_POINT('',(7.059810226033,-3.448117323896));
#12969 = CARTESIAN_POINT('',(7.060591408237,-3.451176770251));
#12970 = CARTESIAN_POINT('',(7.061169964078,-3.454605753748));
#12971 = CARTESIAN_POINT('',(7.06174851992,-3.458034737245));
#12972 = CARTESIAN_POINT('',(7.0621244494,-3.461833257883));
#12973 = CARTESIAN_POINT('',(7.06212516216,-3.465774667881));
#12974 = ( GEOMETRIC_REPRESENTATION_CONTEXT(2) 
PARAMETRIC_REPRESENTATION_CONTEXT() REPRESENTATION_CONTEXT('2D SPACE',''
  ) );
#12975 = ORIENTED_EDGE('',*,*,#12976,.F.);
#12976 = EDGE_CURVE('',#12977,#12933,#12979,.T.);
#12977 = VERTEX_POINT('',#12978);
#12978 = CARTESIAN_POINT('',(-20.17837353921,-4.119265167815,
    -1.683078486158));
#12979 = SURFACE_CURVE('',#12980,(#12991,#13005),.PCURVE_S1.);
#12980 = B_SPLINE_CURVE_WITH_KNOTS('',3,(#12981,#12982,#12983,#12984,
    #12985,#12986,#12987,#12988,#12989,#12990),.UNSPECIFIED.,.F.,.F.,(4,
    3,3,4),(0.,0.333333333333,0.666666666667,1.),.UNSPECIFIED.);
#12981 = CARTESIAN_POINT('',(-20.17837353921,-4.119265167815,
    -1.683078486158));
#12982 = CARTESIAN_POINT('',(-20.17435417365,-4.119249907099,
    -1.683078486158));
#12983 = CARTESIAN_POINT('',(-20.17059516947,-4.118765284106,
    -1.683078486158));
#12984 = CARTESIAN_POINT('',(-20.1671976063,-4.117877100894,
    -1.683078486158));
#12985 = CARTESIAN_POINT('',(-20.16380004314,-4.116988917682,
    -1.683078486158));
#12986 = CARTESIAN_POINT('',(-20.160763921,-4.11569717425,
    -1.683078486158));
#12987 = CARTESIAN_POINT('',(-20.15778600095,-4.113804464426,
    -1.683078486158));
#12988 = CARTESIAN_POINT('',(-20.1548080809,-4.111911754602,
    -1.683078486158));
#12989 = CARTESIAN_POINT('',(-20.15188836295,-4.109418078386,
    -1.683078486158));
#12990 = CARTESIAN_POINT('',(-20.14912792673,-4.106389237834,
    -1.683078486158));
#12991 = PCURVE('',#1485,#12992);
#12992 = DEFINITIONAL_REPRESENTATION('',(#12993),#13004);
#12993 = B_SPLINE_CURVE_WITH_KNOTS('',3,(#12994,#12995,#12996,#12997,
    #12998,#12999,#13000,#13001,#13002,#13003),.UNSPECIFIED.,.F.,.F.,(4,
    3,3,4),(0.,0.333333333333,0.666666666667,1.),.UNSPECIFIED.);
#12994 = CARTESIAN_POINT('',(1.9489366583E-02,0.17336093042));
#12995 = CARTESIAN_POINT('',(1.9474105867E-02,0.17738029598));
#12996 = CARTESIAN_POINT('',(1.8989482874E-02,0.18113930016));
#12997 = CARTESIAN_POINT('',(1.810129966183E-02,0.184536863322));
#12998 = CARTESIAN_POINT('',(1.721311644967E-02,0.187934426483));
#12999 = CARTESIAN_POINT('',(1.592137301833E-02,0.190970548627));
#13000 = CARTESIAN_POINT('',(1.402866319442E-02,0.193948468676));
#13001 = CARTESIAN_POINT('',(1.21359533705E-02,0.196926388725));
#13002 = CARTESIAN_POINT('',(9.642277154E-03,0.19984610668));
#13003 = CARTESIAN_POINT('',(6.613436602E-03,0.2026065429));
#13004 = ( GEOMETRIC_REPRESENTATION_CONTEXT(2) 
PARAMETRIC_REPRESENTATION_CONTEXT() REPRESENTATION_CONTEXT('2D SPACE',''
  ) );
#13005 = PCURVE('',#12765,#13006);
#13006 = DEFINITIONAL_REPRESENTATION('',(#13007),#13018);
#13007 = B_SPLINE_CURVE_WITH_KNOTS('',3,(#13008,#13009,#13010,#13011,
    #13012,#13013,#13014,#13015,#13016,#13017),.UNSPECIFIED.,.F.,.F.,(4,
    3,3,4),(0.,0.333333333333,0.666666666667,1.),.UNSPECIFIED.);
#13008 = CARTESIAN_POINT('',(7.02256969292,-3.42105741283));
#13009 = CARTESIAN_POINT('',(7.02658905848,-3.421072673546));
#13010 = CARTESIAN_POINT('',(7.03034806266,-3.421557296539));
#13011 = CARTESIAN_POINT('',(7.033745625822,-3.422445479751));
#13012 = CARTESIAN_POINT('',(7.037143188983,-3.423333662963));
#13013 = CARTESIAN_POINT('',(7.040179311127,-3.424625406395));
#13014 = CARTESIAN_POINT('',(7.043157231176,-3.426518116219));
#13015 = CARTESIAN_POINT('',(7.046135151225,-3.428410826043));
#13016 = CARTESIAN_POINT('',(7.04905486918,-3.430904502259));
#13017 = CARTESIAN_POINT('',(7.0518153054,-3.433933342811));
#13018 = ( GEOMETRIC_REPRESENTATION_CONTEXT(2) 
PARAMETRIC_REPRESENTATION_CONTEXT() REPRESENTATION_CONTEXT('2D SPACE',''
  ) );
#13019 = ORIENTED_EDGE('',*,*,#13020,.F.);
#13020 = EDGE_CURVE('',#12736,#12977,#13021,.T.);
#13021 = SURFACE_CURVE('',#13022,(#13033,#13047),.PCURVE_S1.);
#13022 = B_SPLINE_CURVE_WITH_KNOTS('',3,(#13023,#13024,#13025,#13026,
    #13027,#13028,#13029,#13030,#13031,#13032),.UNSPECIFIED.,.F.,.F.,(4,
    3,3,4),(0.,0.333333333333,0.666666666667,1.),.UNSPECIFIED.);
#13023 = CARTESIAN_POINT('',(-20.20819920407,-4.108665998825,
    -1.683078486158));
#13024 = CARTESIAN_POINT('',(-20.2044254622,-4.111628642185,
    -1.683078486158));
#13025 = CARTESIAN_POINT('',(-20.20081758554,-4.113987276797,
    -1.683078486158));
#13026 = CARTESIAN_POINT('',(-20.19771592291,-4.115498287691,
    -1.683078486158));
#13027 = CARTESIAN_POINT('',(-20.19461426027,-4.117009298586,
    -1.683078486158));
#13028 = CARTESIAN_POINT('',(-20.19201881166,-4.117672685764,
    -1.683078486158));
#13029 = CARTESIAN_POINT('',(-20.18890853064,-4.118219294129,
    -1.683078486158));
#13030 = CARTESIAN_POINT('',(-20.18579824963,-4.118765902494,
    -1.683078486158));
#13031 = CARTESIAN_POINT('',(-20.18217313622,-4.119195732045,
    -1.683078486158));
#13032 = CARTESIAN_POINT('',(-20.17837353921,-4.119265167815,
    -1.683078486158));
#13033 = PCURVE('',#1485,#13034);
#13034 = DEFINITIONAL_REPRESENTATION('',(#13035),#13046);
#13035 = B_SPLINE_CURVE_WITH_KNOTS('',3,(#13036,#13037,#13038,#13039,
    #13040,#13041,#13042,#13043,#13044,#13045),.UNSPECIFIED.,.F.,.F.,(4,
    3,3,4),(0.,0.333333333333,0.666666666667,1.),.UNSPECIFIED.);
#13036 = CARTESIAN_POINT('',(8.890197593E-03,0.14353526556));
#13037 = CARTESIAN_POINT('',(1.1852840953E-02,0.14730900743));
#13038 = CARTESIAN_POINT('',(1.42114755645E-02,0.150916884085));
#13039 = CARTESIAN_POINT('',(1.572248645925E-02,0.154018546719));
#13040 = CARTESIAN_POINT('',(1.7233497354E-02,0.157120209353));
#13041 = CARTESIAN_POINT('',(1.7896884532E-02,0.159715657967));
#13042 = CARTESIAN_POINT('',(1.844349289675E-02,0.162825938981));
#13043 = CARTESIAN_POINT('',(1.89901012615E-02,0.165936219995));
#13044 = CARTESIAN_POINT('',(1.9419930813E-02,0.16956133341));
#13045 = CARTESIAN_POINT('',(1.9489366583E-02,0.17336093042));
#13046 = ( GEOMETRIC_REPRESENTATION_CONTEXT(2) 
PARAMETRIC_REPRESENTATION_CONTEXT() REPRESENTATION_CONTEXT('2D SPACE',''
  ) );
#13047 = PCURVE('',#12765,#13048);
#13048 = DEFINITIONAL_REPRESENTATION('',(#13049),#13060);
#13049 = B_SPLINE_CURVE_WITH_KNOTS('',3,(#13050,#13051,#13052,#13053,
    #13054,#13055,#13056,#13057,#13058,#13059),.UNSPECIFIED.,.F.,.F.,(4,
    3,3,4),(0.,0.333333333333,0.666666666667,1.),.UNSPECIFIED.);
#13050 = CARTESIAN_POINT('',(6.99274402806,-3.43165658182));
#13051 = CARTESIAN_POINT('',(6.99651776993,-3.42869393846));
#13052 = CARTESIAN_POINT('',(7.000125646585,-3.426335303849));
#13053 = CARTESIAN_POINT('',(7.003227309219,-3.424824292954));
#13054 = CARTESIAN_POINT('',(7.006328971853,-3.423313282059));
#13055 = CARTESIAN_POINT('',(7.008924420467,-3.422649894881));
#13056 = CARTESIAN_POINT('',(7.012034701481,-3.422103286516));
#13057 = CARTESIAN_POINT('',(7.015144982495,-3.421556678152));
#13058 = CARTESIAN_POINT('',(7.01877009591,-3.4211268486));
#13059 = CARTESIAN_POINT('',(7.02256969292,-3.42105741283));
#13060 = ( GEOMETRIC_REPRESENTATION_CONTEXT(2) 
PARAMETRIC_REPRESENTATION_CONTEXT() REPRESENTATION_CONTEXT('2D SPACE',''
  ) );
#13061 = ADVANCED_FACE('',(#13062),#12765,.F.);
#13062 = FACE_BOUND('',#13063,.F.);
#13063 = EDGE_LOOP('',(#13064,#13065,#13066,#13067,#13068,#13069,#13070,
    #13071,#13072));
#13064 = ORIENTED_EDGE('',*,*,#12784,.F.);
#13065 = ORIENTED_EDGE('',*,*,#12807,.F.);
#13066 = ORIENTED_EDGE('',*,*,#12830,.F.);
#13067 = ORIENTED_EDGE('',*,*,#12874,.F.);
#13068 = ORIENTED_EDGE('',*,*,#12903,.F.);
#13069 = ORIENTED_EDGE('',*,*,#12932,.F.);
#13070 = ORIENTED_EDGE('',*,*,#12976,.F.);
#13071 = ORIENTED_EDGE('',*,*,#13020,.F.);
#13072 = ORIENTED_EDGE('',*,*,#12733,.F.);
#13073 = ADVANCED_FACE('',(#13074),#1957,.F.);
#13074 = FACE_BOUND('',#13075,.F.);
#13075 = EDGE_LOOP('',(#13076,#13077,#13078,#13079,#13080,#13081,#13082,
    #13083,#13084,#13085,#13086,#13087));
#13076 = ORIENTED_EDGE('',*,*,#1939,.F.);
#13077 = ORIENTED_EDGE('',*,*,#2199,.F.);
#13078 = ORIENTED_EDGE('',*,*,#2176,.F.);
#13079 = ORIENTED_EDGE('',*,*,#2153,.F.);
#13080 = ORIENTED_EDGE('',*,*,#2130,.F.);
#13081 = ORIENTED_EDGE('',*,*,#2107,.F.);
#13082 = ORIENTED_EDGE('',*,*,#2084,.F.);
#13083 = ORIENTED_EDGE('',*,*,#2061,.F.);
#13084 = ORIENTED_EDGE('',*,*,#2038,.F.);
#13085 = ORIENTED_EDGE('',*,*,#2015,.F.);
#13086 = ORIENTED_EDGE('',*,*,#1992,.F.);
#13087 = ORIENTED_EDGE('',*,*,#1969,.F.);
#13088 = ADVANCED_FACE('',(#13089),#2254,.T.);
#13089 = FACE_BOUND('',#13090,.T.);
#13090 = EDGE_LOOP('',(#13091,#13092,#13093,#13094,#13095,#13096,#13097,
    #13098,#13099,#13100,#13101,#13102,#13103,#13104,#13105));
#13091 = ORIENTED_EDGE('',*,*,#2273,.T.);
#13092 = ORIENTED_EDGE('',*,*,#2296,.T.);
#13093 = ORIENTED_EDGE('',*,*,#2340,.F.);
#13094 = ORIENTED_EDGE('',*,*,#2369,.F.);
#13095 = ORIENTED_EDGE('',*,*,#2398,.T.);
#13096 = ORIENTED_EDGE('',*,*,#2442,.T.);
#13097 = ORIENTED_EDGE('',*,*,#2470,.T.);
#13098 = ORIENTED_EDGE('',*,*,#2514,.T.);
#13099 = ORIENTED_EDGE('',*,*,#2558,.T.);
#13100 = ORIENTED_EDGE('',*,*,#2581,.T.);
#13101 = ORIENTED_EDGE('',*,*,#2625,.T.);
#13102 = ORIENTED_EDGE('',*,*,#2669,.T.);
#13103 = ORIENTED_EDGE('',*,*,#2713,.T.);
#13104 = ORIENTED_EDGE('',*,*,#2757,.T.);
#13105 = ORIENTED_EDGE('',*,*,#2222,.T.);
#13106 = ADVANCED_FACE('',(#13107),#2819,.F.);
#13107 = FACE_BOUND('',#13108,.F.);
#13108 = EDGE_LOOP('',(#13109,#13110,#13111,#13112,#13113,#13114));
#13109 = ORIENTED_EDGE('',*,*,#2801,.F.);
#13110 = ORIENTED_EDGE('',*,*,#2923,.F.);
#13111 = ORIENTED_EDGE('',*,*,#2900,.F.);
#13112 = ORIENTED_EDGE('',*,*,#2877,.F.);
#13113 = ORIENTED_EDGE('',*,*,#2854,.F.);
#13114 = ORIENTED_EDGE('',*,*,#2831,.F.);
#13115 = ADVANCED_FACE('',(#13116),#2964,.F.);
#13116 = FACE_BOUND('',#13117,.F.);
#13117 = EDGE_LOOP('',(#13118,#13119,#13120,#13121,#13122,#13123,#13124,
    #13125,#13126,#13127,#13128,#13129));
#13118 = ORIENTED_EDGE('',*,*,#2946,.F.);
#13119 = ORIENTED_EDGE('',*,*,#3206,.F.);
#13120 = ORIENTED_EDGE('',*,*,#3183,.F.);
#13121 = ORIENTED_EDGE('',*,*,#3160,.F.);
#13122 = ORIENTED_EDGE('',*,*,#3137,.F.);
#13123 = ORIENTED_EDGE('',*,*,#3114,.F.);
#13124 = ORIENTED_EDGE('',*,*,#3091,.F.);
#13125 = ORIENTED_EDGE('',*,*,#3068,.F.);
#13126 = ORIENTED_EDGE('',*,*,#3045,.F.);
#13127 = ORIENTED_EDGE('',*,*,#3022,.F.);
#13128 = ORIENTED_EDGE('',*,*,#2999,.F.);
#13129 = ORIENTED_EDGE('',*,*,#2976,.F.);
#13130 = ADVANCED_FACE('',(#13131,#13142),#3247,.T.);
#13131 = FACE_BOUND('',#13132,.T.);
#13132 = EDGE_LOOP('',(#13133,#13134,#13135,#13136,#13137,#13138,#13139,
    #13140,#13141));
#13133 = ORIENTED_EDGE('',*,*,#3259,.T.);
#13134 = ORIENTED_EDGE('',*,*,#3303,.T.);
#13135 = ORIENTED_EDGE('',*,*,#3332,.T.);
#13136 = ORIENTED_EDGE('',*,*,#3376,.T.);
#13137 = ORIENTED_EDGE('',*,*,#3404,.T.);
#13138 = ORIENTED_EDGE('',*,*,#3448,.T.);
#13139 = ORIENTED_EDGE('',*,*,#3492,.T.);
#13140 = ORIENTED_EDGE('',*,*,#3515,.T.);
#13141 = ORIENTED_EDGE('',*,*,#3229,.T.);
#13142 = FACE_BOUND('',#13143,.T.);
#13143 = EDGE_LOOP('',(#13144,#13174,#13218,#13262,#13306,#13350,#13378,
    #13422,#13445));
#13144 = ORIENTED_EDGE('',*,*,#13145,.F.);
#13145 = EDGE_CURVE('',#13146,#13148,#13150,.T.);
#13146 = VERTEX_POINT('',#13147);
#13147 = CARTESIAN_POINT('',(-20.94740744756,-3.529674369556,
    -1.683078486158));
#13148 = VERTEX_POINT('',#13149);
#13149 = CARTESIAN_POINT('',(-20.94740744756,-3.58088244693,
    -1.688078486158));
#13150 = SURFACE_CURVE('',#13151,(#13155,#13162),.PCURVE_S1.);
#13151 = LINE('',#13152,#13153);
#13152 = CARTESIAN_POINT('',(-20.94740744756,-3.529674369556,
    -1.688078486158));
#13153 = VECTOR('',#13154,1.);
#13154 = DIRECTION('',(-1.179425896004E-12,-1.,0.));
#13155 = PCURVE('',#3247,#13156);
#13156 = DEFINITIONAL_REPRESENTATION('',(#13157),#13161);
#13157 = LINE('',#13158,#13159);
#13158 = CARTESIAN_POINT('',(7.2306498434E-02,2.779186264E-02));
#13159 = VECTOR('',#13160,1.);
#13160 = DIRECTION('',(1.,-1.179425896004E-12));
#13161 = ( GEOMETRIC_REPRESENTATION_CONTEXT(2) 
PARAMETRIC_REPRESENTATION_CONTEXT() REPRESENTATION_CONTEXT('2D SPACE',''
  ) );
#13162 = PCURVE('',#13163,#13168);
#13163 = PLANE('',#13164);
#13164 = AXIS2_PLACEMENT_3D('',#13165,#13166,#13167);
#13165 = CARTESIAN_POINT('',(-27.20094323213,-7.540322580645,
    -1.693078486158));
#13166 = DIRECTION('',(0.,0.,-1.));
#13167 = DIRECTION('',(1.,0.,0.));
#13168 = DEFINITIONAL_REPRESENTATION('',(#13169),#13173);
#13169 = LINE('',#13170,#13171);
#13170 = CARTESIAN_POINT('',(6.25353578457,-4.010648211089));
#13171 = VECTOR('',#13172,1.);
#13172 = DIRECTION('',(-1.179425896004E-12,1.));
#13173 = ( GEOMETRIC_REPRESENTATION_CONTEXT(2) 
PARAMETRIC_REPRESENTATION_CONTEXT() REPRESENTATION_CONTEXT('2D SPACE',''
  ) );
#13174 = ORIENTED_EDGE('',*,*,#13175,.F.);
#13175 = EDGE_CURVE('',#13176,#13146,#13178,.T.);
#13176 = VERTEX_POINT('',#13177);
#13177 = CARTESIAN_POINT('',(-20.9174978251,-3.434033832362,
    -1.683078486158));
#13178 = SURFACE_CURVE('',#13179,(#13190,#13204),.PCURVE_S1.);
#13179 = B_SPLINE_CURVE_WITH_KNOTS('',3,(#13180,#13181,#13182,#13183,
    #13184,#13185,#13186,#13187,#13188,#13189),.UNSPECIFIED.,.F.,.F.,(4,
    3,3,4),(0.,0.333333333333,0.666666666667,1.),.UNSPECIFIED.);
#13180 = CARTESIAN_POINT('',(-20.9174978251,-3.434033832362,
    -1.683078486158));
#13181 = CARTESIAN_POINT('',(-20.92508359323,-3.444223214783,
    -1.683078486158));
#13182 = CARTESIAN_POINT('',(-20.93123609666,-3.454542233855,
    -1.683078486158));
#13183 = CARTESIAN_POINT('',(-20.93561947905,-3.46455498375,
    -1.683078486158));
#13184 = CARTESIAN_POINT('',(-20.94000286144,-3.474567733644,
    -1.683078486158));
#13185 = CARTESIAN_POINT('',(-20.9426171228,-3.48427421436,
    -1.683078486158));
#13186 = CARTESIAN_POINT('',(-20.94446983211,-3.494982143385,
    -1.683078486158));
#13187 = CARTESIAN_POINT('',(-20.94632254142,-3.50569007241,
    -1.683078486158));
#13188 = CARTESIAN_POINT('',(-20.94741369868,-3.517399449743,
    -1.683078486158));
#13189 = CARTESIAN_POINT('',(-20.94740744756,-3.529674369556,
    -1.683078486158));
#13190 = PCURVE('',#3247,#13191);
#13191 = DEFINITIONAL_REPRESENTATION('',(#13192),#13203);
#13192 = B_SPLINE_CURVE_WITH_KNOTS('',3,(#13193,#13194,#13195,#13196,
    #13197,#13198,#13199,#13200,#13201,#13202),.UNSPECIFIED.,.F.,.F.,(4,
    3,3,4),(0.,0.333333333333,0.666666666667,1.),.UNSPECIFIED.);
#13193 = CARTESIAN_POINT('',(-2.333403876E-02,5.77014851E-02));
#13194 = CARTESIAN_POINT('',(-1.3144656339E-02,5.011571697E-02));
#13195 = CARTESIAN_POINT('',(-2.8256372665E-03,4.396321354E-02));
#13196 = CARTESIAN_POINT('',(7.18711262775E-03,3.95798311467E-02));
#13197 = CARTESIAN_POINT('',(1.7199862522E-02,3.51964487533E-02));
#13198 = CARTESIAN_POINT('',(2.6906343238E-02,3.25821873967E-02));
#13199 = CARTESIAN_POINT('',(3.761427226275E-02,3.07294780883E-02));
#13200 = CARTESIAN_POINT('',(4.83222012875E-02,2.887676878E-02));
#13201 = CARTESIAN_POINT('',(6.0031578621E-02,2.778561152E-02));
#13202 = CARTESIAN_POINT('',(7.2306498434E-02,2.779186264E-02));
#13203 = ( GEOMETRIC_REPRESENTATION_CONTEXT(2) 
PARAMETRIC_REPRESENTATION_CONTEXT() REPRESENTATION_CONTEXT('2D SPACE',''
  ) );
#13204 = PCURVE('',#13163,#13205);
#13205 = DEFINITIONAL_REPRESENTATION('',(#13206),#13217);
#13206 = B_SPLINE_CURVE_WITH_KNOTS('',3,(#13207,#13208,#13209,#13210,
    #13211,#13212,#13213,#13214,#13215,#13216),.UNSPECIFIED.,.F.,.F.,(4,
    3,3,4),(0.,0.333333333333,0.666666666667,1.),.UNSPECIFIED.);
#13207 = CARTESIAN_POINT('',(6.28344540703,-4.106288748283));
#13208 = CARTESIAN_POINT('',(6.2758596389,-4.096099365862));
#13209 = CARTESIAN_POINT('',(6.26970713547,-4.085780346789));
#13210 = CARTESIAN_POINT('',(6.265323753077,-4.075767596895));
#13211 = CARTESIAN_POINT('',(6.260940370683,-4.065754847001));
#13212 = CARTESIAN_POINT('',(6.258326109327,-4.056048366285));
#13213 = CARTESIAN_POINT('',(6.256473400018,-4.04534043726));
#13214 = CARTESIAN_POINT('',(6.25462069071,-4.034632508236));
#13215 = CARTESIAN_POINT('',(6.25352953345,-4.022923130902));
#13216 = CARTESIAN_POINT('',(6.25353578457,-4.010648211089));
#13217 = ( GEOMETRIC_REPRESENTATION_CONTEXT(2) 
PARAMETRIC_REPRESENTATION_CONTEXT() REPRESENTATION_CONTEXT('2D SPACE',''
  ) );
#13218 = ORIENTED_EDGE('',*,*,#13219,.F.);
#13219 = EDGE_CURVE('',#13220,#13176,#13222,.T.);
#13220 = VERTEX_POINT('',#13221);
#13221 = CARTESIAN_POINT('',(-20.90499006388,-3.421340947439,
    -1.683078486158));
#13222 = SURFACE_CURVE('',#13223,(#13234,#13248),.PCURVE_S1.);
#13223 = B_SPLINE_CURVE_WITH_KNOTS('',3,(#13224,#13225,#13226,#13227,
    #13228,#13229,#13230,#13231,#13232,#13233),.UNSPECIFIED.,.F.,.F.,(4,
    3,3,4),(0.,0.333333333333,0.666666666667,1.),.UNSPECIFIED.);
#13224 = CARTESIAN_POINT('',(-20.90499006388,-3.421340947439,
    -1.683078486158));
#13225 = CARTESIAN_POINT('',(-20.90623585107,-3.422405629134,
    -1.683078486158));
#13226 = CARTESIAN_POINT('',(-20.90752231502,-3.423577430265,
    -1.683078486158));
#13227 = CARTESIAN_POINT('',(-20.90865205181,-3.424637825966,
    -1.683078486158));
#13228 = CARTESIAN_POINT('',(-20.9097817886,-3.425698221666,
    -1.683078486158));
#13229 = CARTESIAN_POINT('',(-20.91075479822,-3.426647211935,
    -1.683078486158));
#13230 = CARTESIAN_POINT('',(-20.91216329246,-3.428140371378,
    -1.683078486158));
#13231 = CARTESIAN_POINT('',(-20.9135717867,-3.429633530822,
    -1.683078486158));
#13232 = CARTESIAN_POINT('',(-20.91541576556,-3.431670859439,
    -1.683078486158));
#13233 = CARTESIAN_POINT('',(-20.9174978251,-3.434033832362,
    -1.683078486158));
#13234 = PCURVE('',#3247,#13235);
#13235 = DEFINITIONAL_REPRESENTATION('',(#13236),#13247);
#13236 = B_SPLINE_CURVE_WITH_KNOTS('',3,(#13237,#13238,#13239,#13240,
    #13241,#13242,#13243,#13244,#13245,#13246),.UNSPECIFIED.,.F.,.F.,(4,
    3,3,4),(0.,0.333333333333,0.666666666667,1.),.UNSPECIFIED.);
#13237 = CARTESIAN_POINT('',(-3.6026923683E-02,7.020924632E-02));
#13238 = CARTESIAN_POINT('',(-3.4962241988E-02,6.896345913E-02));
#13239 = CARTESIAN_POINT('',(-3.37904408565E-02,6.7676995175E-02));
#13240 = CARTESIAN_POINT('',(-3.273004515625E-02,6.65472583858E-02));
#13241 = CARTESIAN_POINT('',(-3.1669649456E-02,6.54175215967E-02));
#13242 = CARTESIAN_POINT('',(-3.0720659187E-02,6.44445119733E-02));
#13243 = CARTESIAN_POINT('',(-2.922749974375E-02,6.30360177342E-02));
#13244 = CARTESIAN_POINT('',(-2.77343403005E-02,6.1627523495E-02));
#13245 = CARTESIAN_POINT('',(-2.5697011683E-02,5.978354464E-02));
#13246 = CARTESIAN_POINT('',(-2.333403876E-02,5.77014851E-02));
#13247 = ( GEOMETRIC_REPRESENTATION_CONTEXT(2) 
PARAMETRIC_REPRESENTATION_CONTEXT() REPRESENTATION_CONTEXT('2D SPACE',''
  ) );
#13248 = PCURVE('',#13163,#13249);
#13249 = DEFINITIONAL_REPRESENTATION('',(#13250),#13261);
#13250 = B_SPLINE_CURVE_WITH_KNOTS('',3,(#13251,#13252,#13253,#13254,
    #13255,#13256,#13257,#13258,#13259,#13260),.UNSPECIFIED.,.F.,.F.,(4,
    3,3,4),(0.,0.333333333333,0.666666666667,1.),.UNSPECIFIED.);
#13251 = CARTESIAN_POINT('',(6.29595316825,-4.118981633206));
#13252 = CARTESIAN_POINT('',(6.29470738106,-4.117916951511));
#13253 = CARTESIAN_POINT('',(6.293420917105,-4.11674515038));
#13254 = CARTESIAN_POINT('',(6.292291180316,-4.115684754679));
#13255 = CARTESIAN_POINT('',(6.291161443527,-4.114624358979));
#13256 = CARTESIAN_POINT('',(6.290188433903,-4.11367536871));
#13257 = CARTESIAN_POINT('',(6.288779939664,-4.112182209267));
#13258 = CARTESIAN_POINT('',(6.287371445425,-4.110689049824));
#13259 = CARTESIAN_POINT('',(6.28552746657,-4.108651721206));
#13260 = CARTESIAN_POINT('',(6.28344540703,-4.106288748283));
#13261 = ( GEOMETRIC_REPRESENTATION_CONTEXT(2) 
PARAMETRIC_REPRESENTATION_CONTEXT() REPRESENTATION_CONTEXT('2D SPACE',''
  ) );
#13262 = ORIENTED_EDGE('',*,*,#13263,.F.);
#13263 = EDGE_CURVE('',#13264,#13220,#13266,.T.);
#13264 = VERTEX_POINT('',#13265);
#13265 = CARTESIAN_POINT('',(-20.82003710281,-3.394679133416,
    -1.683078486158));
#13266 = SURFACE_CURVE('',#13267,(#13278,#13292),.PCURVE_S1.);
#13267 = B_SPLINE_CURVE_WITH_KNOTS('',3,(#13268,#13269,#13270,#13271,
    #13272,#13273,#13274,#13275,#13276,#13277),.UNSPECIFIED.,.F.,.F.,(4,
    3,3,4),(0.,0.333333333333,0.666666666667,1.),.UNSPECIFIED.);
#13268 = CARTESIAN_POINT('',(-20.82003710281,-3.394679133416,
    -1.683078486158));
#13269 = CARTESIAN_POINT('',(-20.83178685169,-3.394659056117,
    -1.683078486158));
#13270 = CARTESIAN_POINT('',(-20.84276663894,-3.395632095234,
    -1.683078486158));
#13271 = CARTESIAN_POINT('',(-20.85298227975,-3.397569884276,
    -1.683078486158));
#13272 = CARTESIAN_POINT('',(-20.86319792056,-3.399507673319,
    -1.683078486158));
#13273 = CARTESIAN_POINT('',(-20.87264941492,-3.402410212288,
    -1.683078486158));
#13274 = CARTESIAN_POINT('',(-20.88131931733,-3.406362600652,
    -1.683078486158));
#13275 = CARTESIAN_POINT('',(-20.88998921975,-3.410314989016,
    -1.683078486158));
#13276 = CARTESIAN_POINT('',(-20.89787753021,-3.415317226775,
    -1.683078486158));
#13277 = CARTESIAN_POINT('',(-20.90499006388,-3.421340947439,
    -1.683078486158));
#13278 = PCURVE('',#3247,#13279);
#13279 = DEFINITIONAL_REPRESENTATION('',(#13280),#13291);
#13280 = B_SPLINE_CURVE_WITH_KNOTS('',3,(#13281,#13282,#13283,#13284,
    #13285,#13286,#13287,#13288,#13289,#13290),.UNSPECIFIED.,.F.,.F.,(4,
    3,3,4),(0.,0.333333333333,0.666666666667,1.),.UNSPECIFIED.);
#13281 = CARTESIAN_POINT('',(-6.2688737706E-02,0.15516220739));
#13282 = CARTESIAN_POINT('',(-6.2708815005E-02,0.14341245851));
#13283 = CARTESIAN_POINT('',(-6.17357758885E-02,0.132432671255));
#13284 = CARTESIAN_POINT('',(-5.979798684575E-02,0.122217030446));
#13285 = CARTESIAN_POINT('',(-5.7860197803E-02,0.112001389637));
#13286 = CARTESIAN_POINT('',(-5.4957658834E-02,0.102549895273));
#13287 = CARTESIAN_POINT('',(-5.100527047E-02,9.38799928617E-02));
#13288 = CARTESIAN_POINT('',(-4.7052882106E-02,8.521009045E-02));
#13289 = CARTESIAN_POINT('',(-4.2050644347E-02,7.732177999E-02));
#13290 = CARTESIAN_POINT('',(-3.6026923683E-02,7.020924632E-02));
#13291 = ( GEOMETRIC_REPRESENTATION_CONTEXT(2) 
PARAMETRIC_REPRESENTATION_CONTEXT() REPRESENTATION_CONTEXT('2D SPACE',''
  ) );
#13292 = PCURVE('',#13163,#13293);
#13293 = DEFINITIONAL_REPRESENTATION('',(#13294),#13305);
#13294 = B_SPLINE_CURVE_WITH_KNOTS('',3,(#13295,#13296,#13297,#13298,
    #13299,#13300,#13301,#13302,#13303,#13304),.UNSPECIFIED.,.F.,.F.,(4,
    3,3,4),(0.,0.333333333333,0.666666666667,1.),.UNSPECIFIED.);
#13295 = CARTESIAN_POINT('',(6.38090612932,-4.145643447229));
#13296 = CARTESIAN_POINT('',(6.36915638044,-4.145663524528));
#13297 = CARTESIAN_POINT('',(6.358176593185,-4.144690485412));
#13298 = CARTESIAN_POINT('',(6.347960952376,-4.142752696369));
#13299 = CARTESIAN_POINT('',(6.337745311567,-4.140814907326));
#13300 = CARTESIAN_POINT('',(6.328293817203,-4.137912368357));
#13301 = CARTESIAN_POINT('',(6.319623914792,-4.133959979993));
#13302 = CARTESIAN_POINT('',(6.31095401238,-4.130007591629));
#13303 = CARTESIAN_POINT('',(6.30306570192,-4.12500535387));
#13304 = CARTESIAN_POINT('',(6.29595316825,-4.118981633206));
#13305 = ( GEOMETRIC_REPRESENTATION_CONTEXT(2) 
PARAMETRIC_REPRESENTATION_CONTEXT() REPRESENTATION_CONTEXT('2D SPACE',''
  ) );
#13306 = ORIENTED_EDGE('',*,*,#13307,.F.);
#13307 = EDGE_CURVE('',#13308,#13264,#13310,.T.);
#13308 = VERTEX_POINT('',#13309);
#13309 = CARTESIAN_POINT('',(-20.73214323394,-3.421199691312,
    -1.683078486158));
#13310 = SURFACE_CURVE('',#13311,(#13322,#13336),.PCURVE_S1.);
#13311 = B_SPLINE_CURVE_WITH_KNOTS('',3,(#13312,#13313,#13314,#13315,
    #13316,#13317,#13318,#13319,#13320,#13321),.UNSPECIFIED.,.F.,.F.,(4,
    3,3,4),(0.,0.333333333333,0.666666666667,1.),.UNSPECIFIED.);
#13312 = CARTESIAN_POINT('',(-20.73214323394,-3.421199691312,
    -1.683078486158));
#13313 = CARTESIAN_POINT('',(-20.73968000638,-3.415261395924,
    -1.683078486158));
#13314 = CARTESIAN_POINT('',(-20.74795996468,-3.410320759809,
    -1.683078486158));
#13315 = CARTESIAN_POINT('',(-20.75698621029,-3.406390482749,
    -1.683078486158));
#13316 = CARTESIAN_POINT('',(-20.76601245591,-3.402460205689,
    -1.683078486158));
#13317 = CARTESIAN_POINT('',(-20.77578498885,-3.399540287684,
    -1.683078486158));
#13318 = CARTESIAN_POINT('',(-20.78629450475,-3.397592629389,
    -1.683078486158));
#13319 = CARTESIAN_POINT('',(-20.79680402066,-3.395644971094,
    -1.683078486158));
#13320 = CARTESIAN_POINT('',(-20.80805051953,-3.394669572509,
    -1.683078486158));
#13321 = CARTESIAN_POINT('',(-20.82003710281,-3.394679133416,
    -1.683078486158));
#13322 = PCURVE('',#3247,#13323);
#13323 = DEFINITIONAL_REPRESENTATION('',(#13324),#13335);
#13324 = B_SPLINE_CURVE_WITH_KNOTS('',3,(#13325,#13326,#13327,#13328,
    #13329,#13330,#13331,#13332,#13333,#13334),.UNSPECIFIED.,.F.,.F.,(4,
    3,3,4),(0.,0.333333333333,0.666666666667,1.),.UNSPECIFIED.);
#13325 = CARTESIAN_POINT('',(-3.616817981E-02,0.24305607626));
#13326 = CARTESIAN_POINT('',(-4.2106475198E-02,0.23551930382));
#13327 = CARTESIAN_POINT('',(-4.70471113135E-02,0.22723934552));
#13328 = CARTESIAN_POINT('',(-5.097738837342E-02,0.218213099902));
#13329 = CARTESIAN_POINT('',(-5.490766543333E-02,0.209186854283));
#13330 = CARTESIAN_POINT('',(-5.782758343767E-02,0.199414321347));
#13331 = CARTESIAN_POINT('',(-5.977524173258E-02,0.188904805443));
#13332 = CARTESIAN_POINT('',(-6.17229000275E-02,0.17839528954));
#13333 = CARTESIAN_POINT('',(-6.2698298613E-02,0.16714879067));
#13334 = CARTESIAN_POINT('',(-6.2688737706E-02,0.15516220739));
#13335 = ( GEOMETRIC_REPRESENTATION_CONTEXT(2) 
PARAMETRIC_REPRESENTATION_CONTEXT() REPRESENTATION_CONTEXT('2D SPACE',''
  ) );
#13336 = PCURVE('',#13163,#13337);
#13337 = DEFINITIONAL_REPRESENTATION('',(#13338),#13349);
#13338 = B_SPLINE_CURVE_WITH_KNOTS('',3,(#13339,#13340,#13341,#13342,
    #13343,#13344,#13345,#13346,#13347,#13348),.UNSPECIFIED.,.F.,.F.,(4,
    3,3,4),(0.,0.333333333333,0.666666666667,1.),.UNSPECIFIED.);
#13339 = CARTESIAN_POINT('',(6.46879999819,-4.119122889333));
#13340 = CARTESIAN_POINT('',(6.46126322575,-4.125061184721));
#13341 = CARTESIAN_POINT('',(6.45298326745,-4.130001820837));
#13342 = CARTESIAN_POINT('',(6.443957021832,-4.133932097896));
#13343 = CARTESIAN_POINT('',(6.434930776213,-4.137862374956));
#13344 = CARTESIAN_POINT('',(6.425158243277,-4.140782292961));
#13345 = CARTESIAN_POINT('',(6.414648727373,-4.142729951256));
#13346 = CARTESIAN_POINT('',(6.40413921147,-4.144677609551));
#13347 = CARTESIAN_POINT('',(6.3928927126,-4.145653008136));
#13348 = CARTESIAN_POINT('',(6.38090612932,-4.145643447229));
#13349 = ( GEOMETRIC_REPRESENTATION_CONTEXT(2) 
PARAMETRIC_REPRESENTATION_CONTEXT() REPRESENTATION_CONTEXT('2D SPACE',''
  ) );
#13350 = ORIENTED_EDGE('',*,*,#13351,.F.);
#13351 = EDGE_CURVE('',#13352,#13308,#13354,.T.);
#13352 = VERTEX_POINT('',#13353);
#13353 = CARTESIAN_POINT('',(-20.72143339375,-3.4308973675,
    -1.683078486158));
#13354 = SURFACE_CURVE('',#13355,(#13360,#13367),.PCURVE_S1.);
#13355 = ELLIPSE('',#13356,3.571808514509,0.621074615294);
#13356 = AXIS2_PLACEMENT_3D('',#13357,#13358,#13359);
#13357 = CARTESIAN_POINT('',(-22.92222867559,-6.242778679511,
    -1.683078486158));
#13358 = DIRECTION('',(0.,0.,1.));
#13359 = DIRECTION('',(-0.612932322855,-0.790135410927,0.));
#13360 = PCURVE('',#3247,#13361);
#13361 = DEFINITIONAL_REPRESENTATION('',(#13362),#13366);
#13362 = ELLIPSE('',#13363,3.571808514509,0.621074615294);
#13363 = AXIS2_PLACEMENT_2D('',#13364,#13365);
#13364 = CARTESIAN_POINT('',(2.785410808389,-1.947029365393));
#13365 = DIRECTION('',(0.790135410927,-0.612932322855));
#13366 = ( GEOMETRIC_REPRESENTATION_CONTEXT(2) 
PARAMETRIC_REPRESENTATION_CONTEXT() REPRESENTATION_CONTEXT('2D SPACE',''
  ) );
#13367 = PCURVE('',#13163,#13368);
#13368 = DEFINITIONAL_REPRESENTATION('',(#13369),#13377);
#13369 = ( BOUNDED_CURVE() B_SPLINE_CURVE(2,(#13370,#13371,#13372,#13373
    ,#13374,#13375,#13376),.UNSPECIFIED.,.T.,.F.) 
B_SPLINE_CURVE_WITH_KNOTS((1,2,2,2,2,1),(-2.094395102393,0.,
    2.094395102393,4.188790204786,6.28318530718,8.377580409573),
.UNSPECIFIED.) CURVE() GEOMETRIC_REPRESENTATION_ITEM() 
RATIONAL_B_SPLINE_CURVE((1.,0.5,1.,0.5,1.,0.5,1.)) REPRESENTATION_ITEM(
  '') );
#13370 = CARTESIAN_POINT('',(2.089437666948,1.524668487229));
#13371 = CARTESIAN_POINT('',(2.939412236215,2.184019884349));
#13372 = CARTESIAN_POINT('',(5.798340285966,-2.378974396756));
#13373 = CARTESIAN_POINT('',(8.657268335717,-6.94196867786));
#13374 = CARTESIAN_POINT('',(4.948365716698,-3.038325793876));
#13375 = CARTESIAN_POINT('',(1.23946309768,0.865317090108));
#13376 = CARTESIAN_POINT('',(2.089437666948,1.524668487229));
#13377 = ( GEOMETRIC_REPRESENTATION_CONTEXT(2) 
PARAMETRIC_REPRESENTATION_CONTEXT() REPRESENTATION_CONTEXT('2D SPACE',''
  ) );
#13378 = ORIENTED_EDGE('',*,*,#13379,.F.);
#13379 = EDGE_CURVE('',#13380,#13352,#13382,.T.);
#13380 = VERTEX_POINT('',#13381);
#13381 = CARTESIAN_POINT('',(-20.6860816246,-3.531667238891,
    -1.683078486158));
#13382 = SURFACE_CURVE('',#13383,(#13394,#13408),.PCURVE_S1.);
#13383 = B_SPLINE_CURVE_WITH_KNOTS('',3,(#13384,#13385,#13386,#13387,
    #13388,#13389,#13390,#13391,#13392,#13393),.UNSPECIFIED.,.F.,.F.,(4,
    3,3,4),(0.,0.333333333333,0.666666666667,1.),.UNSPECIFIED.);
#13384 = CARTESIAN_POINT('',(-20.6860816246,-3.531667238891,
    -1.683078486158));
#13385 = CARTESIAN_POINT('',(-20.68607777782,-3.517342534722,
    -1.683078486158));
#13386 = CARTESIAN_POINT('',(-20.68738434987,-3.504060401041,
    -1.683078486158));
#13387 = CARTESIAN_POINT('',(-20.68999625913,-3.491817774877,
    -1.683078486158));
#13388 = CARTESIAN_POINT('',(-20.6926081684,-3.479575148713,
    -1.683078486158));
#13389 = CARTESIAN_POINT('',(-20.69652541487,-3.468372030065,
    -1.683078486158));
#13390 = CARTESIAN_POINT('',(-20.70176324343,-3.458217607846,
    -1.683078486158));
#13391 = CARTESIAN_POINT('',(-20.70700107199,-3.448063185626,
    -1.683078486158));
#13392 = CARTESIAN_POINT('',(-20.71355948264,-3.438957459834,
    -1.683078486158));
#13393 = CARTESIAN_POINT('',(-20.72143339375,-3.4308973675,
    -1.683078486158));
#13394 = PCURVE('',#3247,#13395);
#13395 = DEFINITIONAL_REPRESENTATION('',(#13396),#13407);
#13396 = B_SPLINE_CURVE_WITH_KNOTS('',3,(#13397,#13398,#13399,#13400,
    #13401,#13402,#13403,#13404,#13405,#13406),.UNSPECIFIED.,.F.,.F.,(4,
    3,3,4),(0.,0.333333333333,0.666666666667,1.),.UNSPECIFIED.);
#13397 = CARTESIAN_POINT('',(7.4299367769E-02,0.2891176856));
#13398 = CARTESIAN_POINT('',(5.99746636E-02,0.28912153238));
#13399 = CARTESIAN_POINT('',(4.6692529919E-02,0.287814960325));
#13400 = CARTESIAN_POINT('',(3.444990375484E-02,0.285203051062));
#13401 = CARTESIAN_POINT('',(2.220727759067E-02,0.2825911418));
#13402 = CARTESIAN_POINT('',(1.100415894333E-02,0.27867389533));
#13403 = CARTESIAN_POINT('',(8.4973672366E-04,0.27343606677));
#13404 = CARTESIAN_POINT('',(-9.304685496E-03,0.26819823821));
#13405 = CARTESIAN_POINT('',(-1.8410411288E-02,0.26163982756));
#13406 = CARTESIAN_POINT('',(-2.6470503622E-02,0.25376591645));
#13407 = ( GEOMETRIC_REPRESENTATION_CONTEXT(2) 
PARAMETRIC_REPRESENTATION_CONTEXT() REPRESENTATION_CONTEXT('2D SPACE',''
  ) );
#13408 = PCURVE('',#13163,#13409);
#13409 = DEFINITIONAL_REPRESENTATION('',(#13410),#13421);
#13410 = B_SPLINE_CURVE_WITH_KNOTS('',3,(#13411,#13412,#13413,#13414,
    #13415,#13416,#13417,#13418,#13419,#13420),.UNSPECIFIED.,.F.,.F.,(4,
    3,3,4),(0.,0.333333333333,0.666666666667,1.),.UNSPECIFIED.);
#13411 = CARTESIAN_POINT('',(6.51486160753,-4.008655341754));
#13412 = CARTESIAN_POINT('',(6.51486545431,-4.022980045923));
#13413 = CARTESIAN_POINT('',(6.513558882255,-4.036262179604));
#13414 = CARTESIAN_POINT('',(6.510946972992,-4.048504805768));
#13415 = CARTESIAN_POINT('',(6.50833506373,-4.060747431932));
#13416 = CARTESIAN_POINT('',(6.50441781726,-4.07195055058));
#13417 = CARTESIAN_POINT('',(6.4991799887,-4.082104972799));
#13418 = CARTESIAN_POINT('',(6.49394216014,-4.092259395019));
#13419 = CARTESIAN_POINT('',(6.48738374949,-4.101365120811));
#13420 = CARTESIAN_POINT('',(6.47950983838,-4.109425213145));
#13421 = ( GEOMETRIC_REPRESENTATION_CONTEXT(2) 
PARAMETRIC_REPRESENTATION_CONTEXT() REPRESENTATION_CONTEXT('2D SPACE',''
  ) );
#13422 = ORIENTED_EDGE('',*,*,#13423,.F.);
#13423 = EDGE_CURVE('',#13424,#13380,#13426,.T.);
#13424 = VERTEX_POINT('',#13425);
#13425 = CARTESIAN_POINT('',(-20.6860816246,-3.58088244693,
    -1.688078486158));
#13426 = SURFACE_CURVE('',#13427,(#13431,#13438),.PCURVE_S1.);
#13427 = LINE('',#13428,#13429);
#13428 = CARTESIAN_POINT('',(-20.6860816246,-3.58088244693,
    -1.688078486158));
#13429 = VECTOR('',#13430,1.);
#13430 = DIRECTION('',(2.165619421515E-13,1.,0.));
#13431 = PCURVE('',#3247,#13432);
#13432 = DEFINITIONAL_REPRESENTATION('',(#13433),#13437);
#13433 = LINE('',#13434,#13435);
#13434 = CARTESIAN_POINT('',(0.123514575808,0.2891176856));
#13435 = VECTOR('',#13436,1.);
#13436 = DIRECTION('',(-1.,2.165619421515E-13));
#13437 = ( GEOMETRIC_REPRESENTATION_CONTEXT(2) 
PARAMETRIC_REPRESENTATION_CONTEXT() REPRESENTATION_CONTEXT('2D SPACE',''
  ) );
#13438 = PCURVE('',#13163,#13439);
#13439 = DEFINITIONAL_REPRESENTATION('',(#13440),#13444);
#13440 = LINE('',#13441,#13442);
#13441 = CARTESIAN_POINT('',(6.51486160753,-3.959440133715));
#13442 = VECTOR('',#13443,1.);
#13443 = DIRECTION('',(2.165619421515E-13,-1.));
#13444 = ( GEOMETRIC_REPRESENTATION_CONTEXT(2) 
PARAMETRIC_REPRESENTATION_CONTEXT() REPRESENTATION_CONTEXT('2D SPACE',''
  ) );
#13445 = ORIENTED_EDGE('',*,*,#13446,.F.);
#13446 = EDGE_CURVE('',#13148,#13424,#13447,.T.);
#13447 = SURFACE_CURVE('',#13448,(#13452,#13459),.PCURVE_S1.);
#13448 = LINE('',#13449,#13450);
#13449 = CARTESIAN_POINT('',(-20.94740744756,-3.58088244693,
    -1.688078486158));
#13450 = VECTOR('',#13451,1.);
#13451 = DIRECTION('',(1.,0.,0.));
#13452 = PCURVE('',#3247,#13453);
#13453 = DEFINITIONAL_REPRESENTATION('',(#13454),#13458);
#13454 = LINE('',#13455,#13456);
#13455 = CARTESIAN_POINT('',(0.123514575808,2.779186264E-02));
#13456 = VECTOR('',#13457,1.);
#13457 = DIRECTION('',(0.,1.));
#13458 = ( GEOMETRIC_REPRESENTATION_CONTEXT(2) 
PARAMETRIC_REPRESENTATION_CONTEXT() REPRESENTATION_CONTEXT('2D SPACE',''
  ) );
#13459 = PCURVE('',#13163,#13460);
#13460 = DEFINITIONAL_REPRESENTATION('',(#13461),#13465);
#13461 = LINE('',#13462,#13463);
#13462 = CARTESIAN_POINT('',(6.25353578457,-3.959440133715));
#13463 = VECTOR('',#13464,1.);
#13464 = DIRECTION('',(1.,0.));
#13465 = ( GEOMETRIC_REPRESENTATION_CONTEXT(2) 
PARAMETRIC_REPRESENTATION_CONTEXT() REPRESENTATION_CONTEXT('2D SPACE',''
  ) );
#13466 = ADVANCED_FACE('',(#13467),#13163,.F.);
#13467 = FACE_BOUND('',#13468,.F.);
#13468 = EDGE_LOOP('',(#13469,#13470,#13471,#13472,#13473,#13474,#13475,
    #13476,#13477));
#13469 = ORIENTED_EDGE('',*,*,#13175,.F.);
#13470 = ORIENTED_EDGE('',*,*,#13219,.F.);
#13471 = ORIENTED_EDGE('',*,*,#13263,.F.);
#13472 = ORIENTED_EDGE('',*,*,#13307,.F.);
#13473 = ORIENTED_EDGE('',*,*,#13351,.F.);
#13474 = ORIENTED_EDGE('',*,*,#13379,.F.);
#13475 = ORIENTED_EDGE('',*,*,#13423,.F.);
#13476 = ORIENTED_EDGE('',*,*,#13446,.F.);
#13477 = ORIENTED_EDGE('',*,*,#13145,.F.);
#13478 = ADVANCED_FACE('',(#13479,#13489),#3556,.F.);
#13479 = FACE_BOUND('',#13480,.F.);
#13480 = EDGE_LOOP('',(#13481,#13482,#13483,#13484,#13485,#13486,#13487,
    #13488));
#13481 = ORIENTED_EDGE('',*,*,#3538,.F.);
#13482 = ORIENTED_EDGE('',*,*,#3706,.F.);
#13483 = ORIENTED_EDGE('',*,*,#3683,.F.);
#13484 = ORIENTED_EDGE('',*,*,#3660,.F.);
#13485 = ORIENTED_EDGE('',*,*,#3637,.F.);
#13486 = ORIENTED_EDGE('',*,*,#3614,.F.);
#13487 = ORIENTED_EDGE('',*,*,#3591,.F.);
#13488 = ORIENTED_EDGE('',*,*,#3568,.F.);
#13489 = FACE_BOUND('',#13490,.F.);
#13490 = EDGE_LOOP('',(#13491,#13521,#13544));
#13491 = ORIENTED_EDGE('',*,*,#13492,.T.);
#13492 = EDGE_CURVE('',#13493,#13495,#13497,.T.);
#13493 = VERTEX_POINT('',#13494);
#13494 = CARTESIAN_POINT('',(-20.77844678616,-3.235076293263,
    -1.688078486158));
#13495 = VERTEX_POINT('',#13496);
#13496 = CARTESIAN_POINT('',(-20.77844678616,-3.121309447919,
    -1.688078486158));
#13497 = SURFACE_CURVE('',#13498,(#13502,#13509),.PCURVE_S1.);
#13498 = LINE('',#13499,#13500);
#13499 = CARTESIAN_POINT('',(-20.77844678616,-3.235076293263,
    -1.688078486158));
#13500 = VECTOR('',#13501,1.);
#13501 = DIRECTION('',(-1.873681388313E-13,1.,0.));
#13502 = PCURVE('',#3556,#13503);
#13503 = DEFINITIONAL_REPRESENTATION('',(#13504),#13508);
#13504 = LINE('',#13505,#13506);
#13505 = CARTESIAN_POINT('',(-2.37750355403,2.644753712618));
#13506 = VECTOR('',#13507,1.);
#13507 = DIRECTION('',(-1.873681388313E-13,-1.));
#13508 = ( GEOMETRIC_REPRESENTATION_CONTEXT(2) 
PARAMETRIC_REPRESENTATION_CONTEXT() REPRESENTATION_CONTEXT('2D SPACE',''
  ) );
#13509 = PCURVE('',#13510,#13515);
#13510 = PLANE('',#13511);
#13511 = AXIS2_PLACEMENT_3D('',#13512,#13513,#13514);
#13512 = CARTESIAN_POINT('',(-27.20094323213,-7.540322580645,
    -1.693078486158));
#13513 = DIRECTION('',(0.,0.,-1.));
#13514 = DIRECTION('',(1.,0.,0.));
#13515 = DEFINITIONAL_REPRESENTATION('',(#13516),#13520);
#13516 = LINE('',#13517,#13518);
#13517 = CARTESIAN_POINT('',(6.42249644597,-4.305246287382));
#13518 = VECTOR('',#13519,1.);
#13519 = DIRECTION('',(-1.873681388313E-13,-1.));
#13520 = ( GEOMETRIC_REPRESENTATION_CONTEXT(2) 
PARAMETRIC_REPRESENTATION_CONTEXT() REPRESENTATION_CONTEXT('2D SPACE',''
  ) );
#13521 = ORIENTED_EDGE('',*,*,#13522,.T.);
#13522 = EDGE_CURVE('',#13495,#13523,#13525,.T.);
#13523 = VERTEX_POINT('',#13524);
#13524 = CARTESIAN_POINT('',(-20.93028578609,-3.178473016347,
    -1.688078486158));
#13525 = SURFACE_CURVE('',#13526,(#13530,#13537),.PCURVE_S1.);
#13526 = LINE('',#13527,#13528);
#13527 = CARTESIAN_POINT('',(-20.77844678616,-3.121309447919,
    -1.688078486158));
#13528 = VECTOR('',#13529,1.);
#13529 = DIRECTION('',(-0.935874599139,-0.352333272181,0.));
#13530 = PCURVE('',#3556,#13531);
#13531 = DEFINITIONAL_REPRESENTATION('',(#13532),#13536);
#13532 = LINE('',#13533,#13534);
#13533 = CARTESIAN_POINT('',(-2.37750355403,2.530986867274));
#13534 = VECTOR('',#13535,1.);
#13535 = DIRECTION('',(-0.935874599139,0.352333272181));
#13536 = ( GEOMETRIC_REPRESENTATION_CONTEXT(2) 
PARAMETRIC_REPRESENTATION_CONTEXT() REPRESENTATION_CONTEXT('2D SPACE',''
  ) );
#13537 = PCURVE('',#13510,#13538);
#13538 = DEFINITIONAL_REPRESENTATION('',(#13539),#13543);
#13539 = LINE('',#13540,#13541);
#13540 = CARTESIAN_POINT('',(6.42249644597,-4.419013132726));
#13541 = VECTOR('',#13542,1.);
#13542 = DIRECTION('',(-0.935874599139,0.352333272181));
#13543 = ( GEOMETRIC_REPRESENTATION_CONTEXT(2) 
PARAMETRIC_REPRESENTATION_CONTEXT() REPRESENTATION_CONTEXT('2D SPACE',''
  ) );
#13544 = ORIENTED_EDGE('',*,*,#13545,.T.);
#13545 = EDGE_CURVE('',#13523,#13493,#13546,.T.);
#13546 = SURFACE_CURVE('',#13547,(#13551,#13558),.PCURVE_S1.);
#13547 = LINE('',#13548,#13549);
#13548 = CARTESIAN_POINT('',(-20.93028578609,-3.178473016347,
    -1.688078486158));
#13549 = VECTOR('',#13550,1.);
#13550 = DIRECTION('',(0.937009807835,-0.349303048971,0.));
#13551 = PCURVE('',#3556,#13552);
#13552 = DEFINITIONAL_REPRESENTATION('',(#13553),#13557);
#13553 = LINE('',#13554,#13555);
#13554 = CARTESIAN_POINT('',(-2.52934255396,2.588150435702));
#13555 = VECTOR('',#13556,1.);
#13556 = DIRECTION('',(0.937009807835,0.349303048971));
#13557 = ( GEOMETRIC_REPRESENTATION_CONTEXT(2) 
PARAMETRIC_REPRESENTATION_CONTEXT() REPRESENTATION_CONTEXT('2D SPACE',''
  ) );
#13558 = PCURVE('',#13510,#13559);
#13559 = DEFINITIONAL_REPRESENTATION('',(#13560),#13564);
#13560 = LINE('',#13561,#13562);
#13561 = CARTESIAN_POINT('',(6.27065744604,-4.361849564298));
#13562 = VECTOR('',#13563,1.);
#13563 = DIRECTION('',(0.937009807835,0.349303048971));
#13564 = ( GEOMETRIC_REPRESENTATION_CONTEXT(2) 
PARAMETRIC_REPRESENTATION_CONTEXT() REPRESENTATION_CONTEXT('2D SPACE',''
  ) );
#13565 = ADVANCED_FACE('',(#13566),#13510,.F.);
#13566 = FACE_BOUND('',#13567,.T.);
#13567 = EDGE_LOOP('',(#13568,#13569,#13570));
#13568 = ORIENTED_EDGE('',*,*,#13522,.T.);
#13569 = ORIENTED_EDGE('',*,*,#13545,.T.);
#13570 = ORIENTED_EDGE('',*,*,#13492,.T.);
#13571 = ADVANCED_FACE('',(#13572),#3767,.F.);
#13572 = FACE_BOUND('',#13573,.F.);
#13573 = EDGE_LOOP('',(#13574,#13575,#13576,#13577,#13578,#13579,#13580,
    #13581,#13582,#13583,#13584,#13585,#13586,#13587,#13588,#13589,
    #13590,#13591,#13592,#13593,#13594,#13595));
#13574 = ORIENTED_EDGE('',*,*,#4608,.F.);
#13575 = ORIENTED_EDGE('',*,*,#3729,.F.);
#13576 = ORIENTED_EDGE('',*,*,#3789,.F.);
#13577 = ORIENTED_EDGE('',*,*,#3833,.F.);
#13578 = ORIENTED_EDGE('',*,*,#3877,.F.);
#13579 = ORIENTED_EDGE('',*,*,#3921,.F.);
#13580 = ORIENTED_EDGE('',*,*,#3983,.T.);
#13581 = ORIENTED_EDGE('',*,*,#4027,.F.);
#13582 = ORIENTED_EDGE('',*,*,#4071,.F.);
#13583 = ORIENTED_EDGE('',*,*,#4103,.F.);
#13584 = ORIENTED_EDGE('',*,*,#4147,.F.);
#13585 = ORIENTED_EDGE('',*,*,#4170,.F.);
#13586 = ORIENTED_EDGE('',*,*,#4214,.F.);
#13587 = ORIENTED_EDGE('',*,*,#4258,.F.);
#13588 = ORIENTED_EDGE('',*,*,#4282,.F.);
#13589 = ORIENTED_EDGE('',*,*,#4326,.F.);
#13590 = ORIENTED_EDGE('',*,*,#4397,.F.);
#13591 = ORIENTED_EDGE('',*,*,#4441,.F.);
#13592 = ORIENTED_EDGE('',*,*,#4485,.T.);
#13593 = ORIENTED_EDGE('',*,*,#4509,.F.);
#13594 = ORIENTED_EDGE('',*,*,#4553,.F.);
#13595 = ORIENTED_EDGE('',*,*,#4585,.F.);
#13596 = ADVANCED_FACE('',(#13597),#4670,.F.);
#13597 = FACE_BOUND('',#13598,.F.);
#13598 = EDGE_LOOP('',(#13599,#13600,#13601,#13602,#13603,#13604,#13605,
    #13606,#13607,#13608,#13609,#13610));
#13599 = ORIENTED_EDGE('',*,*,#4652,.F.);
#13600 = ORIENTED_EDGE('',*,*,#4912,.F.);
#13601 = ORIENTED_EDGE('',*,*,#4889,.F.);
#13602 = ORIENTED_EDGE('',*,*,#4866,.F.);
#13603 = ORIENTED_EDGE('',*,*,#4843,.F.);
#13604 = ORIENTED_EDGE('',*,*,#4820,.F.);
#13605 = ORIENTED_EDGE('',*,*,#4797,.F.);
#13606 = ORIENTED_EDGE('',*,*,#4774,.F.);
#13607 = ORIENTED_EDGE('',*,*,#4751,.F.);
#13608 = ORIENTED_EDGE('',*,*,#4728,.F.);
#13609 = ORIENTED_EDGE('',*,*,#4705,.F.);
#13610 = ORIENTED_EDGE('',*,*,#4682,.F.);
#13611 = ADVANCED_FACE('',(#13612,#13623),#4953,.T.);
#13612 = FACE_BOUND('',#13613,.T.);
#13613 = EDGE_LOOP('',(#13614,#13615,#13616,#13617,#13618,#13619,#13620,
    #13621,#13622));
#13614 = ORIENTED_EDGE('',*,*,#4965,.T.);
#13615 = ORIENTED_EDGE('',*,*,#5009,.T.);
#13616 = ORIENTED_EDGE('',*,*,#5038,.T.);
#13617 = ORIENTED_EDGE('',*,*,#5082,.T.);
#13618 = ORIENTED_EDGE('',*,*,#5110,.T.);
#13619 = ORIENTED_EDGE('',*,*,#5154,.T.);
#13620 = ORIENTED_EDGE('',*,*,#5198,.T.);
#13621 = ORIENTED_EDGE('',*,*,#5221,.T.);
#13622 = ORIENTED_EDGE('',*,*,#4935,.T.);
#13623 = FACE_BOUND('',#13624,.T.);
#13624 = EDGE_LOOP('',(#13625,#13655,#13699,#13743,#13787,#13831,#13859,
    #13903,#13926));
#13625 = ORIENTED_EDGE('',*,*,#13626,.F.);
#13626 = EDGE_CURVE('',#13627,#13629,#13631,.T.);
#13627 = VERTEX_POINT('',#13628);
#13628 = CARTESIAN_POINT('',(-20.40967931184,-3.105193200217,
    -1.683078486158));
#13629 = VERTEX_POINT('',#13630);
#13630 = CARTESIAN_POINT('',(-20.40967931184,-3.156401277594,
    -1.688078486158));
#13631 = SURFACE_CURVE('',#13632,(#13636,#13643),.PCURVE_S1.);
#13632 = LINE('',#13633,#13634);
#13633 = CARTESIAN_POINT('',(-20.40967931184,-3.105193200217,
    -1.688078486158));
#13634 = VECTOR('',#13635,1.);
#13635 = DIRECTION('',(-6.244019449073E-13,-1.,0.));
#13636 = PCURVE('',#4953,#13637);
#13637 = DEFINITIONAL_REPRESENTATION('',(#13638),#13642);
#13638 = LINE('',#13639,#13640);
#13639 = CARTESIAN_POINT('',(7.2306498432E-02,2.779186264E-02));
#13640 = VECTOR('',#13641,1.);
#13641 = DIRECTION('',(1.,-6.244019449073E-13));
#13642 = ( GEOMETRIC_REPRESENTATION_CONTEXT(2) 
PARAMETRIC_REPRESENTATION_CONTEXT() REPRESENTATION_CONTEXT('2D SPACE',''
  ) );
#13643 = PCURVE('',#13644,#13649);
#13644 = PLANE('',#13645);
#13645 = AXIS2_PLACEMENT_3D('',#13646,#13647,#13648);
#13646 = CARTESIAN_POINT('',(-27.20094323213,-7.540322580645,
    -1.693078486158));
#13647 = DIRECTION('',(0.,0.,-1.));
#13648 = DIRECTION('',(1.,0.,0.));
#13649 = DEFINITIONAL_REPRESENTATION('',(#13650),#13654);
#13650 = LINE('',#13651,#13652);
#13651 = CARTESIAN_POINT('',(6.79126392029,-4.435129380428));
#13652 = VECTOR('',#13653,1.);
#13653 = DIRECTION('',(-6.244019449073E-13,1.));
#13654 = ( GEOMETRIC_REPRESENTATION_CONTEXT(2) 
PARAMETRIC_REPRESENTATION_CONTEXT() REPRESENTATION_CONTEXT('2D SPACE',''
  ) );
#13655 = ORIENTED_EDGE('',*,*,#13656,.F.);
#13656 = EDGE_CURVE('',#13657,#13627,#13659,.T.);
#13657 = VERTEX_POINT('',#13658);
#13658 = CARTESIAN_POINT('',(-20.37976968938,-3.009552663022,
    -1.683078486158));
#13659 = SURFACE_CURVE('',#13660,(#13671,#13685),.PCURVE_S1.);
#13660 = B_SPLINE_CURVE_WITH_KNOTS('',3,(#13661,#13662,#13663,#13664,
    #13665,#13666,#13667,#13668,#13669,#13670),.UNSPECIFIED.,.F.,.F.,(4,
    3,3,4),(0.,0.333333333333,0.666666666667,1.),.UNSPECIFIED.);
#13661 = CARTESIAN_POINT('',(-20.37976968938,-3.009552663022,
    -1.683078486158));
#13662 = CARTESIAN_POINT('',(-20.38735545751,-3.019742045439,
    -1.683078486158));
#13663 = CARTESIAN_POINT('',(-20.39350796093,-3.030061064508,
    -1.683078486158));
#13664 = CARTESIAN_POINT('',(-20.39789134332,-3.040073814402,
    -1.683078486158));
#13665 = CARTESIAN_POINT('',(-20.40227472572,-3.050086564296,
    -1.683078486158));
#13666 = CARTESIAN_POINT('',(-20.40488898708,-3.059793045015,
    -1.683078486158));
#13667 = CARTESIAN_POINT('',(-20.40674169639,-3.070500974042,
    -1.683078486158));
#13668 = CARTESIAN_POINT('',(-20.4085944057,-3.081208903069,
    -1.683078486158));
#13669 = CARTESIAN_POINT('',(-20.40968556296,-3.092918280403,
    -1.683078486158));
#13670 = CARTESIAN_POINT('',(-20.40967931184,-3.105193200217,
    -1.683078486158));
#13671 = PCURVE('',#4953,#13672);
#13672 = DEFINITIONAL_REPRESENTATION('',(#13673),#13684);
#13673 = B_SPLINE_CURVE_WITH_KNOTS('',3,(#13674,#13675,#13676,#13677,
    #13678,#13679,#13680,#13681,#13682,#13683),.UNSPECIFIED.,.F.,.F.,(4,
    3,3,4),(0.,0.333333333333,0.666666666667,1.),.UNSPECIFIED.);
#13674 = CARTESIAN_POINT('',(-2.3334038763E-02,5.77014851E-02));
#13675 = CARTESIAN_POINT('',(-1.3144656346E-02,5.011571697E-02));
#13676 = CARTESIAN_POINT('',(-2.825637277E-03,4.3963213545E-02));
#13677 = CARTESIAN_POINT('',(7.187112617E-03,3.95798311525E-02));
#13678 = CARTESIAN_POINT('',(1.7199862511E-02,3.519644876E-02));
#13679 = CARTESIAN_POINT('',(2.690634323E-02,3.25821874E-02));
#13680 = CARTESIAN_POINT('',(3.761427225675E-02,3.072947809E-02));
#13681 = CARTESIAN_POINT('',(4.83222012835E-02,2.887676878E-02));
#13682 = CARTESIAN_POINT('',(6.0031578618E-02,2.778561152E-02));
#13683 = CARTESIAN_POINT('',(7.2306498432E-02,2.779186264E-02));
#13684 = ( GEOMETRIC_REPRESENTATION_CONTEXT(2) 
PARAMETRIC_REPRESENTATION_CONTEXT() REPRESENTATION_CONTEXT('2D SPACE',''
  ) );
#13685 = PCURVE('',#13644,#13686);
#13686 = DEFINITIONAL_REPRESENTATION('',(#13687),#13698);
#13687 = B_SPLINE_CURVE_WITH_KNOTS('',3,(#13688,#13689,#13690,#13691,
    #13692,#13693,#13694,#13695,#13696,#13697),.UNSPECIFIED.,.F.,.F.,(4,
    3,3,4),(0.,0.333333333333,0.666666666667,1.),.UNSPECIFIED.);
#13688 = CARTESIAN_POINT('',(6.82117354275,-4.530769917623));
#13689 = CARTESIAN_POINT('',(6.81358777462,-4.520580535206));
#13690 = CARTESIAN_POINT('',(6.807435271195,-4.510261516137));
#13691 = CARTESIAN_POINT('',(6.803051888803,-4.500248766243));
#13692 = CARTESIAN_POINT('',(6.79866850641,-4.490236016349));
#13693 = CARTESIAN_POINT('',(6.79605424505,-4.48052953563));
#13694 = CARTESIAN_POINT('',(6.79420153574,-4.469821606603));
#13695 = CARTESIAN_POINT('',(6.79234882643,-4.459113677577));
#13696 = CARTESIAN_POINT('',(6.79125766917,-4.447404300242));
#13697 = CARTESIAN_POINT('',(6.79126392029,-4.435129380428));
#13698 = ( GEOMETRIC_REPRESENTATION_CONTEXT(2) 
PARAMETRIC_REPRESENTATION_CONTEXT() REPRESENTATION_CONTEXT('2D SPACE',''
  ) );
#13699 = ORIENTED_EDGE('',*,*,#13700,.F.);
#13700 = EDGE_CURVE('',#13701,#13657,#13703,.T.);
#13701 = VERTEX_POINT('',#13702);
#13702 = CARTESIAN_POINT('',(-20.36726192815,-2.996859778096,
    -1.683078486158));
#13703 = SURFACE_CURVE('',#13704,(#13715,#13729),.PCURVE_S1.);
#13704 = B_SPLINE_CURVE_WITH_KNOTS('',3,(#13705,#13706,#13707,#13708,
    #13709,#13710,#13711,#13712,#13713,#13714),.UNSPECIFIED.,.F.,.F.,(4,
    3,3,4),(0.,0.333333333333,0.666666666667,1.),.UNSPECIFIED.);
#13705 = CARTESIAN_POINT('',(-20.36726192815,-2.996859778096,
    -1.683078486158));
#13706 = CARTESIAN_POINT('',(-20.36850771534,-2.997924459791,
    -1.683078486158));
#13707 = CARTESIAN_POINT('',(-20.36979417929,-2.999096260923,
    -1.683078486158));
#13708 = CARTESIAN_POINT('',(-20.37092391608,-3.000156656625,
    -1.683078486158));
#13709 = CARTESIAN_POINT('',(-20.37205365287,-3.001217052326,
    -1.683078486158));
#13710 = CARTESIAN_POINT('',(-20.37302666249,-3.002166042596,
    -1.683078486158));
#13711 = CARTESIAN_POINT('',(-20.37443515673,-3.00365920204,
    -1.683078486158));
#13712 = CARTESIAN_POINT('',(-20.37584365097,-3.005152361483,
    -1.683078486158));
#13713 = CARTESIAN_POINT('',(-20.37768762983,-3.0071896901,
    -1.683078486158));
#13714 = CARTESIAN_POINT('',(-20.37976968938,-3.009552663022,
    -1.683078486158));
#13715 = PCURVE('',#4953,#13716);
#13716 = DEFINITIONAL_REPRESENTATION('',(#13717),#13728);
#13717 = B_SPLINE_CURVE_WITH_KNOTS('',3,(#13718,#13719,#13720,#13721,
    #13722,#13723,#13724,#13725,#13726,#13727),.UNSPECIFIED.,.F.,.F.,(4,
    3,3,4),(0.,0.333333333333,0.666666666667,1.),.UNSPECIFIED.);
#13718 = CARTESIAN_POINT('',(-3.6026923689E-02,7.020924633E-02));
#13719 = CARTESIAN_POINT('',(-3.4962241994E-02,6.896345914E-02));
#13720 = CARTESIAN_POINT('',(-3.37904408615E-02,6.7676995185E-02));
#13721 = CARTESIAN_POINT('',(-3.273004516025E-02,6.65472583958E-02));
#13722 = CARTESIAN_POINT('',(-3.1669649459E-02,6.54175216067E-02));
#13723 = CARTESIAN_POINT('',(-3.0720659189E-02,6.44445119833E-02));
#13724 = CARTESIAN_POINT('',(-2.92274997455E-02,6.30360177442E-02));
#13725 = CARTESIAN_POINT('',(-2.7734340302E-02,6.1627523505E-02));
#13726 = CARTESIAN_POINT('',(-2.5697011685E-02,5.978354465E-02));
#13727 = CARTESIAN_POINT('',(-2.3334038763E-02,5.77014851E-02));
#13728 = ( GEOMETRIC_REPRESENTATION_CONTEXT(2) 
PARAMETRIC_REPRESENTATION_CONTEXT() REPRESENTATION_CONTEXT('2D SPACE',''
  ) );
#13729 = PCURVE('',#13644,#13730);
#13730 = DEFINITIONAL_REPRESENTATION('',(#13731),#13742);
#13731 = B_SPLINE_CURVE_WITH_KNOTS('',3,(#13732,#13733,#13734,#13735,
    #13736,#13737,#13738,#13739,#13740,#13741),.UNSPECIFIED.,.F.,.F.,(4,
    3,3,4),(0.,0.333333333333,0.666666666667,1.),.UNSPECIFIED.);
#13732 = CARTESIAN_POINT('',(6.83368130398,-4.543462802549));
#13733 = CARTESIAN_POINT('',(6.83243551679,-4.542398120854));
#13734 = CARTESIAN_POINT('',(6.831149052835,-4.541226319722));
#13735 = CARTESIAN_POINT('',(6.830019316046,-4.54016592402));
#13736 = CARTESIAN_POINT('',(6.828889579257,-4.539105528319));
#13737 = CARTESIAN_POINT('',(6.827916569633,-4.538156538049));
#13738 = CARTESIAN_POINT('',(6.826508075394,-4.536663378605));
#13739 = CARTESIAN_POINT('',(6.825099581155,-4.535170219162));
#13740 = CARTESIAN_POINT('',(6.8232556023,-4.533132890545));
#13741 = CARTESIAN_POINT('',(6.82117354275,-4.530769917623));
#13742 = ( GEOMETRIC_REPRESENTATION_CONTEXT(2) 
PARAMETRIC_REPRESENTATION_CONTEXT() REPRESENTATION_CONTEXT('2D SPACE',''
  ) );
#13743 = ORIENTED_EDGE('',*,*,#13744,.F.);
#13744 = EDGE_CURVE('',#13745,#13701,#13747,.T.);
#13745 = VERTEX_POINT('',#13746);
#13746 = CARTESIAN_POINT('',(-20.28230896709,-2.970197964082,
    -1.683078486158));
#13747 = SURFACE_CURVE('',#13748,(#13759,#13773),.PCURVE_S1.);
#13748 = B_SPLINE_CURVE_WITH_KNOTS('',3,(#13749,#13750,#13751,#13752,
    #13753,#13754,#13755,#13756,#13757,#13758),.UNSPECIFIED.,.F.,.F.,(4,
    3,3,4),(0.,0.333333333333,0.666666666667,1.),.UNSPECIFIED.);
#13749 = CARTESIAN_POINT('',(-20.28230896709,-2.970197964082,
    -1.683078486158));
#13750 = CARTESIAN_POINT('',(-20.29405871596,-2.970177886783,
    -1.683078486158));
#13751 = CARTESIAN_POINT('',(-20.30503850322,-2.971150925899,
    -1.683078486158));
#13752 = CARTESIAN_POINT('',(-20.31525414403,-2.973088714941,
    -1.683078486158));
#13753 = CARTESIAN_POINT('',(-20.32546978484,-2.975026503983,
    -1.683078486158));
#13754 = CARTESIAN_POINT('',(-20.3349212792,-2.977929042951,
    -1.683078486158));
#13755 = CARTESIAN_POINT('',(-20.34359118161,-2.981881431314,
    -1.683078486158));
#13756 = CARTESIAN_POINT('',(-20.35226108402,-2.985833819676,
    -1.683078486158));
#13757 = CARTESIAN_POINT('',(-20.36014939448,-2.990836057433,
    -1.683078486158));
#13758 = CARTESIAN_POINT('',(-20.36726192815,-2.996859778096,
    -1.683078486158));
#13759 = PCURVE('',#4953,#13760);
#13760 = DEFINITIONAL_REPRESENTATION('',(#13761),#13772);
#13761 = B_SPLINE_CURVE_WITH_KNOTS('',3,(#13762,#13763,#13764,#13765,
    #13766,#13767,#13768,#13769,#13770,#13771),.UNSPECIFIED.,.F.,.F.,(4,
    3,3,4),(0.,0.333333333333,0.666666666667,1.),.UNSPECIFIED.);
#13762 = CARTESIAN_POINT('',(-6.2688737703E-02,0.15516220739));
#13763 = CARTESIAN_POINT('',(-6.2708815002E-02,0.14341245852));
#13764 = CARTESIAN_POINT('',(-6.1735775886E-02,0.13243267126));
#13765 = CARTESIAN_POINT('',(-5.9797986844E-02,0.12221703045));
#13766 = CARTESIAN_POINT('',(-5.7860197802E-02,0.11200138964));
#13767 = CARTESIAN_POINT('',(-5.4957658834E-02,0.10254989528));
#13768 = CARTESIAN_POINT('',(-5.10052704715E-02,9.387999287E-02));
#13769 = CARTESIAN_POINT('',(-4.7052882109E-02,8.521009046E-02));
#13770 = CARTESIAN_POINT('',(-4.2050644352E-02,7.732178E-02));
#13771 = CARTESIAN_POINT('',(-3.6026923689E-02,7.020924633E-02));
#13772 = ( GEOMETRIC_REPRESENTATION_CONTEXT(2) 
PARAMETRIC_REPRESENTATION_CONTEXT() REPRESENTATION_CONTEXT('2D SPACE',''
  ) );
#13773 = PCURVE('',#13644,#13774);
#13774 = DEFINITIONAL_REPRESENTATION('',(#13775),#13786);
#13775 = B_SPLINE_CURVE_WITH_KNOTS('',3,(#13776,#13777,#13778,#13779,
    #13780,#13781,#13782,#13783,#13784,#13785),.UNSPECIFIED.,.F.,.F.,(4,
    3,3,4),(0.,0.333333333333,0.666666666667,1.),.UNSPECIFIED.);
#13776 = CARTESIAN_POINT('',(6.91863426504,-4.570124616563));
#13777 = CARTESIAN_POINT('',(6.90688451617,-4.570144693862));
#13778 = CARTESIAN_POINT('',(6.89590472891,-4.569171654746));
#13779 = CARTESIAN_POINT('',(6.8856890881,-4.567233865704));
#13780 = CARTESIAN_POINT('',(6.87547344729,-4.565296076662));
#13781 = CARTESIAN_POINT('',(6.86602195293,-4.562393537694));
#13782 = CARTESIAN_POINT('',(6.85735205052,-4.558441149332));
#13783 = CARTESIAN_POINT('',(6.84868214811,-4.554488760969));
#13784 = CARTESIAN_POINT('',(6.84079383765,-4.549486523212));
#13785 = CARTESIAN_POINT('',(6.83368130398,-4.543462802549));
#13786 = ( GEOMETRIC_REPRESENTATION_CONTEXT(2) 
PARAMETRIC_REPRESENTATION_CONTEXT() REPRESENTATION_CONTEXT('2D SPACE',''
  ) );
#13787 = ORIENTED_EDGE('',*,*,#13788,.F.);
#13788 = EDGE_CURVE('',#13789,#13745,#13791,.T.);
#13789 = VERTEX_POINT('',#13790);
#13790 = CARTESIAN_POINT('',(-20.19441509821,-2.996718521985,
    -1.683078486158));
#13791 = SURFACE_CURVE('',#13792,(#13803,#13817),.PCURVE_S1.);
#13792 = B_SPLINE_CURVE_WITH_KNOTS('',3,(#13793,#13794,#13795,#13796,
    #13797,#13798,#13799,#13800,#13801,#13802),.UNSPECIFIED.,.F.,.F.,(4,
    3,3,4),(0.,0.333333333333,0.666666666667,1.),.UNSPECIFIED.);
#13793 = CARTESIAN_POINT('',(-20.19441509821,-2.996718521985,
    -1.683078486158));
#13794 = CARTESIAN_POINT('',(-20.20195187065,-2.990780226595,
    -1.683078486158));
#13795 = CARTESIAN_POINT('',(-20.21023182895,-2.985839590478,
    -1.683078486158));
#13796 = CARTESIAN_POINT('',(-20.21925807457,-2.981909313418,
    -1.683078486158));
#13797 = CARTESIAN_POINT('',(-20.22828432019,-2.977979036357,
    -1.683078486158));
#13798 = CARTESIAN_POINT('',(-20.23805685313,-2.975059118352,
    -1.683078486158));
#13799 = CARTESIAN_POINT('',(-20.24856636903,-2.973111460057,
    -1.683078486158));
#13800 = CARTESIAN_POINT('',(-20.25907588494,-2.971163801762,
    -1.683078486158));
#13801 = CARTESIAN_POINT('',(-20.27032238381,-2.970188403176,
    -1.683078486158));
#13802 = CARTESIAN_POINT('',(-20.28230896709,-2.970197964082,
    -1.683078486158));
#13803 = PCURVE('',#4953,#13804);
#13804 = DEFINITIONAL_REPRESENTATION('',(#13805),#13816);
#13805 = B_SPLINE_CURVE_WITH_KNOTS('',3,(#13806,#13807,#13808,#13809,
    #13810,#13811,#13812,#13813,#13814,#13815),.UNSPECIFIED.,.F.,.F.,(4,
    3,3,4),(0.,0.333333333333,0.666666666667,1.),.UNSPECIFIED.);
#13806 = CARTESIAN_POINT('',(-3.61681798E-02,0.24305607627));
#13807 = CARTESIAN_POINT('',(-4.210647519E-02,0.23551930383));
#13808 = CARTESIAN_POINT('',(-4.70471113065E-02,0.22723934553));
#13809 = CARTESIAN_POINT('',(-5.097738836725E-02,0.21821309991));
#13810 = CARTESIAN_POINT('',(-5.4907665428E-02,0.20918685429));
#13811 = CARTESIAN_POINT('',(-5.7827583433E-02,0.19941432135));
#13812 = CARTESIAN_POINT('',(-5.977524172825E-02,0.188904805445));
#13813 = CARTESIAN_POINT('',(-6.17229000235E-02,0.17839528954));
#13814 = CARTESIAN_POINT('',(-6.2698298609E-02,0.16714879067));
#13815 = CARTESIAN_POINT('',(-6.2688737703E-02,0.15516220739));
#13816 = ( GEOMETRIC_REPRESENTATION_CONTEXT(2) 
PARAMETRIC_REPRESENTATION_CONTEXT() REPRESENTATION_CONTEXT('2D SPACE',''
  ) );
#13817 = PCURVE('',#13644,#13818);
#13818 = DEFINITIONAL_REPRESENTATION('',(#13819),#13830);
#13819 = B_SPLINE_CURVE_WITH_KNOTS('',3,(#13820,#13821,#13822,#13823,
    #13824,#13825,#13826,#13827,#13828,#13829),.UNSPECIFIED.,.F.,.F.,(4,
    3,3,4),(0.,0.333333333333,0.666666666667,1.),.UNSPECIFIED.);
#13820 = CARTESIAN_POINT('',(7.00652813392,-4.54360405866));
#13821 = CARTESIAN_POINT('',(6.99899136148,-4.54954235405));
#13822 = CARTESIAN_POINT('',(6.99071140318,-4.554482990167));
#13823 = CARTESIAN_POINT('',(6.98168515756,-4.558413267227));
#13824 = CARTESIAN_POINT('',(6.97265891194,-4.562343544288));
#13825 = CARTESIAN_POINT('',(6.962886379,-4.565263462293));
#13826 = CARTESIAN_POINT('',(6.952376863095,-4.567211120588));
#13827 = CARTESIAN_POINT('',(6.94186734719,-4.569158778883));
#13828 = CARTESIAN_POINT('',(6.93062084832,-4.570134177469));
#13829 = CARTESIAN_POINT('',(6.91863426504,-4.570124616563));
#13830 = ( GEOMETRIC_REPRESENTATION_CONTEXT(2) 
PARAMETRIC_REPRESENTATION_CONTEXT() REPRESENTATION_CONTEXT('2D SPACE',''
  ) );
#13831 = ORIENTED_EDGE('',*,*,#13832,.F.);
#13832 = EDGE_CURVE('',#13833,#13789,#13835,.T.);
#13833 = VERTEX_POINT('',#13834);
#13834 = CARTESIAN_POINT('',(-20.18370525803,-3.006416198168,
    -1.683078486158));
#13835 = SURFACE_CURVE('',#13836,(#13841,#13848),.PCURVE_S1.);
#13836 = ELLIPSE('',#13837,3.570190937006,0.620933941345);
#13837 = AXIS2_PLACEMENT_3D('',#13838,#13839,#13840);
#13838 = CARTESIAN_POINT('',(-22.38350637685,-5.817021497432,
    -1.683078486158));
#13839 = DIRECTION('',(0.,0.,1.));
#13840 = DIRECTION('',(-0.612931543744,-0.790136015306,0.));
#13841 = PCURVE('',#4953,#13842);
#13842 = DEFINITIONAL_REPRESENTATION('',(#13843),#13847);
#13843 = ELLIPSE('',#13844,3.570190937006,0.620933941345);
#13844 = AXIS2_PLACEMENT_2D('',#13845,#13846);
#13845 = CARTESIAN_POINT('',(2.784134795647,-1.946035202371));
#13846 = DIRECTION('',(0.790136015306,-0.612931543744));
#13847 = ( GEOMETRIC_REPRESENTATION_CONTEXT(2) 
PARAMETRIC_REPRESENTATION_CONTEXT() REPRESENTATION_CONTEXT('2D SPACE',''
  ) );
#13848 = PCURVE('',#13644,#13849);
#13849 = DEFINITIONAL_REPRESENTATION('',(#13850),#13858);
#13850 = ( BOUNDED_CURVE() B_SPLINE_CURVE(2,(#13851,#13852,#13853,#13854
    ,#13855,#13856,#13857),.UNSPECIFIED.,.T.,.F.) 
B_SPLINE_CURVE_WITH_KNOTS((1,2,2,2,2,1),(-2.094395102393,0.,
    2.094395102393,4.188790204786,6.28318530718,8.377580409573),
.UNSPECIFIED.) CURVE() GEOMETRIC_REPRESENTATION_ITEM() 
RATIONAL_B_SPLINE_CURVE((1.,0.5,1.,0.5,1.,0.5,1.)) REPRESENTATION_ITEM(
  '') );
#13851 = CARTESIAN_POINT('',(2.629154212798,1.097635357633));
#13852 = CARTESIAN_POINT('',(3.478936912079,1.756836573156));
#13853 = CARTESIAN_POINT('',(6.336469526161,-2.804168695875));
#13854 = CARTESIAN_POINT('',(9.194002140242,-7.365173964906));
#13855 = CARTESIAN_POINT('',(5.486686826879,-3.463369911398));
#13856 = CARTESIAN_POINT('',(1.779371513516,0.43843414211));
#13857 = CARTESIAN_POINT('',(2.629154212798,1.097635357633));
#13858 = ( GEOMETRIC_REPRESENTATION_CONTEXT(2) 
PARAMETRIC_REPRESENTATION_CONTEXT() REPRESENTATION_CONTEXT('2D SPACE',''
  ) );
#13859 = ORIENTED_EDGE('',*,*,#13860,.F.);
#13860 = EDGE_CURVE('',#13861,#13833,#13863,.T.);
#13861 = VERTEX_POINT('',#13862);
#13862 = CARTESIAN_POINT('',(-20.14835348887,-3.107186069555,
    -1.683078486158));
#13863 = SURFACE_CURVE('',#13864,(#13875,#13889),.PCURVE_S1.);
#13864 = B_SPLINE_CURVE_WITH_KNOTS('',3,(#13865,#13866,#13867,#13868,
    #13869,#13870,#13871,#13872,#13873,#13874),.UNSPECIFIED.,.F.,.F.,(4,
    3,3,4),(0.,0.333333333333,0.666666666667,1.),.UNSPECIFIED.);
#13865 = CARTESIAN_POINT('',(-20.14835348887,-3.107186069555,
    -1.683078486158));
#13866 = CARTESIAN_POINT('',(-20.1483496421,-3.092861365387,
    -1.683078486158));
#13867 = CARTESIAN_POINT('',(-20.14965621415,-3.079579231705,
    -1.683078486158));
#13868 = CARTESIAN_POINT('',(-20.15226812341,-3.067336605541,
    -1.683078486158));
#13869 = CARTESIAN_POINT('',(-20.15488003267,-3.055093979376,
    -1.683078486158));
#13870 = CARTESIAN_POINT('',(-20.15879727914,-3.043890860729,
    -1.683078486158));
#13871 = CARTESIAN_POINT('',(-20.1640351077,-3.03373643851,
    -1.683078486158));
#13872 = CARTESIAN_POINT('',(-20.16927293626,-3.02358201629,
    -1.683078486158));
#13873 = CARTESIAN_POINT('',(-20.17583134691,-3.0144762905,
    -1.683078486158));
#13874 = CARTESIAN_POINT('',(-20.18370525803,-3.006416198168,
    -1.683078486158));
#13875 = PCURVE('',#4953,#13876);
#13876 = DEFINITIONAL_REPRESENTATION('',(#13877),#13888);
#13877 = B_SPLINE_CURVE_WITH_KNOTS('',3,(#13878,#13879,#13880,#13881,
    #13882,#13883,#13884,#13885,#13886,#13887),.UNSPECIFIED.,.F.,.F.,(4,
    3,3,4),(0.,0.333333333333,0.666666666667,1.),.UNSPECIFIED.);
#13878 = CARTESIAN_POINT('',(7.429936777E-02,0.28911768561));
#13879 = CARTESIAN_POINT('',(5.9974663602E-02,0.28912153238));
#13880 = CARTESIAN_POINT('',(4.66925299205E-02,0.287814960325));
#13881 = CARTESIAN_POINT('',(3.444990375592E-02,0.285203051064));
#13882 = CARTESIAN_POINT('',(2.220727759133E-02,0.282591141803));
#13883 = CARTESIAN_POINT('',(1.100415894367E-02,0.278673895337));
#13884 = CARTESIAN_POINT('',(8.497367245801E-04,0.273436066778));
#13885 = CARTESIAN_POINT('',(-9.3046854945E-03,0.26819823822));
#13886 = CARTESIAN_POINT('',(-1.8410411285E-02,0.26163982757));
#13887 = CARTESIAN_POINT('',(-2.6470503617E-02,0.25376591645));
#13888 = ( GEOMETRIC_REPRESENTATION_CONTEXT(2) 
PARAMETRIC_REPRESENTATION_CONTEXT() REPRESENTATION_CONTEXT('2D SPACE',''
  ) );
#13889 = PCURVE('',#13644,#13890);
#13890 = DEFINITIONAL_REPRESENTATION('',(#13891),#13902);
#13891 = B_SPLINE_CURVE_WITH_KNOTS('',3,(#13892,#13893,#13894,#13895,
    #13896,#13897,#13898,#13899,#13900,#13901),.UNSPECIFIED.,.F.,.F.,(4,
    3,3,4),(0.,0.333333333333,0.666666666667,1.),.UNSPECIFIED.);
#13892 = CARTESIAN_POINT('',(7.05258974326,-4.43313651109));
#13893 = CARTESIAN_POINT('',(7.05259359003,-4.447461215258));
#13894 = CARTESIAN_POINT('',(7.051287017975,-4.46074334894));
#13895 = CARTESIAN_POINT('',(7.048675108714,-4.472985975104));
#13896 = CARTESIAN_POINT('',(7.046063199453,-4.485228601269));
#13897 = CARTESIAN_POINT('',(7.042145952987,-4.496431719916));
#13898 = CARTESIAN_POINT('',(7.036908124428,-4.506586142135));
#13899 = CARTESIAN_POINT('',(7.03167029587,-4.516740564355));
#13900 = CARTESIAN_POINT('',(7.02511188522,-4.525846290145));
#13901 = CARTESIAN_POINT('',(7.0172379741,-4.533906382477));
#13902 = ( GEOMETRIC_REPRESENTATION_CONTEXT(2) 
PARAMETRIC_REPRESENTATION_CONTEXT() REPRESENTATION_CONTEXT('2D SPACE',''
  ) );
#13903 = ORIENTED_EDGE('',*,*,#13904,.F.);
#13904 = EDGE_CURVE('',#13905,#13861,#13907,.T.);
#13905 = VERTEX_POINT('',#13906);
#13906 = CARTESIAN_POINT('',(-20.14835348887,-3.156401277594,
    -1.688078486158));
#13907 = SURFACE_CURVE('',#13908,(#13912,#13919),.PCURVE_S1.);
#13908 = LINE('',#13909,#13910);
#13909 = CARTESIAN_POINT('',(-20.14835348887,-3.156401277594,
    -1.688078486158));
#13910 = VECTOR('',#13911,1.);
#13911 = DIRECTION('',(3.609365702574E-13,1.,0.));
#13912 = PCURVE('',#4953,#13913);
#13913 = DEFINITIONAL_REPRESENTATION('',(#13914),#13918);
#13914 = LINE('',#13915,#13916);
#13915 = CARTESIAN_POINT('',(0.123514575809,0.28911768561));
#13916 = VECTOR('',#13917,1.);
#13917 = DIRECTION('',(-1.,3.609365702574E-13));
#13918 = ( GEOMETRIC_REPRESENTATION_CONTEXT(2) 
PARAMETRIC_REPRESENTATION_CONTEXT() REPRESENTATION_CONTEXT('2D SPACE',''
  ) );
#13919 = PCURVE('',#13644,#13920);
#13920 = DEFINITIONAL_REPRESENTATION('',(#13921),#13925);
#13921 = LINE('',#13922,#13923);
#13922 = CARTESIAN_POINT('',(7.05258974326,-4.383921303051));
#13923 = VECTOR('',#13924,1.);
#13924 = DIRECTION('',(3.609365702574E-13,-1.));
#13925 = ( GEOMETRIC_REPRESENTATION_CONTEXT(2) 
PARAMETRIC_REPRESENTATION_CONTEXT() REPRESENTATION_CONTEXT('2D SPACE',''
  ) );
#13926 = ORIENTED_EDGE('',*,*,#13927,.F.);
#13927 = EDGE_CURVE('',#13629,#13905,#13928,.T.);
#13928 = SURFACE_CURVE('',#13929,(#13933,#13940),.PCURVE_S1.);
#13929 = LINE('',#13930,#13931);
#13930 = CARTESIAN_POINT('',(-20.40967931184,-3.156401277594,
    -1.688078486158));
#13931 = VECTOR('',#13932,1.);
#13932 = DIRECTION('',(1.,0.,0.));
#13933 = PCURVE('',#4953,#13934);
#13934 = DEFINITIONAL_REPRESENTATION('',(#13935),#13939);
#13935 = LINE('',#13936,#13937);
#13936 = CARTESIAN_POINT('',(0.123514575809,2.779186264E-02));
#13937 = VECTOR('',#13938,1.);
#13938 = DIRECTION('',(0.,1.));
#13939 = ( GEOMETRIC_REPRESENTATION_CONTEXT(2) 
PARAMETRIC_REPRESENTATION_CONTEXT() REPRESENTATION_CONTEXT('2D SPACE',''
  ) );
#13940 = PCURVE('',#13644,#13941);
#13941 = DEFINITIONAL_REPRESENTATION('',(#13942),#13946);
#13942 = LINE('',#13943,#13944);
#13943 = CARTESIAN_POINT('',(6.79126392029,-4.383921303051));
#13944 = VECTOR('',#13945,1.);
#13945 = DIRECTION('',(1.,0.));
#13946 = ( GEOMETRIC_REPRESENTATION_CONTEXT(2) 
PARAMETRIC_REPRESENTATION_CONTEXT() REPRESENTATION_CONTEXT('2D SPACE',''
  ) );
#13947 = ADVANCED_FACE('',(#13948),#13644,.F.);
#13948 = FACE_BOUND('',#13949,.F.);
#13949 = EDGE_LOOP('',(#13950,#13951,#13952,#13953,#13954,#13955,#13956,
    #13957,#13958));
#13950 = ORIENTED_EDGE('',*,*,#13656,.F.);
#13951 = ORIENTED_EDGE('',*,*,#13700,.F.);
#13952 = ORIENTED_EDGE('',*,*,#13744,.F.);
#13953 = ORIENTED_EDGE('',*,*,#13788,.F.);
#13954 = ORIENTED_EDGE('',*,*,#13832,.F.);
#13955 = ORIENTED_EDGE('',*,*,#13860,.F.);
#13956 = ORIENTED_EDGE('',*,*,#13904,.F.);
#13957 = ORIENTED_EDGE('',*,*,#13927,.F.);
#13958 = ORIENTED_EDGE('',*,*,#13626,.F.);
#13959 = ADVANCED_FACE('',(#13960,#13970),#5262,.F.);
#13960 = FACE_BOUND('',#13961,.F.);
#13961 = EDGE_LOOP('',(#13962,#13963,#13964,#13965,#13966,#13967,#13968,
    #13969));
#13962 = ORIENTED_EDGE('',*,*,#5244,.F.);
#13963 = ORIENTED_EDGE('',*,*,#5412,.F.);
#13964 = ORIENTED_EDGE('',*,*,#5389,.F.);
#13965 = ORIENTED_EDGE('',*,*,#5366,.F.);
#13966 = ORIENTED_EDGE('',*,*,#5343,.F.);
#13967 = ORIENTED_EDGE('',*,*,#5320,.F.);
#13968 = ORIENTED_EDGE('',*,*,#5297,.F.);
#13969 = ORIENTED_EDGE('',*,*,#5274,.F.);
#13970 = FACE_BOUND('',#13971,.F.);
#13971 = EDGE_LOOP('',(#13972,#14002,#14025));
#13972 = ORIENTED_EDGE('',*,*,#13973,.T.);
#13973 = EDGE_CURVE('',#13974,#13976,#13978,.T.);
#13974 = VERTEX_POINT('',#13975);
#13975 = CARTESIAN_POINT('',(-20.24071865044,-2.810595123925,
    -1.688078486158));
#13976 = VERTEX_POINT('',#13977);
#13977 = CARTESIAN_POINT('',(-20.24071865044,-2.696828278581,
    -1.688078486158));
#13978 = SURFACE_CURVE('',#13979,(#13983,#13990),.PCURVE_S1.);
#13979 = LINE('',#13980,#13981);
#13980 = CARTESIAN_POINT('',(-20.24071865044,-2.810595123925,
    -1.688078486158));
#13981 = VECTOR('',#13982,1.);
#13982 = DIRECTION('',(1.561401156922E-13,1.,0.));
#13983 = PCURVE('',#5262,#13984);
#13984 = DEFINITIONAL_REPRESENTATION('',(#13985),#13989);
#13985 = LINE('',#13986,#13987);
#13986 = CARTESIAN_POINT('',(-1.83977541831,2.22027254328));
#13987 = VECTOR('',#13988,1.);
#13988 = DIRECTION('',(1.561401156922E-13,-1.));
#13989 = ( GEOMETRIC_REPRESENTATION_CONTEXT(2) 
PARAMETRIC_REPRESENTATION_CONTEXT() REPRESENTATION_CONTEXT('2D SPACE',''
  ) );
#13990 = PCURVE('',#13991,#13996);
#13991 = PLANE('',#13992);
#13992 = AXIS2_PLACEMENT_3D('',#13993,#13994,#13995);
#13993 = CARTESIAN_POINT('',(-27.20094323213,-7.540322580645,
    -1.693078486158));
#13994 = DIRECTION('',(0.,0.,-1.));
#13995 = DIRECTION('',(1.,0.,0.));
#13996 = DEFINITIONAL_REPRESENTATION('',(#13997),#14001);
#13997 = LINE('',#13998,#13999);
#13998 = CARTESIAN_POINT('',(6.96022458169,-4.72972745672));
#13999 = VECTOR('',#14000,1.);
#14000 = DIRECTION('',(1.561401156922E-13,-1.));
#14001 = ( GEOMETRIC_REPRESENTATION_CONTEXT(2) 
PARAMETRIC_REPRESENTATION_CONTEXT() REPRESENTATION_CONTEXT('2D SPACE',''
  ) );
#14002 = ORIENTED_EDGE('',*,*,#14003,.T.);
#14003 = EDGE_CURVE('',#13976,#14004,#14006,.T.);
#14004 = VERTEX_POINT('',#14005);
#14005 = CARTESIAN_POINT('',(-20.39255765036,-2.753991847012,
    -1.688078486158));
#14006 = SURFACE_CURVE('',#14007,(#14011,#14018),.PCURVE_S1.);
#14007 = LINE('',#14008,#14009);
#14008 = CARTESIAN_POINT('',(-20.24071865044,-2.696828278581,
    -1.688078486158));
#14009 = VECTOR('',#14010,1.);
#14010 = DIRECTION('',(-0.935874599132,-0.3523332722,0.));
#14011 = PCURVE('',#5262,#14012);
#14012 = DEFINITIONAL_REPRESENTATION('',(#14013),#14017);
#14013 = LINE('',#14014,#14015);
#14014 = CARTESIAN_POINT('',(-1.83977541831,2.106505697936));
#14015 = VECTOR('',#14016,1.);
#14016 = DIRECTION('',(-0.935874599132,0.3523332722));
#14017 = ( GEOMETRIC_REPRESENTATION_CONTEXT(2) 
PARAMETRIC_REPRESENTATION_CONTEXT() REPRESENTATION_CONTEXT('2D SPACE',''
  ) );
#14018 = PCURVE('',#13991,#14019);
#14019 = DEFINITIONAL_REPRESENTATION('',(#14020),#14024);
#14020 = LINE('',#14021,#14022);
#14021 = CARTESIAN_POINT('',(6.96022458169,-4.843494302064));
#14022 = VECTOR('',#14023,1.);
#14023 = DIRECTION('',(-0.935874599132,0.3523332722));
#14024 = ( GEOMETRIC_REPRESENTATION_CONTEXT(2) 
PARAMETRIC_REPRESENTATION_CONTEXT() REPRESENTATION_CONTEXT('2D SPACE',''
  ) );
#14025 = ORIENTED_EDGE('',*,*,#14026,.T.);
#14026 = EDGE_CURVE('',#14004,#13974,#14027,.T.);
#14027 = SURFACE_CURVE('',#14028,(#14032,#14039),.PCURVE_S1.);
#14028 = LINE('',#14029,#14030);
#14029 = CARTESIAN_POINT('',(-20.39255765036,-2.753991847012,
    -1.688078486158));
#14030 = VECTOR('',#14031,1.);
#14031 = DIRECTION('',(0.93700980784,-0.349303048957,0.));
#14032 = PCURVE('',#5262,#14033);
#14033 = DEFINITIONAL_REPRESENTATION('',(#14034),#14038);
#14034 = LINE('',#14035,#14036);
#14035 = CARTESIAN_POINT('',(-1.99161441823,2.163669266367));
#14036 = VECTOR('',#14037,1.);
#14037 = DIRECTION('',(0.93700980784,0.349303048957));
#14038 = ( GEOMETRIC_REPRESENTATION_CONTEXT(2) 
PARAMETRIC_REPRESENTATION_CONTEXT() REPRESENTATION_CONTEXT('2D SPACE',''
  ) );
#14039 = PCURVE('',#13991,#14040);
#14040 = DEFINITIONAL_REPRESENTATION('',(#14041),#14045);
#14041 = LINE('',#14042,#14043);
#14042 = CARTESIAN_POINT('',(6.80838558177,-4.786330733633));
#14043 = VECTOR('',#14044,1.);
#14044 = DIRECTION('',(0.93700980784,0.349303048957));
#14045 = ( GEOMETRIC_REPRESENTATION_CONTEXT(2) 
PARAMETRIC_REPRESENTATION_CONTEXT() REPRESENTATION_CONTEXT('2D SPACE',''
  ) );
#14046 = ADVANCED_FACE('',(#14047),#13991,.F.);
#14047 = FACE_BOUND('',#14048,.T.);
#14048 = EDGE_LOOP('',(#14049,#14050,#14051));
#14049 = ORIENTED_EDGE('',*,*,#14003,.T.);
#14050 = ORIENTED_EDGE('',*,*,#14026,.T.);
#14051 = ORIENTED_EDGE('',*,*,#13973,.T.);
#14052 = ADVANCED_FACE('',(#14053,#14091),#5467,.F.);
#14053 = FACE_BOUND('',#14054,.F.);
#14054 = EDGE_LOOP('',(#14055,#14056,#14057,#14058,#14059,#14060,#14061,
    #14062,#14063,#14064,#14065,#14066,#14067,#14068,#14069,#14070,
    #14071,#14072,#14073,#14074,#14075,#14076,#14077,#14078,#14079,
    #14080,#14081,#14082,#14083,#14084,#14085,#14086,#14087,#14088,
    #14089,#14090));
#14055 = ORIENTED_EDGE('',*,*,#5435,.F.);
#14056 = ORIENTED_EDGE('',*,*,#6779,.F.);
#14057 = ORIENTED_EDGE('',*,*,#6747,.F.);
#14058 = ORIENTED_EDGE('',*,*,#6718,.F.);
#14059 = ORIENTED_EDGE('',*,*,#6695,.F.);
#14060 = ORIENTED_EDGE('',*,*,#6651,.F.);
#14061 = ORIENTED_EDGE('',*,*,#6607,.F.);
#14062 = ORIENTED_EDGE('',*,*,#6563,.F.);
#14063 = ORIENTED_EDGE('',*,*,#6540,.F.);
#14064 = ORIENTED_EDGE('',*,*,#6496,.F.);
#14065 = ORIENTED_EDGE('',*,*,#6443,.F.);
#14066 = ORIENTED_EDGE('',*,*,#6420,.F.);
#14067 = ORIENTED_EDGE('',*,*,#6367,.F.);
#14068 = ORIENTED_EDGE('',*,*,#6323,.F.);
#14069 = ORIENTED_EDGE('',*,*,#6279,.F.);
#14070 = ORIENTED_EDGE('',*,*,#6226,.F.);
#14071 = ORIENTED_EDGE('',*,*,#6182,.F.);
#14072 = ORIENTED_EDGE('',*,*,#6138,.F.);
#14073 = ORIENTED_EDGE('',*,*,#6094,.F.);
#14074 = ORIENTED_EDGE('',*,*,#6071,.F.);
#14075 = ORIENTED_EDGE('',*,*,#6048,.F.);
#14076 = ORIENTED_EDGE('',*,*,#6025,.F.);
#14077 = ORIENTED_EDGE('',*,*,#6002,.F.);
#14078 = ORIENTED_EDGE('',*,*,#5949,.F.);
#14079 = ORIENTED_EDGE('',*,*,#5905,.F.);
#14080 = ORIENTED_EDGE('',*,*,#5861,.F.);
#14081 = ORIENTED_EDGE('',*,*,#5817,.F.);
#14082 = ORIENTED_EDGE('',*,*,#5773,.F.);
#14083 = ORIENTED_EDGE('',*,*,#5744,.T.);
#14084 = ORIENTED_EDGE('',*,*,#5715,.T.);
#14085 = ORIENTED_EDGE('',*,*,#5671,.F.);
#14086 = ORIENTED_EDGE('',*,*,#5627,.F.);
#14087 = ORIENTED_EDGE('',*,*,#5603,.T.);
#14088 = ORIENTED_EDGE('',*,*,#5574,.T.);
#14089 = ORIENTED_EDGE('',*,*,#5530,.F.);
#14090 = ORIENTED_EDGE('',*,*,#5486,.F.);
#14091 = FACE_BOUND('',#14092,.F.);
#14092 = EDGE_LOOP('',(#14093,#14141));
#14093 = ORIENTED_EDGE('',*,*,#14094,.T.);
#14094 = EDGE_CURVE('',#14095,#14097,#14099,.T.);
#14095 = VERTEX_POINT('',#14096);
#14096 = CARTESIAN_POINT('',(-20.09407356326,-5.679835324031,
    -1.693078486158));
#14097 = VERTEX_POINT('',#14098);
#14098 = CARTESIAN_POINT('',(-20.28205196602,-5.679835358458,
    -1.693078486158));
#14099 = SURFACE_CURVE('',#14100,(#14110,#14123),.PCURVE_S1.);
#14100 = B_SPLINE_CURVE_WITH_KNOTS('',3,(#14101,#14102,#14103,#14104,
    #14105,#14106,#14107,#14108,#14109),.UNSPECIFIED.,.F.,.F.,(4,1,1,1,1
    ,1,4),(0.,0.166666666667,0.333333333333,0.5,0.666666666667,
    0.833333333333,1.),.UNSPECIFIED.);
#14101 = CARTESIAN_POINT('',(-20.09407356326,-5.679835324031,
    -1.693078486158));
#14102 = CARTESIAN_POINT('',(-20.09479824161,-5.661820910401,
    -1.693078486158));
#14103 = CARTESIAN_POINT('',(-20.10294927738,-5.630701896187,
    -1.693078486158));
#14104 = CARTESIAN_POINT('',(-20.13871840906,-5.594729396836,
    -1.693078486158));
#14105 = CARTESIAN_POINT('',(-20.1877174964,-5.581533170943,
    -1.693078486158));
#14106 = CARTESIAN_POINT('',(-20.23663393637,-5.594241525503,
    -1.693078486158));
#14107 = CARTESIAN_POINT('',(-20.27314615567,-5.630464291507,
    -1.693078486158));
#14108 = CARTESIAN_POINT('',(-20.28133726386,-5.661717969029,
    -1.693078486158));
#14109 = CARTESIAN_POINT('',(-20.28205196602,-5.679835358458,
    -1.693078486158));
#14110 = PCURVE('',#5467,#14111);
#14111 = DEFINITIONAL_REPRESENTATION('',(#14112),#14122);
#14112 = B_SPLINE_CURVE_WITH_KNOTS('',3,(#14113,#14114,#14115,#14116,
    #14117,#14118,#14119,#14120,#14121),.UNSPECIFIED.,.F.,.F.,(4,1,1,1,1
    ,1,4),(0.,0.166666666667,0.333333333333,0.5,0.666666666667,
    0.833333333333,1.),.UNSPECIFIED.);
#14113 = CARTESIAN_POINT('',(0.54766771752,0.948326555031));
#14114 = CARTESIAN_POINT('',(0.54694303917,0.930312141401));
#14115 = CARTESIAN_POINT('',(0.5387920034,0.899193127187));
#14116 = CARTESIAN_POINT('',(0.50302287172,0.863220627836));
#14117 = CARTESIAN_POINT('',(0.45402378438,0.850024401943));
#14118 = CARTESIAN_POINT('',(0.40510734441,0.862732756503));
#14119 = CARTESIAN_POINT('',(0.36859512511,0.898955522507));
#14120 = CARTESIAN_POINT('',(0.36040401692,0.930209200029));
#14121 = CARTESIAN_POINT('',(0.35968931476,0.948326589458));
#14122 = ( GEOMETRIC_REPRESENTATION_CONTEXT(2) 
PARAMETRIC_REPRESENTATION_CONTEXT() REPRESENTATION_CONTEXT('2D SPACE',''
  ) );
#14123 = PCURVE('',#14124,#14129);
#14124 = PLANE('',#14125);
#14125 = AXIS2_PLACEMENT_3D('',#14126,#14127,#14128);
#14126 = CARTESIAN_POINT('',(-27.20094323213,-7.540322580645,
    -1.693078486158));
#14127 = DIRECTION('',(0.,0.,-1.));
#14128 = DIRECTION('',(1.,0.,0.));
#14129 = DEFINITIONAL_REPRESENTATION('',(#14130),#14140);
#14130 = B_SPLINE_CURVE_WITH_KNOTS('',3,(#14131,#14132,#14133,#14134,
    #14135,#14136,#14137,#14138,#14139),.UNSPECIFIED.,.F.,.F.,(4,1,1,1,1
    ,1,4),(0.,0.166666666667,0.333333333333,0.5,0.666666666667,
    0.833333333333,1.),.UNSPECIFIED.);
#14131 = CARTESIAN_POINT('',(7.10686966887,-1.860487256614));
#14132 = CARTESIAN_POINT('',(7.10614499052,-1.878501670244));
#14133 = CARTESIAN_POINT('',(7.09799395475,-1.909620684458));
#14134 = CARTESIAN_POINT('',(7.06222482307,-1.945593183809));
#14135 = CARTESIAN_POINT('',(7.01322573573,-1.958789409702));
#14136 = CARTESIAN_POINT('',(6.96430929576,-1.946081055142));
#14137 = CARTESIAN_POINT('',(6.92779707646,-1.909858289138));
#14138 = CARTESIAN_POINT('',(6.91960596827,-1.878604611616));
#14139 = CARTESIAN_POINT('',(6.91889126611,-1.860487222187));
#14140 = ( GEOMETRIC_REPRESENTATION_CONTEXT(2) 
PARAMETRIC_REPRESENTATION_CONTEXT() REPRESENTATION_CONTEXT('2D SPACE',''
  ) );
#14141 = ORIENTED_EDGE('',*,*,#14142,.T.);
#14142 = EDGE_CURVE('',#14097,#14095,#14143,.T.);
#14143 = SURFACE_CURVE('',#14144,(#14154,#14167),.PCURVE_S1.);
#14144 = B_SPLINE_CURVE_WITH_KNOTS('',3,(#14145,#14146,#14147,#14148,
    #14149,#14150,#14151,#14152,#14153),.UNSPECIFIED.,.F.,.F.,(4,1,1,1,1
    ,1,4),(0.,0.166666666667,0.333333333333,0.5,0.666666666667,
    0.833333333333,1.),.UNSPECIFIED.);
#14145 = CARTESIAN_POINT('',(-20.28205196602,-5.679835358458,
    -1.693078486158));
#14146 = CARTESIAN_POINT('',(-20.28132728768,-5.697849772087,
    -1.693078486158));
#14147 = CARTESIAN_POINT('',(-20.27317625191,-5.728968786302,
    -1.693078486158));
#14148 = CARTESIAN_POINT('',(-20.23740712022,-5.764941285653,
    -1.693078486158));
#14149 = CARTESIAN_POINT('',(-20.18840803289,-5.778137511546,
    -1.693078486158));
#14150 = CARTESIAN_POINT('',(-20.13949159291,-5.765429156986,
    -1.693078486158));
#14151 = CARTESIAN_POINT('',(-20.10297937361,-5.729206390982,
    -1.693078486158));
#14152 = CARTESIAN_POINT('',(-20.09478826543,-5.697952713459,
    -1.693078486158));
#14153 = CARTESIAN_POINT('',(-20.09407356326,-5.679835324031,
    -1.693078486158));
#14154 = PCURVE('',#5467,#14155);
#14155 = DEFINITIONAL_REPRESENTATION('',(#14156),#14166);
#14156 = B_SPLINE_CURVE_WITH_KNOTS('',3,(#14157,#14158,#14159,#14160,
    #14161,#14162,#14163,#14164,#14165),.UNSPECIFIED.,.F.,.F.,(4,1,1,1,1
    ,1,4),(0.,0.166666666667,0.333333333333,0.5,0.666666666667,
    0.833333333333,1.),.UNSPECIFIED.);
#14157 = CARTESIAN_POINT('',(0.35968931476,0.948326589458));
#14158 = CARTESIAN_POINT('',(0.3604139931,0.966341003087));
#14159 = CARTESIAN_POINT('',(0.36856502887,0.997460017302));
#14160 = CARTESIAN_POINT('',(0.40433416056,1.033432516653));
#14161 = CARTESIAN_POINT('',(0.45333324789,1.046628742546));
#14162 = CARTESIAN_POINT('',(0.50224968787,1.033920387986));
#14163 = CARTESIAN_POINT('',(0.53876190717,0.997697621982));
#14164 = CARTESIAN_POINT('',(0.54695301535,0.966443944459));
#14165 = CARTESIAN_POINT('',(0.54766771752,0.948326555031));
#14166 = ( GEOMETRIC_REPRESENTATION_CONTEXT(2) 
PARAMETRIC_REPRESENTATION_CONTEXT() REPRESENTATION_CONTEXT('2D SPACE',''
  ) );
#14167 = PCURVE('',#14124,#14168);
#14168 = DEFINITIONAL_REPRESENTATION('',(#14169),#14179);
#14169 = B_SPLINE_CURVE_WITH_KNOTS('',3,(#14170,#14171,#14172,#14173,
    #14174,#14175,#14176,#14177,#14178),.UNSPECIFIED.,.F.,.F.,(4,1,1,1,1
    ,1,4),(0.,0.166666666667,0.333333333333,0.5,0.666666666667,
    0.833333333333,1.),.UNSPECIFIED.);
#14170 = CARTESIAN_POINT('',(6.91889126611,-1.860487222187));
#14171 = CARTESIAN_POINT('',(6.91961594445,-1.842472808558));
#14172 = CARTESIAN_POINT('',(6.92776698022,-1.811353794343));
#14173 = CARTESIAN_POINT('',(6.96353611191,-1.775381294992));
#14174 = CARTESIAN_POINT('',(7.01253519924,-1.762185069099));
#14175 = CARTESIAN_POINT('',(7.06145163922,-1.774893423659));
#14176 = CARTESIAN_POINT('',(7.09796385852,-1.811116189663));
#14177 = CARTESIAN_POINT('',(7.1061549667,-1.842369867186));
#14178 = CARTESIAN_POINT('',(7.10686966887,-1.860487256614));
#14179 = ( GEOMETRIC_REPRESENTATION_CONTEXT(2) 
PARAMETRIC_REPRESENTATION_CONTEXT() REPRESENTATION_CONTEXT('2D SPACE',''
  ) );
#14180 = ADVANCED_FACE('',(#14181),#14124,.F.);
#14181 = FACE_BOUND('',#14182,.T.);
#14182 = EDGE_LOOP('',(#14183,#14184));
#14183 = ORIENTED_EDGE('',*,*,#14094,.T.);
#14184 = ORIENTED_EDGE('',*,*,#14142,.T.);
#14185 = ADVANCED_FACE('',(#14186),#888,.T.);
#14186 = FACE_BOUND('',#14187,.T.);
#14187 = EDGE_LOOP('',(#14188,#14211,#14239,#14267,#14295,#14323,#14351,
    #14372));
#14188 = ORIENTED_EDGE('',*,*,#14189,.T.);
#14189 = EDGE_CURVE('',#871,#14190,#14192,.T.);
#14190 = VERTEX_POINT('',#14191);
#14191 = CARTESIAN_POINT('',(-25.90094323213,7.159677419355,
    -4.593078486158));
#14192 = SURFACE_CURVE('',#14193,(#14197,#14204),.PCURVE_S1.);
#14193 = LINE('',#14194,#14195);
#14194 = CARTESIAN_POINT('',(-25.90094323213,6.359677419355,
    -4.593078486158));
#14195 = VECTOR('',#14196,1.);
#14196 = DIRECTION('',(0.,1.,0.));
#14197 = PCURVE('',#888,#14198);
#14198 = DEFINITIONAL_REPRESENTATION('',(#14199),#14203);
#14199 = LINE('',#14200,#14201);
#14200 = CARTESIAN_POINT('',(-7.5,-6.95));
#14201 = VECTOR('',#14202,1.);
#14202 = DIRECTION('',(0.,-1.));
#14203 = ( GEOMETRIC_REPRESENTATION_CONTEXT(2) 
PARAMETRIC_REPRESENTATION_CONTEXT() REPRESENTATION_CONTEXT('2D SPACE',''
  ) );
#14204 = PCURVE('',#970,#14205);
#14205 = DEFINITIONAL_REPRESENTATION('',(#14206),#14210);
#14206 = LINE('',#14207,#14208);
#14207 = CARTESIAN_POINT('',(0.,1.));
#14208 = VECTOR('',#14209,1.);
#14209 = DIRECTION('',(0.,1.));
#14210 = ( GEOMETRIC_REPRESENTATION_CONTEXT(2) 
PARAMETRIC_REPRESENTATION_CONTEXT() REPRESENTATION_CONTEXT('2D SPACE',''
  ) );
#14211 = ORIENTED_EDGE('',*,*,#14212,.T.);
#14212 = EDGE_CURVE('',#14190,#14213,#14215,.T.);
#14213 = VERTEX_POINT('',#14214);
#14214 = CARTESIAN_POINT('',(-25.10094323213,7.159677419355,
    -4.593078486158));
#14215 = SURFACE_CURVE('',#14216,(#14220,#14227),.PCURVE_S1.);
#14216 = LINE('',#14217,#14218);
#14217 = CARTESIAN_POINT('',(-25.90094323213,7.159677419355,
    -4.593078486158));
#14218 = VECTOR('',#14219,1.);
#14219 = DIRECTION('',(1.,0.,0.));
#14220 = PCURVE('',#888,#14221);
#14221 = DEFINITIONAL_REPRESENTATION('',(#14222),#14226);
#14222 = LINE('',#14223,#14224);
#14223 = CARTESIAN_POINT('',(-7.5,-7.75));
#14224 = VECTOR('',#14225,1.);
#14225 = DIRECTION('',(1.,0.));
#14226 = ( GEOMETRIC_REPRESENTATION_CONTEXT(2) 
PARAMETRIC_REPRESENTATION_CONTEXT() REPRESENTATION_CONTEXT('2D SPACE',''
  ) );
#14227 = PCURVE('',#14228,#14233);
#14228 = PLANE('',#14229);
#14229 = AXIS2_PLACEMENT_3D('',#14230,#14231,#14232);
#14230 = CARTESIAN_POINT('',(-25.90094323213,7.159677419355,
    -4.593078486158));
#14231 = DIRECTION('',(0.,-1.,0.));
#14232 = DIRECTION('',(0.,0.,1.));
#14233 = DEFINITIONAL_REPRESENTATION('',(#14234),#14238);
#14234 = LINE('',#14235,#14236);
#14235 = CARTESIAN_POINT('',(0.,0.));
#14236 = VECTOR('',#14237,1.);
#14237 = DIRECTION('',(0.,-1.));
#14238 = ( GEOMETRIC_REPRESENTATION_CONTEXT(2) 
PARAMETRIC_REPRESENTATION_CONTEXT() REPRESENTATION_CONTEXT('2D SPACE',''
  ) );
#14239 = ORIENTED_EDGE('',*,*,#14240,.T.);
#14240 = EDGE_CURVE('',#14213,#14241,#14243,.T.);
#14241 = VERTEX_POINT('',#14242);
#14242 = CARTESIAN_POINT('',(-25.10094323213,6.909677419355,
    -4.593078486158));
#14243 = SURFACE_CURVE('',#14244,(#14248,#14255),.PCURVE_S1.);
#14244 = LINE('',#14245,#14246);
#14245 = CARTESIAN_POINT('',(-25.10094323213,7.159677419355,
    -4.593078486158));
#14246 = VECTOR('',#14247,1.);
#14247 = DIRECTION('',(0.,-1.,0.));
#14248 = PCURVE('',#888,#14249);
#14249 = DEFINITIONAL_REPRESENTATION('',(#14250),#14254);
#14250 = LINE('',#14251,#14252);
#14251 = CARTESIAN_POINT('',(-6.7,-7.75));
#14252 = VECTOR('',#14253,1.);
#14253 = DIRECTION('',(0.,1.));
#14254 = ( GEOMETRIC_REPRESENTATION_CONTEXT(2) 
PARAMETRIC_REPRESENTATION_CONTEXT() REPRESENTATION_CONTEXT('2D SPACE',''
  ) );
#14255 = PCURVE('',#14256,#14261);
#14256 = PLANE('',#14257);
#14257 = AXIS2_PLACEMENT_3D('',#14258,#14259,#14260);
#14258 = CARTESIAN_POINT('',(-25.10094323213,7.159677419355,
    -4.593078486158));
#14259 = DIRECTION('',(-1.,0.,0.));
#14260 = DIRECTION('',(0.,-1.,0.));
#14261 = DEFINITIONAL_REPRESENTATION('',(#14262),#14266);
#14262 = LINE('',#14263,#14264);
#14263 = CARTESIAN_POINT('',(0.,0.));
#14264 = VECTOR('',#14265,1.);
#14265 = DIRECTION('',(1.,0.));
#14266 = ( GEOMETRIC_REPRESENTATION_CONTEXT(2) 
PARAMETRIC_REPRESENTATION_CONTEXT() REPRESENTATION_CONTEXT('2D SPACE',''
  ) );
#14267 = ORIENTED_EDGE('',*,*,#14268,.T.);
#14268 = EDGE_CURVE('',#14241,#14269,#14271,.T.);
#14269 = VERTEX_POINT('',#14270);
#14270 = CARTESIAN_POINT('',(-24.30094323213,6.909677419355,
    -4.593078486158));
#14271 = SURFACE_CURVE('',#14272,(#14276,#14283),.PCURVE_S1.);
#14272 = LINE('',#14273,#14274);
#14273 = CARTESIAN_POINT('',(-25.10094323213,6.909677419355,
    -4.593078486158));
#14274 = VECTOR('',#14275,1.);
#14275 = DIRECTION('',(1.,0.,0.));
#14276 = PCURVE('',#888,#14277);
#14277 = DEFINITIONAL_REPRESENTATION('',(#14278),#14282);
#14278 = LINE('',#14279,#14280);
#14279 = CARTESIAN_POINT('',(-6.7,-7.5));
#14280 = VECTOR('',#14281,1.);
#14281 = DIRECTION('',(1.,0.));
#14282 = ( GEOMETRIC_REPRESENTATION_CONTEXT(2) 
PARAMETRIC_REPRESENTATION_CONTEXT() REPRESENTATION_CONTEXT('2D SPACE',''
  ) );
#14283 = PCURVE('',#14284,#14289);
#14284 = PLANE('',#14285);
#14285 = AXIS2_PLACEMENT_3D('',#14286,#14287,#14288);
#14286 = CARTESIAN_POINT('',(-25.10094323213,6.909677419355,
    -4.593078486158));
#14287 = DIRECTION('',(0.,-1.,0.));
#14288 = DIRECTION('',(0.,0.,1.));
#14289 = DEFINITIONAL_REPRESENTATION('',(#14290),#14294);
#14290 = LINE('',#14291,#14292);
#14291 = CARTESIAN_POINT('',(0.,0.));
#14292 = VECTOR('',#14293,1.);
#14293 = DIRECTION('',(0.,-1.));
#14294 = ( GEOMETRIC_REPRESENTATION_CONTEXT(2) 
PARAMETRIC_REPRESENTATION_CONTEXT() REPRESENTATION_CONTEXT('2D SPACE',''
  ) );
#14295 = ORIENTED_EDGE('',*,*,#14296,.T.);
#14296 = EDGE_CURVE('',#14269,#14297,#14299,.T.);
#14297 = VERTEX_POINT('',#14298);
#14298 = CARTESIAN_POINT('',(-24.30094323213,7.159677419355,
    -4.593078486158));
#14299 = SURFACE_CURVE('',#14300,(#14304,#14311),.PCURVE_S1.);
#14300 = LINE('',#14301,#14302);
#14301 = CARTESIAN_POINT('',(-24.30094323213,6.909677419355,
    -4.593078486158));
#14302 = VECTOR('',#14303,1.);
#14303 = DIRECTION('',(0.,1.,0.));
#14304 = PCURVE('',#888,#14305);
#14305 = DEFINITIONAL_REPRESENTATION('',(#14306),#14310);
#14306 = LINE('',#14307,#14308);
#14307 = CARTESIAN_POINT('',(-5.9,-7.5));
#14308 = VECTOR('',#14309,1.);
#14309 = DIRECTION('',(0.,-1.));
#14310 = ( GEOMETRIC_REPRESENTATION_CONTEXT(2) 
PARAMETRIC_REPRESENTATION_CONTEXT() REPRESENTATION_CONTEXT('2D SPACE',''
  ) );
#14311 = PCURVE('',#14312,#14317);
#14312 = PLANE('',#14313);
#14313 = AXIS2_PLACEMENT_3D('',#14314,#14315,#14316);
#14314 = CARTESIAN_POINT('',(-24.30094323213,6.909677419355,
    -4.593078486158));
#14315 = DIRECTION('',(1.,0.,0.));
#14316 = DIRECTION('',(0.,0.,-1.));
#14317 = DEFINITIONAL_REPRESENTATION('',(#14318),#14322);
#14318 = LINE('',#14319,#14320);
#14319 = CARTESIAN_POINT('',(0.,0.));
#14320 = VECTOR('',#14321,1.);
#14321 = DIRECTION('',(0.,1.));
#14322 = ( GEOMETRIC_REPRESENTATION_CONTEXT(2) 
PARAMETRIC_REPRESENTATION_CONTEXT() REPRESENTATION_CONTEXT('2D SPACE',''
  ) );
#14323 = ORIENTED_EDGE('',*,*,#14324,.T.);
#14324 = EDGE_CURVE('',#14297,#14325,#14327,.T.);
#14325 = VERTEX_POINT('',#14326);
#14326 = CARTESIAN_POINT('',(-23.50094323213,7.159677419355,
    -4.593078486158));
#14327 = SURFACE_CURVE('',#14328,(#14332,#14339),.PCURVE_S1.);
#14328 = LINE('',#14329,#14330);
#14329 = CARTESIAN_POINT('',(-24.30094323213,7.159677419355,
    -4.593078486158));
#14330 = VECTOR('',#14331,1.);
#14331 = DIRECTION('',(1.,0.,0.));
#14332 = PCURVE('',#888,#14333);
#14333 = DEFINITIONAL_REPRESENTATION('',(#14334),#14338);
#14334 = LINE('',#14335,#14336);
#14335 = CARTESIAN_POINT('',(-5.9,-7.75));
#14336 = VECTOR('',#14337,1.);
#14337 = DIRECTION('',(1.,0.));
#14338 = ( GEOMETRIC_REPRESENTATION_CONTEXT(2) 
PARAMETRIC_REPRESENTATION_CONTEXT() REPRESENTATION_CONTEXT('2D SPACE',''
  ) );
#14339 = PCURVE('',#14340,#14345);
#14340 = PLANE('',#14341);
#14341 = AXIS2_PLACEMENT_3D('',#14342,#14343,#14344);
#14342 = CARTESIAN_POINT('',(-24.30094323213,7.159677419355,
    -4.593078486158));
#14343 = DIRECTION('',(0.,-1.,0.));
#14344 = DIRECTION('',(0.,0.,1.));
#14345 = DEFINITIONAL_REPRESENTATION('',(#14346),#14350);
#14346 = LINE('',#14347,#14348);
#14347 = CARTESIAN_POINT('',(0.,0.));
#14348 = VECTOR('',#14349,1.);
#14349 = DIRECTION('',(0.,-1.));
#14350 = ( GEOMETRIC_REPRESENTATION_CONTEXT(2) 
PARAMETRIC_REPRESENTATION_CONTEXT() REPRESENTATION_CONTEXT('2D SPACE',''
  ) );
#14351 = ORIENTED_EDGE('',*,*,#14352,.T.);
#14352 = EDGE_CURVE('',#14325,#873,#14353,.T.);
#14353 = SURFACE_CURVE('',#14354,(#14358,#14365),.PCURVE_S1.);
#14354 = LINE('',#14355,#14356);
#14355 = CARTESIAN_POINT('',(-23.50094323213,7.159677419355,
    -4.593078486158));
#14356 = VECTOR('',#14357,1.);
#14357 = DIRECTION('',(0.,-1.,0.));
#14358 = PCURVE('',#888,#14359);
#14359 = DEFINITIONAL_REPRESENTATION('',(#14360),#14364);
#14360 = LINE('',#14361,#14362);
#14361 = CARTESIAN_POINT('',(-5.1,-7.75));
#14362 = VECTOR('',#14363,1.);
#14363 = DIRECTION('',(0.,1.));
#14364 = ( GEOMETRIC_REPRESENTATION_CONTEXT(2) 
PARAMETRIC_REPRESENTATION_CONTEXT() REPRESENTATION_CONTEXT('2D SPACE',''
  ) );
#14365 = PCURVE('',#916,#14366);
#14366 = DEFINITIONAL_REPRESENTATION('',(#14367),#14371);
#14367 = LINE('',#14368,#14369);
#14368 = CARTESIAN_POINT('',(0.,0.));
#14369 = VECTOR('',#14370,1.);
#14370 = DIRECTION('',(1.,0.));
#14371 = ( GEOMETRIC_REPRESENTATION_CONTEXT(2) 
PARAMETRIC_REPRESENTATION_CONTEXT() REPRESENTATION_CONTEXT('2D SPACE',''
  ) );
#14372 = ORIENTED_EDGE('',*,*,#870,.F.);
#14373 = ADVANCED_FACE('',(#14374),#970,.F.);
#14374 = FACE_BOUND('',#14375,.T.);
#14375 = EDGE_LOOP('',(#14376,#14377,#14400,#14421));
#14376 = ORIENTED_EDGE('',*,*,#956,.T.);
#14377 = ORIENTED_EDGE('',*,*,#14378,.T.);
#14378 = EDGE_CURVE('',#929,#14379,#14381,.T.);
#14379 = VERTEX_POINT('',#14380);
#14380 = CARTESIAN_POINT('',(-25.90094323213,7.159677419355,
    -3.993078486158));
#14381 = SURFACE_CURVE('',#14382,(#14386,#14393),.PCURVE_S1.);
#14382 = LINE('',#14383,#14384);
#14383 = CARTESIAN_POINT('',(-25.90094323213,6.359677419355,
    -3.993078486158));
#14384 = VECTOR('',#14385,1.);
#14385 = DIRECTION('',(0.,1.,0.));
#14386 = PCURVE('',#970,#14387);
#14387 = DEFINITIONAL_REPRESENTATION('',(#14388),#14392);
#14388 = LINE('',#14389,#14390);
#14389 = CARTESIAN_POINT('',(-0.6,1.));
#14390 = VECTOR('',#14391,1.);
#14391 = DIRECTION('',(0.,1.));
#14392 = ( GEOMETRIC_REPRESENTATION_CONTEXT(2) 
PARAMETRIC_REPRESENTATION_CONTEXT() REPRESENTATION_CONTEXT('2D SPACE',''
  ) );
#14393 = PCURVE('',#944,#14394);
#14394 = DEFINITIONAL_REPRESENTATION('',(#14395),#14399);
#14395 = LINE('',#14396,#14397);
#14396 = CARTESIAN_POINT('',(-7.5,-6.95));
#14397 = VECTOR('',#14398,1.);
#14398 = DIRECTION('',(0.,-1.));
#14399 = ( GEOMETRIC_REPRESENTATION_CONTEXT(2) 
PARAMETRIC_REPRESENTATION_CONTEXT() REPRESENTATION_CONTEXT('2D SPACE',''
  ) );
#14400 = ORIENTED_EDGE('',*,*,#14401,.F.);
#14401 = EDGE_CURVE('',#14190,#14379,#14402,.T.);
#14402 = SURFACE_CURVE('',#14403,(#14407,#14414),.PCURVE_S1.);
#14403 = LINE('',#14404,#14405);
#14404 = CARTESIAN_POINT('',(-25.90094323213,7.159677419355,
    -4.593078486158));
#14405 = VECTOR('',#14406,1.);
#14406 = DIRECTION('',(0.,0.,1.));
#14407 = PCURVE('',#970,#14408);
#14408 = DEFINITIONAL_REPRESENTATION('',(#14409),#14413);
#14409 = LINE('',#14410,#14411);
#14410 = CARTESIAN_POINT('',(0.,1.8));
#14411 = VECTOR('',#14412,1.);
#14412 = DIRECTION('',(-1.,0.));
#14413 = ( GEOMETRIC_REPRESENTATION_CONTEXT(2) 
PARAMETRIC_REPRESENTATION_CONTEXT() REPRESENTATION_CONTEXT('2D SPACE',''
  ) );
#14414 = PCURVE('',#14228,#14415);
#14415 = DEFINITIONAL_REPRESENTATION('',(#14416),#14420);
#14416 = LINE('',#14417,#14418);
#14417 = CARTESIAN_POINT('',(0.,0.));
#14418 = VECTOR('',#14419,1.);
#14419 = DIRECTION('',(1.,0.));
#14420 = ( GEOMETRIC_REPRESENTATION_CONTEXT(2) 
PARAMETRIC_REPRESENTATION_CONTEXT() REPRESENTATION_CONTEXT('2D SPACE',''
  ) );
#14421 = ORIENTED_EDGE('',*,*,#14189,.F.);
#14422 = ADVANCED_FACE('',(#14423),#14228,.F.);
#14423 = FACE_BOUND('',#14424,.T.);
#14424 = EDGE_LOOP('',(#14425,#14448,#14449,#14450));
#14425 = ORIENTED_EDGE('',*,*,#14426,.F.);
#14426 = EDGE_CURVE('',#14213,#14427,#14429,.T.);
#14427 = VERTEX_POINT('',#14428);
#14428 = CARTESIAN_POINT('',(-25.10094323213,7.159677419355,
    -3.993078486158));
#14429 = SURFACE_CURVE('',#14430,(#14434,#14441),.PCURVE_S1.);
#14430 = LINE('',#14431,#14432);
#14431 = CARTESIAN_POINT('',(-25.10094323213,7.159677419355,
    -4.593078486158));
#14432 = VECTOR('',#14433,1.);
#14433 = DIRECTION('',(0.,0.,1.));
#14434 = PCURVE('',#14228,#14435);
#14435 = DEFINITIONAL_REPRESENTATION('',(#14436),#14440);
#14436 = LINE('',#14437,#14438);
#14437 = CARTESIAN_POINT('',(0.,-0.8));
#14438 = VECTOR('',#14439,1.);
#14439 = DIRECTION('',(1.,0.));
#14440 = ( GEOMETRIC_REPRESENTATION_CONTEXT(2) 
PARAMETRIC_REPRESENTATION_CONTEXT() REPRESENTATION_CONTEXT('2D SPACE',''
  ) );
#14441 = PCURVE('',#14256,#14442);
#14442 = DEFINITIONAL_REPRESENTATION('',(#14443),#14447);
#14443 = LINE('',#14444,#14445);
#14444 = CARTESIAN_POINT('',(0.,0.));
#14445 = VECTOR('',#14446,1.);
#14446 = DIRECTION('',(0.,1.));
#14447 = ( GEOMETRIC_REPRESENTATION_CONTEXT(2) 
PARAMETRIC_REPRESENTATION_CONTEXT() REPRESENTATION_CONTEXT('2D SPACE',''
  ) );
#14448 = ORIENTED_EDGE('',*,*,#14212,.F.);
#14449 = ORIENTED_EDGE('',*,*,#14401,.T.);
#14450 = ORIENTED_EDGE('',*,*,#14451,.T.);
#14451 = EDGE_CURVE('',#14379,#14427,#14452,.T.);
#14452 = SURFACE_CURVE('',#14453,(#14457,#14464),.PCURVE_S1.);
#14453 = LINE('',#14454,#14455);
#14454 = CARTESIAN_POINT('',(-25.90094323213,7.159677419355,
    -3.993078486158));
#14455 = VECTOR('',#14456,1.);
#14456 = DIRECTION('',(1.,0.,0.));
#14457 = PCURVE('',#14228,#14458);
#14458 = DEFINITIONAL_REPRESENTATION('',(#14459),#14463);
#14459 = LINE('',#14460,#14461);
#14460 = CARTESIAN_POINT('',(0.6,0.));
#14461 = VECTOR('',#14462,1.);
#14462 = DIRECTION('',(0.,-1.));
#14463 = ( GEOMETRIC_REPRESENTATION_CONTEXT(2) 
PARAMETRIC_REPRESENTATION_CONTEXT() REPRESENTATION_CONTEXT('2D SPACE',''
  ) );
#14464 = PCURVE('',#944,#14465);
#14465 = DEFINITIONAL_REPRESENTATION('',(#14466),#14470);
#14466 = LINE('',#14467,#14468);
#14467 = CARTESIAN_POINT('',(-7.5,-7.75));
#14468 = VECTOR('',#14469,1.);
#14469 = DIRECTION('',(1.,0.));
#14470 = ( GEOMETRIC_REPRESENTATION_CONTEXT(2) 
PARAMETRIC_REPRESENTATION_CONTEXT() REPRESENTATION_CONTEXT('2D SPACE',''
  ) );
#14471 = ADVANCED_FACE('',(#14472),#14256,.F.);
#14472 = FACE_BOUND('',#14473,.T.);
#14473 = EDGE_LOOP('',(#14474,#14497,#14498,#14499));
#14474 = ORIENTED_EDGE('',*,*,#14475,.F.);
#14475 = EDGE_CURVE('',#14241,#14476,#14478,.T.);
#14476 = VERTEX_POINT('',#14477);
#14477 = CARTESIAN_POINT('',(-25.10094323213,6.909677419355,
    -3.993078486158));
#14478 = SURFACE_CURVE('',#14479,(#14483,#14490),.PCURVE_S1.);
#14479 = LINE('',#14480,#14481);
#14480 = CARTESIAN_POINT('',(-25.10094323213,6.909677419355,
    -4.593078486158));
#14481 = VECTOR('',#14482,1.);
#14482 = DIRECTION('',(0.,0.,1.));
#14483 = PCURVE('',#14256,#14484);
#14484 = DEFINITIONAL_REPRESENTATION('',(#14485),#14489);
#14485 = LINE('',#14486,#14487);
#14486 = CARTESIAN_POINT('',(0.25,0.));
#14487 = VECTOR('',#14488,1.);
#14488 = DIRECTION('',(0.,1.));
#14489 = ( GEOMETRIC_REPRESENTATION_CONTEXT(2) 
PARAMETRIC_REPRESENTATION_CONTEXT() REPRESENTATION_CONTEXT('2D SPACE',''
  ) );
#14490 = PCURVE('',#14284,#14491);
#14491 = DEFINITIONAL_REPRESENTATION('',(#14492),#14496);
#14492 = LINE('',#14493,#14494);
#14493 = CARTESIAN_POINT('',(0.,0.));
#14494 = VECTOR('',#14495,1.);
#14495 = DIRECTION('',(1.,0.));
#14496 = ( GEOMETRIC_REPRESENTATION_CONTEXT(2) 
PARAMETRIC_REPRESENTATION_CONTEXT() REPRESENTATION_CONTEXT('2D SPACE',''
  ) );
#14497 = ORIENTED_EDGE('',*,*,#14240,.F.);
#14498 = ORIENTED_EDGE('',*,*,#14426,.T.);
#14499 = ORIENTED_EDGE('',*,*,#14500,.T.);
#14500 = EDGE_CURVE('',#14427,#14476,#14501,.T.);
#14501 = SURFACE_CURVE('',#14502,(#14506,#14513),.PCURVE_S1.);
#14502 = LINE('',#14503,#14504);
#14503 = CARTESIAN_POINT('',(-25.10094323213,7.159677419355,
    -3.993078486158));
#14504 = VECTOR('',#14505,1.);
#14505 = DIRECTION('',(0.,-1.,0.));
#14506 = PCURVE('',#14256,#14507);
#14507 = DEFINITIONAL_REPRESENTATION('',(#14508),#14512);
#14508 = LINE('',#14509,#14510);
#14509 = CARTESIAN_POINT('',(0.,0.6));
#14510 = VECTOR('',#14511,1.);
#14511 = DIRECTION('',(1.,0.));
#14512 = ( GEOMETRIC_REPRESENTATION_CONTEXT(2) 
PARAMETRIC_REPRESENTATION_CONTEXT() REPRESENTATION_CONTEXT('2D SPACE',''
  ) );
#14513 = PCURVE('',#944,#14514);
#14514 = DEFINITIONAL_REPRESENTATION('',(#14515),#14519);
#14515 = LINE('',#14516,#14517);
#14516 = CARTESIAN_POINT('',(-6.7,-7.75));
#14517 = VECTOR('',#14518,1.);
#14518 = DIRECTION('',(0.,1.));
#14519 = ( GEOMETRIC_REPRESENTATION_CONTEXT(2) 
PARAMETRIC_REPRESENTATION_CONTEXT() REPRESENTATION_CONTEXT('2D SPACE',''
  ) );
#14520 = ADVANCED_FACE('',(#14521),#14284,.F.);
#14521 = FACE_BOUND('',#14522,.T.);
#14522 = EDGE_LOOP('',(#14523,#14546,#14547,#14548));
#14523 = ORIENTED_EDGE('',*,*,#14524,.F.);
#14524 = EDGE_CURVE('',#14269,#14525,#14527,.T.);
#14525 = VERTEX_POINT('',#14526);
#14526 = CARTESIAN_POINT('',(-24.30094323213,6.909677419355,
    -3.993078486158));
#14527 = SURFACE_CURVE('',#14528,(#14532,#14539),.PCURVE_S1.);
#14528 = LINE('',#14529,#14530);
#14529 = CARTESIAN_POINT('',(-24.30094323213,6.909677419355,
    -4.593078486158));
#14530 = VECTOR('',#14531,1.);
#14531 = DIRECTION('',(0.,0.,1.));
#14532 = PCURVE('',#14284,#14533);
#14533 = DEFINITIONAL_REPRESENTATION('',(#14534),#14538);
#14534 = LINE('',#14535,#14536);
#14535 = CARTESIAN_POINT('',(0.,-0.8));
#14536 = VECTOR('',#14537,1.);
#14537 = DIRECTION('',(1.,0.));
#14538 = ( GEOMETRIC_REPRESENTATION_CONTEXT(2) 
PARAMETRIC_REPRESENTATION_CONTEXT() REPRESENTATION_CONTEXT('2D SPACE',''
  ) );
#14539 = PCURVE('',#14312,#14540);
#14540 = DEFINITIONAL_REPRESENTATION('',(#14541),#14545);
#14541 = LINE('',#14542,#14543);
#14542 = CARTESIAN_POINT('',(0.,0.));
#14543 = VECTOR('',#14544,1.);
#14544 = DIRECTION('',(-1.,0.));
#14545 = ( GEOMETRIC_REPRESENTATION_CONTEXT(2) 
PARAMETRIC_REPRESENTATION_CONTEXT() REPRESENTATION_CONTEXT('2D SPACE',''
  ) );
#14546 = ORIENTED_EDGE('',*,*,#14268,.F.);
#14547 = ORIENTED_EDGE('',*,*,#14475,.T.);
#14548 = ORIENTED_EDGE('',*,*,#14549,.T.);
#14549 = EDGE_CURVE('',#14476,#14525,#14550,.T.);
#14550 = SURFACE_CURVE('',#14551,(#14555,#14562),.PCURVE_S1.);
#14551 = LINE('',#14552,#14553);
#14552 = CARTESIAN_POINT('',(-25.10094323213,6.909677419355,
    -3.993078486158));
#14553 = VECTOR('',#14554,1.);
#14554 = DIRECTION('',(1.,0.,0.));
#14555 = PCURVE('',#14284,#14556);
#14556 = DEFINITIONAL_REPRESENTATION('',(#14557),#14561);
#14557 = LINE('',#14558,#14559);
#14558 = CARTESIAN_POINT('',(0.6,0.));
#14559 = VECTOR('',#14560,1.);
#14560 = DIRECTION('',(0.,-1.));
#14561 = ( GEOMETRIC_REPRESENTATION_CONTEXT(2) 
PARAMETRIC_REPRESENTATION_CONTEXT() REPRESENTATION_CONTEXT('2D SPACE',''
  ) );
#14562 = PCURVE('',#944,#14563);
#14563 = DEFINITIONAL_REPRESENTATION('',(#14564),#14568);
#14564 = LINE('',#14565,#14566);
#14565 = CARTESIAN_POINT('',(-6.7,-7.5));
#14566 = VECTOR('',#14567,1.);
#14567 = DIRECTION('',(1.,0.));
#14568 = ( GEOMETRIC_REPRESENTATION_CONTEXT(2) 
PARAMETRIC_REPRESENTATION_CONTEXT() REPRESENTATION_CONTEXT('2D SPACE',''
  ) );
#14569 = ADVANCED_FACE('',(#14570),#14312,.F.);
#14570 = FACE_BOUND('',#14571,.T.);
#14571 = EDGE_LOOP('',(#14572,#14595,#14596,#14597));
#14572 = ORIENTED_EDGE('',*,*,#14573,.F.);
#14573 = EDGE_CURVE('',#14297,#14574,#14576,.T.);
#14574 = VERTEX_POINT('',#14575);
#14575 = CARTESIAN_POINT('',(-24.30094323213,7.159677419355,
    -3.993078486158));
#14576 = SURFACE_CURVE('',#14577,(#14581,#14588),.PCURVE_S1.);
#14577 = LINE('',#14578,#14579);
#14578 = CARTESIAN_POINT('',(-24.30094323213,7.159677419355,
    -4.593078486158));
#14579 = VECTOR('',#14580,1.);
#14580 = DIRECTION('',(0.,0.,1.));
#14581 = PCURVE('',#14312,#14582);
#14582 = DEFINITIONAL_REPRESENTATION('',(#14583),#14587);
#14583 = LINE('',#14584,#14585);
#14584 = CARTESIAN_POINT('',(0.,0.25));
#14585 = VECTOR('',#14586,1.);
#14586 = DIRECTION('',(-1.,0.));
#14587 = ( GEOMETRIC_REPRESENTATION_CONTEXT(2) 
PARAMETRIC_REPRESENTATION_CONTEXT() REPRESENTATION_CONTEXT('2D SPACE',''
  ) );
#14588 = PCURVE('',#14340,#14589);
#14589 = DEFINITIONAL_REPRESENTATION('',(#14590),#14594);
#14590 = LINE('',#14591,#14592);
#14591 = CARTESIAN_POINT('',(0.,0.));
#14592 = VECTOR('',#14593,1.);
#14593 = DIRECTION('',(1.,0.));
#14594 = ( GEOMETRIC_REPRESENTATION_CONTEXT(2) 
PARAMETRIC_REPRESENTATION_CONTEXT() REPRESENTATION_CONTEXT('2D SPACE',''
  ) );
#14595 = ORIENTED_EDGE('',*,*,#14296,.F.);
#14596 = ORIENTED_EDGE('',*,*,#14524,.T.);
#14597 = ORIENTED_EDGE('',*,*,#14598,.T.);
#14598 = EDGE_CURVE('',#14525,#14574,#14599,.T.);
#14599 = SURFACE_CURVE('',#14600,(#14604,#14611),.PCURVE_S1.);
#14600 = LINE('',#14601,#14602);
#14601 = CARTESIAN_POINT('',(-24.30094323213,6.909677419355,
    -3.993078486158));
#14602 = VECTOR('',#14603,1.);
#14603 = DIRECTION('',(0.,1.,0.));
#14604 = PCURVE('',#14312,#14605);
#14605 = DEFINITIONAL_REPRESENTATION('',(#14606),#14610);
#14606 = LINE('',#14607,#14608);
#14607 = CARTESIAN_POINT('',(-0.6,0.));
#14608 = VECTOR('',#14609,1.);
#14609 = DIRECTION('',(0.,1.));
#14610 = ( GEOMETRIC_REPRESENTATION_CONTEXT(2) 
PARAMETRIC_REPRESENTATION_CONTEXT() REPRESENTATION_CONTEXT('2D SPACE',''
  ) );
#14611 = PCURVE('',#944,#14612);
#14612 = DEFINITIONAL_REPRESENTATION('',(#14613),#14617);
#14613 = LINE('',#14614,#14615);
#14614 = CARTESIAN_POINT('',(-5.9,-7.5));
#14615 = VECTOR('',#14616,1.);
#14616 = DIRECTION('',(0.,-1.));
#14617 = ( GEOMETRIC_REPRESENTATION_CONTEXT(2) 
PARAMETRIC_REPRESENTATION_CONTEXT() REPRESENTATION_CONTEXT('2D SPACE',''
  ) );
#14618 = ADVANCED_FACE('',(#14619),#14340,.F.);
#14619 = FACE_BOUND('',#14620,.T.);
#14620 = EDGE_LOOP('',(#14621,#14644,#14645,#14646));
#14621 = ORIENTED_EDGE('',*,*,#14622,.F.);
#14622 = EDGE_CURVE('',#14325,#14623,#14625,.T.);
#14623 = VERTEX_POINT('',#14624);
#14624 = CARTESIAN_POINT('',(-23.50094323213,7.159677419355,
    -3.993078486158));
#14625 = SURFACE_CURVE('',#14626,(#14630,#14637),.PCURVE_S1.);
#14626 = LINE('',#14627,#14628);
#14627 = CARTESIAN_POINT('',(-23.50094323213,7.159677419355,
    -4.593078486158));
#14628 = VECTOR('',#14629,1.);
#14629 = DIRECTION('',(0.,0.,1.));
#14630 = PCURVE('',#14340,#14631);
#14631 = DEFINITIONAL_REPRESENTATION('',(#14632),#14636);
#14632 = LINE('',#14633,#14634);
#14633 = CARTESIAN_POINT('',(0.,-0.8));
#14634 = VECTOR('',#14635,1.);
#14635 = DIRECTION('',(1.,0.));
#14636 = ( GEOMETRIC_REPRESENTATION_CONTEXT(2) 
PARAMETRIC_REPRESENTATION_CONTEXT() REPRESENTATION_CONTEXT('2D SPACE',''
  ) );
#14637 = PCURVE('',#916,#14638);
#14638 = DEFINITIONAL_REPRESENTATION('',(#14639),#14643);
#14639 = LINE('',#14640,#14641);
#14640 = CARTESIAN_POINT('',(0.,0.));
#14641 = VECTOR('',#14642,1.);
#14642 = DIRECTION('',(0.,1.));
#14643 = ( GEOMETRIC_REPRESENTATION_CONTEXT(2) 
PARAMETRIC_REPRESENTATION_CONTEXT() REPRESENTATION_CONTEXT('2D SPACE',''
  ) );
#14644 = ORIENTED_EDGE('',*,*,#14324,.F.);
#14645 = ORIENTED_EDGE('',*,*,#14573,.T.);
#14646 = ORIENTED_EDGE('',*,*,#14647,.T.);
#14647 = EDGE_CURVE('',#14574,#14623,#14648,.T.);
#14648 = SURFACE_CURVE('',#14649,(#14653,#14660),.PCURVE_S1.);
#14649 = LINE('',#14650,#14651);
#14650 = CARTESIAN_POINT('',(-24.30094323213,7.159677419355,
    -3.993078486158));
#14651 = VECTOR('',#14652,1.);
#14652 = DIRECTION('',(1.,0.,0.));
#14653 = PCURVE('',#14340,#14654);
#14654 = DEFINITIONAL_REPRESENTATION('',(#14655),#14659);
#14655 = LINE('',#14656,#14657);
#14656 = CARTESIAN_POINT('',(0.6,0.));
#14657 = VECTOR('',#14658,1.);
#14658 = DIRECTION('',(0.,-1.));
#14659 = ( GEOMETRIC_REPRESENTATION_CONTEXT(2) 
PARAMETRIC_REPRESENTATION_CONTEXT() REPRESENTATION_CONTEXT('2D SPACE',''
  ) );
#14660 = PCURVE('',#944,#14661);
#14661 = DEFINITIONAL_REPRESENTATION('',(#14662),#14666);
#14662 = LINE('',#14663,#14664);
#14663 = CARTESIAN_POINT('',(-5.9,-7.75));
#14664 = VECTOR('',#14665,1.);
#14665 = DIRECTION('',(1.,0.));
#14666 = ( GEOMETRIC_REPRESENTATION_CONTEXT(2) 
PARAMETRIC_REPRESENTATION_CONTEXT() REPRESENTATION_CONTEXT('2D SPACE',''
  ) );
#14667 = ADVANCED_FACE('',(#14668),#916,.F.);
#14668 = FACE_BOUND('',#14669,.T.);
#14669 = EDGE_LOOP('',(#14670,#14671,#14672,#14673));
#14670 = ORIENTED_EDGE('',*,*,#900,.T.);
#14671 = ORIENTED_EDGE('',*,*,#14352,.F.);
#14672 = ORIENTED_EDGE('',*,*,#14622,.T.);
#14673 = ORIENTED_EDGE('',*,*,#14674,.T.);
#14674 = EDGE_CURVE('',#14623,#901,#14675,.T.);
#14675 = SURFACE_CURVE('',#14676,(#14680,#14687),.PCURVE_S1.);
#14676 = LINE('',#14677,#14678);
#14677 = CARTESIAN_POINT('',(-23.50094323213,7.159677419355,
    -3.993078486158));
#14678 = VECTOR('',#14679,1.);
#14679 = DIRECTION('',(0.,-1.,0.));
#14680 = PCURVE('',#916,#14681);
#14681 = DEFINITIONAL_REPRESENTATION('',(#14682),#14686);
#14682 = LINE('',#14683,#14684);
#14683 = CARTESIAN_POINT('',(0.,0.6));
#14684 = VECTOR('',#14685,1.);
#14685 = DIRECTION('',(1.,0.));
#14686 = ( GEOMETRIC_REPRESENTATION_CONTEXT(2) 
PARAMETRIC_REPRESENTATION_CONTEXT() REPRESENTATION_CONTEXT('2D SPACE',''
  ) );
#14687 = PCURVE('',#944,#14688);
#14688 = DEFINITIONAL_REPRESENTATION('',(#14689),#14693);
#14689 = LINE('',#14690,#14691);
#14690 = CARTESIAN_POINT('',(-5.1,-7.75));
#14691 = VECTOR('',#14692,1.);
#14692 = DIRECTION('',(0.,1.));
#14693 = ( GEOMETRIC_REPRESENTATION_CONTEXT(2) 
PARAMETRIC_REPRESENTATION_CONTEXT() REPRESENTATION_CONTEXT('2D SPACE',''
  ) );
#14694 = ADVANCED_FACE('',(#14695),#944,.F.);
#14695 = FACE_BOUND('',#14696,.T.);
#14696 = EDGE_LOOP('',(#14697,#14698,#14699,#14700,#14701,#14702,#14703,
    #14704));
#14697 = ORIENTED_EDGE('',*,*,#928,.T.);
#14698 = ORIENTED_EDGE('',*,*,#14674,.F.);
#14699 = ORIENTED_EDGE('',*,*,#14647,.F.);
#14700 = ORIENTED_EDGE('',*,*,#14598,.F.);
#14701 = ORIENTED_EDGE('',*,*,#14549,.F.);
#14702 = ORIENTED_EDGE('',*,*,#14500,.F.);
#14703 = ORIENTED_EDGE('',*,*,#14451,.F.);
#14704 = ORIENTED_EDGE('',*,*,#14378,.F.);
#14705 = ADVANCED_FACE('',(#14706),#372,.T.);
#14706 = FACE_BOUND('',#14707,.T.);
#14707 = EDGE_LOOP('',(#14708,#14738,#14759,#14760));
#14708 = ORIENTED_EDGE('',*,*,#14709,.T.);
#14709 = EDGE_CURVE('',#14710,#14712,#14714,.T.);
#14710 = VERTEX_POINT('',#14711);
#14711 = CARTESIAN_POINT('',(-16.40094323213,-5.390322580645,
    -5.493078486158));
#14712 = VERTEX_POINT('',#14713);
#14713 = CARTESIAN_POINT('',(-16.40094323213,-5.390322580645,
    -5.093078486158));
#14714 = SURFACE_CURVE('',#14715,(#14719,#14726),.PCURVE_S1.);
#14715 = LINE('',#14716,#14717);
#14716 = CARTESIAN_POINT('',(-16.40094323213,-5.390322580645,
    -5.493078486158));
#14717 = VECTOR('',#14718,1.);
#14718 = DIRECTION('',(1.598721155459E-13,5.551115123121E-14,1.));
#14719 = PCURVE('',#372,#14720);
#14720 = DEFINITIONAL_REPRESENTATION('',(#14721),#14725);
#14721 = LINE('',#14722,#14723);
#14722 = CARTESIAN_POINT('',(0.,-8.6));
#14723 = VECTOR('',#14724,1.);
#14724 = DIRECTION('',(1.,-1.598721155459E-13));
#14725 = ( GEOMETRIC_REPRESENTATION_CONTEXT(2) 
PARAMETRIC_REPRESENTATION_CONTEXT() REPRESENTATION_CONTEXT('2D SPACE',''
  ) );
#14726 = PCURVE('',#14727,#14732);
#14727 = PLANE('',#14728);
#14728 = AXIS2_PLACEMENT_3D('',#14729,#14730,#14731);
#14729 = CARTESIAN_POINT('',(-15.90094323213,-5.256347984429,
    -4.293078486158));
#14730 = DIRECTION('',(-0.258819045103,0.965925826289,0.));
#14731 = DIRECTION('',(0.,0.,1.));
#14732 = DEFINITIONAL_REPRESENTATION('',(#14733),#14737);
#14733 = LINE('',#14734,#14735);
#14734 = CARTESIAN_POINT('',(-1.2,-0.517638090205));
#14735 = VECTOR('',#14736,1.);
#14736 = DIRECTION('',(1.,1.687919484635E-13));
#14737 = ( GEOMETRIC_REPRESENTATION_CONTEXT(2) 
PARAMETRIC_REPRESENTATION_CONTEXT() REPRESENTATION_CONTEXT('2D SPACE',''
  ) );
#14738 = ORIENTED_EDGE('',*,*,#14739,.F.);
#14739 = EDGE_CURVE('',#357,#14712,#14740,.T.);
#14740 = SURFACE_CURVE('',#14741,(#14745,#14752),.PCURVE_S1.);
#14741 = LINE('',#14742,#14743);
#14742 = CARTESIAN_POINT('',(-19.00094323213,-5.390322580645,
    -5.093078486158));
#14743 = VECTOR('',#14744,1.);
#14744 = DIRECTION('',(1.,2.732856676E-14,1.15463194561E-13));
#14745 = PCURVE('',#372,#14746);
#14746 = DEFINITIONAL_REPRESENTATION('',(#14747),#14751);
#14747 = LINE('',#14748,#14749);
#14748 = CARTESIAN_POINT('',(0.4,-6.));
#14749 = VECTOR('',#14750,1.);
#14750 = DIRECTION('',(1.15463194561E-13,-1.));
#14751 = ( GEOMETRIC_REPRESENTATION_CONTEXT(2) 
PARAMETRIC_REPRESENTATION_CONTEXT() REPRESENTATION_CONTEXT('2D SPACE',''
  ) );
#14752 = PCURVE('',#400,#14753);
#14753 = DEFINITIONAL_REPRESENTATION('',(#14754),#14758);
#14754 = LINE('',#14755,#14756);
#14755 = CARTESIAN_POINT('',(0.,6.));
#14756 = VECTOR('',#14757,1.);
#14757 = DIRECTION('',(-2.732856676E-14,1.));
#14758 = ( GEOMETRIC_REPRESENTATION_CONTEXT(2) 
PARAMETRIC_REPRESENTATION_CONTEXT() REPRESENTATION_CONTEXT('2D SPACE',''
  ) );
#14759 = ORIENTED_EDGE('',*,*,#354,.F.);
#14760 = ORIENTED_EDGE('',*,*,#14761,.T.);
#14761 = EDGE_CURVE('',#355,#14710,#14762,.T.);
#14762 = SURFACE_CURVE('',#14763,(#14767,#14774),.PCURVE_S1.);
#14763 = LINE('',#14764,#14765);
#14764 = CARTESIAN_POINT('',(-19.00094323213,-5.390322580645,
    -5.493078486158));
#14765 = VECTOR('',#14766,1.);
#14766 = DIRECTION('',(1.,2.1862853408E-14,2.08380321545E-14));
#14767 = PCURVE('',#372,#14768);
#14768 = DEFINITIONAL_REPRESENTATION('',(#14769),#14773);
#14769 = LINE('',#14770,#14771);
#14770 = CARTESIAN_POINT('',(0.,-6.));
#14771 = VECTOR('',#14772,1.);
#14772 = DIRECTION('',(2.08380321545E-14,-1.));
#14773 = ( GEOMETRIC_REPRESENTATION_CONTEXT(2) 
PARAMETRIC_REPRESENTATION_CONTEXT() REPRESENTATION_CONTEXT('2D SPACE',''
  ) );
#14774 = PCURVE('',#454,#14775);
#14775 = DEFINITIONAL_REPRESENTATION('',(#14776),#14780);
#14776 = LINE('',#14777,#14778);
#14777 = CARTESIAN_POINT('',(6.,0.));
#14778 = VECTOR('',#14779,1.);
#14779 = DIRECTION('',(1.,-2.1862853408E-14));
#14780 = ( GEOMETRIC_REPRESENTATION_CONTEXT(2) 
PARAMETRIC_REPRESENTATION_CONTEXT() REPRESENTATION_CONTEXT('2D SPACE',''
  ) );
#14781 = ADVANCED_FACE('',(#14782),#14727,.F.);
#14782 = FACE_BOUND('',#14783,.T.);
#14783 = EDGE_LOOP('',(#14784,#14785,#14813,#14841));
#14784 = ORIENTED_EDGE('',*,*,#14709,.F.);
#14785 = ORIENTED_EDGE('',*,*,#14786,.F.);
#14786 = EDGE_CURVE('',#14787,#14710,#14789,.T.);
#14787 = VERTEX_POINT('',#14788);
#14788 = CARTESIAN_POINT('',(-15.90094323213,-5.256347984429,
    -5.359103889942));
#14789 = SURFACE_CURVE('',#14790,(#14794,#14801),.PCURVE_S1.);
#14790 = LINE('',#14791,#14792);
#14791 = CARTESIAN_POINT('',(-15.90094323213,-5.256347984429,
    -5.359103889942));
#14792 = VECTOR('',#14793,1.);
#14793 = DIRECTION('',(-0.935113126531,-0.250562807086,-0.250562807086)
  );
#14794 = PCURVE('',#14727,#14795);
#14795 = DEFINITIONAL_REPRESENTATION('',(#14796),#14800);
#14796 = LINE('',#14797,#14798);
#14797 = CARTESIAN_POINT('',(-1.066025403784,0.));
#14798 = VECTOR('',#14799,1.);
#14799 = DIRECTION('',(-0.250562807086,-0.968100345886));
#14800 = ( GEOMETRIC_REPRESENTATION_CONTEXT(2) 
PARAMETRIC_REPRESENTATION_CONTEXT() REPRESENTATION_CONTEXT('2D SPACE',''
  ) );
#14801 = PCURVE('',#14802,#14807);
#14802 = PLANE('',#14803);
#14803 = AXIS2_PLACEMENT_3D('',#14804,#14805,#14806);
#14804 = CARTESIAN_POINT('',(-15.90094323213,-1.340322580645,
    -5.359103889942));
#14805 = DIRECTION('',(-0.258819045103,0.,0.965925826289));
#14806 = DIRECTION('',(0.,-1.,0.));
#14807 = DEFINITIONAL_REPRESENTATION('',(#14808),#14812);
#14808 = LINE('',#14809,#14810);
#14809 = CARTESIAN_POINT('',(3.916025403784,0.));
#14810 = VECTOR('',#14811,1.);
#14811 = DIRECTION('',(0.250562807086,-0.968100345886));
#14812 = ( GEOMETRIC_REPRESENTATION_CONTEXT(2) 
PARAMETRIC_REPRESENTATION_CONTEXT() REPRESENTATION_CONTEXT('2D SPACE',''
  ) );
#14813 = ORIENTED_EDGE('',*,*,#14814,.F.);
#14814 = EDGE_CURVE('',#14815,#14787,#14817,.T.);
#14815 = VERTEX_POINT('',#14816);
#14816 = CARTESIAN_POINT('',(-15.90094323213,-5.256347984429,
    -5.227053082373));
#14817 = SURFACE_CURVE('',#14818,(#14822,#14829),.PCURVE_S1.);
#14818 = LINE('',#14819,#14820);
#14819 = CARTESIAN_POINT('',(-15.90094323213,-5.256347984429,
    -5.227053082373));
#14820 = VECTOR('',#14821,1.);
#14821 = DIRECTION('',(0.,-1.479727810312E-13,-1.));
#14822 = PCURVE('',#14727,#14823);
#14823 = DEFINITIONAL_REPRESENTATION('',(#14824),#14828);
#14824 = LINE('',#14825,#14826);
#14825 = CARTESIAN_POINT('',(-0.933974596215,0.));
#14826 = VECTOR('',#14827,1.);
#14827 = DIRECTION('',(-1.,-3.829817388773E-14));
#14828 = ( GEOMETRIC_REPRESENTATION_CONTEXT(2) 
PARAMETRIC_REPRESENTATION_CONTEXT() REPRESENTATION_CONTEXT('2D SPACE',''
  ) );
#14829 = PCURVE('',#14830,#14835);
#14830 = PLANE('',#14831);
#14831 = AXIS2_PLACEMENT_3D('',#14832,#14833,#14834);
#14832 = CARTESIAN_POINT('',(-15.90094323213,-1.340322580645,
    -4.293078486158));
#14833 = DIRECTION('',(1.,0.,0.));
#14834 = DIRECTION('',(0.,0.,-1.));
#14835 = DEFINITIONAL_REPRESENTATION('',(#14836),#14840);
#14836 = LINE('',#14837,#14838);
#14837 = CARTESIAN_POINT('',(0.933974596215,-3.916025403784));
#14838 = VECTOR('',#14839,1.);
#14839 = DIRECTION('',(1.,-1.479727810312E-13));
#14840 = ( GEOMETRIC_REPRESENTATION_CONTEXT(2) 
PARAMETRIC_REPRESENTATION_CONTEXT() REPRESENTATION_CONTEXT('2D SPACE',''
  ) );
#14841 = ORIENTED_EDGE('',*,*,#14842,.F.);
#14842 = EDGE_CURVE('',#14712,#14815,#14843,.T.);
#14843 = SURFACE_CURVE('',#14844,(#14848,#14855),.PCURVE_S1.);
#14844 = LINE('',#14845,#14846);
#14845 = CARTESIAN_POINT('',(-16.40094323213,-5.390322580645,
    -5.093078486158));
#14846 = VECTOR('',#14847,1.);
#14847 = DIRECTION('',(0.935113126531,0.250562807086,-0.250562807085));
#14848 = PCURVE('',#14727,#14849);
#14849 = DEFINITIONAL_REPRESENTATION('',(#14850),#14854);
#14850 = LINE('',#14851,#14852);
#14851 = CARTESIAN_POINT('',(-0.8,-0.517638090205));
#14852 = VECTOR('',#14853,1.);
#14853 = DIRECTION('',(-0.250562807085,0.968100345886));
#14854 = ( GEOMETRIC_REPRESENTATION_CONTEXT(2) 
PARAMETRIC_REPRESENTATION_CONTEXT() REPRESENTATION_CONTEXT('2D SPACE',''
  ) );
#14855 = PCURVE('',#14856,#14861);
#14856 = PLANE('',#14857);
#14857 = AXIS2_PLACEMENT_3D('',#14858,#14859,#14860);
#14858 = CARTESIAN_POINT('',(-15.90094323213,-1.340322580645,
    -5.227053082373));
#14859 = DIRECTION('',(-0.258819045103,0.,-0.965925826289));
#14860 = DIRECTION('',(0.,1.,0.));
#14861 = DEFINITIONAL_REPRESENTATION('',(#14862),#14866);
#14862 = LINE('',#14863,#14864);
#14863 = CARTESIAN_POINT('',(-4.05,-0.517638090205));
#14864 = VECTOR('',#14865,1.);
#14865 = DIRECTION('',(0.250562807086,0.968100345886));
#14866 = ( GEOMETRIC_REPRESENTATION_CONTEXT(2) 
PARAMETRIC_REPRESENTATION_CONTEXT() REPRESENTATION_CONTEXT('2D SPACE',''
  ) );
#14867 = ADVANCED_FACE('',(#14868),#14856,.F.);
#14868 = FACE_BOUND('',#14869,.T.);
#14869 = EDGE_LOOP('',(#14870,#14893,#14921,#14942));
#14870 = ORIENTED_EDGE('',*,*,#14871,.F.);
#14871 = EDGE_CURVE('',#14872,#14815,#14874,.T.);
#14872 = VERTEX_POINT('',#14873);
#14873 = CARTESIAN_POINT('',(-15.90094323213,-5.124297176861,
    -5.227053082373));
#14874 = SURFACE_CURVE('',#14875,(#14879,#14886),.PCURVE_S1.);
#14875 = LINE('',#14876,#14877);
#14876 = CARTESIAN_POINT('',(-15.90094323213,-5.124297176861,
    -5.227053082373));
#14877 = VECTOR('',#14878,1.);
#14878 = DIRECTION('',(-4.035621300882E-14,-1.,1.345207100294E-14));
#14879 = PCURVE('',#14856,#14880);
#14880 = DEFINITIONAL_REPRESENTATION('',(#14881),#14885);
#14881 = LINE('',#14882,#14883);
#14882 = CARTESIAN_POINT('',(-3.783974596216,0.));
#14883 = VECTOR('',#14884,1.);
#14884 = DIRECTION('',(-1.,-4.246276056808E-14));
#14885 = ( GEOMETRIC_REPRESENTATION_CONTEXT(2) 
PARAMETRIC_REPRESENTATION_CONTEXT() REPRESENTATION_CONTEXT('2D SPACE',''
  ) );
#14886 = PCURVE('',#14830,#14887);
#14887 = DEFINITIONAL_REPRESENTATION('',(#14888),#14892);
#14888 = LINE('',#14889,#14890);
#14889 = CARTESIAN_POINT('',(0.933974596215,-3.783974596216));
#14890 = VECTOR('',#14891,1.);
#14891 = DIRECTION('',(-1.345207100294E-14,-1.));
#14892 = ( GEOMETRIC_REPRESENTATION_CONTEXT(2) 
PARAMETRIC_REPRESENTATION_CONTEXT() REPRESENTATION_CONTEXT('2D SPACE',''
  ) );
#14893 = ORIENTED_EDGE('',*,*,#14894,.F.);
#14894 = EDGE_CURVE('',#14895,#14872,#14897,.T.);
#14895 = VERTEX_POINT('',#14896);
#14896 = CARTESIAN_POINT('',(-16.40094323213,-4.990322580645,
    -5.093078486158));
#14897 = SURFACE_CURVE('',#14898,(#14902,#14909),.PCURVE_S1.);
#14898 = LINE('',#14899,#14900);
#14899 = CARTESIAN_POINT('',(-16.40094323213,-4.990322580645,
    -5.093078486158));
#14900 = VECTOR('',#14901,1.);
#14901 = DIRECTION('',(0.935113126531,-0.250562807086,-0.250562807085));
#14902 = PCURVE('',#14856,#14903);
#14903 = DEFINITIONAL_REPRESENTATION('',(#14904),#14908);
#14904 = LINE('',#14905,#14906);
#14905 = CARTESIAN_POINT('',(-3.65,-0.517638090205));
#14906 = VECTOR('',#14907,1.);
#14907 = DIRECTION('',(-0.250562807086,0.968100345886));
#14908 = ( GEOMETRIC_REPRESENTATION_CONTEXT(2) 
PARAMETRIC_REPRESENTATION_CONTEXT() REPRESENTATION_CONTEXT('2D SPACE',''
  ) );
#14909 = PCURVE('',#14910,#14915);
#14910 = PLANE('',#14911);
#14911 = AXIS2_PLACEMENT_3D('',#14912,#14913,#14914);
#14912 = CARTESIAN_POINT('',(-15.90094323213,-5.124297176861,
    -4.293078486158));
#14913 = DIRECTION('',(-0.258819045103,-0.965925826289,0.));
#14914 = DIRECTION('',(-0.,0.,-1.));
#14915 = DEFINITIONAL_REPRESENTATION('',(#14916),#14920);
#14916 = LINE('',#14917,#14918);
#14917 = CARTESIAN_POINT('',(0.8,-0.517638090205));
#14918 = VECTOR('',#14919,1.);
#14919 = DIRECTION('',(0.250562807085,0.968100345886));
#14920 = ( GEOMETRIC_REPRESENTATION_CONTEXT(2) 
PARAMETRIC_REPRESENTATION_CONTEXT() REPRESENTATION_CONTEXT('2D SPACE',''
  ) );
#14921 = ORIENTED_EDGE('',*,*,#14922,.F.);
#14922 = EDGE_CURVE('',#14712,#14895,#14923,.T.);
#14923 = SURFACE_CURVE('',#14924,(#14928,#14935),.PCURVE_S1.);
#14924 = LINE('',#14925,#14926);
#14925 = CARTESIAN_POINT('',(-16.40094323213,-5.390322580645,
    -5.093078486158));
#14926 = VECTOR('',#14927,1.);
#14927 = DIRECTION('',(4.440892098502E-14,1.,0.));
#14928 = PCURVE('',#14856,#14929);
#14929 = DEFINITIONAL_REPRESENTATION('',(#14930),#14934);
#14930 = LINE('',#14931,#14932);
#14931 = CARTESIAN_POINT('',(-4.05,-0.517638090205));
#14932 = VECTOR('',#14933,1.);
#14933 = DIRECTION('',(1.,4.289572369706E-14));
#14934 = ( GEOMETRIC_REPRESENTATION_CONTEXT(2) 
PARAMETRIC_REPRESENTATION_CONTEXT() REPRESENTATION_CONTEXT('2D SPACE',''
  ) );
#14935 = PCURVE('',#400,#14936);
#14936 = DEFINITIONAL_REPRESENTATION('',(#14937),#14941);
#14937 = LINE('',#14938,#14939);
#14938 = CARTESIAN_POINT('',(0.,8.6));
#14939 = VECTOR('',#14940,1.);
#14940 = DIRECTION('',(-1.,4.440892098502E-14));
#14941 = ( GEOMETRIC_REPRESENTATION_CONTEXT(2) 
PARAMETRIC_REPRESENTATION_CONTEXT() REPRESENTATION_CONTEXT('2D SPACE',''
  ) );
#14942 = ORIENTED_EDGE('',*,*,#14842,.T.);
#14943 = ADVANCED_FACE('',(#14944),#14830,.T.);
#14944 = FACE_BOUND('',#14945,.T.);
#14945 = EDGE_LOOP('',(#14946,#14969,#14970,#14971));
#14946 = ORIENTED_EDGE('',*,*,#14947,.T.);
#14947 = EDGE_CURVE('',#14948,#14872,#14950,.T.);
#14948 = VERTEX_POINT('',#14949);
#14949 = CARTESIAN_POINT('',(-15.90094323213,-5.124297176861,
    -5.359103889942));
#14950 = SURFACE_CURVE('',#14951,(#14955,#14962),.PCURVE_S1.);
#14951 = LINE('',#14952,#14953);
#14952 = CARTESIAN_POINT('',(-15.90094323213,-5.124297176861,
    -5.359103889942));
#14953 = VECTOR('',#14954,1.);
#14954 = DIRECTION('',(-1.345207100284E-14,-1.412467455298E-13,1.));
#14955 = PCURVE('',#14830,#14956);
#14956 = DEFINITIONAL_REPRESENTATION('',(#14957),#14961);
#14957 = LINE('',#14958,#14959);
#14958 = CARTESIAN_POINT('',(1.066025403784,-3.783974596216));
#14959 = VECTOR('',#14960,1.);
#14960 = DIRECTION('',(-1.,-1.412467455298E-13));
#14961 = ( GEOMETRIC_REPRESENTATION_CONTEXT(2) 
PARAMETRIC_REPRESENTATION_CONTEXT() REPRESENTATION_CONTEXT('2D SPACE',''
  ) );
#14962 = PCURVE('',#14910,#14963);
#14963 = DEFINITIONAL_REPRESENTATION('',(#14964),#14968);
#14964 = LINE('',#14965,#14966);
#14965 = CARTESIAN_POINT('',(1.066025403784,0.));
#14966 = VECTOR('',#14967,1.);
#14967 = DIRECTION('',(-1.,2.356364500322E-14));
#14968 = ( GEOMETRIC_REPRESENTATION_CONTEXT(2) 
PARAMETRIC_REPRESENTATION_CONTEXT() REPRESENTATION_CONTEXT('2D SPACE',''
  ) );
#14969 = ORIENTED_EDGE('',*,*,#14871,.T.);
#14970 = ORIENTED_EDGE('',*,*,#14814,.T.);
#14971 = ORIENTED_EDGE('',*,*,#14972,.T.);
#14972 = EDGE_CURVE('',#14787,#14948,#14973,.T.);
#14973 = SURFACE_CURVE('',#14974,(#14978,#14985),.PCURVE_S1.);
#14974 = LINE('',#14975,#14976);
#14975 = CARTESIAN_POINT('',(-15.90094323213,-5.256347984429,
    -5.359103889942));
#14976 = VECTOR('',#14977,1.);
#14977 = DIRECTION('',(1.345207100293E-14,1.,1.345207100293E-14));
#14978 = PCURVE('',#14830,#14979);
#14979 = DEFINITIONAL_REPRESENTATION('',(#14980),#14984);
#14980 = LINE('',#14981,#14982);
#14981 = CARTESIAN_POINT('',(1.066025403784,-3.916025403784));
#14982 = VECTOR('',#14983,1.);
#14983 = DIRECTION('',(-1.345207100293E-14,1.));
#14984 = ( GEOMETRIC_REPRESENTATION_CONTEXT(2) 
PARAMETRIC_REPRESENTATION_CONTEXT() REPRESENTATION_CONTEXT('2D SPACE',''
  ) );
#14985 = PCURVE('',#14802,#14986);
#14986 = DEFINITIONAL_REPRESENTATION('',(#14987),#14991);
#14987 = LINE('',#14988,#14989);
#14988 = CARTESIAN_POINT('',(3.916025403784,0.));
#14989 = VECTOR('',#14990,1.);
#14990 = DIRECTION('',(-1.,1.647535497044E-14));
#14991 = ( GEOMETRIC_REPRESENTATION_CONTEXT(2) 
PARAMETRIC_REPRESENTATION_CONTEXT() REPRESENTATION_CONTEXT('2D SPACE',''
  ) );
#14992 = ADVANCED_FACE('',(#14993),#14910,.F.);
#14993 = FACE_BOUND('',#14994,.T.);
#14994 = EDGE_LOOP('',(#14995,#15018,#15019,#15020));
#14995 = ORIENTED_EDGE('',*,*,#14996,.F.);
#14996 = EDGE_CURVE('',#14895,#14997,#14999,.T.);
#14997 = VERTEX_POINT('',#14998);
#14998 = CARTESIAN_POINT('',(-16.40094323213,-4.990322580645,
    -5.493078486158));
#14999 = SURFACE_CURVE('',#15000,(#15004,#15011),.PCURVE_S1.);
#15000 = LINE('',#15001,#15002);
#15001 = CARTESIAN_POINT('',(-16.40094323213,-4.990322580645,
    -5.093078486158));
#15002 = VECTOR('',#15003,1.);
#15003 = DIRECTION('',(-1.598721155459E-13,5.551115123121E-14,-1.));
#15004 = PCURVE('',#14910,#15005);
#15005 = DEFINITIONAL_REPRESENTATION('',(#15006),#15010);
#15006 = LINE('',#15007,#15008);
#15007 = CARTESIAN_POINT('',(0.8,-0.517638090205));
#15008 = VECTOR('',#15009,1.);
#15009 = DIRECTION('',(1.,-1.687919484635E-13));
#15010 = ( GEOMETRIC_REPRESENTATION_CONTEXT(2) 
PARAMETRIC_REPRESENTATION_CONTEXT() REPRESENTATION_CONTEXT('2D SPACE',''
  ) );
#15011 = PCURVE('',#428,#15012);
#15012 = DEFINITIONAL_REPRESENTATION('',(#15013),#15017);
#15013 = LINE('',#15014,#15015);
#15014 = CARTESIAN_POINT('',(-8.6,0.4));
#15015 = VECTOR('',#15016,1.);
#15016 = DIRECTION('',(1.598721155459E-13,-1.));
#15017 = ( GEOMETRIC_REPRESENTATION_CONTEXT(2) 
PARAMETRIC_REPRESENTATION_CONTEXT() REPRESENTATION_CONTEXT('2D SPACE',''
  ) );
#15018 = ORIENTED_EDGE('',*,*,#14894,.T.);
#15019 = ORIENTED_EDGE('',*,*,#14947,.F.);
#15020 = ORIENTED_EDGE('',*,*,#15021,.T.);
#15021 = EDGE_CURVE('',#14948,#14997,#15022,.T.);
#15022 = SURFACE_CURVE('',#15023,(#15027,#15034),.PCURVE_S1.);
#15023 = LINE('',#15024,#15025);
#15024 = CARTESIAN_POINT('',(-15.90094323213,-5.124297176861,
    -5.359103889942));
#15025 = VECTOR('',#15026,1.);
#15026 = DIRECTION('',(-0.935113126531,0.250562807086,-0.250562807086));
#15027 = PCURVE('',#14910,#15028);
#15028 = DEFINITIONAL_REPRESENTATION('',(#15029),#15033);
#15029 = LINE('',#15030,#15031);
#15030 = CARTESIAN_POINT('',(1.066025403784,0.));
#15031 = VECTOR('',#15032,1.);
#15032 = DIRECTION('',(0.250562807086,-0.968100345886));
#15033 = ( GEOMETRIC_REPRESENTATION_CONTEXT(2) 
PARAMETRIC_REPRESENTATION_CONTEXT() REPRESENTATION_CONTEXT('2D SPACE',''
  ) );
#15034 = PCURVE('',#14802,#15035);
#15035 = DEFINITIONAL_REPRESENTATION('',(#15036),#15040);
#15036 = LINE('',#15037,#15038);
#15037 = CARTESIAN_POINT('',(3.783974596216,0.));
#15038 = VECTOR('',#15039,1.);
#15039 = DIRECTION('',(-0.250562807086,-0.968100345886));
#15040 = ( GEOMETRIC_REPRESENTATION_CONTEXT(2) 
PARAMETRIC_REPRESENTATION_CONTEXT() REPRESENTATION_CONTEXT('2D SPACE',''
  ) );
#15041 = ADVANCED_FACE('',(#15042),#428,.T.);
#15042 = FACE_BOUND('',#15043,.T.);
#15043 = EDGE_LOOP('',(#15044,#15045,#15066,#15067));
#15044 = ORIENTED_EDGE('',*,*,#14996,.T.);
#15045 = ORIENTED_EDGE('',*,*,#15046,.F.);
#15046 = EDGE_CURVE('',#413,#14997,#15047,.T.);
#15047 = SURFACE_CURVE('',#15048,(#15052,#15059),.PCURVE_S1.);
#15048 = LINE('',#15049,#15050);
#15049 = CARTESIAN_POINT('',(-19.00094323213,-4.990322580645,
    -5.493078486158));
#15050 = VECTOR('',#15051,1.);
#15051 = DIRECTION('',(1.,-2.22044604925E-14,2.15212463235E-14));
#15052 = PCURVE('',#428,#15053);
#15053 = DEFINITIONAL_REPRESENTATION('',(#15054),#15058);
#15054 = LINE('',#15055,#15056);
#15055 = CARTESIAN_POINT('',(-6.,0.));
#15056 = VECTOR('',#15057,1.);
#15057 = DIRECTION('',(-1.,2.15212463235E-14));
#15058 = ( GEOMETRIC_REPRESENTATION_CONTEXT(2) 
PARAMETRIC_REPRESENTATION_CONTEXT() REPRESENTATION_CONTEXT('2D SPACE',''
  ) );
#15059 = PCURVE('',#454,#15060);
#15060 = DEFINITIONAL_REPRESENTATION('',(#15061),#15065);
#15061 = LINE('',#15062,#15063);
#15062 = CARTESIAN_POINT('',(6.,-0.4));
#15063 = VECTOR('',#15064,1.);
#15064 = DIRECTION('',(1.,2.22044604925E-14));
#15065 = ( GEOMETRIC_REPRESENTATION_CONTEXT(2) 
PARAMETRIC_REPRESENTATION_CONTEXT() REPRESENTATION_CONTEXT('2D SPACE',''
  ) );
#15066 = ORIENTED_EDGE('',*,*,#412,.F.);
#15067 = ORIENTED_EDGE('',*,*,#15068,.T.);
#15068 = EDGE_CURVE('',#385,#14895,#15069,.T.);
#15069 = SURFACE_CURVE('',#15070,(#15074,#15081),.PCURVE_S1.);
#15070 = LINE('',#15071,#15072);
#15071 = CARTESIAN_POINT('',(-19.00094323213,-4.990322580645,
    -5.093078486158));
#15072 = VECTOR('',#15073,1.);
#15073 = DIRECTION('',(1.,-2.69869596755E-14,1.151215874765E-13));
#15074 = PCURVE('',#428,#15075);
#15075 = DEFINITIONAL_REPRESENTATION('',(#15076),#15080);
#15076 = LINE('',#15077,#15078);
#15077 = CARTESIAN_POINT('',(-6.,0.4));
#15078 = VECTOR('',#15079,1.);
#15079 = DIRECTION('',(-1.,1.151215874765E-13));
#15080 = ( GEOMETRIC_REPRESENTATION_CONTEXT(2) 
PARAMETRIC_REPRESENTATION_CONTEXT() REPRESENTATION_CONTEXT('2D SPACE',''
  ) );
#15081 = PCURVE('',#400,#15082);
#15082 = DEFINITIONAL_REPRESENTATION('',(#15083),#15087);
#15083 = LINE('',#15084,#15085);
#15084 = CARTESIAN_POINT('',(-0.4,6.));
#15085 = VECTOR('',#15086,1.);
#15086 = DIRECTION('',(2.69869596755E-14,1.));
#15087 = ( GEOMETRIC_REPRESENTATION_CONTEXT(2) 
PARAMETRIC_REPRESENTATION_CONTEXT() REPRESENTATION_CONTEXT('2D SPACE',''
  ) );
#15088 = ADVANCED_FACE('',(#15089),#400,.T.);
#15089 = FACE_BOUND('',#15090,.T.);
#15090 = EDGE_LOOP('',(#15091,#15092,#15093,#15094));
#15091 = ORIENTED_EDGE('',*,*,#14922,.T.);
#15092 = ORIENTED_EDGE('',*,*,#15068,.F.);
#15093 = ORIENTED_EDGE('',*,*,#384,.F.);
#15094 = ORIENTED_EDGE('',*,*,#14739,.T.);
#15095 = ADVANCED_FACE('',(#15096),#454,.T.);
#15096 = FACE_BOUND('',#15097,.T.);
#15097 = EDGE_LOOP('',(#15098,#15119,#15120,#15121));
#15098 = ORIENTED_EDGE('',*,*,#15099,.T.);
#15099 = EDGE_CURVE('',#14997,#14710,#15100,.T.);
#15100 = SURFACE_CURVE('',#15101,(#15105,#15112),.PCURVE_S1.);
#15101 = LINE('',#15102,#15103);
#15102 = CARTESIAN_POINT('',(-16.40094323213,-4.990322580645,
    -5.493078486158));
#15103 = VECTOR('',#15104,1.);
#15104 = DIRECTION('',(-3.552713678801E-14,-1.,0.));
#15105 = PCURVE('',#454,#15106);
#15106 = DEFINITIONAL_REPRESENTATION('',(#15107),#15111);
#15107 = LINE('',#15108,#15109);
#15108 = CARTESIAN_POINT('',(8.6,-0.4));
#15109 = VECTOR('',#15110,1.);
#15110 = DIRECTION('',(-3.552713678801E-14,1.));
#15111 = ( GEOMETRIC_REPRESENTATION_CONTEXT(2) 
PARAMETRIC_REPRESENTATION_CONTEXT() REPRESENTATION_CONTEXT('2D SPACE',''
  ) );
#15112 = PCURVE('',#14802,#15113);
#15113 = DEFINITIONAL_REPRESENTATION('',(#15114),#15118);
#15114 = LINE('',#15115,#15116);
#15115 = CARTESIAN_POINT('',(3.65,-0.517638090205));
#15116 = VECTOR('',#15117,1.);
#15117 = DIRECTION('',(1.,-3.431657895764E-14));
#15118 = ( GEOMETRIC_REPRESENTATION_CONTEXT(2) 
PARAMETRIC_REPRESENTATION_CONTEXT() REPRESENTATION_CONTEXT('2D SPACE',''
  ) );
#15119 = ORIENTED_EDGE('',*,*,#14761,.F.);
#15120 = ORIENTED_EDGE('',*,*,#440,.F.);
#15121 = ORIENTED_EDGE('',*,*,#15046,.T.);
#15122 = ADVANCED_FACE('',(#15123),#14802,.F.);
#15123 = FACE_BOUND('',#15124,.T.);
#15124 = EDGE_LOOP('',(#15125,#15126,#15127,#15128));
#15125 = ORIENTED_EDGE('',*,*,#15099,.F.);
#15126 = ORIENTED_EDGE('',*,*,#15021,.F.);
#15127 = ORIENTED_EDGE('',*,*,#14972,.F.);
#15128 = ORIENTED_EDGE('',*,*,#14786,.T.);
#15129 = ADVANCED_FACE('',(#15130),#486,.T.);
#15130 = FACE_BOUND('',#15131,.T.);
#15131 = EDGE_LOOP('',(#15132,#15162,#15183,#15184));
#15132 = ORIENTED_EDGE('',*,*,#15133,.T.);
#15133 = EDGE_CURVE('',#15134,#15136,#15138,.T.);
#15134 = VERTEX_POINT('',#15135);
#15135 = CARTESIAN_POINT('',(-16.40094323213,-4.990322580645,
    -3.093078486158));
#15136 = VERTEX_POINT('',#15137);
#15137 = CARTESIAN_POINT('',(-16.40094323213,-4.990322580645,
    -3.493078486158));
#15138 = SURFACE_CURVE('',#15139,(#15143,#15150),.PCURVE_S1.);
#15139 = LINE('',#15140,#15141);
#15140 = CARTESIAN_POINT('',(-16.40094323213,-4.990322580645,
    -3.093078486158));
#15141 = VECTOR('',#15142,1.);
#15142 = DIRECTION('',(-2.6645352591E-13,-3.774758283725E-14,-1.));
#15143 = PCURVE('',#486,#15144);
#15144 = DEFINITIONAL_REPRESENTATION('',(#15145),#15149);
#15145 = LINE('',#15146,#15147);
#15146 = CARTESIAN_POINT('',(-8.6,0.));
#15147 = VECTOR('',#15148,1.);
#15148 = DIRECTION('',(2.6645352591E-13,-1.));
#15149 = ( GEOMETRIC_REPRESENTATION_CONTEXT(2) 
PARAMETRIC_REPRESENTATION_CONTEXT() REPRESENTATION_CONTEXT('2D SPACE',''
  ) );
#15150 = PCURVE('',#15151,#15156);
#15151 = PLANE('',#15152);
#15152 = AXIS2_PLACEMENT_3D('',#15153,#15154,#15155);
#15153 = CARTESIAN_POINT('',(-15.90094323213,-5.124297176861,
    -4.293078486158));
#15154 = DIRECTION('',(-0.258819045103,-0.965925826289,0.));
#15155 = DIRECTION('',(-0.,0.,-1.));
#15156 = DEFINITIONAL_REPRESENTATION('',(#15157),#15161);
#15157 = LINE('',#15158,#15159);
#15158 = CARTESIAN_POINT('',(-1.2,-0.517638090205));
#15159 = VECTOR('',#15160,1.);
#15160 = DIRECTION('',(1.,-2.476045488373E-13));
#15161 = ( GEOMETRIC_REPRESENTATION_CONTEXT(2) 
PARAMETRIC_REPRESENTATION_CONTEXT() REPRESENTATION_CONTEXT('2D SPACE',''
  ) );
#15162 = ORIENTED_EDGE('',*,*,#15163,.F.);
#15163 = EDGE_CURVE('',#471,#15136,#15164,.T.);
#15164 = SURFACE_CURVE('',#15165,(#15169,#15176),.PCURVE_S1.);
#15165 = LINE('',#15166,#15167);
#15166 = CARTESIAN_POINT('',(-19.00094323213,-4.990322580645,
    -3.493078486158));
#15167 = VECTOR('',#15168,1.);
#15168 = DIRECTION('',(1.,-2.732856676E-14,2.715776321775E-14));
#15169 = PCURVE('',#486,#15170);
#15170 = DEFINITIONAL_REPRESENTATION('',(#15171),#15175);
#15171 = LINE('',#15172,#15173);
#15172 = CARTESIAN_POINT('',(-6.,-0.4));
#15173 = VECTOR('',#15174,1.);
#15174 = DIRECTION('',(-1.,2.715776321775E-14));
#15175 = ( GEOMETRIC_REPRESENTATION_CONTEXT(2) 
PARAMETRIC_REPRESENTATION_CONTEXT() REPRESENTATION_CONTEXT('2D SPACE',''
  ) );
#15176 = PCURVE('',#514,#15177);
#15177 = DEFINITIONAL_REPRESENTATION('',(#15178),#15182);
#15178 = LINE('',#15179,#15180);
#15179 = CARTESIAN_POINT('',(6.,-0.4));
#15180 = VECTOR('',#15181,1.);
#15181 = DIRECTION('',(1.,2.732856676E-14));
#15182 = ( GEOMETRIC_REPRESENTATION_CONTEXT(2) 
PARAMETRIC_REPRESENTATION_CONTEXT() REPRESENTATION_CONTEXT('2D SPACE',''
  ) );
#15183 = ORIENTED_EDGE('',*,*,#468,.F.);
#15184 = ORIENTED_EDGE('',*,*,#15185,.T.);
#15185 = EDGE_CURVE('',#469,#15134,#15186,.T.);
#15186 = SURFACE_CURVE('',#15187,(#15191,#15198),.PCURVE_S1.);
#15187 = LINE('',#15188,#15189);
#15188 = CARTESIAN_POINT('',(-19.00094323213,-4.990322580645,
    -3.093078486158));
#15189 = VECTOR('',#15190,1.);
#15190 = DIRECTION('',(1.,-2.49373171685E-14,1.088018564133E-13));
#15191 = PCURVE('',#486,#15192);
#15192 = DEFINITIONAL_REPRESENTATION('',(#15193),#15197);
#15193 = LINE('',#15194,#15195);
#15194 = CARTESIAN_POINT('',(-6.,0.));
#15195 = VECTOR('',#15196,1.);
#15196 = DIRECTION('',(-1.,1.088018564133E-13));
#15197 = ( GEOMETRIC_REPRESENTATION_CONTEXT(2) 
PARAMETRIC_REPRESENTATION_CONTEXT() REPRESENTATION_CONTEXT('2D SPACE',''
  ) );
#15198 = PCURVE('',#568,#15199);
#15199 = DEFINITIONAL_REPRESENTATION('',(#15200),#15204);
#15200 = LINE('',#15201,#15202);
#15201 = CARTESIAN_POINT('',(-0.4,6.));
#15202 = VECTOR('',#15203,1.);
#15203 = DIRECTION('',(2.49373171685E-14,1.));
#15204 = ( GEOMETRIC_REPRESENTATION_CONTEXT(2) 
PARAMETRIC_REPRESENTATION_CONTEXT() REPRESENTATION_CONTEXT('2D SPACE',''
  ) );
#15205 = ADVANCED_FACE('',(#15206),#15151,.F.);
#15206 = FACE_BOUND('',#15207,.T.);
#15207 = EDGE_LOOP('',(#15208,#15209,#15237,#15265));
#15208 = ORIENTED_EDGE('',*,*,#15133,.F.);
#15209 = ORIENTED_EDGE('',*,*,#15210,.F.);
#15210 = EDGE_CURVE('',#15211,#15134,#15213,.T.);
#15211 = VERTEX_POINT('',#15212);
#15212 = CARTESIAN_POINT('',(-15.90094323213,-5.124297176861,
    -3.227053082373));
#15213 = SURFACE_CURVE('',#15214,(#15218,#15225),.PCURVE_S1.);
#15214 = LINE('',#15215,#15216);
#15215 = CARTESIAN_POINT('',(-15.90094323213,-5.124297176861,
    -3.227053082373));
#15216 = VECTOR('',#15217,1.);
#15217 = DIRECTION('',(-0.935113126531,0.250562807086,0.250562807085));
#15218 = PCURVE('',#15151,#15219);
#15219 = DEFINITIONAL_REPRESENTATION('',(#15220),#15224);
#15220 = LINE('',#15221,#15222);
#15221 = CARTESIAN_POINT('',(-1.066025403785,0.));
#15222 = VECTOR('',#15223,1.);
#15223 = DIRECTION('',(-0.250562807085,-0.968100345886));
#15224 = ( GEOMETRIC_REPRESENTATION_CONTEXT(2) 
PARAMETRIC_REPRESENTATION_CONTEXT() REPRESENTATION_CONTEXT('2D SPACE',''
  ) );
#15225 = PCURVE('',#15226,#15231);
#15226 = PLANE('',#15227);
#15227 = AXIS2_PLACEMENT_3D('',#15228,#15229,#15230);
#15228 = CARTESIAN_POINT('',(-15.90094323213,-1.340322580645,
    -3.227053082373));
#15229 = DIRECTION('',(-0.258819045103,0.,-0.965925826289));
#15230 = DIRECTION('',(0.,1.,0.));
#15231 = DEFINITIONAL_REPRESENTATION('',(#15232),#15236);
#15232 = LINE('',#15233,#15234);
#15233 = CARTESIAN_POINT('',(-3.783974596216,0.));
#15234 = VECTOR('',#15235,1.);
#15235 = DIRECTION('',(0.250562807086,-0.968100345886));
#15236 = ( GEOMETRIC_REPRESENTATION_CONTEXT(2) 
PARAMETRIC_REPRESENTATION_CONTEXT() REPRESENTATION_CONTEXT('2D SPACE',''
  ) );
#15237 = ORIENTED_EDGE('',*,*,#15238,.F.);
#15238 = EDGE_CURVE('',#15239,#15211,#15241,.T.);
#15239 = VERTEX_POINT('',#15240);
#15240 = CARTESIAN_POINT('',(-15.90094323213,-5.124297176861,
    -3.359103889942));
#15241 = SURFACE_CURVE('',#15242,(#15246,#15253),.PCURVE_S1.);
#15242 = LINE('',#15243,#15244);
#15243 = CARTESIAN_POINT('',(-15.90094323213,-5.124297176861,
    -3.359103889942));
#15244 = VECTOR('',#15245,1.);
#15245 = DIRECTION('',(1.345207100285E-14,2.152331360456E-13,1.));
#15246 = PCURVE('',#15151,#15247);
#15247 = DEFINITIONAL_REPRESENTATION('',(#15248),#15252);
#15248 = LINE('',#15249,#15250);
#15249 = CARTESIAN_POINT('',(-0.933974596216,0.));
#15250 = VECTOR('',#15251,1.);
#15251 = DIRECTION('',(-1.,-4.271273194712E-14));
#15252 = ( GEOMETRIC_REPRESENTATION_CONTEXT(2) 
PARAMETRIC_REPRESENTATION_CONTEXT() REPRESENTATION_CONTEXT('2D SPACE',''
  ) );
#15253 = PCURVE('',#15254,#15259);
#15254 = PLANE('',#15255);
#15255 = AXIS2_PLACEMENT_3D('',#15256,#15257,#15258);
#15256 = CARTESIAN_POINT('',(-15.90094323213,-1.340322580645,
    -4.293078486158));
#15257 = DIRECTION('',(1.,0.,0.));
#15258 = DIRECTION('',(0.,0.,-1.));
#15259 = DEFINITIONAL_REPRESENTATION('',(#15260),#15264);
#15260 = LINE('',#15261,#15262);
#15261 = CARTESIAN_POINT('',(-0.933974596216,-3.783974596216));
#15262 = VECTOR('',#15263,1.);
#15263 = DIRECTION('',(-1.,2.152331360456E-13));
#15264 = ( GEOMETRIC_REPRESENTATION_CONTEXT(2) 
PARAMETRIC_REPRESENTATION_CONTEXT() REPRESENTATION_CONTEXT('2D SPACE',''
  ) );
#15265 = ORIENTED_EDGE('',*,*,#15266,.F.);
#15266 = EDGE_CURVE('',#15136,#15239,#15267,.T.);
#15267 = SURFACE_CURVE('',#15268,(#15272,#15279),.PCURVE_S1.);
#15268 = LINE('',#15269,#15270);
#15269 = CARTESIAN_POINT('',(-16.40094323213,-4.990322580645,
    -3.493078486158));
#15270 = VECTOR('',#15271,1.);
#15271 = DIRECTION('',(0.935113126531,-0.250562807086,0.250562807086));
#15272 = PCURVE('',#15151,#15273);
#15273 = DEFINITIONAL_REPRESENTATION('',(#15274),#15278);
#15274 = LINE('',#15275,#15276);
#15275 = CARTESIAN_POINT('',(-0.8,-0.517638090205));
#15276 = VECTOR('',#15277,1.);
#15277 = DIRECTION('',(-0.250562807086,0.968100345886));
#15278 = ( GEOMETRIC_REPRESENTATION_CONTEXT(2) 
PARAMETRIC_REPRESENTATION_CONTEXT() REPRESENTATION_CONTEXT('2D SPACE',''
  ) );
#15279 = PCURVE('',#15280,#15285);
#15280 = PLANE('',#15281);
#15281 = AXIS2_PLACEMENT_3D('',#15282,#15283,#15284);
#15282 = CARTESIAN_POINT('',(-15.90094323213,-1.340322580645,
    -3.359103889942));
#15283 = DIRECTION('',(-0.258819045103,0.,0.965925826289));
#15284 = DIRECTION('',(0.,-1.,0.));
#15285 = DEFINITIONAL_REPRESENTATION('',(#15286),#15290);
#15286 = LINE('',#15287,#15288);
#15287 = CARTESIAN_POINT('',(3.65,-0.517638090205));
#15288 = VECTOR('',#15289,1.);
#15289 = DIRECTION('',(0.250562807086,0.968100345886));
#15290 = ( GEOMETRIC_REPRESENTATION_CONTEXT(2) 
PARAMETRIC_REPRESENTATION_CONTEXT() REPRESENTATION_CONTEXT('2D SPACE',''
  ) );
#15291 = ADVANCED_FACE('',(#15292),#15280,.F.);
#15292 = FACE_BOUND('',#15293,.T.);
#15293 = EDGE_LOOP('',(#15294,#15317,#15345,#15366));
#15294 = ORIENTED_EDGE('',*,*,#15295,.F.);
#15295 = EDGE_CURVE('',#15296,#15239,#15298,.T.);
#15296 = VERTEX_POINT('',#15297);
#15297 = CARTESIAN_POINT('',(-15.90094323213,-5.256347984429,
    -3.359103889942));
#15298 = SURFACE_CURVE('',#15299,(#15303,#15310),.PCURVE_S1.);
#15299 = LINE('',#15300,#15301);
#15300 = CARTESIAN_POINT('',(-15.90094323213,-5.256347984429,
    -3.359103889942));
#15301 = VECTOR('',#15302,1.);
#15302 = DIRECTION('',(-2.690414200588E-14,1.,3.363017750735E-13));
#15303 = PCURVE('',#15280,#15304);
#15304 = DEFINITIONAL_REPRESENTATION('',(#15305),#15309);
#15305 = LINE('',#15306,#15307);
#15306 = CARTESIAN_POINT('',(3.916025403784,0.));
#15307 = VECTOR('',#15308,1.);
#15308 = DIRECTION('',(-1.,6.105389869335E-14));
#15309 = ( GEOMETRIC_REPRESENTATION_CONTEXT(2) 
PARAMETRIC_REPRESENTATION_CONTEXT() REPRESENTATION_CONTEXT('2D SPACE',''
  ) );
#15310 = PCURVE('',#15254,#15311);
#15311 = DEFINITIONAL_REPRESENTATION('',(#15312),#15316);
#15312 = LINE('',#15313,#15314);
#15313 = CARTESIAN_POINT('',(-0.933974596216,-3.916025403784));
#15314 = VECTOR('',#15315,1.);
#15315 = DIRECTION('',(-3.363017750735E-13,1.));
#15316 = ( GEOMETRIC_REPRESENTATION_CONTEXT(2) 
PARAMETRIC_REPRESENTATION_CONTEXT() REPRESENTATION_CONTEXT('2D SPACE',''
  ) );
#15317 = ORIENTED_EDGE('',*,*,#15318,.F.);
#15318 = EDGE_CURVE('',#15319,#15296,#15321,.T.);
#15319 = VERTEX_POINT('',#15320);
#15320 = CARTESIAN_POINT('',(-16.40094323213,-5.390322580645,
    -3.493078486158));
#15321 = SURFACE_CURVE('',#15322,(#15326,#15333),.PCURVE_S1.);
#15322 = LINE('',#15323,#15324);
#15323 = CARTESIAN_POINT('',(-16.40094323213,-5.390322580645,
    -3.493078486158));
#15324 = VECTOR('',#15325,1.);
#15325 = DIRECTION('',(0.935113126531,0.250562807086,0.250562807086));
#15326 = PCURVE('',#15280,#15327);
#15327 = DEFINITIONAL_REPRESENTATION('',(#15328),#15332);
#15328 = LINE('',#15329,#15330);
#15329 = CARTESIAN_POINT('',(4.05,-0.517638090205));
#15330 = VECTOR('',#15331,1.);
#15331 = DIRECTION('',(-0.250562807086,0.968100345886));
#15332 = ( GEOMETRIC_REPRESENTATION_CONTEXT(2) 
PARAMETRIC_REPRESENTATION_CONTEXT() REPRESENTATION_CONTEXT('2D SPACE',''
  ) );
#15333 = PCURVE('',#15334,#15339);
#15334 = PLANE('',#15335);
#15335 = AXIS2_PLACEMENT_3D('',#15336,#15337,#15338);
#15336 = CARTESIAN_POINT('',(-15.90094323213,-5.256347984429,
    -4.293078486158));
#15337 = DIRECTION('',(-0.258819045103,0.965925826289,0.));
#15338 = DIRECTION('',(0.,0.,1.));
#15339 = DEFINITIONAL_REPRESENTATION('',(#15340),#15344);
#15340 = LINE('',#15341,#15342);
#15341 = CARTESIAN_POINT('',(0.8,-0.517638090205));
#15342 = VECTOR('',#15343,1.);
#15343 = DIRECTION('',(0.250562807086,0.968100345886));
#15344 = ( GEOMETRIC_REPRESENTATION_CONTEXT(2) 
PARAMETRIC_REPRESENTATION_CONTEXT() REPRESENTATION_CONTEXT('2D SPACE',''
  ) );
#15345 = ORIENTED_EDGE('',*,*,#15346,.F.);
#15346 = EDGE_CURVE('',#15136,#15319,#15347,.T.);
#15347 = SURFACE_CURVE('',#15348,(#15352,#15359),.PCURVE_S1.);
#15348 = LINE('',#15349,#15350);
#15349 = CARTESIAN_POINT('',(-16.40094323213,-4.990322580645,
    -3.493078486158));
#15350 = VECTOR('',#15351,1.);
#15351 = DIRECTION('',(-6.217248937903E-14,-1.,-1.354472090043E-13));
#15352 = PCURVE('',#15280,#15353);
#15353 = DEFINITIONAL_REPRESENTATION('',(#15354),#15358);
#15354 = LINE('',#15355,#15356);
#15355 = CARTESIAN_POINT('',(3.65,-0.517638090205));
#15356 = VECTOR('',#15357,1.);
#15357 = DIRECTION('',(1.,-9.511033047224E-14));
#15358 = ( GEOMETRIC_REPRESENTATION_CONTEXT(2) 
PARAMETRIC_REPRESENTATION_CONTEXT() REPRESENTATION_CONTEXT('2D SPACE',''
  ) );
#15359 = PCURVE('',#514,#15360);
#15360 = DEFINITIONAL_REPRESENTATION('',(#15361),#15365);
#15361 = LINE('',#15362,#15363);
#15362 = CARTESIAN_POINT('',(8.6,-0.4));
#15363 = VECTOR('',#15364,1.);
#15364 = DIRECTION('',(-6.217248937903E-14,1.));
#15365 = ( GEOMETRIC_REPRESENTATION_CONTEXT(2) 
PARAMETRIC_REPRESENTATION_CONTEXT() REPRESENTATION_CONTEXT('2D SPACE',''
  ) );
#15366 = ORIENTED_EDGE('',*,*,#15266,.T.);
#15367 = ADVANCED_FACE('',(#15368),#15254,.T.);
#15368 = FACE_BOUND('',#15369,.T.);
#15369 = EDGE_LOOP('',(#15370,#15393,#15394,#15395));
#15370 = ORIENTED_EDGE('',*,*,#15371,.T.);
#15371 = EDGE_CURVE('',#15372,#15296,#15374,.T.);
#15372 = VERTEX_POINT('',#15373);
#15373 = CARTESIAN_POINT('',(-15.90094323213,-5.256347984429,
    -3.227053082373));
#15374 = SURFACE_CURVE('',#15375,(#15379,#15386),.PCURVE_S1.);
#15375 = LINE('',#15376,#15377);
#15376 = CARTESIAN_POINT('',(-15.90094323213,-5.256347984429,
    -3.227053082373));
#15377 = VECTOR('',#15378,1.);
#15378 = DIRECTION('',(-8.071242601707E-14,1.816029585384E-13,-1.));
#15379 = PCURVE('',#15254,#15380);
#15380 = DEFINITIONAL_REPRESENTATION('',(#15381),#15385);
#15381 = LINE('',#15382,#15383);
#15382 = CARTESIAN_POINT('',(-1.066025403785,-3.916025403784));
#15383 = VECTOR('',#15384,1.);
#15384 = DIRECTION('',(1.,1.816029585384E-13));
#15385 = ( GEOMETRIC_REPRESENTATION_CONTEXT(2) 
PARAMETRIC_REPRESENTATION_CONTEXT() REPRESENTATION_CONTEXT('2D SPACE',''
  ) );
#15386 = PCURVE('',#15334,#15387);
#15387 = DEFINITIONAL_REPRESENTATION('',(#15388),#15392);
#15388 = LINE('',#15389,#15390);
#15389 = CARTESIAN_POINT('',(1.066025403785,0.));
#15390 = VECTOR('',#15391,1.);
#15391 = DIRECTION('',(-1.,-3.095991247553E-14));
#15392 = ( GEOMETRIC_REPRESENTATION_CONTEXT(2) 
PARAMETRIC_REPRESENTATION_CONTEXT() REPRESENTATION_CONTEXT('2D SPACE',''
  ) );
#15393 = ORIENTED_EDGE('',*,*,#15295,.T.);
#15394 = ORIENTED_EDGE('',*,*,#15238,.T.);
#15395 = ORIENTED_EDGE('',*,*,#15396,.T.);
#15396 = EDGE_CURVE('',#15211,#15372,#15397,.T.);
#15397 = SURFACE_CURVE('',#15398,(#15402,#15409),.PCURVE_S1.);
#15398 = LINE('',#15399,#15400);
#15399 = CARTESIAN_POINT('',(-15.90094323213,-5.124297176861,
    -3.227053082373));
#15400 = VECTOR('',#15401,1.);
#15401 = DIRECTION('',(1.345207100293E-14,-1.,0.));
#15402 = PCURVE('',#15254,#15403);
#15403 = DEFINITIONAL_REPRESENTATION('',(#15404),#15408);
#15404 = LINE('',#15405,#15406);
#15405 = CARTESIAN_POINT('',(-1.066025403785,-3.783974596216));
#15406 = VECTOR('',#15407,1.);
#15407 = DIRECTION('',(0.,-1.));
#15408 = ( GEOMETRIC_REPRESENTATION_CONTEXT(2) 
PARAMETRIC_REPRESENTATION_CONTEXT() REPRESENTATION_CONTEXT('2D SPACE',''
  ) );
#15409 = PCURVE('',#15226,#15410);
#15410 = DEFINITIONAL_REPRESENTATION('',(#15411),#15415);
#15411 = LINE('',#15412,#15413);
#15412 = CARTESIAN_POINT('',(-3.783974596216,0.));
#15413 = VECTOR('',#15414,1.);
#15414 = DIRECTION('',(-1.,1.29937027988E-14));
#15415 = ( GEOMETRIC_REPRESENTATION_CONTEXT(2) 
PARAMETRIC_REPRESENTATION_CONTEXT() REPRESENTATION_CONTEXT('2D SPACE',''
  ) );
#15416 = ADVANCED_FACE('',(#15417),#15334,.F.);
#15417 = FACE_BOUND('',#15418,.T.);
#15418 = EDGE_LOOP('',(#15419,#15442,#15443,#15444));
#15419 = ORIENTED_EDGE('',*,*,#15420,.F.);
#15420 = EDGE_CURVE('',#15319,#15421,#15423,.T.);
#15421 = VERTEX_POINT('',#15422);
#15422 = CARTESIAN_POINT('',(-16.40094323213,-5.390322580645,
    -3.093078486158));
#15423 = SURFACE_CURVE('',#15424,(#15428,#15435),.PCURVE_S1.);
#15424 = LINE('',#15425,#15426);
#15425 = CARTESIAN_POINT('',(-16.40094323213,-5.390322580645,
    -3.493078486158));
#15426 = VECTOR('',#15427,1.);
#15427 = DIRECTION('',(2.753353101069E-13,-3.552713678799E-14,1.));
#15428 = PCURVE('',#15334,#15429);
#15429 = DEFINITIONAL_REPRESENTATION('',(#15430),#15434);
#15430 = LINE('',#15431,#15432);
#15431 = CARTESIAN_POINT('',(0.8,-0.517638090205));
#15432 = VECTOR('',#15433,1.);
#15433 = DIRECTION('',(1.,2.567583873028E-13));
#15434 = ( GEOMETRIC_REPRESENTATION_CONTEXT(2) 
PARAMETRIC_REPRESENTATION_CONTEXT() REPRESENTATION_CONTEXT('2D SPACE',''
  ) );
#15435 = PCURVE('',#542,#15436);
#15436 = DEFINITIONAL_REPRESENTATION('',(#15437),#15441);
#15437 = LINE('',#15438,#15439);
#15438 = CARTESIAN_POINT('',(-0.4,-8.6));
#15439 = VECTOR('',#15440,1.);
#15440 = DIRECTION('',(1.,-2.753353101069E-13));
#15441 = ( GEOMETRIC_REPRESENTATION_CONTEXT(2) 
PARAMETRIC_REPRESENTATION_CONTEXT() REPRESENTATION_CONTEXT('2D SPACE',''
  ) );
#15442 = ORIENTED_EDGE('',*,*,#15318,.T.);
#15443 = ORIENTED_EDGE('',*,*,#15371,.F.);
#15444 = ORIENTED_EDGE('',*,*,#15445,.T.);
#15445 = EDGE_CURVE('',#15372,#15421,#15446,.T.);
#15446 = SURFACE_CURVE('',#15447,(#15451,#15458),.PCURVE_S1.);
#15447 = LINE('',#15448,#15449);
#15448 = CARTESIAN_POINT('',(-15.90094323213,-5.256347984429,
    -3.227053082373));
#15449 = VECTOR('',#15450,1.);
#15450 = DIRECTION('',(-0.935113126531,-0.250562807086,0.250562807085));
#15451 = PCURVE('',#15334,#15452);
#15452 = DEFINITIONAL_REPRESENTATION('',(#15453),#15457);
#15453 = LINE('',#15454,#15455);
#15454 = CARTESIAN_POINT('',(1.066025403785,0.));
#15455 = VECTOR('',#15456,1.);
#15456 = DIRECTION('',(0.250562807085,-0.968100345886));
#15457 = ( GEOMETRIC_REPRESENTATION_CONTEXT(2) 
PARAMETRIC_REPRESENTATION_CONTEXT() REPRESENTATION_CONTEXT('2D SPACE',''
  ) );
#15458 = PCURVE('',#15226,#15459);
#15459 = DEFINITIONAL_REPRESENTATION('',(#15460),#15464);
#15460 = LINE('',#15461,#15462);
#15461 = CARTESIAN_POINT('',(-3.916025403784,0.));
#15462 = VECTOR('',#15463,1.);
#15463 = DIRECTION('',(-0.250562807086,-0.968100345886));
#15464 = ( GEOMETRIC_REPRESENTATION_CONTEXT(2) 
PARAMETRIC_REPRESENTATION_CONTEXT() REPRESENTATION_CONTEXT('2D SPACE',''
  ) );
#15465 = ADVANCED_FACE('',(#15466),#542,.T.);
#15466 = FACE_BOUND('',#15467,.T.);
#15467 = EDGE_LOOP('',(#15468,#15469,#15490,#15491));
#15468 = ORIENTED_EDGE('',*,*,#15420,.T.);
#15469 = ORIENTED_EDGE('',*,*,#15470,.F.);
#15470 = EDGE_CURVE('',#527,#15421,#15471,.T.);
#15471 = SURFACE_CURVE('',#15472,(#15476,#15483),.PCURVE_S1.);
#15472 = LINE('',#15473,#15474);
#15473 = CARTESIAN_POINT('',(-19.00094323213,-5.390322580645,
    -3.093078486158));
#15474 = VECTOR('',#15475,1.);
#15475 = DIRECTION('',(1.,2.35708888305E-14,1.07264624533E-13));
#15476 = PCURVE('',#542,#15477);
#15477 = DEFINITIONAL_REPRESENTATION('',(#15478),#15482);
#15478 = LINE('',#15479,#15480);
#15479 = CARTESIAN_POINT('',(0.,-6.));
#15480 = VECTOR('',#15481,1.);
#15481 = DIRECTION('',(1.07264624533E-13,-1.));
#15482 = ( GEOMETRIC_REPRESENTATION_CONTEXT(2) 
PARAMETRIC_REPRESENTATION_CONTEXT() REPRESENTATION_CONTEXT('2D SPACE',''
  ) );
#15483 = PCURVE('',#568,#15484);
#15484 = DEFINITIONAL_REPRESENTATION('',(#15485),#15489);
#15485 = LINE('',#15486,#15487);
#15486 = CARTESIAN_POINT('',(0.,6.));
#15487 = VECTOR('',#15488,1.);
#15488 = DIRECTION('',(-2.35708888305E-14,1.));
#15489 = ( GEOMETRIC_REPRESENTATION_CONTEXT(2) 
PARAMETRIC_REPRESENTATION_CONTEXT() REPRESENTATION_CONTEXT('2D SPACE',''
  ) );
#15490 = ORIENTED_EDGE('',*,*,#526,.F.);
#15491 = ORIENTED_EDGE('',*,*,#15492,.T.);
#15492 = EDGE_CURVE('',#499,#15319,#15493,.T.);
#15493 = SURFACE_CURVE('',#15494,(#15498,#15505),.PCURVE_S1.);
#15494 = LINE('',#15495,#15496);
#15495 = CARTESIAN_POINT('',(-19.00094323213,-5.390322580645,
    -3.493078486158));
#15496 = VECTOR('',#15497,1.);
#15497 = DIRECTION('',(1.,2.56205313375E-14,1.6397140056E-14));
#15498 = PCURVE('',#542,#15499);
#15499 = DEFINITIONAL_REPRESENTATION('',(#15500),#15504);
#15500 = LINE('',#15501,#15502);
#15501 = CARTESIAN_POINT('',(-0.4,-6.));
#15502 = VECTOR('',#15503,1.);
#15503 = DIRECTION('',(1.6397140056E-14,-1.));
#15504 = ( GEOMETRIC_REPRESENTATION_CONTEXT(2) 
PARAMETRIC_REPRESENTATION_CONTEXT() REPRESENTATION_CONTEXT('2D SPACE',''
  ) );
#15505 = PCURVE('',#514,#15506);
#15506 = DEFINITIONAL_REPRESENTATION('',(#15507),#15511);
#15507 = LINE('',#15508,#15509);
#15508 = CARTESIAN_POINT('',(6.,0.));
#15509 = VECTOR('',#15510,1.);
#15510 = DIRECTION('',(1.,-2.56205313375E-14));
#15511 = ( GEOMETRIC_REPRESENTATION_CONTEXT(2) 
PARAMETRIC_REPRESENTATION_CONTEXT() REPRESENTATION_CONTEXT('2D SPACE',''
  ) );
#15512 = ADVANCED_FACE('',(#15513),#514,.T.);
#15513 = FACE_BOUND('',#15514,.T.);
#15514 = EDGE_LOOP('',(#15515,#15516,#15517,#15518));
#15515 = ORIENTED_EDGE('',*,*,#15346,.T.);
#15516 = ORIENTED_EDGE('',*,*,#15492,.F.);
#15517 = ORIENTED_EDGE('',*,*,#498,.F.);
#15518 = ORIENTED_EDGE('',*,*,#15163,.T.);
#15519 = ADVANCED_FACE('',(#15520),#568,.T.);
#15520 = FACE_BOUND('',#15521,.T.);
#15521 = EDGE_LOOP('',(#15522,#15543,#15544,#15545));
#15522 = ORIENTED_EDGE('',*,*,#15523,.T.);
#15523 = EDGE_CURVE('',#15421,#15134,#15524,.T.);
#15524 = SURFACE_CURVE('',#15525,(#15529,#15536),.PCURVE_S1.);
#15525 = LINE('',#15526,#15527);
#15526 = CARTESIAN_POINT('',(-16.40094323213,-5.390322580645,
    -3.093078486158));
#15527 = VECTOR('',#15528,1.);
#15528 = DIRECTION('',(4.440892098502E-14,1.,0.));
#15529 = PCURVE('',#568,#15530);
#15530 = DEFINITIONAL_REPRESENTATION('',(#15531),#15535);
#15531 = LINE('',#15532,#15533);
#15532 = CARTESIAN_POINT('',(0.,8.6));
#15533 = VECTOR('',#15534,1.);
#15534 = DIRECTION('',(-1.,4.440892098502E-14));
#15535 = ( GEOMETRIC_REPRESENTATION_CONTEXT(2) 
PARAMETRIC_REPRESENTATION_CONTEXT() REPRESENTATION_CONTEXT('2D SPACE',''
  ) );
#15536 = PCURVE('',#15226,#15537);
#15537 = DEFINITIONAL_REPRESENTATION('',(#15538),#15542);
#15538 = LINE('',#15539,#15540);
#15539 = CARTESIAN_POINT('',(-4.05,-0.517638090205));
#15540 = VECTOR('',#15541,1.);
#15541 = DIRECTION('',(1.,4.289572369706E-14));
#15542 = ( GEOMETRIC_REPRESENTATION_CONTEXT(2) 
PARAMETRIC_REPRESENTATION_CONTEXT() REPRESENTATION_CONTEXT('2D SPACE',''
  ) );
#15543 = ORIENTED_EDGE('',*,*,#15185,.F.);
#15544 = ORIENTED_EDGE('',*,*,#554,.F.);
#15545 = ORIENTED_EDGE('',*,*,#15470,.T.);
#15546 = ADVANCED_FACE('',(#15547),#15226,.F.);
#15547 = FACE_BOUND('',#15548,.T.);
#15548 = EDGE_LOOP('',(#15549,#15550,#15551,#15552));
#15549 = ORIENTED_EDGE('',*,*,#15523,.F.);
#15550 = ORIENTED_EDGE('',*,*,#15445,.F.);
#15551 = ORIENTED_EDGE('',*,*,#15396,.F.);
#15552 = ORIENTED_EDGE('',*,*,#15210,.T.);
#15553 = ADVANCED_FACE('',(#15554),#157,.T.);
#15554 = FACE_BOUND('',#15555,.T.);
#15555 = EDGE_LOOP('',(#15556,#15557,#15580,#15607));
#15556 = ORIENTED_EDGE('',*,*,#140,.F.);
#15557 = ORIENTED_EDGE('',*,*,#15558,.T.);
#15558 = EDGE_CURVE('',#141,#15559,#15561,.T.);
#15559 = VERTEX_POINT('',#15560);
#15560 = CARTESIAN_POINT('',(-16.10094323213,2.859677419355,
    -4.293078486158));
#15561 = SEAM_CURVE('',#15562,(#15566,#15573),.PCURVE_S1.);
#15562 = LINE('',#15563,#15564);
#15563 = CARTESIAN_POINT('',(-15.90094323213,2.859677419355,
    -4.293078486158));
#15564 = VECTOR('',#15565,1.);
#15565 = DIRECTION('',(1.,0.,0.));
#15566 = PCURVE('',#157,#15567);
#15567 = DEFINITIONAL_REPRESENTATION('',(#15568),#15572);
#15568 = LINE('',#15569,#15570);
#15569 = CARTESIAN_POINT('',(-3.14159265359,0.));
#15570 = VECTOR('',#15571,1.);
#15571 = DIRECTION('',(0.,-1.));
#15572 = ( GEOMETRIC_REPRESENTATION_CONTEXT(2) 
PARAMETRIC_REPRESENTATION_CONTEXT() REPRESENTATION_CONTEXT('2D SPACE',''
  ) );
#15573 = PCURVE('',#157,#15574);
#15574 = DEFINITIONAL_REPRESENTATION('',(#15575),#15579);
#15575 = LINE('',#15576,#15577);
#15576 = CARTESIAN_POINT('',(3.14159265359,0.));
#15577 = VECTOR('',#15578,1.);
#15578 = DIRECTION('',(0.,-1.));
#15579 = ( GEOMETRIC_REPRESENTATION_CONTEXT(2) 
PARAMETRIC_REPRESENTATION_CONTEXT() REPRESENTATION_CONTEXT('2D SPACE',''
  ) );
#15580 = ORIENTED_EDGE('',*,*,#15581,.T.);
#15581 = EDGE_CURVE('',#15559,#15559,#15582,.T.);
#15582 = SURFACE_CURVE('',#15583,(#15588,#15595),.PCURVE_S1.);
#15583 = CIRCLE('',#15584,0.8);
#15584 = AXIS2_PLACEMENT_3D('',#15585,#15586,#15587);
#15585 = CARTESIAN_POINT('',(-16.10094323213,3.659677419355,
    -4.293078486158));
#15586 = DIRECTION('',(-1.,0.,0.));
#15587 = DIRECTION('',(0.,1.,0.));
#15588 = PCURVE('',#157,#15589);
#15589 = DEFINITIONAL_REPRESENTATION('',(#15590),#15594);
#15590 = LINE('',#15591,#15592);
#15591 = CARTESIAN_POINT('',(-6.28318530718,0.2));
#15592 = VECTOR('',#15593,1.);
#15593 = DIRECTION('',(1.,0.));
#15594 = ( GEOMETRIC_REPRESENTATION_CONTEXT(2) 
PARAMETRIC_REPRESENTATION_CONTEXT() REPRESENTATION_CONTEXT('2D SPACE',''
  ) );
#15595 = PCURVE('',#15596,#15601);
#15596 = CONICAL_SURFACE('',#15597,0.7,0.785398163397);
#15597 = AXIS2_PLACEMENT_3D('',#15598,#15599,#15600);
#15598 = CARTESIAN_POINT('',(-16.00094323213,3.659677419355,
    -4.293078486158));
#15599 = DIRECTION('',(-1.,0.,0.));
#15600 = DIRECTION('',(0.,1.,0.));
#15601 = DEFINITIONAL_REPRESENTATION('',(#15602),#15606);
#15602 = LINE('',#15603,#15604);
#15603 = CARTESIAN_POINT('',(-6.28318530718,0.1));
#15604 = VECTOR('',#15605,1.);
#15605 = DIRECTION('',(1.,0.));
#15606 = ( GEOMETRIC_REPRESENTATION_CONTEXT(2) 
PARAMETRIC_REPRESENTATION_CONTEXT() REPRESENTATION_CONTEXT('2D SPACE',''
  ) );
#15607 = ORIENTED_EDGE('',*,*,#15558,.F.);
#15608 = ADVANCED_FACE('',(#15609),#15596,.T.);
#15609 = FACE_BOUND('',#15610,.T.);
#15610 = EDGE_LOOP('',(#15611,#15612,#15635,#15662));
#15611 = ORIENTED_EDGE('',*,*,#15581,.F.);
#15612 = ORIENTED_EDGE('',*,*,#15613,.T.);
#15613 = EDGE_CURVE('',#15559,#15614,#15616,.T.);
#15614 = VERTEX_POINT('',#15615);
#15615 = CARTESIAN_POINT('',(-15.90094323213,3.059677419355,
    -4.293078486158));
#15616 = SEAM_CURVE('',#15617,(#15621,#15628),.PCURVE_S1.);
#15617 = LINE('',#15618,#15619);
#15618 = CARTESIAN_POINT('',(-16.00094323213,2.959677419355,
    -4.293078486158));
#15619 = VECTOR('',#15620,1.);
#15620 = DIRECTION('',(0.707106781187,0.707106781186,-8.659560562349E-17
    ));
#15621 = PCURVE('',#15596,#15622);
#15622 = DEFINITIONAL_REPRESENTATION('',(#15623),#15627);
#15623 = LINE('',#15624,#15625);
#15624 = CARTESIAN_POINT('',(-3.14159265359,-6.280369834739E-16));
#15625 = VECTOR('',#15626,1.);
#15626 = DIRECTION('',(0.,-1.));
#15627 = ( GEOMETRIC_REPRESENTATION_CONTEXT(2) 
PARAMETRIC_REPRESENTATION_CONTEXT() REPRESENTATION_CONTEXT('2D SPACE',''
  ) );
#15628 = PCURVE('',#15596,#15629);
#15629 = DEFINITIONAL_REPRESENTATION('',(#15630),#15634);
#15630 = LINE('',#15631,#15632);
#15631 = CARTESIAN_POINT('',(3.14159265359,-6.280369834739E-16));
#15632 = VECTOR('',#15633,1.);
#15633 = DIRECTION('',(0.,-1.));
#15634 = ( GEOMETRIC_REPRESENTATION_CONTEXT(2) 
PARAMETRIC_REPRESENTATION_CONTEXT() REPRESENTATION_CONTEXT('2D SPACE',''
  ) );
#15635 = ORIENTED_EDGE('',*,*,#15636,.F.);
#15636 = EDGE_CURVE('',#15614,#15614,#15637,.T.);
#15637 = SURFACE_CURVE('',#15638,(#15643,#15650),.PCURVE_S1.);
#15638 = CIRCLE('',#15639,0.6);
#15639 = AXIS2_PLACEMENT_3D('',#15640,#15641,#15642);
#15640 = CARTESIAN_POINT('',(-15.90094323213,3.659677419355,
    -4.293078486158));
#15641 = DIRECTION('',(1.,0.,0.));
#15642 = DIRECTION('',(0.,-1.,0.));
#15643 = PCURVE('',#15596,#15644);
#15644 = DEFINITIONAL_REPRESENTATION('',(#15645),#15649);
#15645 = LINE('',#15646,#15647);
#15646 = CARTESIAN_POINT('',(3.14159265359,-0.1));
#15647 = VECTOR('',#15648,1.);
#15648 = DIRECTION('',(-1.,0.));
#15649 = ( GEOMETRIC_REPRESENTATION_CONTEXT(2) 
PARAMETRIC_REPRESENTATION_CONTEXT() REPRESENTATION_CONTEXT('2D SPACE',''
  ) );
#15650 = PCURVE('',#15651,#15656);
#15651 = PLANE('',#15652);
#15652 = AXIS2_PLACEMENT_3D('',#15653,#15654,#15655);
#15653 = CARTESIAN_POINT('',(-15.90094323213,3.659677419355,
    -4.293078486158));
#15654 = DIRECTION('',(1.,0.,0.));
#15655 = DIRECTION('',(0.,0.,-1.));
#15656 = DEFINITIONAL_REPRESENTATION('',(#15657),#15661);
#15657 = CIRCLE('',#15658,0.6);
#15658 = AXIS2_PLACEMENT_2D('',#15659,#15660);
#15659 = CARTESIAN_POINT('',(0.,0.));
#15660 = DIRECTION('',(0.,-1.));
#15661 = ( GEOMETRIC_REPRESENTATION_CONTEXT(2) 
PARAMETRIC_REPRESENTATION_CONTEXT() REPRESENTATION_CONTEXT('2D SPACE',''
  ) );
#15662 = ORIENTED_EDGE('',*,*,#15613,.F.);
#15663 = ADVANCED_FACE('',(#15664),#15651,.T.);
#15664 = FACE_BOUND('',#15665,.T.);
#15665 = EDGE_LOOP('',(#15666));
#15666 = ORIENTED_EDGE('',*,*,#15636,.T.);
#15667 = ADVANCED_FACE('',(#15668),#188,.T.);
#15668 = FACE_BOUND('',#15669,.T.);
#15669 = EDGE_LOOP('',(#15670,#15671,#15694,#15723,#15745));
#15670 = ORIENTED_EDGE('',*,*,#171,.F.);
#15671 = ORIENTED_EDGE('',*,*,#15672,.T.);
#15672 = EDGE_CURVE('',#172,#15673,#15675,.T.);
#15673 = VERTEX_POINT('',#15674);
#15674 = CARTESIAN_POINT('',(-16.10094323213,-2.140322580645,
    -4.293078486158));
#15675 = SEAM_CURVE('',#15676,(#15680,#15687),.PCURVE_S1.);
#15676 = LINE('',#15677,#15678);
#15677 = CARTESIAN_POINT('',(-15.90094323213,-2.140322580645,
    -4.293078486158));
#15678 = VECTOR('',#15679,1.);
#15679 = DIRECTION('',(1.,0.,0.));
#15680 = PCURVE('',#188,#15681);
#15681 = DEFINITIONAL_REPRESENTATION('',(#15682),#15686);
#15682 = LINE('',#15683,#15684);
#15683 = CARTESIAN_POINT('',(-3.14159265359,0.));
#15684 = VECTOR('',#15685,1.);
#15685 = DIRECTION('',(0.,-1.));
#15686 = ( GEOMETRIC_REPRESENTATION_CONTEXT(2) 
PARAMETRIC_REPRESENTATION_CONTEXT() REPRESENTATION_CONTEXT('2D SPACE',''
  ) );
#15687 = PCURVE('',#188,#15688);
#15688 = DEFINITIONAL_REPRESENTATION('',(#15689),#15693);
#15689 = LINE('',#15690,#15691);
#15690 = CARTESIAN_POINT('',(3.14159265359,0.));
#15691 = VECTOR('',#15692,1.);
#15692 = DIRECTION('',(0.,-1.));
#15693 = ( GEOMETRIC_REPRESENTATION_CONTEXT(2) 
PARAMETRIC_REPRESENTATION_CONTEXT() REPRESENTATION_CONTEXT('2D SPACE',''
  ) );
#15694 = ORIENTED_EDGE('',*,*,#15695,.T.);
#15695 = EDGE_CURVE('',#15673,#15696,#15698,.T.);
#15696 = VERTEX_POINT('',#15697);
#15697 = CARTESIAN_POINT('',(-16.10094323213,-1.340322580645,
    -3.493078486159));
#15698 = SURFACE_CURVE('',#15699,(#15704,#15711),.PCURVE_S1.);
#15699 = CIRCLE('',#15700,0.8);
#15700 = AXIS2_PLACEMENT_3D('',#15701,#15702,#15703);
#15701 = CARTESIAN_POINT('',(-16.10094323213,-1.340322580645,
    -4.293078486158));
#15702 = DIRECTION('',(-1.,0.,0.));
#15703 = DIRECTION('',(0.,1.,0.));
#15704 = PCURVE('',#188,#15705);
#15705 = DEFINITIONAL_REPRESENTATION('',(#15706),#15710);
#15706 = LINE('',#15707,#15708);
#15707 = CARTESIAN_POINT('',(-6.28318530718,0.2));
#15708 = VECTOR('',#15709,1.);
#15709 = DIRECTION('',(1.,0.));
#15710 = ( GEOMETRIC_REPRESENTATION_CONTEXT(2) 
PARAMETRIC_REPRESENTATION_CONTEXT() REPRESENTATION_CONTEXT('2D SPACE',''
  ) );
#15711 = PCURVE('',#15712,#15717);
#15712 = CONICAL_SURFACE('',#15713,0.699999999828,0.785398163397);
#15713 = AXIS2_PLACEMENT_3D('',#15714,#15715,#15716);
#15714 = CARTESIAN_POINT('',(-16.00094323196,-1.340322580645,
    -4.293078486158));
#15715 = DIRECTION('',(-1.,0.,0.));
#15716 = DIRECTION('',(0.,0.,-1.));
#15717 = DEFINITIONAL_REPRESENTATION('',(#15718),#15722);
#15718 = LINE('',#15719,#15720);
#15719 = CARTESIAN_POINT('',(-1.570796326795,0.100000000171));
#15720 = VECTOR('',#15721,1.);
#15721 = DIRECTION('',(1.,0.));
#15722 = ( GEOMETRIC_REPRESENTATION_CONTEXT(2) 
PARAMETRIC_REPRESENTATION_CONTEXT() REPRESENTATION_CONTEXT('2D SPACE',''
  ) );
#15723 = ORIENTED_EDGE('',*,*,#15724,.T.);
#15724 = EDGE_CURVE('',#15696,#15673,#15725,.T.);
#15725 = SURFACE_CURVE('',#15726,(#15731,#15738),.PCURVE_S1.);
#15726 = CIRCLE('',#15727,0.8);
#15727 = AXIS2_PLACEMENT_3D('',#15728,#15729,#15730);
#15728 = CARTESIAN_POINT('',(-16.10094323213,-1.340322580645,
    -4.293078486158));
#15729 = DIRECTION('',(-1.,0.,0.));
#15730 = DIRECTION('',(0.,1.,0.));
#15731 = PCURVE('',#188,#15732);
#15732 = DEFINITIONAL_REPRESENTATION('',(#15733),#15737);
#15733 = LINE('',#15734,#15735);
#15734 = CARTESIAN_POINT('',(-6.28318530718,0.2));
#15735 = VECTOR('',#15736,1.);
#15736 = DIRECTION('',(1.,0.));
#15737 = ( GEOMETRIC_REPRESENTATION_CONTEXT(2) 
PARAMETRIC_REPRESENTATION_CONTEXT() REPRESENTATION_CONTEXT('2D SPACE',''
  ) );
#15738 = PCURVE('',#15712,#15739);
#15739 = DEFINITIONAL_REPRESENTATION('',(#15740),#15744);
#15740 = LINE('',#15741,#15742);
#15741 = CARTESIAN_POINT('',(-7.853981633974,0.100000000171));
#15742 = VECTOR('',#15743,1.);
#15743 = DIRECTION('',(1.,0.));
#15744 = ( GEOMETRIC_REPRESENTATION_CONTEXT(2) 
PARAMETRIC_REPRESENTATION_CONTEXT() REPRESENTATION_CONTEXT('2D SPACE',''
  ) );
#15745 = ORIENTED_EDGE('',*,*,#15672,.F.);
#15746 = ADVANCED_FACE('',(#15747),#15712,.T.);
#15747 = FACE_BOUND('',#15748,.T.);
#15748 = EDGE_LOOP('',(#15749,#15750,#15773,#15800,#15801));
#15749 = ORIENTED_EDGE('',*,*,#15724,.F.);
#15750 = ORIENTED_EDGE('',*,*,#15751,.T.);
#15751 = EDGE_CURVE('',#15696,#15752,#15754,.T.);
#15752 = VERTEX_POINT('',#15753);
#15753 = CARTESIAN_POINT('',(-15.90094323213,-1.340322580645,
    -3.693078486159));
#15754 = SEAM_CURVE('',#15755,(#15759,#15766),.PCURVE_S1.);
#15755 = LINE('',#15756,#15757);
#15756 = CARTESIAN_POINT('',(-16.00094323196,-1.340322580645,
    -3.59307848633));
#15757 = VECTOR('',#15758,1.);
#15758 = DIRECTION('',(0.707106781187,-8.659560562355E-17,
    -0.707106781187));
#15759 = PCURVE('',#15712,#15760);
#15760 = DEFINITIONAL_REPRESENTATION('',(#15761),#15765);
#15761 = LINE('',#15762,#15763);
#15762 = CARTESIAN_POINT('',(-3.14159265359,-1.000933942411E-15));
#15763 = VECTOR('',#15764,1.);
#15764 = DIRECTION('',(0.,-1.));
#15765 = ( GEOMETRIC_REPRESENTATION_CONTEXT(2) 
PARAMETRIC_REPRESENTATION_CONTEXT() REPRESENTATION_CONTEXT('2D SPACE',''
  ) );
#15766 = PCURVE('',#15712,#15767);
#15767 = DEFINITIONAL_REPRESENTATION('',(#15768),#15772);
#15768 = LINE('',#15769,#15770);
#15769 = CARTESIAN_POINT('',(3.14159265359,-1.000933942411E-15));
#15770 = VECTOR('',#15771,1.);
#15771 = DIRECTION('',(0.,-1.));
#15772 = ( GEOMETRIC_REPRESENTATION_CONTEXT(2) 
PARAMETRIC_REPRESENTATION_CONTEXT() REPRESENTATION_CONTEXT('2D SPACE',''
  ) );
#15773 = ORIENTED_EDGE('',*,*,#15774,.T.);
#15774 = EDGE_CURVE('',#15752,#15752,#15775,.T.);
#15775 = SURFACE_CURVE('',#15776,(#15781,#15788),.PCURVE_S1.);
#15776 = CIRCLE('',#15777,0.6);
#15777 = AXIS2_PLACEMENT_3D('',#15778,#15779,#15780);
#15778 = CARTESIAN_POINT('',(-15.90094323213,-1.340322580645,
    -4.293078486158));
#15779 = DIRECTION('',(-1.,0.,0.));
#15780 = DIRECTION('',(0.,1.,0.));
#15781 = PCURVE('',#15712,#15782);
#15782 = DEFINITIONAL_REPRESENTATION('',(#15783),#15787);
#15783 = LINE('',#15784,#15785);
#15784 = CARTESIAN_POINT('',(-7.853981633974,-9.99999998291E-02));
#15785 = VECTOR('',#15786,1.);
#15786 = DIRECTION('',(1.,0.));
#15787 = ( GEOMETRIC_REPRESENTATION_CONTEXT(2) 
PARAMETRIC_REPRESENTATION_CONTEXT() REPRESENTATION_CONTEXT('2D SPACE',''
  ) );
#15788 = PCURVE('',#15789,#15794);
#15789 = PLANE('',#15790);
#15790 = AXIS2_PLACEMENT_3D('',#15791,#15792,#15793);
#15791 = CARTESIAN_POINT('',(-15.90094323213,-2.140322580645,
    21.11692151384));
#15792 = DIRECTION('',(-1.,0.,0.));
#15793 = DIRECTION('',(0.,1.,0.));
#15794 = DEFINITIONAL_REPRESENTATION('',(#15795),#15799);
#15795 = CIRCLE('',#15796,0.6);
#15796 = AXIS2_PLACEMENT_2D('',#15797,#15798);
#15797 = CARTESIAN_POINT('',(0.8,25.409999999998));
#15798 = DIRECTION('',(1.,0.));
#15799 = ( GEOMETRIC_REPRESENTATION_CONTEXT(2) 
PARAMETRIC_REPRESENTATION_CONTEXT() REPRESENTATION_CONTEXT('2D SPACE',''
  ) );
#15800 = ORIENTED_EDGE('',*,*,#15751,.F.);
#15801 = ORIENTED_EDGE('',*,*,#15695,.F.);
#15802 = ADVANCED_FACE('',(#15803),#15789,.F.);
#15803 = FACE_BOUND('',#15804,.T.);
#15804 = EDGE_LOOP('',(#15805));
#15805 = ORIENTED_EDGE('',*,*,#15774,.F.);
#15806 = ( GEOMETRIC_REPRESENTATION_CONTEXT(3) 
GLOBAL_UNCERTAINTY_ASSIGNED_CONTEXT((#15810)) 
GLOBAL_UNIT_ASSIGNED_CONTEXT((#15807,#15808,#15809)) 
REPRESENTATION_CONTEXT('Context #1',
  '3D Context with UNIT and UNCERTAINTY') );
#15807 = ( LENGTH_UNIT() NAMED_UNIT(*) SI_UNIT(.MILLI.,.METRE.) );
#15808 = ( NAMED_UNIT(*) PLANE_ANGLE_UNIT() SI_UNIT($,.RADIAN.) );
#15809 = ( NAMED_UNIT(*) SI_UNIT($,.STERADIAN.) SOLID_ANGLE_UNIT() );
#15810 = UNCERTAINTY_MEASURE_WITH_UNIT(LENGTH_MEASURE(2.E-03),#15807,
  'distance_accuracy_value','confusion accuracy');
#15811 = PRODUCT_RELATED_PRODUCT_CATEGORY('part',$,(#7));
ENDSEC;
END-ISO-10303-21;
